operation,requested,rc,errno,revents,begin_ns,query_begin_ns,end_ns,accepted_bytes,delay_rc,delay_errno,delay_bytes,space_rc,space_errno,free_bytes,ptr_rc,ptr_errno,ptr_bytes,ptr,blocks
6,0,0,0,0,38390062000,38390301000,38390317000,0,0,0,0,0,0,4096,0,0,0,0,0
7,0,1,0,0,38390321000,38397908000,38397921000,0,0,0,0,0,0,4096,0,0,0,0,0
1,2136,2136,0,0,38397931000,38397996000,38398014000,2136,0,0,2048,0,0,1960,0,0,0,0,2
6,0,0,0,0,38398015000,38398019000,38398026000,2136,0,0,2048,0,0,1960,0,0,0,0,2
7,0,1,0,0,38398028000,38411963000,38411994000,2136,0,0,1028,0,0,2980,0,0,1020,1020,1
1,2140,2140,0,0,38412005000,38412038000,38412049000,4276,0,0,3076,0,0,840,0,0,1020,1020,3
6,0,0,0,0,38412050000,38412054000,38412060000,4276,0,0,3076,0,0,840,0,0,1020,1020,3
7,0,1,0,0,38412063000,38425891000,38425918000,4276,0,0,1028,0,0,2888,0,0,3068,3068,1
1,2140,2140,0,0,38425929000,38425959000,38425969000,6416,0,0,3076,0,0,748,0,0,3068,3068,3
6,0,0,0,0,38425970000,38425974000,38425981000,6416,0,0,3076,0,0,748,0,0,3068,3068,3
7,0,1,0,0,38425984000,38440338000,38440369000,6416,0,0,1028,0,0,2796,0,0,5116,1020,1
1,2136,2136,0,0,38440379000,38440410000,38440420000,8552,0,0,3076,0,0,660,0,0,5116,1020,3
6,0,0,0,0,38440421000,38440425000,38440432000,8552,0,0,3076,0,0,660,0,0,5116,1020,3
7,0,1,0,0,38440435000,38454284000,38454313000,8552,0,0,1028,0,0,2708,0,0,7164,3068,1
1,2140,2140,0,0,38454323000,38454354000,38454365000,10692,0,0,3076,0,0,568,0,0,7164,3068,3
6,0,0,0,0,38454366000,38454369000,38454376000,10692,0,0,3076,0,0,568,0,0,7164,3068,3
7,0,1,0,0,38454379000,38469858000,38469886000,10692,0,0,1028,0,0,2616,0,0,9212,1020,1
1,2140,2140,0,0,38469895000,38469924000,38469933000,12832,0,0,3076,0,0,476,0,0,9212,1020,3
6,0,0,0,0,38469934000,38469938000,38469945000,12832,0,0,3076,0,0,476,0,0,9212,1020,3
7,0,1,0,0,38469947000,38483897000,38483927000,12832,0,0,2052,0,0,1500,0,0,10236,2044,2
1,2136,1500,0,0,38483938000,38483966000,38483976000,14332,0,0,4096,0,0,0,0,0,10236,2044,4
6,636,0,0,0,38483977000,38483980000,38483987000,14332,0,0,4096,0,0,0,0,0,10236,2044,4
7,1,1,0,4,38483990000,38485810000,38485834000,14332,0,0,3072,0,0,1024,0,0,11260,3068,3
1,636,636,0,0,38485838000,38485853000,38485862000,14968,0,0,3072,0,0,388,0,0,11260,3068,3
6,0,0,0,0,38485863000,38485867000,38485874000,14968,0,0,3072,0,0,388,0,0,11260,3068,3
7,0,1,0,0,38485891000,38498942000,38498967000,14968,0,0,2048,0,0,1412,0,0,12284,4092,2
1,2140,2140,0,0,38498976000,38499013000,38499022000,17108,0,0,4096,0,0,-728,0,0,12284,4092,4
6,0,0,0,0,38499023000,38499027000,38499034000,17108,0,0,4096,0,0,-728,0,0,12284,4092,4
7,0,1,0,4,38499037000,38501788000,38501813000,17108,0,0,3072,0,0,296,0,0,13308,1020,3
6,0,0,0,0,38501817000,38501821000,38501828000,17108,0,0,3072,0,0,296,0,0,13308,1020,3
7,0,1,0,0,38501846000,38514821000,38514844000,17108,0,0,2048,0,0,1320,0,0,14332,2044,2
1,2140,2140,0,0,38514854000,38514885000,38514895000,19248,0,0,4096,0,0,-820,0,0,14332,2044,4
6,0,0,0,0,38514895000,38514899000,38514906000,19248,0,0,4096,0,0,-820,0,0,14332,2044,4
7,0,1,0,4,38514909000,38517810000,38517833000,19248,0,0,3072,0,0,204,0,0,15356,3068,3
6,0,0,0,0,38517837000,38517841000,38517848000,19248,0,0,3072,0,0,204,0,0,15356,3068,3
7,0,1,0,0,38517867000,38530901000,38530926000,19248,0,0,2048,0,0,1228,0,0,16380,4092,2
1,2136,2136,0,0,38530936000,38530971000,38530981000,21384,0,0,4096,0,0,-908,0,0,16380,4092,4
6,0,0,0,0,38530982000,38530986000,38530993000,21384,0,0,4096,0,0,-908,0,0,16380,4092,4
7,0,1,0,4,38530995000,38533807000,38533831000,21384,0,0,3072,0,0,116,0,0,17404,1020,3
6,0,0,0,0,38533834000,38533837000,38533844000,21384,0,0,3072,0,0,116,0,0,17404,1020,3
7,0,1,0,0,38533862000,38546842000,38546868000,21384,0,0,2048,0,0,1140,0,0,18428,2044,2
1,2140,2140,0,0,38546877000,38546910000,38546920000,23524,0,0,4096,0,0,-1000,0,0,18428,2044,4
6,0,0,0,0,38546921000,38546924000,38546931000,23524,0,0,4096,0,0,-1000,0,0,18428,2044,4
7,0,1,0,4,38546934000,38549805000,38549830000,23524,0,0,3072,0,0,24,0,0,19452,3068,3
6,0,0,0,0,38549833000,38549837000,38549843000,23524,0,0,3072,0,0,24,0,0,19452,3068,3
7,0,1,0,0,38549863000,38562913000,38562940000,23524,0,0,2048,0,0,1048,0,0,20476,4092,2
1,2140,1048,0,0,38562949000,38562980000,38562990000,24572,0,0,4096,0,0,0,0,0,20476,4092,4
6,1092,0,0,0,38562991000,38562995000,38563001000,24572,0,0,4096,0,0,0,0,0,20476,4092,4
7,1,1,0,4,38563004000,38565804000,38565829000,24572,0,0,3072,0,0,1024,0,0,21500,1020,3
1,1092,1092,0,0,38565833000,38565862000,38565871000,25664,0,0,4096,0,0,-68,0,0,21500,1020,4
6,0,0,0,0,38565872000,38565876000,38565883000,25664,0,0,4096,0,0,-68,0,0,21500,1020,4
7,0,1,0,4,38565905000,38573771000,38573792000,25664,0,0,3072,0,0,956,0,0,22524,2044,3
6,0,0,0,0,38573795000,38573799000,38573806000,25664,0,0,3072,0,0,956,0,0,22524,2044,3
7,0,1,0,0,38573824000,38586190000,38586208000,25664,0,0,2048,0,0,1980,0,0,23548,3068,2
1,2136,2136,0,0,38586217000,38586242000,38586253000,27800,0,0,4096,0,0,-156,0,0,23548,3068,4
6,0,0,0,0,38586254000,38586257000,38586264000,27800,0,0,4096,0,0,-156,0,0,23548,3068,4
7,0,1,0,4,38586267000,38589777000,38589801000,27800,0,0,3072,0,0,868,0,0,24572,4092,3
6,0,0,0,0,38589804000,38589808000,38589815000,27800,0,0,3072,0,0,868,0,0,24572,4092,3
7,0,1,0,0,38589831000,38602258000,38602281000,27800,0,0,2048,0,0,1892,0,0,25596,1020,2
1,2140,2140,0,0,38602290000,38602318000,38602328000,29940,0,0,4096,0,0,-248,0,0,25596,1020,4
6,0,0,0,0,38602329000,38602333000,38602354000,29940,0,0,4096,0,0,-248,0,0,25596,1020,4
7,0,1,0,4,38602357000,38605783000,38605806000,29940,0,0,3072,0,0,776,0,0,26620,2044,3
6,0,0,0,0,38605810000,38605813000,38605820000,29940,0,0,3072,0,0,776,0,0,26620,2044,3
7,0,1,0,0,38605836000,38618182000,38618201000,29940,0,0,2048,0,0,1800,0,0,27644,3068,2
1,2140,2140,0,0,38618210000,38618240000,38618250000,32080,0,0,4096,0,0,-340,0,0,27644,3068,4
6,0,0,0,0,38618251000,38618254000,38618261000,32080,0,0,4096,0,0,-340,0,0,27644,3068,4
7,0,1,0,4,38618264000,38621782000,38621806000,32080,0,0,3072,0,0,684,0,0,28668,4092,3
6,0,0,0,0,38621809000,38621813000,38621820000,32080,0,0,3072,0,0,684,0,0,28668,4092,3
7,0,1,0,0,38621839000,38634190000,38634208000,32080,0,0,2048,0,0,1708,0,0,29692,1020,2
1,688,688,0,0,38634218000,38634241000,38634252000,32768,0,0,3072,0,0,1020,0,0,29692,1020,3
6,1452,0,0,0,38634253000,38634256000,38634263000,32768,0,0,3072,0,0,1020,0,0,29692,1020,3
7,1,1,0,4,38634266000,38634277000,38634285000,32768,0,0,3072,0,0,1020,0,0,29692,1020,3
1,1452,1452,0,0,38640060000,38640101000,38640123000,34220,0,0,3072,0,0,592,0,0,30716,2044,3
6,0,0,0,0,38640124000,38640127000,38640135000,34220,0,0,3072,0,0,592,0,0,30716,2044,3
7,0,1,0,0,38640155000,38652588000,38652610000,34220,0,0,2048,0,0,1616,0,0,31740,3068,2
1,2136,2136,0,0,38652619000,38652646000,38652655000,36356,0,0,4096,0,0,-520,0,0,31740,3068,4
6,0,0,0,0,38652656000,38652660000,38652667000,36356,0,0,4096,0,0,-520,0,0,31740,3068,4
7,0,1,0,4,38652669000,38653815000,38653842000,36356,0,0,3072,0,0,504,0,0,32764,4092,3
6,0,0,0,0,38653845000,38653848000,38653856000,36356,0,0,3072,0,0,504,0,0,32764,4092,3
7,0,1,0,0,38653859000,38666578000,38666600000,36356,0,0,2048,0,0,1528,0,0,33788,1020,2
1,2140,2140,0,0,38666610000,38666640000,38666650000,38496,0,0,4096,0,0,-612,0,0,33788,1020,4
6,0,0,0,0,38666650000,38666654000,38666661000,38496,0,0,4096,0,0,-612,0,0,33788,1020,4
7,0,1,0,4,38666664000,38669801000,38669829000,38496,0,0,3072,0,0,412,0,0,34812,2044,3
6,0,0,0,0,38669833000,38669837000,38669844000,38496,0,0,3072,0,0,412,0,0,34812,2044,3
7,0,1,0,0,38669866000,38684376000,38684401000,38496,0,0,2048,0,0,1436,0,0,35836,3068,2
1,2140,2140,0,0,38684412000,38684444000,38684454000,40636,0,0,4096,0,0,-704,0,0,35836,3068,4
6,0,0,0,0,38684455000,38684459000,38684466000,40636,0,0,4096,0,0,-704,0,0,35836,3068,4
7,0,1,0,4,38684469000,38686046000,38686074000,40636,0,0,3072,0,0,320,0,0,36860,4092,3
6,0,0,0,0,38686078000,38686082000,38686089000,40636,0,0,3072,0,0,320,0,0,36860,4092,3
7,0,1,0,0,38686114000,38698821000,38698841000,40636,0,0,2048,0,0,1344,0,0,37884,1020,2
1,2136,2136,0,0,38698850000,38698880000,38698891000,42772,0,0,4096,0,0,-792,0,0,37884,1020,4
6,0,0,0,0,38698892000,38698895000,38698902000,42772,0,0,4096,0,0,-792,0,0,37884,1020,4
7,0,1,0,4,38698905000,38701780000,38701806000,42772,0,0,3072,0,0,232,0,0,38908,2044,3
6,0,0,0,0,38701809000,38701813000,38701821000,42772,0,0,3072,0,0,232,0,0,38908,2044,3
7,0,1,0,0,38701838000,38714895000,38714923000,42772,0,0,2048,0,0,1256,0,0,39932,3068,2
1,2140,2140,0,0,38714933000,38714962000,38714973000,44912,0,0,4096,0,0,-884,0,0,39932,3068,4
6,0,0,0,0,38714974000,38714978000,38714985000,44912,0,0,4096,0,0,-884,0,0,39932,3068,4
7,0,1,0,4,38714988000,38717804000,38717828000,44912,0,0,3072,0,0,140,0,0,40956,4092,3
6,0,0,0,0,38717832000,38717835000,38717843000,44912,0,0,3072,0,0,140,0,0,40956,4092,3
7,0,1,0,0,38717861000,38730871000,38730895000,44912,0,0,2048,0,0,1164,0,0,41980,1020,2
1,2140,2140,0,0,38730905000,38730938000,38730949000,47052,0,0,4096,0,0,-976,0,0,41980,1020,4
6,0,0,0,0,38730950000,38730954000,38730961000,47052,0,0,4096,0,0,-976,0,0,41980,1020,4
7,0,1,0,4,38730964000,38733800000,38733824000,47052,0,0,3072,0,0,48,0,0,43004,2044,3
6,0,0,0,0,38733827000,38733830000,38733837000,47052,0,0,3072,0,0,48,0,0,43004,2044,3
7,0,1,0,0,38733855000,38746878000,38746904000,47052,0,0,2048,0,0,1072,0,0,44028,3068,2
1,2136,1072,0,0,38746914000,38746946000,38746956000,48124,0,0,4096,0,0,0,0,0,44028,3068,4
6,1064,0,0,0,38746957000,38746960000,38746967000,48124,0,0,4096,0,0,0,0,0,44028,3068,4
7,1,1,0,4,38746970000,38749802000,38749827000,48124,0,0,3072,0,0,1024,0,0,45052,4092,3
1,1064,1064,0,0,38749831000,38749859000,38749868000,49188,0,0,4096,0,0,-40,0,0,45052,4092,4
6,0,0,0,0,38749869000,38749873000,38749880000,49188,0,0,4096,0,0,-40,0,0,45052,4092,4
7,0,1,0,4,38749900000,38757768000,38757789000,49188,0,0,3072,0,0,984,0,0,46076,1020,3
6,0,0,0,0,38757791000,38757795000,38757802000,49188,0,0,3072,0,0,984,0,0,46076,1020,3
7,0,1,0,0,38757819000,38770298000,38770318000,49188,0,0,2048,0,0,2008,0,0,47100,2044,2
1,2140,2140,0,0,38770328000,38770356000,38770366000,51328,0,0,4096,0,0,-132,0,0,47100,2044,4
6,0,0,0,0,38770367000,38770371000,38770378000,51328,0,0,4096,0,0,-132,0,0,47100,2044,4
7,0,1,0,4,38770380000,38773782000,38773805000,51328,0,0,3072,0,0,892,0,0,48124,3068,3
6,0,0,0,0,38773808000,38773812000,38773819000,51328,0,0,3072,0,0,892,0,0,48124,3068,3
7,0,1,0,0,38773837000,38786211000,38786230000,51328,0,0,2048,0,0,1916,0,0,49148,4092,2
1,2140,2140,0,0,38786239000,38786268000,38786278000,53468,0,0,4096,0,0,-224,0,0,49148,4092,4
6,0,0,0,0,38786279000,38786283000,38786289000,53468,0,0,4096,0,0,-224,0,0,49148,4092,4
7,0,1,0,4,38786292000,38789777000,38789801000,53468,0,0,3072,0,0,800,0,0,50172,1020,3
6,0,0,0,0,38789805000,38789808000,38789815000,53468,0,0,3072,0,0,800,0,0,50172,1020,3
7,0,1,0,0,38789833000,38802222000,38802253000,53468,0,0,2048,0,0,1824,0,0,51196,2044,2
1,2136,2136,0,0,38802262000,38802291000,38802301000,55604,0,0,4096,0,0,-312,0,0,51196,2044,4
6,0,0,0,0,38802302000,38802305000,38802312000,55604,0,0,4096,0,0,-312,0,0,51196,2044,4
7,0,1,0,4,38802315000,38805776000,38805800000,55604,0,0,3072,0,0,712,0,0,52220,3068,3
6,0,0,0,0,38805803000,38805806000,38805814000,55604,0,0,3072,0,0,712,0,0,52220,3068,3
7,0,1,0,0,38805830000,38818227000,38818245000,55604,0,0,2048,0,0,1736,0,0,53244,4092,2
1,2140,2140,0,0,38818255000,38818286000,38818296000,57744,0,0,4096,0,0,-404,0,0,53244,4092,4
6,0,0,0,0,38818297000,38818301000,38818308000,57744,0,0,4096,0,0,-404,0,0,53244,4092,4
7,0,1,0,4,38818310000,38821775000,38821798000,57744,0,0,3072,0,0,620,0,0,54268,1020,3
6,0,0,0,0,38821802000,38821805000,38821812000,57744,0,0,3072,0,0,620,0,0,54268,1020,3
7,0,1,0,0,38821830000,38834213000,38834233000,57744,0,0,2048,0,0,1644,0,0,55292,2044,2
1,2140,2140,0,0,38834242000,38834274000,38834284000,59884,0,0,4096,0,0,-496,0,0,55292,2044,4
6,0,0,0,0,38834285000,38834289000,38834296000,59884,0,0,4096,0,0,-496,0,0,55292,2044,4
7,0,1,0,4,38834298000,38837795000,38837822000,59884,0,0,3072,0,0,528,0,0,56316,3068,3
6,0,0,0,0,38837825000,38837829000,38837836000,59884,0,0,3072,0,0,528,0,0,56316,3068,3
7,0,1,0,0,38837856000,38850595000,38850618000,59884,0,0,2048,0,0,1552,0,0,57340,4092,2
1,2136,2136,0,0,38850628000,38850657000,38850668000,62020,0,0,4096,0,0,-584,0,0,57340,4092,4
6,0,0,0,0,38850669000,38850673000,38850680000,62020,0,0,4096,0,0,-584,0,0,57340,4092,4
7,0,1,0,4,38850683000,38853799000,38853829000,62020,0,0,3072,0,0,440,0,0,58364,1020,3
6,0,0,0,0,38853832000,38853837000,38853845000,62020,0,0,3072,0,0,440,0,0,58364,1020,3
7,0,1,0,0,38853868000,38884315000,38884343000,62020,0,0,2048,0,0,1464,0,0,59388,4092,2
1,2140,2140,0,0,38884353000,38884384000,38884395000,64160,0,0,4096,0,0,-676,0,0,59388,4092,4
6,0,0,0,0,38884396000,38884400000,38884407000,64160,0,0,4096,0,0,-676,0,0,59388,4092,4
7,0,1,0,4,38884410000,38885798000,38885824000,64160,0,0,3072,0,0,348,0,0,60412,1020,3
6,0,0,0,0,38885827000,38885831000,38885838000,64160,0,0,3072,0,0,348,0,0,60412,1020,3
7,0,1,0,0,38885857000,38898611000,38898635000,64160,0,0,2048,0,0,1372,0,0,61436,2044,2
1,1376,1376,0,0,38898644000,38898676000,38898686000,65536,0,0,4096,0,0,-4,0,0,61436,2044,4
6,764,0,0,0,38898687000,38898691000,38898698000,65536,0,0,4096,0,0,-4,0,0,61436,2044,4
7,1,1,0,4,38898701000,38901815000,38901837000,65536,0,0,3072,0,0,1020,0,0,62460,3068,3
1,764,764,0,0,38901841000,38901859000,38901868000,66300,0,0,3072,0,0,256,0,0,62460,3068,3
6,0,0,0,0,38901869000,38901872000,38901879000,66300,0,0,3072,0,0,256,0,0,62460,3068,3
7,0,1,0,0,38901899000,38914887000,38914913000,66300,0,0,2048,0,0,1280,0,0,63484,4092,2
1,2140,2140,0,0,38914923000,38914952000,38914962000,68440,0,0,4096,0,0,-860,0,0,63484,4092,4
6,0,0,0,0,38914963000,38914966000,38914973000,68440,0,0,4096,0,0,-860,0,0,63484,4092,4
7,0,1,0,4,38914976000,38917796000,38917822000,68440,0,0,3072,0,0,164,0,0,64508,1020,3
6,0,0,0,0,38917825000,38917829000,38917836000,68440,0,0,3072,0,0,164,0,0,64508,1020,3
7,0,1,0,0,38917855000,38930978000,38931006000,68440,0,0,2048,0,0,1188,0,0,65532,2044,2
1,2136,2136,0,0,38931016000,38931050000,38931060000,70576,0,0,4096,0,0,-948,0,0,65532,2044,4
6,0,0,0,0,38931061000,38931064000,38931071000,70576,0,0,4096,0,0,-948,0,0,65532,2044,4
7,0,1,0,4,38931074000,38933794000,38933819000,70576,0,0,3072,0,0,76,0,0,66556,3068,3
6,0,0,0,0,38933823000,38933827000,38933835000,70576,0,0,3072,0,0,76,0,0,66556,3068,3
7,0,1,0,0,38933853000,38946888000,38946912000,70576,0,0,2048,0,0,1100,0,0,67580,4092,2
1,2140,1100,0,0,38946923000,38946956000,38946966000,71676,0,0,4096,0,0,0,0,0,67580,4092,4
6,1040,0,0,0,38946967000,38946971000,38946978000,71676,0,0,4096,0,0,0,0,0,67580,4092,4
7,1,1,0,4,38946981000,38949796000,38949821000,71676,0,0,3072,0,0,1024,0,0,68604,1020,3
1,1040,1040,0,0,38949825000,38949854000,38949865000,72716,0,0,4096,0,0,-16,0,0,68604,1020,4
6,0,0,0,0,38949866000,38949869000,38949876000,72716,0,0,4096,0,0,-16,0,0,68604,1020,4
7,0,1,0,4,38949894000,38957766000,38957787000,72716,0,0,3072,0,0,1008,0,0,69628,2044,3
6,0,0,0,0,38957790000,38957794000,38957801000,72716,0,0,3072,0,0,1008,0,0,69628,2044,3
7,0,1,0,0,38957818000,38970208000,38970228000,72716,0,0,2048,0,0,2032,0,0,70652,3068,2
1,2140,2140,0,0,38970237000,38970265000,38970276000,74856,0,0,4096,0,0,-108,0,0,70652,3068,4
6,0,0,0,0,38970277000,38970281000,38970288000,74856,0,0,4096,0,0,-108,0,0,70652,3068,4
7,0,1,0,4,38970290000,38973773000,38973796000,74856,0,0,3072,0,0,916,0,0,71676,4092,3
6,0,0,0,0,38973800000,38973804000,38973811000,74856,0,0,3072,0,0,916,0,0,71676,4092,3
7,0,1,0,0,38973827000,38986241000,38986262000,74856,0,0,2048,0,0,1940,0,0,72700,1020,2
1,2136,2136,0,0,38986271000,38986300000,38986309000,76992,0,0,4096,0,0,-196,0,0,72700,1020,4
6,0,0,0,0,38986310000,38986313000,38986320000,76992,0,0,4096,0,0,-196,0,0,72700,1020,4
7,0,1,0,4,38986323000,38989774000,38989798000,76992,0,0,3072,0,0,828,0,0,73724,2044,3
6,0,0,0,0,38989801000,38989805000,38989811000,76992,0,0,3072,0,0,828,0,0,73724,2044,3
7,0,1,0,0,38989827000,39002212000,39002231000,76992,0,0,2048,0,0,1852,0,0,74748,3068,2
1,2140,2140,0,0,39002240000,39002270000,39002280000,79132,0,0,4096,0,0,-288,0,0,74748,3068,4
6,0,0,0,0,39002281000,39002285000,39002292000,79132,0,0,4096,0,0,-288,0,0,74748,3068,4
7,0,1,0,4,39002294000,39005771000,39005796000,79132,0,0,3072,0,0,736,0,0,75772,4092,3
6,0,0,0,0,39005799000,39005803000,39005810000,79132,0,0,3072,0,0,736,0,0,75772,4092,3
7,0,1,0,0,39005826000,39018217000,39018235000,79132,0,0,2048,0,0,1760,0,0,76796,1020,2
1,2140,2140,0,0,39018245000,39018277000,39018286000,81272,0,0,4096,0,0,-380,0,0,76796,1020,4
6,0,0,0,0,39018287000,39018291000,39018298000,81272,0,0,4096,0,0,-380,0,0,76796,1020,4
7,0,1,0,4,39018301000,39021774000,39021798000,81272,0,0,3072,0,0,644,0,0,77820,2044,3
6,0,0,0,0,39021802000,39021806000,39021813000,81272,0,0,3072,0,0,644,0,0,77820,2044,3
7,0,1,0,0,39021831000,39034241000,39034261000,81272,0,0,2048,0,0,1668,0,0,78844,3068,2
1,2136,2136,0,0,39034270000,39034304000,39034314000,83408,0,0,4096,0,0,-468,0,0,78844,3068,4
6,0,0,0,0,39034315000,39034319000,39034325000,83408,0,0,4096,0,0,-468,0,0,78844,3068,4
7,0,1,0,4,39034328000,39037979000,39038001000,83408,0,0,3072,0,0,556,0,0,79868,4092,3
6,0,0,0,0,39038004000,39038008000,39038015000,83408,0,0,3072,0,0,556,0,0,79868,4092,3
7,0,1,0,0,39038031000,39050444000,39050464000,83408,0,0,2048,0,0,1580,0,0,80892,1020,2
1,2140,2140,0,0,39050473000,39050505000,39050515000,85548,0,0,4096,0,0,-560,0,0,80892,1020,4
6,0,0,0,0,39050517000,39050520000,39050527000,85548,0,0,4096,0,0,-560,0,0,80892,1020,4
7,0,1,0,4,39050530000,39053806000,39053834000,85548,0,0,3072,0,0,464,0,0,81916,2044,3
6,0,0,0,0,39053838000,39053842000,39053849000,85548,0,0,3072,0,0,464,0,0,81916,2044,3
7,0,1,0,0,39053873000,39066595000,39066619000,85548,0,0,2048,0,0,1488,0,0,82940,3068,2
1,2140,2140,0,0,39066628000,39066662000,39066672000,87688,0,0,4096,0,0,-652,0,0,82940,3068,4
6,0,0,0,0,39066673000,39066677000,39066684000,87688,0,0,4096,0,0,-652,0,0,82940,3068,4
7,0,1,0,4,39066687000,39069793000,39069820000,87688,0,0,3072,0,0,372,0,0,83964,4092,3
6,0,0,0,0,39069825000,39069829000,39069836000,87688,0,0,3072,0,0,372,0,0,83964,4092,3
7,0,1,0,0,39069859000,39082682000,39082704000,87688,0,0,2048,0,0,1396,0,0,84988,1020,2
1,2136,2136,0,0,39082715000,39082748000,39082758000,89824,0,0,4096,0,0,-740,0,0,84988,1020,4
6,0,0,0,0,39082759000,39082762000,39082769000,89824,0,0,4096,0,0,-740,0,0,84988,1020,4
7,0,1,0,4,39082772000,39085835000,39085861000,89824,0,0,3072,0,0,284,0,0,86012,2044,3
6,0,0,0,0,39085864000,39085868000,39085875000,89824,0,0,3072,0,0,284,0,0,86012,2044,3
7,0,1,0,0,39085897000,39100363000,39100390000,89824,0,0,2048,0,0,1308,0,0,87036,3068,2
1,2140,2140,0,0,39100401000,39100434000,39100444000,91964,0,0,4096,0,0,-832,0,0,87036,3068,4
6,0,0,0,0,39100445000,39100449000,39100456000,91964,0,0,4096,0,0,-832,0,0,87036,3068,4
7,0,1,0,4,39100459000,39101796000,39101818000,91964,0,0,3072,0,0,192,0,0,88060,4092,3
6,0,0,0,0,39101822000,39101825000,39101833000,91964,0,0,3072,0,0,192,0,0,88060,4092,3
7,0,1,0,0,39101852000,39114871000,39114898000,91964,0,0,2048,0,0,1216,0,0,89084,1020,2
1,2140,2140,0,0,39114908000,39114940000,39114952000,94104,0,0,4096,0,0,-924,0,0,89084,1020,4
6,0,0,0,0,39114952000,39114956000,39114963000,94104,0,0,4096,0,0,-924,0,0,89084,1020,4
7,0,1,0,4,39114966000,39117793000,39117817000,94104,0,0,3072,0,0,100,0,0,90108,2044,3
6,0,0,0,0,39117821000,39117824000,39117832000,94104,0,0,3072,0,0,100,0,0,90108,2044,3
7,0,1,0,0,39117850000,39130890000,39130917000,94104,0,0,2048,0,0,1124,0,0,91132,3068,2
1,2136,2136,0,0,39130927000,39130961000,39130972000,96240,0,0,4096,0,0,-1012,0,0,91132,3068,4
6,0,0,0,0,39130973000,39130977000,39130984000,96240,0,0,4096,0,0,-1012,0,0,91132,3068,4
7,0,1,0,4,39130987000,39133784000,39133808000,96240,0,0,3072,0,0,12,0,0,92156,4092,3
6,0,0,0,0,39133812000,39133815000,39133822000,96240,0,0,3072,0,0,12,0,0,92156,4092,3
7,0,1,0,0,39133840000,39146902000,39146927000,96240,0,0,2048,0,0,1036,0,0,93180,1020,2
1,2064,1036,0,0,39146937000,39146969000,39146978000,97276,0,0,4096,0,0,0,0,0,93180,1020,4
6,1104,0,0,0,39146979000,39146983000,39146990000,97276,0,0,4096,0,0,0,0,0,93180,1020,4
7,1,1,0,4,39146993000,39149789000,39149812000,97276,0,0,3072,0,0,1024,0,0,94204,2044,3
1,1028,1028,0,0,39149816000,39149844000,39149855000,98304,0,0,4096,0,0,-4,0,0,94204,2044,4
6,76,0,0,0,39149856000,39149859000,39149866000,98304,0,0,4096,0,0,-4,0,0,94204,2044,4
7,1,1,0,4,39149886000,39157756000,39157776000,98304,0,0,3072,0,0,1020,0,0,95228,3068,3
1,76,76,0,0,39157780000,39157790000,39157798000,98380,0,0,3072,0,0,944,0,0,95228,3068,3
6,0,0,0,0,39157799000,39157803000,39157809000,98380,0,0,3072,0,0,944,0,0,95228,3068,3
7,0,1,0,0,39157828000,39170269000,39170291000,98380,0,0,2048,0,0,1968,0,0,96252,4092,2
1,2140,2140,0,0,39170300000,39170328000,39170339000,100520,0,0,4096,0,0,-172,0,0,96252,4092,4
6,0,0,0,0,39170340000,39170343000,39170350000,100520,0,0,4096,0,0,-172,0,0,96252,4092,4
7,0,1,0,4,39170352000,39173771000,39173796000,100520,0,0,3072,0,0,852,0,0,97276,1020,3
6,0,0,0,0,39173800000,39173804000,39173811000,100520,0,0,3072,0,0,852,0,0,97276,1020,3
7,0,1,0,0,39173827000,39186212000,39186231000,100520,0,0,2048,0,0,1876,0,0,98300,2044,2
1,2140,2140,0,0,39186240000,39186268000,39186277000,102660,0,0,4096,0,0,-264,0,0,98300,2044,4
6,0,0,0,0,39186278000,39186282000,39186288000,102660,0,0,4096,0,0,-264,0,0,98300,2044,4
7,0,1,0,4,39186291000,39189770000,39189795000,102660,0,0,3072,0,0,760,0,0,99324,3068,3
6,0,0,0,0,39189798000,39189802000,39189809000,102660,0,0,3072,0,0,760,0,0,99324,3068,3
7,0,1,0,0,39189825000,39202245000,39202264000,102660,0,0,2048,0,0,1784,0,0,100348,4092,2
1,2136,2136,0,0,39202274000,39202303000,39202313000,104796,0,0,4096,0,0,-352,0,0,100348,4092,4
6,0,0,0,0,39202314000,39202318000,39202325000,104796,0,0,4096,0,0,-352,0,0,100348,4092,4
7,0,1,0,4,39202327000,39205772000,39205795000,104796,0,0,3072,0,0,672,0,0,101372,1020,3
6,0,0,0,0,39205799000,39205802000,39205810000,104796,0,0,3072,0,0,672,0,0,101372,1020,3
7,0,1,0,0,39205826000,39218178000,39218194000,104796,0,0,2048,0,0,1696,0,0,102396,2044,2
1,2140,2140,0,0,39218204000,39218235000,39218245000,106936,0,0,4096,0,0,-444,0,0,102396,2044,4
6,0,0,0,0,39218246000,39218249000,39218256000,106936,0,0,4096,0,0,-444,0,0,102396,2044,4
7,0,1,0,4,39218259000,39221772000,39221796000,106936,0,0,3072,0,0,580,0,0,103420,3068,3
6,0,0,0,0,39221799000,39221803000,39221810000,106936,0,0,3072,0,0,580,0,0,103420,3068,3
7,0,1,0,0,39221829000,39234184000,39234203000,106936,0,0,2048,0,0,1604,0,0,104444,4092,2
1,2140,2140,0,0,39234212000,39234241000,39234251000,109076,0,0,4096,0,0,-536,0,0,104444,4092,4
6,0,0,0,0,39234252000,39234256000,39234262000,109076,0,0,4096,0,0,-536,0,0,104444,4092,4
7,0,1,0,4,39234265000,39237893000,39237917000,109076,0,0,3072,0,0,488,0,0,105468,1020,3
6,0,0,0,0,39237921000,39237924000,39237931000,109076,0,0,3072,0,0,488,0,0,105468,1020,3
7,0,1,0,0,39237949000,39250435000,39250457000,109076,0,0,2048,0,0,1512,0,0,106492,2044,2
1,2136,2136,0,0,39250467000,39250498000,39250508000,111212,0,0,4096,0,0,-624,0,0,106492,2044,4
6,0,0,0,0,39250509000,39250513000,39250519000,111212,0,0,4096,0,0,-624,0,0,106492,2044,4
7,0,1,0,4,39250522000,39253806000,39253835000,111212,0,0,3072,0,0,400,0,0,107516,3068,3
6,0,0,0,0,39253838000,39253842000,39253850000,111212,0,0,3072,0,0,400,0,0,107516,3068,3
7,0,1,0,0,39253872000,39266593000,39266611000,111212,0,0,2048,0,0,1424,0,0,108540,4092,2
1,2140,2140,0,0,39266621000,39266655000,39266665000,113352,0,0,4096,0,0,-716,0,0,108540,4092,4
6,0,0,0,0,39266666000,39266670000,39266676000,113352,0,0,4096,0,0,-716,0,0,108540,4092,4
7,0,1,0,4,39266679000,39269796000,39269825000,113352,0,0,3072,0,0,308,0,0,109564,1020,3
6,0,0,0,0,39269830000,39269833000,39269841000,113352,0,0,3072,0,0,308,0,0,109564,1020,3
7,0,1,0,0,39269865000,39282667000,39282691000,113352,0,0,2048,0,0,1332,0,0,110588,2044,2
1,2140,2140,0,0,39282701000,39282735000,39282745000,115492,0,0,4096,0,0,-808,0,0,110588,2044,4
6,0,0,0,0,39282746000,39282750000,39282756000,115492,0,0,4096,0,0,-808,0,0,110588,2044,4
7,0,1,0,4,39282759000,39285789000,39285813000,115492,0,0,3072,0,0,216,0,0,111612,3068,3
6,0,0,0,0,39285817000,39285821000,39285828000,115492,0,0,3072,0,0,216,0,0,111612,3068,3
7,0,1,0,0,39285853000,39298569000,39298592000,115492,0,0,2048,0,0,1240,0,0,112636,4092,2
1,2136,2136,0,0,39298602000,39298634000,39298644000,117628,0,0,4096,0,0,-896,0,0,112636,4092,4
6,0,0,0,0,39298645000,39298649000,39298656000,117628,0,0,4096,0,0,-896,0,0,112636,4092,4
7,0,1,0,4,39298659000,39301785000,39301813000,117628,0,0,3072,0,0,128,0,0,113660,1020,3
6,0,0,0,0,39301817000,39301821000,39301828000,117628,0,0,3072,0,0,128,0,0,113660,1020,3
7,0,1,0,0,39301848000,39314897000,39314922000,117628,0,0,2048,0,0,1152,0,0,114684,2044,2
1,2140,2140,0,0,39314932000,39314966000,39314978000,119768,0,0,4096,0,0,-988,0,0,114684,2044,4
6,0,0,0,0,39314979000,39314982000,39314990000,119768,0,0,4096,0,0,-988,0,0,114684,2044,4
7,0,1,0,4,39314993000,39317790000,39317815000,119768,0,0,3072,0,0,36,0,0,115708,3068,3
6,0,0,0,0,39317819000,39317822000,39317830000,119768,0,0,3072,0,0,36,0,0,115708,3068,3
7,0,1,0,0,39317849000,39330855000,39330883000,119768,0,0,2048,0,0,1060,0,0,116732,4092,2
1,2140,1060,0,0,39330894000,39330925000,39330936000,120828,0,0,4096,0,0,0,0,0,116732,4092,4
6,1080,0,0,0,39330937000,39330940000,39330947000,120828,0,0,4096,0,0,0,0,0,116732,4092,4
7,1,1,0,4,39330950000,39333781000,39333804000,120828,0,0,3072,0,0,1024,0,0,117756,1020,3
1,1080,1080,0,0,39333808000,39333835000,39333844000,121908,0,0,4096,0,0,-56,0,0,117756,1020,4
6,0,0,0,0,39333845000,39333849000,39333855000,121908,0,0,4096,0,0,-56,0,0,117756,1020,4
7,0,1,0,4,39333874000,39341756000,39341778000,121908,0,0,3072,0,0,968,0,0,118780,2044,3
6,0,0,0,0,39341782000,39341786000,39341793000,121908,0,0,3072,0,0,968,0,0,118780,2044,3
7,0,1,0,0,39341813000,39354194000,39354211000,121908,0,0,2048,0,0,1992,0,0,119804,3068,2
1,2136,2136,0,0,39354221000,39354250000,39354261000,124044,0,0,4096,0,0,-144,0,0,119804,3068,4
6,0,0,0,0,39354262000,39354265000,39354272000,124044,0,0,4096,0,0,-144,0,0,119804,3068,4
7,0,1,0,4,39354275000,39357765000,39357789000,124044,0,0,3072,0,0,880,0,0,120828,4092,3
6,0,0,0,0,39357793000,39357796000,39357804000,124044,0,0,3072,0,0,880,0,0,120828,4092,3
7,0,1,0,0,39357821000,39370334000,39370359000,124044,0,0,2048,0,0,1904,0,0,121852,1020,2
1,2140,2140,0,0,39370369000,39370398000,39370409000,126184,0,0,4096,0,0,-236,0,0,121852,1020,4
6,0,0,0,0,39370410000,39370413000,39370420000,126184,0,0,4096,0,0,-236,0,0,121852,1020,4
7,0,1,0,4,39370423000,39373768000,39373794000,126184,0,0,3072,0,0,788,0,0,122876,2044,3
6,0,0,0,0,39373797000,39373801000,39373808000,126184,0,0,3072,0,0,788,0,0,122876,2044,3
7,0,1,0,0,39373826000,39402246000,39402266000,126184,0,0,1024,0,0,2836,0,0,124924,1020,1
1,2140,2140,0,0,39402275000,39402303000,39402314000,128324,0,0,3072,0,0,696,0,0,124924,1020,3
6,0,0,0,0,39402315000,39402318000,39402324000,128324,0,0,3072,0,0,696,0,0,124924,1020,3
7,0,1,0,0,39402327000,39416107000,39416136000,128324,0,0,1024,0,0,2744,0,0,126972,3068,1
1,2136,2136,0,0,39416146000,39416177000,39416187000,130460,0,0,3072,0,0,608,0,0,126972,3068,3
6,0,0,0,0,39416188000,39416192000,39416199000,130460,0,0,3072,0,0,608,0,0,126972,3068,3
7,0,1,0,0,39416202000,39429922000,39429949000,130460,0,0,1024,0,0,2656,0,0,129020,1020,1
1,612,612,0,0,39429958000,39429980000,39429990000,131072,0,0,2048,0,0,2044,0,0,129020,1020,2
6,1528,0,0,0,39429991000,39429995000,39430053000,131072,0,0,2048,0,0,2044,0,0,129020,1020,2
7,1,1,0,4,39430057000,39430072000,39430081000,131072,0,0,2048,0,0,2044,0,0,129020,1020,2
1,1528,1528,0,0,39440062000,39440101000,39440123000,132600,0,0,2048,0,0,1540,0,0,130044,2044,2
6,0,0,0,0,39440124000,39440128000,39440135000,132600,0,0,2048,0,0,1540,0,0,130044,2044,2
7,0,1,0,0,39440139000,39444013000,39444028000,132600,0,0,2048,0,0,1540,0,0,130044,2044,2
1,2140,2140,0,0,39444038000,39444061000,39444071000,134740,0,0,4096,0,0,-600,0,0,130044,2044,4
6,0,0,0,0,39444072000,39444075000,39444082000,134740,0,0,4096,0,0,-600,0,0,130044,2044,4
7,0,1,0,4,39444085000,39445794000,39445817000,134740,0,0,3072,0,0,424,0,0,131068,3068,3
6,0,0,0,0,39445821000,39445825000,39445832000,134740,0,0,3072,0,0,424,0,0,131068,3068,3
7,0,1,0,0,39445850000,39458850000,39458876000,134740,0,0,2048,0,0,1448,0,0,132092,4092,2
1,2140,2140,0,0,39458885000,39458918000,39458928000,136880,0,0,4096,0,0,-692,0,0,132092,4092,4
6,0,0,0,0,39458928000,39458932000,39458939000,136880,0,0,4096,0,0,-692,0,0,132092,4092,4
7,0,1,0,4,39458942000,39461765000,39461790000,136880,0,0,3072,0,0,332,0,0,133116,1020,3
6,0,0,0,0,39461795000,39461798000,39461806000,136880,0,0,3072,0,0,332,0,0,133116,1020,3
7,0,1,0,0,39461824000,39474902000,39474931000,136880,0,0,2048,0,0,1356,0,0,134140,2044,2
1,2136,2136,0,0,39474941000,39474974000,39474985000,139016,0,0,4096,0,0,-780,0,0,134140,2044,4
6,0,0,0,0,39474985000,39474989000,39474996000,139016,0,0,4096,0,0,-780,0,0,134140,2044,4
7,0,1,0,4,39474999000,39477789000,39477814000,139016,0,0,3072,0,0,244,0,0,135164,3068,3
6,0,0,0,0,39477817000,39477821000,39477828000,139016,0,0,3072,0,0,244,0,0,135164,3068,3
7,0,1,0,0,39477847000,39490876000,39490902000,139016,0,0,2048,0,0,1268,0,0,136188,4092,2
1,2140,2140,0,0,39490913000,39490946000,39490957000,141156,0,0,4096,0,0,-872,0,0,136188,4092,4
6,0,0,0,0,39490958000,39490961000,39490968000,141156,0,0,4096,0,0,-872,0,0,136188,4092,4
7,0,1,0,4,39490971000,39493787000,39493811000,141156,0,0,3072,0,0,152,0,0,137212,1020,3
6,0,0,0,0,39493815000,39493818000,39493825000,141156,0,0,3072,0,0,152,0,0,137212,1020,3
7,0,1,0,0,39493844000,39506833000,39506862000,141156,0,0,2048,0,0,1176,0,0,138236,2044,2
1,2140,2140,0,0,39506872000,39506905000,39506916000,143296,0,0,4096,0,0,-964,0,0,138236,2044,4
6,0,0,0,0,39506917000,39506920000,39506928000,143296,0,0,4096,0,0,-964,0,0,138236,2044,4
7,0,1,0,4,39506930000,39509782000,39509804000,143296,0,0,3072,0,0,60,0,0,139260,3068,3
6,0,0,0,0,39509807000,39509811000,39509818000,143296,0,0,3072,0,0,60,0,0,139260,3068,3
7,0,1,0,0,39509836000,39524569000,39524601000,143296,0,0,2048,0,0,1084,0,0,140284,4092,2
1,2136,1084,0,0,39524612000,39524646000,39524657000,144380,0,0,4096,0,0,0,0,0,140284,4092,4
6,1052,0,0,0,39524658000,39524661000,39524668000,144380,0,0,4096,0,0,0,0,0,140284,4092,4
7,1,1,0,4,39524671000,39525790000,39525812000,144380,0,0,3072,0,0,1024,0,0,141308,1020,3
1,1052,1052,0,0,39525816000,39525845000,39525856000,145432,0,0,4096,0,0,-28,0,0,141308,1020,4
6,0,0,0,0,39525857000,39525860000,39525867000,145432,0,0,4096,0,0,-28,0,0,141308,1020,4
7,0,1,0,4,39525887000,39533751000,39533766000,145432,0,0,3072,0,0,996,0,0,142332,2044,3
6,0,0,0,0,39533769000,39533773000,39533780000,145432,0,0,3072,0,0,996,0,0,142332,2044,3
7,0,1,0,0,39533792000,39546768000,39546791000,145432,0,0,2048,0,0,2020,0,0,143356,3068,2
1,2140,2140,0,0,39546800000,39546830000,39546841000,147572,0,0,4096,0,0,-120,0,0,143356,3068,4
6,0,0,0,0,39546842000,39546845000,39546852000,147572,0,0,4096,0,0,-120,0,0,143356,3068,4
7,0,1,0,4,39546855000,39549784000,39549808000,147572,0,0,3072,0,0,904,0,0,144380,4092,3
6,0,0,0,0,39549811000,39549815000,39549822000,147572,0,0,3072,0,0,904,0,0,144380,4092,3
7,0,1,0,0,39549839000,39562870000,39562895000,147572,0,0,2048,0,0,1928,0,0,145404,1020,2
1,2140,2140,0,0,39562905000,39562933000,39562945000,149712,0,0,4096,0,0,-212,0,0,145404,1020,4
6,0,0,0,0,39562946000,39562950000,39562957000,149712,0,0,4096,0,0,-212,0,0,145404,1020,4
7,0,1,0,4,39562959000,39565786000,39565811000,149712,0,0,3072,0,0,812,0,0,146428,2044,3
6,0,0,0,0,39565814000,39565818000,39565825000,149712,0,0,3072,0,0,812,0,0,146428,2044,3
7,0,1,0,0,39565845000,39578842000,39578866000,149712,0,0,2048,0,0,1836,0,0,147452,3068,2
1,2136,2136,0,0,39578875000,39578906000,39578917000,151848,0,0,4096,0,0,-300,0,0,147452,3068,4
6,0,0,0,0,39578918000,39578922000,39578929000,151848,0,0,4096,0,0,-300,0,0,147452,3068,4
7,0,1,0,4,39578932000,39581760000,39581787000,151848,0,0,3072,0,0,724,0,0,148476,4092,3
6,0,0,0,0,39581790000,39581794000,39581801000,151848,0,0,3072,0,0,724,0,0,148476,4092,3
7,0,1,0,0,39581820000,39594855000,39594880000,151848,0,0,2048,0,0,1748,0,0,149500,1020,2
1,2140,2140,0,0,39594890000,39594923000,39594933000,153988,0,0,4096,0,0,-392,0,0,149500,1020,4
6,0,0,0,0,39594934000,39594938000,39594945000,153988,0,0,4096,0,0,-392,0,0,149500,1020,4
7,0,1,0,4,39594948000,39597782000,39597806000,153988,0,0,3072,0,0,632,0,0,150524,2044,3
6,0,0,0,0,39597809000,39597813000,39597819000,153988,0,0,3072,0,0,632,0,0,150524,2044,3
7,0,1,0,0,39597836000,39610857000,39610884000,153988,0,0,2048,0,0,1656,0,0,151548,3068,2
1,2140,2140,0,0,39610894000,39610928000,39610938000,156128,0,0,4096,0,0,-484,0,0,151548,3068,4
6,0,0,0,0,39610939000,39610943000,39610950000,156128,0,0,4096,0,0,-484,0,0,151548,3068,4
7,0,1,0,4,39610953000,39613779000,39613802000,156128,0,0,3072,0,0,540,0,0,152572,4092,3
6,0,0,0,0,39613806000,39613809000,39613817000,156128,0,0,3072,0,0,540,0,0,152572,4092,3
7,0,1,0,0,39613834000,39626820000,39626846000,156128,0,0,2048,0,0,1564,0,0,153596,1020,2
1,2136,2136,0,0,39626856000,39626888000,39626899000,158264,0,0,4096,0,0,-572,0,0,153596,1020,4
6,0,0,0,0,39626900000,39626904000,39626911000,158264,0,0,4096,0,0,-572,0,0,153596,1020,4
7,0,1,0,4,39626913000,39629787000,39629810000,158264,0,0,3072,0,0,452,0,0,154620,2044,3
6,0,0,0,0,39629813000,39629817000,39629824000,158264,0,0,3072,0,0,452,0,0,154620,2044,3
7,0,1,0,0,39629844000,39642857000,39642884000,158264,0,0,2048,0,0,1476,0,0,155644,3068,2
1,2140,2140,0,0,39642894000,39642927000,39642937000,160404,0,0,4096,0,0,-664,0,0,155644,3068,4
6,0,0,0,0,39642938000,39642941000,39642948000,160404,0,0,4096,0,0,-664,0,0,155644,3068,4
7,0,1,0,4,39642951000,39645781000,39645803000,160404,0,0,3072,0,0,360,0,0,156668,4092,3
6,0,0,0,0,39645807000,39645811000,39645818000,160404,0,0,3072,0,0,360,0,0,156668,4092,3
7,0,1,0,0,39645837000,39658874000,39658900000,160404,0,0,2048,0,0,1384,0,0,157692,1020,2
1,2140,2140,0,0,39658909000,39658940000,39658951000,162544,0,0,4096,0,0,-756,0,0,157692,1020,4
6,0,0,0,0,39658951000,39658955000,39658962000,162544,0,0,4096,0,0,-756,0,0,157692,1020,4
7,0,1,0,4,39658965000,39661804000,39661828000,162544,0,0,3072,0,0,268,0,0,158716,2044,3
6,0,0,0,0,39661832000,39661835000,39661842000,162544,0,0,3072,0,0,268,0,0,158716,2044,3
7,0,1,0,0,39661861000,39674920000,39674948000,162544,0,0,2048,0,0,1292,0,0,159740,3068,2
1,1296,1296,0,0,39674957000,39674990000,39675001000,163840,0,0,4096,0,0,-4,0,0,159740,3068,4
6,844,0,0,0,39675002000,39675006000,39675012000,163840,0,0,4096,0,0,-4,0,0,159740,3068,4
7,1,1,0,4,39675015000,39677782000,39677806000,163840,0,0,3072,0,0,1020,0,0,160764,4092,3
1,844,844,0,0,39677809000,39677826000,39677835000,164684,0,0,3072,0,0,176,0,0,160764,4092,3
6,0,0,0,0,39677836000,39677840000,39677847000,164684,0,0,3072,0,0,176,0,0,160764,4092,3
7,0,1,0,0,39677866000,39690893000,39690920000,164684,0,0,2048,0,0,1200,0,0,161788,1020,2
1,2136,2136,0,0,39690930000,39690961000,39690971000,166820,0,0,4096,0,0,-936,0,0,161788,1020,4
6,0,0,0,0,39690972000,39690976000,39690983000,166820,0,0,4096,0,0,-936,0,0,161788,1020,4
7,0,1,0,4,39690986000,39693779000,39693804000,166820,0,0,3072,0,0,88,0,0,162812,2044,3
6,0,0,0,0,39693808000,39693812000,39693819000,166820,0,0,3072,0,0,88,0,0,162812,2044,3
7,0,1,0,0,39693836000,39706857000,39706888000,166820,0,0,2048,0,0,1112,0,0,163836,3068,2
1,2140,1112,0,0,39706898000,39706927000,39706939000,167932,0,0,4096,0,0,0,0,0,163836,3068,4
6,1028,0,0,0,39706939000,39706943000,39706950000,167932,0,0,4096,0,0,0,0,0,163836,3068,4
7,1,1,0,4,39706953000,39709781000,39709804000,167932,0,0,3072,0,0,1024,0,0,164860,4092,3
1,1028,1028,0,0,39709808000,39709837000,39709846000,168960,0,0,4096,0,0,-4,0,0,164860,4092,4
6,0,0,0,0,39709847000,39709850000,39709857000,168960,0,0,4096,0,0,-4,0,0,164860,4092,4
7,0,1,0,4,39709877000,39717731000,39717748000,168960,0,0,3072,0,0,1020,0,0,165884,1020,3
6,0,0,0,0,39717751000,39717754000,39717761000,168960,0,0,3072,0,0,1020,0,0,165884,1020,3
7,0,1,0,0,39717773000,39732577000,39732603000,168960,0,0,2048,0,0,2044,0,0,166908,2044,2
1,2140,2140,0,0,39732614000,39732646000,39732656000,171100,0,0,4096,0,0,-96,0,0,166908,2044,4
6,0,0,0,0,39732657000,39732661000,39732668000,171100,0,0,4096,0,0,-96,0,0,166908,2044,4
7,0,1,0,4,39732671000,39733780000,39733804000,171100,0,0,3072,0,0,928,0,0,167932,3068,3
6,0,0,0,0,39733807000,39733811000,39733818000,171100,0,0,3072,0,0,928,0,0,167932,3068,3
7,0,1,0,0,39733837000,39746838000,39746863000,171100,0,0,2048,0,0,1952,0,0,168956,4092,2
1,2136,2136,0,0,39746872000,39746905000,39746916000,173236,0,0,4096,0,0,-184,0,0,168956,4092,4
6,0,0,0,0,39746917000,39746921000,39746928000,173236,0,0,4096,0,0,-184,0,0,168956,4092,4
7,0,1,0,4,39746930000,39749782000,39749807000,173236,0,0,3072,0,0,840,0,0,169980,1020,3
6,0,0,0,0,39749811000,39749815000,39749822000,173236,0,0,3072,0,0,840,0,0,169980,1020,3
7,0,1,0,0,39749842000,39762885000,39762914000,173236,0,0,2048,0,0,1864,0,0,171004,2044,2
1,2140,2140,0,0,39762924000,39762955000,39762965000,175376,0,0,4096,0,0,-276,0,0,171004,2044,4
6,0,0,0,0,39762966000,39762969000,39762976000,175376,0,0,4096,0,0,-276,0,0,171004,2044,4
7,0,1,0,4,39762979000,39765783000,39765809000,175376,0,0,3072,0,0,748,0,0,172028,3068,3
6,0,0,0,0,39765811000,39765815000,39765822000,175376,0,0,3072,0,0,748,0,0,172028,3068,3
7,0,1,0,0,39765840000,39778846000,39778873000,175376,0,0,2048,0,0,1772,0,0,173052,4092,2
1,2140,2140,0,0,39778882000,39778911000,39778922000,177516,0,0,4096,0,0,-368,0,0,173052,4092,4
6,0,0,0,0,39778923000,39778927000,39778934000,177516,0,0,4096,0,0,-368,0,0,173052,4092,4
7,0,1,0,4,39778936000,39781798000,39781822000,177516,0,0,3072,0,0,656,0,0,174076,1020,3
6,0,0,0,0,39781826000,39781830000,39781837000,177516,0,0,3072,0,0,656,0,0,174076,1020,3
7,0,1,0,0,39781854000,39794950000,39794977000,177516,0,0,2048,0,0,1680,0,0,175100,2044,2
1,2136,2136,0,0,39794987000,39795020000,39795030000,179652,0,0,4096,0,0,-456,0,0,175100,2044,4
6,0,0,0,0,39795031000,39795035000,39795041000,179652,0,0,4096,0,0,-456,0,0,175100,2044,4
7,0,1,0,4,39795045000,39797772000,39797795000,179652,0,0,3072,0,0,568,0,0,176124,3068,3
6,0,0,0,0,39797798000,39797802000,39797809000,179652,0,0,3072,0,0,568,0,0,176124,3068,3
7,0,1,0,0,39797827000,39810885000,39810911000,179652,0,0,2048,0,0,1592,0,0,177148,4092,2
1,2140,2140,0,0,39810921000,39810952000,39810963000,181792,0,0,4096,0,0,-548,0,0,177148,4092,4
6,0,0,0,0,39810964000,39810967000,39810974000,181792,0,0,4096,0,0,-548,0,0,177148,4092,4
7,0,1,0,4,39810978000,39813776000,39813800000,181792,0,0,3072,0,0,476,0,0,178172,1020,3
6,0,0,0,0,39813803000,39813807000,39813814000,181792,0,0,3072,0,0,476,0,0,178172,1020,3
7,0,1,0,0,39813831000,39826882000,39826906000,181792,0,0,2048,0,0,1500,0,0,179196,2044,2
1,2140,2140,0,0,39826916000,39826948000,39826958000,183932,0,0,4096,0,0,-640,0,0,179196,2044,4
6,0,0,0,0,39826959000,39826963000,39826970000,183932,0,0,4096,0,0,-640,0,0,179196,2044,4
7,0,1,0,4,39826973000,39829780000,39829805000,183932,0,0,3072,0,0,384,0,0,180220,3068,3
6,0,0,0,0,39829808000,39829812000,39829819000,183932,0,0,3072,0,0,384,0,0,180220,3068,3
7,0,1,0,0,39829838000,39842825000,39842851000,183932,0,0,2048,0,0,1408,0,0,181244,4092,2
1,2136,2136,0,0,39842861000,39842892000,39842902000,186068,0,0,4096,0,0,-728,0,0,181244,4092,4
6,0,0,0,0,39842903000,39842906000,39842913000,186068,0,0,4096,0,0,-728,0,0,181244,4092,4
7,0,1,0,4,39842916000,39845773000,39845797000,186068,0,0,3072,0,0,296,0,0,182268,1020,3
6,0,0,0,0,39845800000,39845804000,39845811000,186068,0,0,3072,0,0,296,0,0,182268,1020,3
7,0,1,0,0,39845828000,39858851000,39858877000,186068,0,0,2048,0,0,1320,0,0,183292,2044,2
1,2140,2140,0,0,39858888000,39858921000,39858930000,188208,0,0,4096,0,0,-820,0,0,183292,2044,4
6,0,0,0,0,39858931000,39858934000,39858941000,188208,0,0,4096,0,0,-820,0,0,183292,2044,4
7,0,1,0,4,39858944000,39861804000,39861829000,188208,0,0,3072,0,0,204,0,0,184316,3068,3
6,0,0,0,0,39861833000,39861836000,39861844000,188208,0,0,3072,0,0,204,0,0,184316,3068,3
7,0,1,0,0,39861861000,39874921000,39874949000,188208,0,0,2048,0,0,1228,0,0,185340,4092,2
1,2140,2140,0,0,39874959000,39874988000,39874998000,190348,0,0,4096,0,0,-912,0,0,185340,4092,4
6,0,0,0,0,39874999000,39875003000,39875010000,190348,0,0,4096,0,0,-912,0,0,185340,4092,4
7,0,1,0,4,39875013000,39877775000,39877798000,190348,0,0,3072,0,0,112,0,0,186364,1020,3
6,0,0,0,0,39877801000,39877805000,39877812000,190348,0,0,3072,0,0,112,0,0,186364,1020,3
7,0,1,0,0,39877831000,39906886000,39906911000,190348,0,0,2048,0,0,1136,0,0,187388,4092,2
1,2136,2136,0,0,39906920000,39906954000,39906965000,192484,0,0,4096,0,0,-1000,0,0,187388,4092,4
6,0,0,0,0,39906966000,39906970000,39906977000,192484,0,0,4096,0,0,-1000,0,0,187388,4092,4
7,0,1,0,4,39906980000,39909789000,39909818000,192484,0,0,3072,0,0,24,0,0,188412,1020,3
6,0,0,0,0,39909822000,39909826000,39909833000,192484,0,0,3072,0,0,24,0,0,188412,1020,3
7,0,1,0,0,39909853000,39922768000,39922792000,192484,0,0,2048,0,0,1048,0,0,189436,2044,2
1,2140,1048,0,0,39922801000,39922832000,39922842000,193532,0,0,4096,0,0,0,0,0,189436,2044,4
6,1092,0,0,0,39922842000,39922846000,39922853000,193532,0,0,4096,0,0,0,0,0,189436,2044,4
7,1,1,0,4,39922856000,39925795000,39925821000,193532,0,0,3072,0,0,1024,0,0,190460,3068,3
1,1092,1092,0,0,39925825000,39925855000,39925864000,194624,0,0,4096,0,0,-68,0,0,190460,3068,4
6,0,0,0,0,39925865000,39925869000,39925876000,194624,0,0,4096,0,0,-68,0,0,190460,3068,4
7,0,1,0,4,39925892000,39933743000,39933766000,194624,0,0,3072,0,0,956,0,0,191484,4092,3
6,0,0,0,0,39933770000,39933773000,39933780000,194624,0,0,3072,0,0,956,0,0,191484,4092,3
7,0,1,0,0,39933799000,39946220000,39946242000,194624,0,0,2048,0,0,1980,0,0,192508,1020,2
1,1984,1984,0,0,39946251000,39946283000,39946294000,196608,0,0,4096,0,0,-4,0,0,192508,1020,4
6,156,0,0,0,39946295000,39946298000,39946305000,196608,0,0,4096,0,0,-4,0,0,192508,1020,4
7,1,1,0,4,39946308000,39949754000,39949778000,196608,0,0,3072,0,0,1020,0,0,193532,2044,3
1,156,156,0,0,39949782000,39949794000,39949802000,196764,0,0,3072,0,0,864,0,0,193532,2044,3
6,0,0,0,0,39949803000,39949807000,39949813000,196764,0,0,3072,0,0,864,0,0,193532,2044,3
7,0,1,0,0,39949832000,39962219000,39962240000,196764,0,0,2048,0,0,1888,0,0,194556,3068,2
1,2140,2140,0,0,39962249000,39962277000,39962287000,198904,0,0,4096,0,0,-252,0,0,194556,3068,4
6,0,0,0,0,39962288000,39962292000,39962299000,198904,0,0,4096,0,0,-252,0,0,194556,3068,4
7,0,1,0,4,39962301000,39965753000,39965777000,198904,0,0,3072,0,0,772,0,0,195580,4092,3
6,0,0,0,0,39965781000,39965785000,39965792000,198904,0,0,3072,0,0,772,0,0,195580,4092,3
7,0,1,0,0,39965809000,39978232000,39978253000,198904,0,0,2048,0,0,1796,0,0,196604,1020,2
1,2136,2136,0,0,39978261000,39978293000,39978303000,201040,0,0,4096,0,0,-340,0,0,196604,1020,4
6,0,0,0,0,39978304000,39978307000,39978314000,201040,0,0,4096,0,0,-340,0,0,196604,1020,4
7,0,1,0,4,39978317000,39981754000,39981778000,201040,0,0,3072,0,0,684,0,0,197628,2044,3
6,0,0,0,0,39981781000,39981785000,39981792000,201040,0,0,3072,0,0,684,0,0,197628,2044,3
7,0,1,0,0,39981809000,39994196000,39994214000,201040,0,0,2048,0,0,1708,0,0,198652,3068,2
1,2140,2140,0,0,39994223000,39994253000,39994263000,203180,0,0,4096,0,0,-432,0,0,198652,3068,4
6,0,0,0,0,39994264000,39994268000,39994275000,203180,0,0,4096,0,0,-432,0,0,198652,3068,4
7,0,1,0,4,39994278000,39997752000,39997775000,203180,0,0,3072,0,0,592,0,0,199676,4092,3
6,0,0,0,0,39997778000,39997782000,39997789000,203180,0,0,3072,0,0,592,0,0,199676,4092,3
7,0,1,0,0,39997805000,40010262000,40010283000,203180,0,0,2048,0,0,1616,0,0,200700,1020,2
1,2140,2140,0,0,40010293000,40010324000,40010335000,205320,0,0,4096,0,0,-524,0,0,200700,1020,4
6,0,0,0,0,40010336000,40010340000,40010347000,205320,0,0,4096,0,0,-524,0,0,200700,1020,4
7,0,1,0,4,40010349000,40013754000,40013778000,205320,0,0,3072,0,0,500,0,0,201724,2044,3
6,0,0,0,0,40013782000,40013786000,40013793000,205320,0,0,3072,0,0,500,0,0,201724,2044,3
7,0,1,0,0,40013810000,40026247000,40026266000,205320,0,0,2048,0,0,1524,0,0,202748,3068,2
1,2136,2136,0,0,40026276000,40026306000,40026316000,207456,0,0,4096,0,0,-612,0,0,202748,3068,4
6,0,0,0,0,40026317000,40026320000,40026327000,207456,0,0,4096,0,0,-612,0,0,202748,3068,4
7,0,1,0,4,40026330000,40029753000,40029776000,207456,0,0,3072,0,0,412,0,0,203772,4092,3
6,0,0,0,0,40029780000,40029784000,40029791000,207456,0,0,3072,0,0,412,0,0,203772,4092,3
7,0,1,0,0,40029809000,40042232000,40042254000,207456,0,0,2048,0,0,1436,0,0,204796,1020,2
1,2140,2140,0,0,40042264000,40042295000,40042306000,209596,0,0,4096,0,0,-704,0,0,204796,1020,4
6,0,0,0,0,40042307000,40042310000,40042317000,209596,0,0,4096,0,0,-704,0,0,204796,1020,4
7,0,1,0,4,40042320000,40045752000,40045777000,209596,0,0,3072,0,0,320,0,0,205820,2044,3
6,0,0,0,0,40045780000,40045784000,40045791000,209596,0,0,3072,0,0,320,0,0,205820,2044,3
7,0,1,0,0,40045809000,40058190000,40058209000,209596,0,0,2048,0,0,1344,0,0,206844,3068,2
1,2140,2140,0,0,40058218000,40058249000,40058259000,211736,0,0,4096,0,0,-796,0,0,206844,3068,4
6,0,0,0,0,40058260000,40058263000,40058270000,211736,0,0,4096,0,0,-796,0,0,206844,3068,4
7,0,1,0,4,40058272000,40061754000,40061778000,211736,0,0,3072,0,0,228,0,0,207868,4092,3
6,0,0,0,0,40061782000,40061786000,40061793000,211736,0,0,3072,0,0,228,0,0,207868,4092,3
7,0,1,0,0,40061810000,40074198000,40074218000,211736,0,0,2048,0,0,1252,0,0,208892,1020,2
1,2136,2136,0,0,40074228000,40074259000,40074269000,213872,0,0,4096,0,0,-884,0,0,208892,1020,4
6,0,0,0,0,40074270000,40074273000,40074281000,213872,0,0,4096,0,0,-884,0,0,208892,1020,4
7,0,1,0,4,40074283000,40077755000,40077779000,213872,0,0,3072,0,0,140,0,0,209916,2044,3
6,0,0,0,0,40077782000,40077786000,40077793000,213872,0,0,3072,0,0,140,0,0,209916,2044,3
7,0,1,0,0,40077812000,40090276000,40090297000,213872,0,0,2048,0,0,1164,0,0,210940,3068,2
1,2140,2140,0,0,40090307000,40090341000,40090351000,216012,0,0,4096,0,0,-976,0,0,210940,3068,4
6,0,0,0,0,40090352000,40090355000,40090362000,216012,0,0,4096,0,0,-976,0,0,210940,3068,4
7,0,1,0,4,40090364000,40093752000,40093775000,216012,0,0,3072,0,0,48,0,0,211964,4092,3
6,0,0,0,0,40093779000,40093783000,40093790000,216012,0,0,3072,0,0,48,0,0,211964,4092,3
7,0,1,0,0,40093806000,40106194000,40106214000,216012,0,0,2048,0,0,1072,0,0,212988,1020,2
1,2140,1072,0,0,40106223000,40106255000,40106264000,217084,0,0,4096,0,0,0,0,0,212988,1020,4
6,1068,0,0,0,40106265000,40106268000,40106275000,217084,0,0,4096,0,0,0,0,0,212988,1020,4
7,1,1,0,4,40106278000,40109752000,40109776000,217084,0,0,3072,0,0,1024,0,0,214012,2044,3
1,1068,1068,0,0,40109781000,40109809000,40109820000,218152,0,0,4096,0,0,-44,0,0,214012,2044,4
6,0,0,0,0,40109820000,40109824000,40109831000,218152,0,0,4096,0,0,-44,0,0,214012,2044,4
7,0,1,0,4,40109850000,40117740000,40117754000,218152,0,0,3072,0,0,980,0,0,215036,3068,3
6,0,0,0,0,40117756000,40117760000,40117766000,218152,0,0,3072,0,0,980,0,0,215036,3068,3
7,0,1,0,0,40117776000,40130254000,40130276000,218152,0,0,2048,0,0,2004,0,0,216060,4092,2
1,2136,2136,0,0,40130285000,40130314000,40130325000,220288,0,0,4096,0,0,-132,0,0,216060,4092,4
6,0,0,0,0,40130326000,40130329000,40130336000,220288,0,0,4096,0,0,-132,0,0,216060,4092,4
7,0,1,0,4,40130339000,40133749000,40133773000,220288,0,0,3072,0,0,892,0,0,217084,1020,3
6,0,0,0,0,40133776000,40133780000,40133786000,220288,0,0,3072,0,0,892,0,0,217084,1020,3
7,0,1,0,0,40133803000,40147874000,40147896000,220288,0,0,2048,0,0,1916,0,0,218108,2044,2
1,2140,2140,0,0,40147906000,40147936000,40147947000,222428,0,0,4096,0,0,-224,0,0,218108,2044,4
6,0,0,0,0,40147948000,40147951000,40147958000,222428,0,0,4096,0,0,-224,0,0,218108,2044,4
7,0,1,0,4,40147961000,40149786000,40149815000,222428,0,0,3072,0,0,800,0,0,219132,3068,3
6,0,0,0,0,40149819000,40149823000,40149830000,222428,0,0,3072,0,0,800,0,0,219132,3068,3
7,0,1,0,0,40149848000,40162683000,40162707000,222428,0,0,2048,0,0,1824,0,0,220156,4092,2
1,2140,2140,0,0,40162717000,40162747000,40162757000,224568,0,0,4096,0,0,-316,0,0,220156,4092,4
6,0,0,0,0,40162758000,40162762000,40162769000,224568,0,0,4096,0,0,-316,0,0,220156,4092,4
7,0,1,0,4,40162771000,40165766000,40165790000,224568,0,0,3072,0,0,708,0,0,221180,1020,3
6,0,0,0,0,40165794000,40165797000,40165805000,224568,0,0,3072,0,0,708,0,0,221180,1020,3
7,0,1,0,0,40165821000,40178569000,40178591000,224568,0,0,2048,0,0,1732,0,0,222204,2044,2
1,2136,2136,0,0,40178601000,40178634000,40178645000,226704,0,0,4096,0,0,-404,0,0,222204,2044,4
6,0,0,0,0,40178646000,40178650000,40178657000,226704,0,0,4096,0,0,-404,0,0,222204,2044,4
7,0,1,0,4,40178661000,40181977000,40182003000,226704,0,0,3072,0,0,620,0,0,223228,3068,3
6,0,0,0,0,40182007000,40182010000,40182017000,226704,0,0,3072,0,0,620,0,0,223228,3068,3
7,0,1,0,0,40182035000,40194434000,40194454000,226704,0,0,2048,0,0,1644,0,0,224252,4092,2
1,2140,2140,0,0,40194463000,40194497000,40194508000,228844,0,0,4096,0,0,-496,0,0,224252,4092,4
6,0,0,0,0,40194509000,40194513000,40194520000,228844,0,0,4096,0,0,-496,0,0,224252,4092,4
7,0,1,0,4,40194523000,40197830000,40197856000,228844,0,0,3072,0,0,528,0,0,225276,1020,3
6,0,0,0,0,40197860000,40197863000,40197870000,228844,0,0,3072,0,0,528,0,0,225276,1020,3
7,0,1,0,0,40197885000,40210353000,40210377000,228844,0,0,2048,0,0,1552,0,0,226300,2044,2
1,532,532,0,0,40210387000,40210411000,40210423000,229376,0,0,3072,0,0,1020,0,0,226300,2044,3
6,1608,0,0,0,40210424000,40210428000,40210435000,229376,0,0,3072,0,0,1020,0,0,226300,2044,3
7,1,1,0,4,40210438000,40210451000,40210459000,229376,0,0,3072,0,0,1020,0,0,226300,2044,3
1,1608,1608,0,0,40220054000,40220094000,40220117000,230984,0,0,3072,0,0,436,0,0,227324,3068,3
6,0,0,0,0,40220119000,40220122000,40220130000,230984,0,0,3072,0,0,436,0,0,227324,3068,3
7,0,1,0,0,40220146000,40232507000,40232525000,230984,0,0,1024,0,0,2484,0,0,229372,1020,1
1,2140,2140,0,0,40232535000,40232561000,40232571000,233124,0,0,3072,0,0,344,0,0,229372,1020,3
6,0,0,0,0,40232572000,40232575000,40232582000,233124,0,0,3072,0,0,344,0,0,229372,1020,3
7,0,1,0,0,40232584000,40246507000,40246538000,233124,0,0,1024,0,0,2392,0,0,231420,3068,1
1,2136,2136,0,0,40246549000,40246582000,40246593000,235260,0,0,3072,0,0,256,0,0,231420,3068,3
6,0,0,0,0,40246594000,40246598000,40246605000,235260,0,0,3072,0,0,256,0,0,231420,3068,3
7,0,1,0,0,40246608000,40260365000,40260393000,235260,0,0,2048,0,0,1280,0,0,232444,4092,2
1,2140,2140,0,0,40260404000,40260436000,40260447000,237400,0,0,4096,0,0,-860,0,0,232444,4092,4
6,0,0,0,0,40260448000,40260451000,40260458000,237400,0,0,4096,0,0,-860,0,0,232444,4092,4
7,0,1,0,4,40260461000,40261764000,40261787000,237400,0,0,3072,0,0,164,0,0,233468,1020,3
6,0,0,0,0,40261790000,40261795000,40261801000,237400,0,0,3072,0,0,164,0,0,233468,1020,3
7,0,1,0,0,40261818000,40274884000,40274911000,237400,0,0,2048,0,0,1188,0,0,234492,2044,2
1,2140,2140,0,0,40274922000,40274955000,40274964000,239540,0,0,4096,0,0,-952,0,0,234492,2044,4
6,0,0,0,0,40274965000,40274968000,40274975000,239540,0,0,4096,0,0,-952,0,0,234492,2044,4
7,0,1,0,4,40274978000,40277775000,40277800000,239540,0,0,3072,0,0,72,0,0,235516,3068,3
6,0,0,0,0,40277804000,40277807000,40277815000,239540,0,0,3072,0,0,72,0,0,235516,3068,3
7,0,1,0,0,40277834000,40290832000,40290860000,239540,0,0,2048,0,0,1096,0,0,236540,4092,2
1,2136,1096,0,0,40290869000,40290903000,40290915000,240636,0,0,4096,0,0,0,0,0,236540,4092,4
6,1040,0,0,0,40290916000,40290919000,40290926000,240636,0,0,4096,0,0,0,0,0,236540,4092,4
7,1,1,0,4,40290929000,40293763000,40293787000,240636,0,0,3072,0,0,1024,0,0,237564,1020,3
1,1040,1040,0,0,40293791000,40293817000,40293827000,241676,0,0,4096,0,0,-16,0,0,237564,1020,4
6,0,0,0,0,40293828000,40293831000,40293839000,241676,0,0,4096,0,0,-16,0,0,237564,1020,4
7,0,1,0,4,40293857000,40301756000,40301780000,241676,0,0,3072,0,0,1008,0,0,238588,2044,3
6,0,0,0,0,40301783000,40301788000,40301795000,241676,0,0,3072,0,0,1008,0,0,238588,2044,3
7,0,1,0,0,40301815000,40314579000,40314602000,241676,0,0,2048,0,0,2032,0,0,239612,3068,2
1,2140,2140,0,0,40314612000,40314640000,40314650000,243816,0,0,4096,0,0,-108,0,0,239612,3068,4
6,0,0,0,0,40314651000,40314655000,40314661000,243816,0,0,4096,0,0,-108,0,0,239612,3068,4
7,0,1,0,4,40314664000,40317770000,40317792000,243816,0,0,3072,0,0,916,0,0,240636,4092,3
6,0,0,0,0,40317797000,40317800000,40317808000,243816,0,0,3072,0,0,916,0,0,240636,4092,3
7,0,1,0,0,40317824000,40330870000,40330896000,243816,0,0,2048,0,0,1940,0,0,241660,1020,2
1,2140,2140,0,0,40330906000,40330936000,40330946000,245956,0,0,4096,0,0,-200,0,0,241660,1020,4
6,0,0,0,0,40330947000,40330951000,40330958000,245956,0,0,4096,0,0,-200,0,0,241660,1020,4
7,0,1,0,4,40330961000,40333764000,40333788000,245956,0,0,3072,0,0,824,0,0,242684,2044,3
6,0,0,0,0,40333792000,40333796000,40333803000,245956,0,0,3072,0,0,824,0,0,242684,2044,3
7,0,1,0,0,40333822000,40346809000,40346832000,245956,0,0,2048,0,0,1848,0,0,243708,3068,2
1,2136,2136,0,0,40346842000,40346872000,40346883000,248092,0,0,4096,0,0,-288,0,0,243708,3068,4
6,0,0,0,0,40346884000,40346888000,40346895000,248092,0,0,4096,0,0,-288,0,0,243708,3068,4
7,0,1,0,4,40346898000,40349763000,40349787000,248092,0,0,3072,0,0,736,0,0,244732,4092,3
6,0,0,0,0,40349791000,40349795000,40349802000,248092,0,0,3072,0,0,736,0,0,244732,4092,3
7,0,1,0,0,40349822000,40364585000,40364614000,248092,0,0,2048,0,0,1760,0,0,245756,1020,2
1,2140,2140,0,0,40364625000,40364655000,40364665000,250232,0,0,4096,0,0,-380,0,0,245756,1020,4
6,0,0,0,0,40364666000,40364669000,40364676000,250232,0,0,4096,0,0,-380,0,0,245756,1020,4
7,0,1,0,4,40364679000,40365768000,40365793000,250232,0,0,3072,0,0,644,0,0,246780,2044,3
6,0,0,0,0,40365797000,40365801000,40365808000,250232,0,0,3072,0,0,644,0,0,246780,2044,3
7,0,1,0,0,40365825000,40378870000,40378893000,250232,0,0,2048,0,0,1668,0,0,247804,3068,2
1,2140,2140,0,0,40378903000,40378936000,40378947000,252372,0,0,4096,0,0,-472,0,0,247804,3068,4
6,0,0,0,0,40378948000,40378951000,40378958000,252372,0,0,4096,0,0,-472,0,0,247804,3068,4
7,0,1,0,4,40378961000,40381786000,40381811000,252372,0,0,3072,0,0,552,0,0,248828,4092,3
6,0,0,0,0,40381815000,40381819000,40381826000,252372,0,0,3072,0,0,552,0,0,248828,4092,3
7,0,1,0,0,40381845000,40394861000,40394888000,252372,0,0,2048,0,0,1576,0,0,249852,1020,2
1,2136,2136,0,0,40394898000,40394931000,40394942000,254508,0,0,4096,0,0,-560,0,0,249852,1020,4
6,0,0,0,0,40394943000,40394948000,40394955000,254508,0,0,4096,0,0,-560,0,0,249852,1020,4
7,0,1,0,4,40394958000,40397767000,40397793000,254508,0,0,3072,0,0,464,0,0,250876,2044,3
6,0,0,0,0,40397796000,40397799000,40397806000,254508,0,0,3072,0,0,464,0,0,250876,2044,3
7,0,1,0,0,40397825000,40426892000,40426917000,254508,0,0,1024,0,0,2512,0,0,252924,1020,1
1,2140,2140,0,0,40426927000,40426957000,40426968000,256648,0,0,3072,0,0,372,0,0,252924,1020,3
6,0,0,0,0,40426969000,40426972000,40426979000,256648,0,0,3072,0,0,372,0,0,252924,1020,3
7,0,1,0,0,40426982000,40440858000,40440884000,256648,0,0,1024,0,0,2420,0,0,254972,3068,1
1,2140,2140,0,0,40440894000,40440924000,40440935000,258788,0,0,3072,0,0,280,0,0,254972,3068,3
6,0,0,0,0,40440936000,40440939000,40440946000,258788,0,0,3072,0,0,280,0,0,254972,3068,3
7,0,1,0,0,40440949000,40454871000,40454900000,258788,0,0,1024,0,0,2328,0,0,257020,1020,1
1,2136,2136,0,0,40454910000,40454943000,40454954000,260924,0,0,3072,0,0,192,0,0,257020,1020,3
6,0,0,0,0,40454955000,40454959000,40454966000,260924,0,0,3072,0,0,192,0,0,257020,1020,3
7,0,1,0,0,40454969000,40468873000,40468900000,260924,0,0,2048,0,0,1216,0,0,258044,2044,2
1,1220,1220,0,0,40468910000,40468939000,40468950000,262144,0,0,4096,0,0,-4,0,0,258044,2044,4
6,920,0,0,0,40468951000,40468954000,40468961000,262144,0,0,4096,0,0,-4,0,0,258044,2044,4
7,1,1,0,4,40468964000,40469757000,40469784000,262144,0,0,3072,0,0,1020,0,0,259068,3068,3
1,920,920,0,0,40470213000,40470237000,40470261000,263064,0,0,3072,0,0,100,0,0,259068,3068,3
6,0,0,0,0,40470262000,40470266000,40470273000,263064,0,0,3072,0,0,100,0,0,259068,3068,3
7,0,1,0,0,40470277000,40483087000,40483111000,263064,0,0,2048,0,0,1124,0,0,260092,4092,2
1,2140,2140,0,0,40483120000,40483150000,40483160000,265204,0,0,4096,0,0,-1016,0,0,260092,4092,4
6,0,0,0,0,40483160000,40483164000,40483171000,265204,0,0,4096,0,0,-1016,0,0,260092,4092,4
7,0,1,0,4,40483174000,40485769000,40485797000,265204,0,0,3072,0,0,8,0,0,261116,1020,3
6,0,0,0,0,40485802000,40485806000,40485813000,265204,0,0,3072,0,0,8,0,0,261116,1020,3
7,0,1,0,0,40485839000,40498567000,40498588000,265204,0,0,2048,0,0,1032,0,0,262140,2044,2
1,2140,1032,0,0,40498598000,40498631000,40498642000,266236,0,0,4096,0,0,0,0,0,262140,2044,4
6,1108,0,0,0,40498643000,40498646000,40498653000,266236,0,0,4096,0,0,0,0,0,262140,2044,4
7,1,1,0,4,40498655000,40501761000,40501787000,266236,0,0,3072,0,0,1024,0,0,263164,3068,3
1,1108,1108,0,0,40501790000,40501826000,40501835000,267344,0,0,4096,0,0,-84,0,0,263164,3068,4
6,0,0,0,0,40501836000,40501840000,40501847000,267344,0,0,4096,0,0,-84,0,0,263164,3068,4
7,0,1,0,4,40501868000,40509720000,40509739000,267344,0,0,3072,0,0,940,0,0,264188,4092,3
6,0,0,0,0,40509742000,40509745000,40509752000,267344,0,0,3072,0,0,940,0,0,264188,4092,3
7,0,1,0,0,40509766000,40522176000,40522199000,267344,0,0,2048,0,0,1964,0,0,265212,1020,2
1,2136,2136,0,0,40522209000,40522238000,40522248000,269480,0,0,4096,0,0,-172,0,0,265212,1020,4
6,0,0,0,0,40522249000,40522253000,40522259000,269480,0,0,4096,0,0,-172,0,0,265212,1020,4
7,0,1,0,4,40522262000,40525744000,40525771000,269480,0,0,3072,0,0,852,0,0,266236,2044,3
6,0,0,0,0,40525774000,40525778000,40525785000,269480,0,0,3072,0,0,852,0,0,266236,2044,3
7,0,1,0,0,40525802000,40538188000,40538208000,269480,0,0,2048,0,0,1876,0,0,267260,3068,2
1,2140,2140,0,0,40538217000,40538247000,40538256000,271620,0,0,4096,0,0,-264,0,0,267260,3068,4
6,0,0,0,0,40538257000,40538261000,40538268000,271620,0,0,4096,0,0,-264,0,0,267260,3068,4
7,0,1,0,4,40538270000,40541741000,40541765000,271620,0,0,3072,0,0,760,0,0,268284,4092,3
6,0,0,0,0,40541768000,40541771000,40541779000,271620,0,0,3072,0,0,760,0,0,268284,4092,3
7,0,1,0,0,40541795000,40554179000,40554197000,271620,0,0,2048,0,0,1784,0,0,269308,1020,2
1,2140,2140,0,0,40554206000,40554237000,40554247000,273760,0,0,4096,0,0,-356,0,0,269308,1020,4
6,0,0,0,0,40554248000,40554252000,40554258000,273760,0,0,4096,0,0,-356,0,0,269308,1020,4
7,0,1,0,4,40554261000,40557741000,40557763000,273760,0,0,3072,0,0,668,0,0,270332,2044,3
6,0,0,0,0,40557766000,40557770000,40557777000,273760,0,0,3072,0,0,668,0,0,270332,2044,3
7,0,1,0,0,40557794000,40571931000,40571958000,273760,0,0,2048,0,0,1692,0,0,271356,3068,2
1,2136,2136,0,0,40571969000,40571999000,40572011000,275896,0,0,4096,0,0,-444,0,0,271356,3068,4
6,0,0,0,0,40572012000,40572016000,40572023000,275896,0,0,4096,0,0,-444,0,0,271356,3068,4
7,0,1,0,4,40572026000,40573779000,40573808000,275896,0,0,3072,0,0,580,0,0,272380,4092,3
6,0,0,0,0,40573811000,40573815000,40573822000,275896,0,0,3072,0,0,580,0,0,272380,4092,3
7,0,1,0,0,40573841000,40586600000,40586620000,275896,0,0,2048,0,0,1604,0,0,273404,1020,2
1,2140,2140,0,0,40586631000,40586662000,40586673000,278036,0,0,4096,0,0,-536,0,0,273404,1020,4
6,0,0,0,0,40586673000,40586677000,40586683000,278036,0,0,4096,0,0,-536,0,0,273404,1020,4
7,0,1,0,4,40586686000,40590084000,40590110000,278036,0,0,3072,0,0,488,0,0,274428,2044,3
6,0,0,0,0,40590113000,40590116000,40590124000,278036,0,0,3072,0,0,488,0,0,274428,2044,3
7,0,1,0,0,40590142000,40602579000,40602601000,278036,0,0,2048,0,0,1512,0,0,275452,3068,2
1,2140,2140,0,0,40602612000,40602643000,40602653000,280176,0,0,4096,0,0,-628,0,0,275452,3068,4
6,0,0,0,0,40602654000,40602658000,40602665000,280176,0,0,4096,0,0,-628,0,0,275452,3068,4
7,0,1,0,4,40602667000,40605973000,40605997000,280176,0,0,3072,0,0,396,0,0,276476,4092,3
6,0,0,0,0,40606000000,40606003000,40606010000,280176,0,0,3072,0,0,396,0,0,276476,4092,3
7,0,1,0,0,40606026000,40618436000,40618454000,280176,0,0,2048,0,0,1420,0,0,277500,1020,2
1,2136,2136,0,0,40618463000,40618493000,40618503000,282312,0,0,4096,0,0,-716,0,0,277500,1020,4
6,0,0,0,0,40618504000,40618507000,40618514000,282312,0,0,4096,0,0,-716,0,0,277500,1020,4
7,0,1,0,4,40618517000,40621815000,40621838000,282312,0,0,3072,0,0,308,0,0,278524,2044,3
6,0,0,0,0,40621841000,40621845000,40621851000,282312,0,0,3072,0,0,308,0,0,278524,2044,3
7,0,1,0,0,40621868000,40634283000,40634306000,282312,0,0,2048,0,0,1332,0,0,279548,3068,2
1,2140,2140,0,0,40634316000,40634349000,40634358000,284452,0,0,4096,0,0,-808,0,0,279548,3068,4
6,0,0,0,0,40634359000,40634363000,40634369000,284452,0,0,4096,0,0,-808,0,0,279548,3068,4
7,0,1,0,4,40634372000,40637744000,40637766000,284452,0,0,3072,0,0,216,0,0,280572,4092,3
6,0,0,0,0,40637769000,40637773000,40637780000,284452,0,0,3072,0,0,216,0,0,280572,4092,3
7,0,1,0,0,40637797000,40650173000,40650192000,284452,0,0,2048,0,0,1240,0,0,281596,1020,2
1,2140,2140,0,0,40650201000,40650233000,40650244000,286592,0,0,4096,0,0,-900,0,0,281596,1020,4
6,0,0,0,0,40650245000,40650249000,40650255000,286592,0,0,4096,0,0,-900,0,0,281596,1020,4
7,0,1,0,4,40650258000,40653769000,40653794000,286592,0,0,3072,0,0,124,0,0,282620,2044,3
6,0,0,0,0,40653797000,40653801000,40653808000,286592,0,0,3072,0,0,124,0,0,282620,2044,3
7,0,1,0,0,40653827000,40666245000,40666267000,286592,0,0,2048,0,0,1148,0,0,283644,3068,2
1,2136,2136,0,0,40666276000,40666308000,40666318000,288728,0,0,4096,0,0,-988,0,0,283644,3068,4
6,0,0,0,0,40666319000,40666323000,40666329000,288728,0,0,4096,0,0,-988,0,0,283644,3068,4
7,0,1,0,4,40666332000,40669773000,40669803000,288728,0,0,3072,0,0,36,0,0,284668,4092,3
6,0,0,0,0,40669806000,40669811000,40669818000,288728,0,0,3072,0,0,36,0,0,284668,4092,3
7,0,1,0,0,40669841000,40682630000,40682656000,288728,0,0,2048,0,0,1060,0,0,285692,1020,2
1,2140,1060,0,0,40682665000,40682697000,40682706000,289788,0,0,4096,0,0,0,0,0,285692,1020,4
6,1080,0,0,0,40682707000,40682711000,40682717000,289788,0,0,4096,0,0,0,0,0,285692,1020,4
7,1,1,0,4,40682720000,40685768000,40685794000,289788,0,0,3072,0,0,1024,0,0,286716,2044,3
1,1080,1080,0,0,40685799000,40685840000,40685850000,290868,0,0,4096,0,0,-56,0,0,286716,2044,4
6,0,0,0,0,40685851000,40685855000,40685861000,290868,0,0,4096,0,0,-56,0,0,286716,2044,4
7,0,1,0,4,40685885000,40693722000,40693742000,290868,0,0,3072,0,0,968,0,0,287740,3068,3
6,0,0,0,0,40693744000,40693748000,40693755000,290868,0,0,3072,0,0,968,0,0,287740,3068,3
7,0,1,0,0,40693771000,40706147000,40706166000,290868,0,0,2048,0,0,1992,0,0,288764,4092,2
1,2140,2140,0,0,40706175000,40706201000,40706212000,293008,0,0,4096,0,0,-148,0,0,288764,4092,4
6,0,0,0,0,40706213000,40706217000,40706224000,293008,0,0,4096,0,0,-148,0,0,288764,4092,4
7,0,1,0,4,40706227000,40709741000,40709764000,293008,0,0,3072,0,0,876,0,0,289788,1020,3
6,0,0,0,0,40709767000,40709771000,40709778000,293008,0,0,3072,0,0,876,0,0,289788,1020,3
7,0,1,0,0,40709795000,40722211000,40722233000,293008,0,0,2048,0,0,1900,0,0,290812,2044,2
1,1904,1904,0,0,40722242000,40722274000,40722285000,294912,0,0,4096,0,0,-4,0,0,290812,2044,4
6,236,0,0,0,40722286000,40722289000,40722296000,294912,0,0,4096,0,0,-4,0,0,290812,2044,4
7,1,1,0,4,40722298000,40725744000,40725768000,294912,0,0,3072,0,0,1020,0,0,291836,3068,3
1,236,236,0,0,40725771000,40725785000,40725793000,295148,0,0,3072,0,0,784,0,0,291836,3068,3
6,0,0,0,0,40725794000,40725798000,40725805000,295148,0,0,3072,0,0,784,0,0,291836,3068,3
7,0,1,0,0,40725823000,40738206000,40738224000,295148,0,0,2048,0,0,1808,0,0,292860,4092,2
1,2136,2136,0,0,40738232000,40738259000,40738269000,297284,0,0,4096,0,0,-328,0,0,292860,4092,4
6,0,0,0,0,40738270000,40738274000,40738280000,297284,0,0,4096,0,0,-328,0,0,292860,4092,4
7,0,1,0,4,40738283000,40741738000,40741762000,297284,0,0,3072,0,0,696,0,0,293884,1020,3
6,0,0,0,0,40741765000,40741770000,40741777000,297284,0,0,3072,0,0,696,0,0,293884,1020,3
7,0,1,0,0,40741794000,40754214000,40754234000,297284,0,0,2048,0,0,1720,0,0,294908,2044,2
1,2140,2140,0,0,40754243000,40754273000,40754283000,299424,0,0,4096,0,0,-420,0,0,294908,2044,4
6,0,0,0,0,40754284000,40754288000,40754294000,299424,0,0,4096,0,0,-420,0,0,294908,2044,4
7,0,1,0,4,40754297000,40757736000,40757758000,299424,0,0,3072,0,0,604,0,0,295932,3068,3
6,0,0,0,0,40757761000,40757765000,40757772000,299424,0,0,3072,0,0,604,0,0,295932,3068,3
7,0,1,0,0,40757789000,40771875000,40771903000,299424,0,0,2048,0,0,1628,0,0,296956,4092,2
1,2140,2140,0,0,40771913000,40771944000,40771955000,301564,0,0,4096,0,0,-512,0,0,296956,4092,4
6,0,0,0,0,40771956000,40771960000,40771967000,301564,0,0,4096,0,0,-512,0,0,296956,4092,4
7,0,1,0,4,40771970000,40773772000,40773803000,301564,0,0,3072,0,0,512,0,0,297980,1020,3
6,0,0,0,0,40773806000,40773810000,40773818000,301564,0,0,3072,0,0,512,0,0,297980,1020,3
7,0,1,0,0,40773838000,40786623000,40786646000,301564,0,0,2048,0,0,1536,0,0,299004,2044,2
1,2136,2136,0,0,40786656000,40786687000,40786697000,303700,0,0,4096,0,0,-600,0,0,299004,2044,4
6,0,0,0,0,40786698000,40786702000,40786709000,303700,0,0,4096,0,0,-600,0,0,299004,2044,4
7,0,1,0,4,40786712000,40789993000,40790064000,303700,0,0,3072,0,0,424,0,0,300028,3068,3
6,0,0,0,0,40790067000,40790071000,40790078000,303700,0,0,3072,0,0,424,0,0,300028,3068,3
7,0,1,0,0,40790094000,40802554000,40802575000,303700,0,0,2048,0,0,1448,0,0,301052,4092,2
1,2140,2140,0,0,40802585000,40802619000,40802629000,305840,0,0,4096,0,0,-692,0,0,301052,4092,4
6,0,0,0,0,40802630000,40802633000,40802640000,305840,0,0,4096,0,0,-692,0,0,301052,4092,4
7,0,1,0,4,40802643000,40805984000,40806007000,305840,0,0,3072,0,0,332,0,0,302076,1020,3
6,0,0,0,0,40806010000,40806014000,40806021000,305840,0,0,3072,0,0,332,0,0,302076,1020,3
7,0,1,0,0,40806038000,40818505000,40818525000,305840,0,0,2048,0,0,1356,0,0,303100,2044,2
1,2140,2140,0,0,40818534000,40818563000,40818573000,307980,0,0,4096,0,0,-784,0,0,303100,2044,4
6,0,0,0,0,40818574000,40818577000,40818584000,307980,0,0,4096,0,0,-784,0,0,303100,2044,4
7,0,1,0,4,40818587000,40821883000,40821906000,307980,0,0,3072,0,0,240,0,0,304124,3068,3
6,0,0,0,0,40821909000,40821913000,40821920000,307980,0,0,3072,0,0,240,0,0,304124,3068,3
7,0,1,0,0,40821936000,40834308000,40834326000,307980,0,0,2048,0,0,1264,0,0,305148,4092,2
1,2136,2136,0,0,40834336000,40834368000,40834377000,310116,0,0,4096,0,0,-872,0,0,305148,4092,4
6,0,0,0,0,40834378000,40834382000,40834404000,310116,0,0,4096,0,0,-872,0,0,305148,4092,4
7,0,1,0,4,40834407000,40837735000,40837757000,310116,0,0,3072,0,0,152,0,0,306172,1020,3
6,0,0,0,0,40837760000,40837763000,40837770000,310116,0,0,3072,0,0,152,0,0,306172,1020,3
7,0,1,0,0,40837788000,40850205000,40850227000,310116,0,0,2048,0,0,1176,0,0,307196,2044,2
1,2140,2140,0,0,40850237000,40850268000,40850277000,312256,0,0,4096,0,0,-964,0,0,307196,2044,4
6,0,0,0,0,40850278000,40850282000,40850289000,312256,0,0,4096,0,0,-964,0,0,307196,2044,4
7,0,1,0,4,40850291000,40853739000,40853763000,312256,0,0,3072,0,0,60,0,0,308220,3068,3
6,0,0,0,0,40853766000,40853770000,40853777000,312256,0,0,3072,0,0,60,0,0,308220,3068,3
7,0,1,0,0,40853794000,40866161000,40866180000,312256,0,0,2048,0,0,1084,0,0,309244,4092,2
1,2140,1084,0,0,40866189000,40866220000,40866230000,313340,0,0,4096,0,0,0,0,0,309244,4092,4
6,1056,0,0,0,40866231000,40866235000,40866242000,313340,0,0,4096,0,0,0,0,0,309244,4092,4
7,1,1,0,4,40866245000,40869770000,40869800000,313340,0,0,3072,0,0,1024,0,0,310268,1020,3
1,1056,1056,0,0,40869804000,40869838000,40869849000,314396,0,0,4096,0,0,-32,0,0,310268,1020,4
6,0,0,0,0,40869850000,40869854000,40869861000,314396,0,0,4096,0,0,-32,0,0,310268,1020,4
7,0,1,0,4,40869899000,40877719000,40877740000,314396,0,0,3072,0,0,992,0,0,311292,2044,3
6,0,0,0,0,40877742000,40877746000,40877753000,314396,0,0,3072,0,0,992,0,0,311292,2044,3
7,0,1,0,0,40877766000,40890159000,40890180000,314396,0,0,2048,0,0,2016,0,0,312316,3068,2
1,2136,2136,0,0,40890189000,40890218000,40890228000,316532,0,0,4096,0,0,-120,0,0,312316,3068,4
6,0,0,0,0,40890229000,40890232000,40890239000,316532,0,0,4096,0,0,-120,0,0,312316,3068,4
7,0,1,0,4,40890242000,40893733000,40893757000,316532,0,0,3072,0,0,904,0,0,313340,4092,3
6,0,0,0,0,40893760000,40893764000,40893771000,316532,0,0,3072,0,0,904,0,0,313340,4092,3
7,0,1,0,0,40893788000,40906258000,40906279000,316532,0,0,2048,0,0,1928,0,0,314364,1020,2
1,2140,2140,0,0,40906289000,40906320000,40906330000,318672,0,0,4096,0,0,-212,0,0,314364,1020,4
6,0,0,0,0,40906331000,40906334000,40906341000,318672,0,0,4096,0,0,-212,0,0,314364,1020,4
7,0,1,0,4,40906344000,40909736000,40909760000,318672,0,0,3072,0,0,812,0,0,315388,2044,3
6,0,0,0,0,40909763000,40909767000,40909774000,318672,0,0,3072,0,0,812,0,0,315388,2044,3
7,0,1,0,0,40909792000,40938217000,40938238000,318672,0,0,1024,0,0,2860,0,0,317436,1020,1
1,2140,2140,0,0,40938247000,40938277000,40938288000,320812,0,0,3072,0,0,720,0,0,317436,1020,3
6,0,0,0,0,40938289000,40938292000,40938299000,320812,0,0,3072,0,0,720,0,0,317436,1020,3
7,0,1,0,0,40938302000,40952145000,40952174000,320812,0,0,1024,0,0,2768,0,0,319484,3068,1
1,2136,2136,0,0,40952185000,40952216000,40952227000,322948,0,0,3072,0,0,632,0,0,319484,3068,3
6,0,0,0,0,40952228000,40952231000,40952238000,322948,0,0,3072,0,0,632,0,0,319484,3068,3
7,0,1,0,0,40952241000,40966138000,40966167000,322948,0,0,1024,0,0,2680,0,0,321532,1020,1
1,2140,2140,0,0,40966177000,40966207000,40966218000,325088,0,0,3072,0,0,540,0,0,321532,1020,3
6,0,0,0,0,40966219000,40966223000,40966230000,325088,0,0,3072,0,0,540,0,0,321532,1020,3
7,0,1,0,0,40966233000,40980047000,40980074000,325088,0,0,2048,0,0,1564,0,0,322556,2044,2
1,2140,2140,0,0,40980085000,40980121000,40980132000,327228,0,0,4096,0,0,-576,0,0,322556,2044,4
6,0,0,0,0,40980133000,40980137000,40980144000,327228,0,0,4096,0,0,-576,0,0,322556,2044,4
7,0,1,0,4,40980147000,40981857000,40981876000,327228,0,0,3072,0,0,448,0,0,323580,3068,3
6,0,0,0,0,40981879000,40981883000,40981890000,327228,0,0,3072,0,0,448,0,0,323580,3068,3
7,0,1,0,0,40981893000,40995681000,40995711000,327228,0,0,2048,0,0,1472,0,0,324604,4092,2
1,452,452,0,0,40995721000,40995748000,40995758000,327680,0,0,3072,0,0,1020,0,0,324604,4092,3
6,1688,0,0,0,40995759000,40995763000,40995770000,327680,0,0,3072,0,0,1020,0,0,324604,4092,3
7,1,1,0,4,40995773000,40995788000,40995796000,327680,0,0,3072,0,0,1020,0,0,324604,4092,3
1,1688,1688,0,0,41000075000,41000116000,41000138000,329368,0,0,3072,0,0,356,0,0,325628,1020,3
6,0,0,0,0,41000139000,41000143000,41000151000,329368,0,0,3072,0,0,356,0,0,325628,1020,3
7,0,1,0,0,41000171000,41013219000,41013246000,329368,0,0,2048,0,0,1380,0,0,326652,2044,2
1,2136,2136,0,0,41013256000,41013286000,41013296000,331504,0,0,4096,0,0,-756,0,0,326652,2044,4
6,0,0,0,0,41013297000,41013302000,41013308000,331504,0,0,4096,0,0,-756,0,0,326652,2044,4
7,0,1,0,4,41013312000,41013741000,41013764000,331504,0,0,3072,0,0,268,0,0,327676,3068,3
6,0,0,0,0,41020223000,41020248000,41020261000,331504,0,0,3072,0,0,268,0,0,327676,3068,3
7,0,1,0,0,41020282000,41032711000,41032733000,331504,0,0,1024,0,0,2316,0,0,329724,1020,1
1,2140,2140,0,0,41032743000,41032774000,41032784000,333644,0,0,3072,0,0,176,0,0,329724,1020,3
6,0,0,0,0,41032785000,41032789000,41032795000,333644,0,0,3072,0,0,176,0,0,329724,1020,3
7,0,1,0,0,41032799000,41046517000,41046545000,333644,0,0,1024,0,0,2224,0,0,331772,3068,1
1,2140,2140,0,0,41046555000,41046589000,41046597000,335784,0,0,3072,0,0,84,0,0,331772,3068,3
6,0,0,0,0,41046598000,41046602000,41046609000,335784,0,0,3072,0,0,84,0,0,331772,3068,3
7,0,1,0,0,41046612000,41060363000,41060391000,335784,0,0,2048,0,0,1108,0,0,332796,4092,2
1,2136,1108,0,0,41060401000,41060434000,41060445000,336892,0,0,4096,0,0,0,0,0,332796,4092,4
6,1028,0,0,0,41060446000,41060450000,41060456000,336892,0,0,4096,0,0,0,0,0,332796,4092,4
7,1,1,0,4,41060460000,41061762000,41061787000,336892,0,0,3072,0,0,1024,0,0,333820,1020,3
1,1028,1028,0,0,41061791000,41061820000,41061830000,337920,0,0,4096,0,0,-4,0,0,333820,1020,4
6,0,0,0,0,41061831000,41061834000,41061841000,337920,0,0,4096,0,0,-4,0,0,333820,1020,4
7,0,1,0,4,41061860000,41069739000,41069771000,337920,0,0,3072,0,0,1020,0,0,334844,2044,3
6,0,0,0,0,41069774000,41069778000,41069785000,337920,0,0,3072,0,0,1020,0,0,334844,2044,3
7,0,1,0,0,41069801000,41082586000,41082611000,337920,0,0,2048,0,0,2044,0,0,335868,3068,2
1,2140,2140,0,0,41082622000,41082651000,41082662000,340060,0,0,4096,0,0,-96,0,0,335868,3068,4
6,0,0,0,0,41082663000,41082666000,41082673000,340060,0,0,4096,0,0,-96,0,0,335868,3068,4
7,0,1,0,4,41082676000,41085758000,41085787000,340060,0,0,3072,0,0,928,0,0,336892,4092,3
6,0,0,0,0,41085791000,41085795000,41085802000,340060,0,0,3072,0,0,928,0,0,336892,4092,3
7,0,1,0,0,41085826000,41098561000,41098583000,340060,0,0,2048,0,0,1952,0,0,337916,1020,2
1,2140,2140,0,0,41098594000,41098622000,41098633000,342200,0,0,4096,0,0,-188,0,0,337916,1020,4
6,0,0,0,0,41098634000,41098637000,41098644000,342200,0,0,4096,0,0,-188,0,0,337916,1020,4
7,0,1,0,4,41098647000,41101755000,41101780000,342200,0,0,3072,0,0,836,0,0,338940,2044,3
6,0,0,0,0,41101785000,41101788000,41101796000,342200,0,0,3072,0,0,836,0,0,338940,2044,3
7,0,1,0,0,41101817000,41114582000,41114607000,342200,0,0,2048,0,0,1860,0,0,339964,3068,2
1,2136,2136,0,0,41114616000,41114649000,41114659000,344336,0,0,4096,0,0,-276,0,0,339964,3068,4
6,0,0,0,0,41114660000,41114664000,41114671000,344336,0,0,4096,0,0,-276,0,0,339964,3068,4
7,0,1,0,4,41114674000,41117974000,41118003000,344336,0,0,3072,0,0,748,0,0,340988,4092,3
6,0,0,0,0,41118008000,41118012000,41118019000,344336,0,0,3072,0,0,748,0,0,340988,4092,3
7,0,1,0,0,41118041000,41130860000,41130882000,344336,0,0,2048,0,0,1772,0,0,342012,1020,2
1,2140,2140,0,0,41130891000,41130921000,41130932000,346476,0,0,4096,0,0,-368,0,0,342012,1020,4
6,0,0,0,0,41130933000,41130936000,41130943000,346476,0,0,4096,0,0,-368,0,0,342012,1020,4
7,0,1,0,4,41130946000,41133757000,41133781000,346476,0,0,3072,0,0,656,0,0,343036,2044,3
6,0,0,0,0,41133784000,41133788000,41133795000,346476,0,0,3072,0,0,656,0,0,343036,2044,3
7,0,1,0,0,41133812000,41146863000,41146889000,346476,0,0,2048,0,0,1680,0,0,344060,3068,2
1,2140,2140,0,0,41146900000,41146933000,41146943000,348616,0,0,4096,0,0,-460,0,0,344060,3068,4
6,0,0,0,0,41146944000,41146948000,41146954000,348616,0,0,4096,0,0,-460,0,0,344060,3068,4
7,0,1,0,4,41146957000,41149759000,41149783000,348616,0,0,3072,0,0,564,0,0,345084,4092,3
6,0,0,0,0,41149787000,41149791000,41149798000,348616,0,0,3072,0,0,564,0,0,345084,4092,3
7,0,1,0,0,41149818000,41162835000,41162860000,348616,0,0,2048,0,0,1588,0,0,346108,1020,2
1,2136,2136,0,0,41162870000,41162901000,41162911000,350752,0,0,4096,0,0,-548,0,0,346108,1020,4
6,0,0,0,0,41162912000,41162916000,41162922000,350752,0,0,4096,0,0,-548,0,0,346108,1020,4
7,0,1,0,4,41162925000,41165749000,41165773000,350752,0,0,3072,0,0,476,0,0,347132,2044,3
6,0,0,0,0,41165777000,41165781000,41165788000,350752,0,0,3072,0,0,476,0,0,347132,2044,3
7,0,1,0,0,41165808000,41178943000,41178970000,350752,0,0,2048,0,0,1500,0,0,348156,3068,2
1,2140,2140,0,0,41178980000,41179012000,41179023000,352892,0,0,4096,0,0,-640,0,0,348156,3068,4
6,0,0,0,0,41179025000,41179028000,41179035000,352892,0,0,4096,0,0,-640,0,0,348156,3068,4
7,0,1,0,4,41179039000,41181745000,41181768000,352892,0,0,3072,0,0,384,0,0,349180,4092,3
6,0,0,0,0,41181772000,41181776000,41181783000,352892,0,0,3072,0,0,384,0,0,349180,4092,3
7,0,1,0,0,41181803000,41196457000,41196488000,352892,0,0,2048,0,0,1408,0,0,350204,1020,2
1,2140,2140,0,0,41196500000,41196530000,41196541000,355032,0,0,4096,0,0,-732,0,0,350204,1020,4
6,0,0,0,0,41196542000,41196545000,41196553000,355032,0,0,4096,0,0,-732,0,0,350204,1020,4
7,0,1,0,4,41196556000,41197749000,41197775000,355032,0,0,3072,0,0,292,0,0,351228,2044,3
6,0,0,0,0,41197778000,41197783000,41197790000,355032,0,0,3072,0,0,292,0,0,351228,2044,3
7,0,1,0,0,41197809000,41210856000,41210883000,355032,0,0,2048,0,0,1316,0,0,352252,3068,2
1,2136,2136,0,0,41210893000,41210924000,41210934000,357168,0,0,4096,0,0,-820,0,0,352252,3068,4
6,0,0,0,0,41210935000,41210939000,41210945000,357168,0,0,4096,0,0,-820,0,0,352252,3068,4
7,0,1,0,4,41210948000,41213750000,41213773000,357168,0,0,3072,0,0,204,0,0,353276,4092,3
6,0,0,0,0,41213776000,41213780000,41213787000,357168,0,0,3072,0,0,204,0,0,353276,4092,3
7,0,1,0,0,41213806000,41226798000,41226823000,357168,0,0,2048,0,0,1228,0,0,354300,1020,2
1,2140,2140,0,0,41226834000,41226867000,41226878000,359308,0,0,4096,0,0,-912,0,0,354300,1020,4
6,0,0,0,0,41226879000,41226883000,41226890000,359308,0,0,4096,0,0,-912,0,0,354300,1020,4
7,0,1,0,4,41226893000,41229747000,41229770000,359308,0,0,3072,0,0,112,0,0,355324,2044,3
6,0,0,0,0,41229774000,41229777000,41229784000,359308,0,0,3072,0,0,112,0,0,355324,2044,3
7,0,1,0,0,41229802000,41242937000,41242964000,359308,0,0,2048,0,0,1136,0,0,356348,3068,2
1,1140,1140,0,0,41242974000,41243007000,41243018000,360448,0,0,4096,0,0,-4,0,0,356348,3068,4
6,1000,0,0,0,41243019000,41243022000,41243029000,360448,0,0,4096,0,0,-4,0,0,356348,3068,4
7,1,1,0,4,41243032000,41245749000,41245774000,360448,0,0,3072,0,0,1020,0,0,357372,4092,3
1,1000,1000,0,0,41245778000,41245796000,41245805000,361448,0,0,3072,0,0,20,0,0,357372,4092,3
6,0,0,0,0,41245806000,41245809000,41245816000,361448,0,0,3072,0,0,20,0,0,357372,4092,3
7,0,1,0,0,41245836000,41258824000,41258849000,361448,0,0,2048,0,0,1044,0,0,358396,1020,2
1,2140,1044,0,0,41258859000,41258890000,41258900000,362492,0,0,4096,0,0,0,0,0,358396,1020,4
6,1096,0,0,0,41258901000,41258905000,41258912000,362492,0,0,4096,0,0,0,0,0,358396,1020,4
7,1,1,0,4,41258914000,41261732000,41261758000,362492,0,0,3072,0,0,1024,0,0,359420,2044,3
1,1096,1096,0,0,41261762000,41261793000,41261803000,363588,0,0,4096,0,0,-72,0,0,359420,2044,4
6,0,0,0,0,41261804000,41261807000,41261814000,363588,0,0,4096,0,0,-72,0,0,359420,2044,4
7,0,1,0,4,41261837000,41270046000,41270070000,363588,0,0,3072,0,0,952,0,0,360444,3068,3
6,0,0,0,0,41270073000,41270077000,41270084000,363588,0,0,3072,0,0,952,0,0,360444,3068,3
7,0,1,0,0,41270101000,41282462000,41282479000,363588,0,0,2048,0,0,1976,0,0,361468,4092,2
1,2136,2136,0,0,41282488000,41282518000,41282527000,365724,0,0,4096,0,0,-160,0,0,361468,4092,4
6,0,0,0,0,41282529000,41282532000,41282539000,365724,0,0,4096,0,0,-160,0,0,361468,4092,4
7,0,1,0,4,41282541000,41285754000,41285782000,365724,0,0,3072,0,0,864,0,0,362492,1020,3
6,0,0,0,0,41285787000,41285791000,41285798000,365724,0,0,3072,0,0,864,0,0,362492,1020,3
7,0,1,0,0,41285824000,41298600000,41298623000,365724,0,0,2048,0,0,1888,0,0,363516,2044,2
1,2140,2140,0,0,41298633000,41298664000,41298674000,367864,0,0,4096,0,0,-252,0,0,363516,2044,4
6,0,0,0,0,41298675000,41298678000,41298685000,367864,0,0,4096,0,0,-252,0,0,363516,2044,4
7,0,1,0,4,41298688000,41301751000,41301778000,367864,0,0,3072,0,0,772,0,0,364540,3068,3
6,0,0,0,0,41301782000,41301786000,41301793000,367864,0,0,3072,0,0,772,0,0,364540,3068,3
7,0,1,0,0,41301815000,41314596000,41314617000,367864,0,0,2048,0,0,1796,0,0,365564,4092,2
1,2140,2140,0,0,41314627000,41314656000,41314667000,370004,0,0,4096,0,0,-344,0,0,365564,4092,4
6,0,0,0,0,41314668000,41314672000,41314679000,370004,0,0,4096,0,0,-344,0,0,365564,4092,4
7,0,1,0,4,41314682000,41317862000,41317889000,370004,0,0,3072,0,0,680,0,0,366588,1020,3
6,0,0,0,0,41317893000,41317897000,41317904000,370004,0,0,3072,0,0,680,0,0,366588,1020,3
7,0,1,0,0,41317927000,41330706000,41330729000,370004,0,0,2048,0,0,1704,0,0,367612,2044,2
1,2136,2136,0,0,41330739000,41330770000,41330780000,372140,0,0,4096,0,0,-432,0,0,367612,2044,4
6,0,0,0,0,41330781000,41330785000,41330792000,372140,0,0,4096,0,0,-432,0,0,367612,2044,4
7,0,1,0,4,41330794000,41333749000,41333773000,372140,0,0,3072,0,0,592,0,0,368636,3068,3
6,0,0,0,0,41333777000,41333781000,41333789000,372140,0,0,3072,0,0,592,0,0,368636,3068,3
7,0,1,0,0,41333809000,41346855000,41346879000,372140,0,0,2048,0,0,1616,0,0,369660,4092,2
1,2140,2140,0,0,41346888000,41346921000,41346932000,374280,0,0,4096,0,0,-524,0,0,369660,4092,4
6,0,0,0,0,41346933000,41346937000,41346944000,374280,0,0,4096,0,0,-524,0,0,369660,4092,4
7,0,1,0,4,41346947000,41349748000,41349774000,374280,0,0,3072,0,0,500,0,0,370684,1020,3
6,0,0,0,0,41349778000,41349782000,41349789000,374280,0,0,3072,0,0,500,0,0,370684,1020,3
7,0,1,0,0,41349808000,41362861000,41362888000,374280,0,0,2048,0,0,1524,0,0,371708,2044,2
1,2140,2140,0,0,41362897000,41362930000,41362940000,376420,0,0,4096,0,0,-616,0,0,371708,2044,4
6,0,0,0,0,41362941000,41362945000,41362952000,376420,0,0,4096,0,0,-616,0,0,371708,2044,4
7,0,1,0,4,41362955000,41365752000,41365776000,376420,0,0,3072,0,0,408,0,0,372732,3068,3
6,0,0,0,0,41365780000,41365784000,41365791000,376420,0,0,3072,0,0,408,0,0,372732,3068,3
7,0,1,0,0,41365810000,41378811000,41378835000,376420,0,0,2048,0,0,1432,0,0,373756,4092,2
1,2136,2136,0,0,41378845000,41378878000,41378889000,378556,0,0,4096,0,0,-704,0,0,373756,4092,4
6,0,0,0,0,41378890000,41378893000,41378900000,378556,0,0,4096,0,0,-704,0,0,373756,4092,4
7,0,1,0,4,41378903000,41381726000,41381752000,378556,0,0,3072,0,0,320,0,0,374780,1020,3
6,0,0,0,0,41381755000,41381759000,41381766000,378556,0,0,3072,0,0,320,0,0,374780,1020,3
7,0,1,0,0,41381784000,41394818000,41394843000,378556,0,0,2048,0,0,1344,0,0,375804,2044,2
1,2140,2140,0,0,41394854000,41394886000,41394897000,380696,0,0,4096,0,0,-796,0,0,375804,2044,4
6,0,0,0,0,41394898000,41394901000,41394908000,380696,0,0,4096,0,0,-796,0,0,375804,2044,4
7,0,1,0,4,41394911000,41397750000,41397775000,380696,0,0,3072,0,0,228,0,0,376828,3068,3
6,0,0,0,0,41397779000,41397783000,41397789000,380696,0,0,3072,0,0,228,0,0,376828,3068,3
7,0,1,0,0,41397808000,41412574000,41412602000,380696,0,0,2048,0,0,1252,0,0,377852,4092,2
1,2140,2140,0,0,41412613000,41412647000,41412657000,382836,0,0,4096,0,0,-888,0,0,377852,4092,4
6,0,0,0,0,41412658000,41412662000,41412668000,382836,0,0,4096,0,0,-888,0,0,377852,4092,4
7,0,1,0,4,41412671000,41413752000,41413777000,382836,0,0,3072,0,0,136,0,0,378876,1020,3
6,0,0,0,0,41413781000,41413785000,41413792000,382836,0,0,3072,0,0,136,0,0,378876,1020,3
7,0,1,0,0,41413810000,41442875000,41442900000,382836,0,0,2048,0,0,1160,0,0,379900,4092,2
1,2136,2136,0,0,41442910000,41442944000,41442953000,384972,0,0,4096,0,0,-976,0,0,379900,4092,4
6,0,0,0,0,41442954000,41442957000,41442964000,384972,0,0,4096,0,0,-976,0,0,379900,4092,4
7,0,1,0,4,41442967000,41445758000,41445786000,384972,0,0,3072,0,0,48,0,0,380924,1020,3
6,0,0,0,0,41445790000,41445795000,41445801000,384972,0,0,3072,0,0,48,0,0,380924,1020,3
7,0,1,0,0,41445820000,41458649000,41458671000,384972,0,0,2048,0,0,1072,0,0,381948,2044,2
1,2140,1072,0,0,41458680000,41458712000,41458722000,386044,0,0,4096,0,0,0,0,0,381948,2044,4
6,1068,0,0,0,41458723000,41458727000,41458734000,386044,0,0,4096,0,0,0,0,0,381948,2044,4
7,1,1,0,4,41458737000,41461774000,41461797000,386044,0,0,3072,0,0,1024,0,0,382972,3068,3
1,1068,1068,0,0,41461800000,41461832000,41461842000,387112,0,0,4096,0,0,-44,0,0,382972,3068,4
6,0,0,0,0,41461843000,41461846000,41461853000,387112,0,0,4096,0,0,-44,0,0,382972,3068,4
7,0,1,0,4,41461870000,41469695000,41469714000,387112,0,0,3072,0,0,980,0,0,383996,4092,3
6,0,0,0,0,41469717000,41469720000,41469727000,387112,0,0,3072,0,0,980,0,0,383996,4092,3
7,0,1,0,0,41469739000,41482133000,41482152000,387112,0,0,2048,0,0,2004,0,0,385020,1020,2
1,2140,2140,0,0,41482162000,41482190000,41482200000,389252,0,0,4096,0,0,-136,0,0,385020,1020,4
6,0,0,0,0,41482201000,41482205000,41482211000,389252,0,0,4096,0,0,-136,0,0,385020,1020,4
7,0,1,0,4,41482214000,41485726000,41485751000,389252,0,0,3072,0,0,888,0,0,386044,2044,3
6,0,0,0,0,41485754000,41485758000,41485765000,389252,0,0,3072,0,0,888,0,0,386044,2044,3
7,0,1,0,0,41485781000,41498144000,41498162000,389252,0,0,2048,0,0,1912,0,0,387068,3068,2
1,2136,2136,0,0,41498171000,41498199000,41498209000,391388,0,0,4096,0,0,-224,0,0,387068,3068,4
6,0,0,0,0,41498210000,41498214000,41498221000,391388,0,0,4096,0,0,-224,0,0,387068,3068,4
7,0,1,0,4,41498224000,41501749000,41501778000,391388,0,0,3072,0,0,800,0,0,388092,4092,3
6,0,0,0,0,41501781000,41501785000,41501793000,391388,0,0,3072,0,0,800,0,0,388092,4092,3
7,0,1,0,0,41501817000,41514546000,41514566000,391388,0,0,2048,0,0,1824,0,0,389116,1020,2
1,1828,1828,0,0,41514576000,41514606000,41514618000,393216,0,0,4096,0,0,-4,0,0,389116,1020,4
6,312,0,0,0,41514619000,41514623000,41514630000,393216,0,0,4096,0,0,-4,0,0,389116,1020,4
7,1,1,0,4,41514633000,41517778000,41517805000,393216,0,0,3072,0,0,1020,0,0,390140,2044,3
1,312,312,0,0,41517809000,41517825000,41517832000,393528,0,0,3072,0,0,708,0,0,390140,2044,3
6,0,0,0,0,41517833000,41517838000,41517845000,393528,0,0,3072,0,0,708,0,0,390140,2044,3
7,0,1,0,0,41517866000,41530622000,41530649000,393528,0,0,2048,0,0,1732,0,0,391164,3068,2
1,2140,2140,0,0,41530659000,41530689000,41530699000,395668,0,0,4096,0,0,-408,0,0,391164,3068,4
6,0,0,0,0,41530700000,41530703000,41530710000,395668,0,0,4096,0,0,-408,0,0,391164,3068,4
7,0,1,0,4,41530713000,41533747000,41533770000,395668,0,0,3072,0,0,616,0,0,392188,4092,3
6,0,0,0,0,41533774000,41533778000,41533785000,395668,0,0,3072,0,0,616,0,0,392188,4092,3
7,0,1,0,0,41533803000,41546850000,41546874000,395668,0,0,2048,0,0,1640,0,0,393212,1020,2
1,2140,2140,0,0,41546884000,41546915000,41546924000,397808,0,0,4096,0,0,-500,0,0,393212,1020,4
6,0,0,0,0,41546925000,41546928000,41546935000,397808,0,0,4096,0,0,-500,0,0,393212,1020,4
7,0,1,0,4,41546938000,41549749000,41549774000,397808,0,0,3072,0,0,524,0,0,394236,2044,3
6,0,0,0,0,41549777000,41549781000,41549788000,397808,0,0,3072,0,0,524,0,0,394236,2044,3
7,0,1,0,0,41549809000,41562883000,41562913000,397808,0,0,2048,0,0,1548,0,0,395260,3068,2
1,2136,2136,0,0,41562924000,41562957000,41562968000,399944,0,0,4096,0,0,-588,0,0,395260,3068,4
6,0,0,0,0,41562968000,41562972000,41562979000,399944,0,0,4096,0,0,-588,0,0,395260,3068,4
7,0,1,0,4,41562982000,41565750000,41565775000,399944,0,0,3072,0,0,436,0,0,396284,4092,3
6,0,0,0,0,41565778000,41565782000,41565789000,399944,0,0,3072,0,0,436,0,0,396284,4092,3
7,0,1,0,0,41565807000,41578815000,41578839000,399944,0,0,2048,0,0,1460,0,0,397308,1020,2
1,2140,2140,0,0,41578848000,41578883000,41578893000,402084,0,0,4096,0,0,-680,0,0,397308,1020,4
6,0,0,0,0,41578894000,41578897000,41578904000,402084,0,0,4096,0,0,-680,0,0,397308,1020,4
7,0,1,0,4,41578907000,41581761000,41581786000,402084,0,0,3072,0,0,344,0,0,398332,2044,3
6,0,0,0,0,41581789000,41581793000,41581800000,402084,0,0,3072,0,0,344,0,0,398332,2044,3
7,0,1,0,0,41581820000,41594851000,41594877000,402084,0,0,2048,0,0,1368,0,0,399356,3068,2
1,2140,2140,0,0,41594887000,41594920000,41594931000,404224,0,0,4096,0,0,-772,0,0,399356,3068,4
6,0,0,0,0,41594931000,41594935000,41594942000,404224,0,0,4096,0,0,-772,0,0,399356,3068,4
7,0,1,0,4,41594945000,41597741000,41597765000,404224,0,0,3072,0,0,252,0,0,400380,4092,3
6,0,0,0,0,41597769000,41597773000,41597780000,404224,0,0,3072,0,0,252,0,0,400380,4092,3
7,0,1,0,0,41597797000,41612522000,41612552000,404224,0,0,2048,0,0,1276,0,0,401404,1020,2
1,2136,2136,0,0,41612563000,41612596000,41612606000,406360,0,0,4096,0,0,-860,0,0,401404,1020,4
6,0,0,0,0,41612607000,41612610000,41612617000,406360,0,0,4096,0,0,-860,0,0,401404,1020,4
7,0,1,0,4,41612620000,41613741000,41613766000,406360,0,0,3072,0,0,164,0,0,402428,2044,3
6,0,0,0,0,41613770000,41613774000,41613781000,406360,0,0,3072,0,0,164,0,0,402428,2044,3
7,0,1,0,0,41613799000,41626848000,41626874000,406360,0,0,2048,0,0,1188,0,0,403452,3068,2
1,2140,2140,0,0,41626885000,41626917000,41626928000,408500,0,0,4096,0,0,-952,0,0,403452,3068,4
6,0,0,0,0,41626928000,41626932000,41626939000,408500,0,0,4096,0,0,-952,0,0,403452,3068,4
7,0,1,0,4,41626942000,41629749000,41629774000,408500,0,0,3072,0,0,72,0,0,404476,4092,3
6,0,0,0,0,41629777000,41629781000,41629788000,408500,0,0,3072,0,0,72,0,0,404476,4092,3
7,0,1,0,0,41629807000,41642818000,41642842000,408500,0,0,2048,0,0,1096,0,0,405500,1020,2
1,2140,1096,0,0,41642853000,41642883000,41642892000,409596,0,0,4096,0,0,0,0,0,405500,1020,4
6,1044,0,0,0,41642893000,41642897000,41642903000,409596,0,0,4096,0,0,0,0,0,405500,1020,4
7,1,1,0,4,41642906000,41645746000,41645770000,409596,0,0,3072,0,0,1024,0,0,406524,2044,3
1,1044,1044,0,0,41645774000,41645804000,41645814000,410640,0,0,4096,0,0,-20,0,0,406524,2044,4
6,0,0,0,0,41645815000,41645818000,41645825000,410640,0,0,4096,0,0,-20,0,0,406524,2044,4
7,0,1,0,4,41645845000,41653713000,41653734000,410640,0,0,3072,0,0,1004,0,0,407548,3068,3
6,0,0,0,0,41653737000,41653741000,41653748000,410640,0,0,3072,0,0,1004,0,0,407548,3068,3
7,0,1,0,0,41653766000,41666126000,41666145000,410640,0,0,2048,0,0,2028,0,0,408572,4092,2
1,2136,2136,0,0,41666154000,41666181000,41666193000,412776,0,0,4096,0,0,-108,0,0,408572,4092,4
6,0,0,0,0,41666193000,41666197000,41666204000,412776,0,0,4096,0,0,-108,0,0,408572,4092,4
7,0,1,0,4,41666206000,41669847000,41669874000,412776,0,0,3072,0,0,916,0,0,409596,1020,3
6,0,0,0,0,41669877000,41669881000,41669888000,412776,0,0,3072,0,0,916,0,0,409596,1020,3
7,0,1,0,0,41669907000,41682387000,41682411000,412776,0,0,2048,0,0,1940,0,0,410620,2044,2
1,2140,2140,0,0,41682421000,41682454000,41682464000,414916,0,0,4096,0,0,-200,0,0,410620,2044,4
6,0,0,0,0,41682465000,41682468000,41682475000,414916,0,0,4096,0,0,-200,0,0,410620,2044,4
7,0,1,0,4,41682478000,41685757000,41685784000,414916,0,0,3072,0,0,824,0,0,411644,3068,3
6,0,0,0,0,41685788000,41685792000,41685799000,414916,0,0,3072,0,0,824,0,0,411644,3068,3
7,0,1,0,0,41685822000,41698546000,41698567000,414916,0,0,2048,0,0,1848,0,0,412668,4092,2
1,2140,2140,0,0,41698577000,41698608000,41698618000,417056,0,0,4096,0,0,-292,0,0,412668,4092,4
6,0,0,0,0,41698619000,41698623000,41698630000,417056,0,0,4096,0,0,-292,0,0,412668,4092,4
7,0,1,0,4,41698633000,41701744000,41701773000,417056,0,0,3072,0,0,732,0,0,413692,1020,3
6,0,0,0,0,41701777000,41701782000,41701789000,417056,0,0,3072,0,0,732,0,0,413692,1020,3
7,0,1,0,0,41701814000,41714581000,41714607000,417056,0,0,2048,0,0,1756,0,0,414716,2044,2
1,2136,2136,0,0,41714616000,41714646000,41714657000,419192,0,0,4096,0,0,-380,0,0,414716,2044,4
6,0,0,0,0,41714658000,41714662000,41714668000,419192,0,0,4096,0,0,-380,0,0,414716,2044,4
7,0,1,0,4,41714671000,41717742000,41717768000,419192,0,0,3072,0,0,644,0,0,415740,3068,3
6,0,0,0,0,41717772000,41717776000,41717783000,419192,0,0,3072,0,0,644,0,0,415740,3068,3
7,0,1,0,0,41717805000,41730526000,41730548000,419192,0,0,2048,0,0,1668,0,0,416764,4092,2
1,2140,2140,0,0,41730557000,41730588000,41730598000,421332,0,0,4096,0,0,-472,0,0,416764,4092,4
6,0,0,0,0,41730599000,41730602000,41730609000,421332,0,0,4096,0,0,-472,0,0,416764,4092,4
7,0,1,0,4,41730612000,41733733000,41733756000,421332,0,0,3072,0,0,552,0,0,417788,1020,3
6,0,0,0,0,41733759000,41733764000,41733771000,421332,0,0,3072,0,0,552,0,0,417788,1020,3
7,0,1,0,0,41733790000,41746823000,41746850000,421332,0,0,2048,0,0,1576,0,0,418812,2044,2
1,2140,2140,0,0,41746861000,41746892000,41746902000,423472,0,0,4096,0,0,-564,0,0,418812,2044,4
6,0,0,0,0,41746903000,41746907000,41746914000,423472,0,0,4096,0,0,-564,0,0,418812,2044,4
7,0,1,0,4,41746917000,41749744000,41749768000,423472,0,0,3072,0,0,460,0,0,419836,3068,3
6,0,0,0,0,41749771000,41749775000,41749781000,423472,0,0,3072,0,0,460,0,0,419836,3068,3
7,0,1,0,0,41749799000,41762842000,41762867000,423472,0,0,2048,0,0,1484,0,0,420860,4092,2
1,2140,2140,0,0,41762878000,41762910000,41762921000,425612,0,0,4096,0,0,-656,0,0,420860,4092,4
6,0,0,0,0,41762922000,41762925000,41762932000,425612,0,0,4096,0,0,-656,0,0,420860,4092,4
7,0,1,0,4,41762935000,41765743000,41765768000,425612,0,0,3072,0,0,368,0,0,421884,1020,3
6,0,0,0,0,41765772000,41765776000,41765783000,425612,0,0,3072,0,0,368,0,0,421884,1020,3
7,0,1,0,0,41765802000,41778836000,41778862000,425612,0,0,2048,0,0,1392,0,0,422908,2044,2
1,372,372,0,0,41778871000,41778894000,41778905000,425984,0,0,3072,0,0,1020,0,0,422908,2044,3
6,1764,0,0,0,41778906000,41778910000,41778916000,425984,0,0,3072,0,0,1020,0,0,422908,2044,3
7,1,1,0,4,41778919000,41778933000,41778942000,425984,0,0,3072,0,0,1020,0,0,422908,2044,3
1,1764,1764,0,0,41780122000,41780171000,41780196000,427748,0,0,4096,0,0,-744,0,0,422908,2044,4
6,0,0,0,0,41780197000,41780201000,41780208000,427748,0,0,4096,0,0,-744,0,0,422908,2044,4
7,0,1,0,4,41780229000,41781706000,41781723000,427748,0,0,3072,0,0,280,0,0,423932,3068,3
6,0,0,0,0,41781726000,41781729000,41781736000,427748,0,0,3072,0,0,280,0,0,423932,3068,3
7,0,1,0,0,41781746000,41794723000,41794748000,427748,0,0,2048,0,0,1304,0,0,424956,4092,2
1,2140,2140,0,0,41794758000,41794791000,41794801000,429888,0,0,4096,0,0,-836,0,0,424956,4092,4
6,0,0,0,0,41794802000,41794806000,41794813000,429888,0,0,4096,0,0,-836,0,0,424956,4092,4
7,0,1,0,4,41794815000,41797737000,41797762000,429888,0,0,3072,0,0,188,0,0,425980,1020,3
6,0,0,0,0,41797765000,41797769000,41797776000,429888,0,0,3072,0,0,188,0,0,425980,1020,3
7,0,1,0,0,41797795000,41810842000,41810868000,429888,0,0,2048,0,0,1212,0,0,427004,2044,2
1,2140,2140,0,0,41810878000,41810911000,41810922000,432028,0,0,4096,0,0,-928,0,0,427004,2044,4
6,0,0,0,0,41810923000,41810927000,41810934000,432028,0,0,4096,0,0,-928,0,0,427004,2044,4
7,0,1,0,4,41810937000,41813737000,41813762000,432028,0,0,3072,0,0,96,0,0,428028,3068,3
6,0,0,0,0,41813765000,41813769000,41813776000,432028,0,0,3072,0,0,96,0,0,428028,3068,3
7,0,1,0,0,41813795000,41828536000,41828561000,432028,0,0,2048,0,0,1120,0,0,429052,4092,2
1,2136,2136,0,0,41828572000,41828606000,41828617000,434164,0,0,4096,0,0,-1016,0,0,429052,4092,4
6,0,0,0,0,41828618000,41828622000,41828629000,434164,0,0,4096,0,0,-1016,0,0,429052,4092,4
7,0,1,0,4,41828632000,41829739000,41829764000,434164,0,0,3072,0,0,8,0,0,430076,1020,3
6,0,0,0,0,41829768000,41829772000,41829779000,434164,0,0,3072,0,0,8,0,0,430076,1020,3
7,0,1,0,0,41829798000,41842872000,41842897000,434164,0,0,2048,0,0,1032,0,0,431100,2044,2
1,2140,1032,0,0,41842908000,41842939000,41842949000,435196,0,0,4096,0,0,0,0,0,431100,2044,4
6,1108,0,0,0,41842950000,41842954000,41842961000,435196,0,0,4096,0,0,0,0,0,431100,2044,4
7,1,1,0,4,41842964000,41845744000,41845769000,435196,0,0,3072,0,0,1024,0,0,432124,3068,3
1,1108,1108,0,0,41845773000,41845804000,41845813000,436304,0,0,4096,0,0,-84,0,0,432124,3068,4
6,0,0,0,0,41845814000,41845818000,41845825000,436304,0,0,4096,0,0,-84,0,0,432124,3068,4
7,0,1,0,4,41845843000,41853703000,41853723000,436304,0,0,3072,0,0,940,0,0,433148,4092,3
6,0,0,0,0,41853726000,41853730000,41853737000,436304,0,0,3072,0,0,940,0,0,433148,4092,3
7,0,1,0,0,41853753000,41866156000,41866178000,436304,0,0,2048,0,0,1964,0,0,434172,1020,2
1,2140,2140,0,0,41866187000,41866216000,41866226000,438444,0,0,4096,0,0,-176,0,0,434172,1020,4
6,0,0,0,0,41866227000,41866231000,41866238000,438444,0,0,4096,0,0,-176,0,0,434172,1020,4
7,0,1,0,4,41866241000,41869715000,41869736000,438444,0,0,3072,0,0,848,0,0,435196,2044,3
6,0,0,0,0,41869739000,41869743000,41869750000,438444,0,0,3072,0,0,848,0,0,435196,2044,3
7,0,1,0,0,41869768000,41882140000,41882159000,438444,0,0,2048,0,0,1872,0,0,436220,3068,2
1,2136,2136,0,0,41882168000,41882198000,41882208000,440580,0,0,4096,0,0,-264,0,0,436220,3068,4
6,0,0,0,0,41882209000,41882213000,41882220000,440580,0,0,4096,0,0,-264,0,0,436220,3068,4
7,0,1,0,4,41882223000,41885742000,41885769000,440580,0,0,3072,0,0,760,0,0,437244,4092,3
6,0,0,0,0,41885774000,41885778000,41885785000,440580,0,0,3072,0,0,760,0,0,437244,4092,3
7,0,1,0,0,41885808000,41898684000,41898708000,440580,0,0,2048,0,0,1784,0,0,438268,1020,2
1,2140,2140,0,0,41898717000,41898752000,41898762000,442720,0,0,4096,0,0,-356,0,0,438268,1020,4
6,0,0,0,0,41898764000,41898767000,41898774000,442720,0,0,4096,0,0,-356,0,0,438268,1020,4
7,0,1,0,4,41898777000,41901743000,41901773000,442720,0,0,3072,0,0,668,0,0,439292,2044,3
6,0,0,0,0,41901776000,41901781000,41901788000,442720,0,0,3072,0,0,668,0,0,439292,2044,3
7,0,1,0,0,41901811000,41914548000,41914571000,442720,0,0,2048,0,0,1692,0,0,440316,3068,2
1,2140,2140,0,0,41914581000,41914612000,41914621000,444860,0,0,4096,0,0,-448,0,0,440316,3068,4
6,0,0,0,0,41914622000,41914625000,41914632000,444860,0,0,4096,0,0,-448,0,0,440316,3068,4
7,0,1,0,4,41914635000,41917738000,41917766000,444860,0,0,3072,0,0,576,0,0,441340,4092,3
6,0,0,0,0,41917769000,41917773000,41917780000,444860,0,0,3072,0,0,576,0,0,441340,4092,3
7,0,1,0,0,41917802000,41930566000,41930590000,444860,0,0,2048,0,0,1600,0,0,442364,1020,2
1,2136,2136,0,0,41930600000,41930632000,41930642000,446996,0,0,4096,0,0,-536,0,0,442364,1020,4
6,0,0,0,0,41930643000,41930647000,41930654000,446996,0,0,4096,0,0,-536,0,0,442364,1020,4
7,0,1,0,4,41930657000,41933743000,41933783000,446996,0,0,3072,0,0,488,0,0,443388,2044,3
6,0,0,0,0,41933786000,41933791000,41933798000,446996,0,0,3072,0,0,488,0,0,443388,2044,3
7,0,1,0,0,41933813000,41962910000,41962936000,446996,0,0,1024,0,0,2536,0,0,445436,1020,1
1,2140,2140,0,0,41962946000,41962977000,41962988000,449136,0,0,3072,0,0,396,0,0,445436,1020,3
6,0,0,0,0,41962989000,41962993000,41962999000,449136,0,0,3072,0,0,396,0,0,445436,1020,3
7,0,1,0,0,41963002000,41976890000,41976919000,449136,0,0,1024,0,0,2444,0,0,447484,3068,1
1,2140,2140,0,0,41976928000,41976959000,41976971000,451276,0,0,3072,0,0,304,0,0,447484,3068,3
6,0,0,0,0,41976972000,41976976000,41976982000,451276,0,0,3072,0,0,304,0,0,447484,3068,3
7,0,1,0,0,41976985000,41990897000,41990926000,451276,0,0,1024,0,0,2352,0,0,449532,1020,1
1,2136,2136,0,0,41990936000,41990970000,41990980000,453412,0,0,3072,0,0,216,0,0,449532,1020,3
6,0,0,0,0,41990981000,41990985000,41990992000,453412,0,0,3072,0,0,216,0,0,449532,1020,3
7,0,1,0,0,41990995000,42004879000,42004908000,453412,0,0,2048,0,0,1240,0,0,450556,2044,2
1,2140,2140,0,0,42004919000,42004951000,42004962000,455552,0,0,4096,0,0,-900,0,0,450556,2044,4
6,0,0,0,0,42004963000,42004967000,42004974000,455552,0,0,4096,0,0,-900,0,0,450556,2044,4
7,0,1,0,4,42004977000,42005760000,42005786000,455552,0,0,3072,0,0,124,0,0,451580,3068,3
6,0,0,0,0,42010064000,42010085000,42010097000,455552,0,0,3072,0,0,124,0,0,451580,3068,3
7,0,1,0,0,42010114000,42022558000,42022579000,455552,0,0,1024,0,0,2172,0,0,453628,1020,1
1,2140,2140,0,0,42022588000,42022625000,42022636000,457692,0,0,3072,0,0,32,0,0,453628,1020,3
6,0,0,0,0,42022637000,42022640000,42022647000,457692,0,0,3072,0,0,32,0,0,453628,1020,3
7,0,1,0,0,42022650000,42038165000,42038191000,457692,0,0,1024,0,0,2080,0,0,455676,3068,1
1,1060,1060,0,0,42038201000,42038232000,42038242000,458752,0,0,3072,0,0,1020,0,0,455676,3068,3
6,1080,0,0,0,42038243000,42038247000,42038254000,458752,0,0,3072,0,0,1020,0,0,455676,3068,3
7,1,1,0,4,42038257000,42038272000,42038280000,458752,0,0,3072,0,0,1020,0,0,455676,3068,3
1,1080,1080,0,0,42040106000,42040167000,42040194000,459832,0,0,4096,0,0,-60,0,0,455676,3068,4
6,0,0,0,0,42040195000,42040200000,42040207000,459832,0,0,4096,0,0,-60,0,0,455676,3068,4
7,0,1,0,4,42040230000,42045701000,42045721000,459832,0,0,3072,0,0,964,0,0,456700,4092,3
6,0,0,0,0,42045724000,42045728000,42045735000,459832,0,0,3072,0,0,964,0,0,456700,4092,3
7,0,1,0,0,42045748000,42058134000,42058152000,459832,0,0,2048,0,0,1988,0,0,457724,1020,2
1,2136,2136,0,0,42058162000,42058188000,42058198000,461968,0,0,4096,0,0,-148,0,0,457724,1020,4
6,0,0,0,0,42058199000,42058203000,42058210000,461968,0,0,4096,0,0,-148,0,0,457724,1020,4
7,0,1,0,4,42058212000,42061714000,42061738000,461968,0,0,3072,0,0,876,0,0,458748,2044,3
6,0,0,0,0,42061742000,42061746000,42061753000,461968,0,0,3072,0,0,876,0,0,458748,2044,3
7,0,1,0,0,42061769000,42074193000,42074219000,461968,0,0,2048,0,0,1900,0,0,459772,3068,2
1,2140,2140,0,0,42074229000,42074260000,42074270000,464108,0,0,4096,0,0,-240,0,0,459772,3068,4
6,0,0,0,0,42074271000,42074274000,42074280000,464108,0,0,4096,0,0,-240,0,0,459772,3068,4
7,0,1,0,4,42074283000,42077715000,42077738000,464108,0,0,3072,0,0,784,0,0,460796,4092,3
6,0,0,0,0,42077742000,42077746000,42077753000,464108,0,0,3072,0,0,784,0,0,460796,4092,3
7,0,1,0,0,42077770000,42090181000,42090199000,464108,0,0,2048,0,0,1808,0,0,461820,1020,2
1,2140,2140,0,0,42090209000,42090240000,42090250000,466248,0,0,4096,0,0,-332,0,0,461820,1020,4
6,0,0,0,0,42090251000,42090255000,42090262000,466248,0,0,4096,0,0,-332,0,0,461820,1020,4
7,0,1,0,4,42090264000,42093711000,42093734000,466248,0,0,3072,0,0,692,0,0,462844,2044,3
6,0,0,0,0,42093738000,42093742000,42093749000,466248,0,0,3072,0,0,692,0,0,462844,2044,3
7,0,1,0,0,42093765000,42106199000,42106220000,466248,0,0,2048,0,0,1716,0,0,463868,3068,2
1,2136,2136,0,0,42106229000,42106260000,42106270000,468384,0,0,4096,0,0,-420,0,0,463868,3068,4
6,0,0,0,0,42106271000,42106274000,42106281000,468384,0,0,4096,0,0,-420,0,0,463868,3068,4
7,0,1,0,4,42106284000,42109710000,42109734000,468384,0,0,3072,0,0,604,0,0,464892,4092,3
6,0,0,0,0,42109737000,42109741000,42109748000,468384,0,0,3072,0,0,604,0,0,464892,4092,3
7,0,1,0,0,42109765000,42122218000,42122240000,468384,0,0,2048,0,0,1628,0,0,465916,1020,2
1,2140,2140,0,0,42122249000,42122278000,42122290000,470524,0,0,4096,0,0,-512,0,0,465916,1020,4
6,0,0,0,0,42122291000,42122294000,42122301000,470524,0,0,4096,0,0,-512,0,0,465916,1020,4
7,0,1,0,4,42122304000,42125709000,42125735000,470524,0,0,3072,0,0,512,0,0,466940,2044,3
6,0,0,0,0,42125739000,42125742000,42125750000,470524,0,0,3072,0,0,512,0,0,466940,2044,3
7,0,1,0,0,42125767000,42138205000,42138225000,470524,0,0,2048,0,0,1536,0,0,467964,3068,2
1,2140,2140,0,0,42138234000,42138265000,42138275000,472664,0,0,4096,0,0,-604,0,0,467964,3068,4
6,0,0,0,0,42138276000,42138280000,42138286000,472664,0,0,4096,0,0,-604,0,0,467964,3068,4
7,0,1,0,4,42138289000,42141712000,42141735000,472664,0,0,3072,0,0,420,0,0,468988,4092,3
6,0,0,0,0,42141739000,42141743000,42141750000,472664,0,0,3072,0,0,420,0,0,468988,4092,3
7,0,1,0,0,42141767000,42154153000,42154174000,472664,0,0,2048,0,0,1444,0,0,470012,1020,2
1,2136,2136,0,0,42154184000,42154216000,42154226000,474800,0,0,4096,0,0,-692,0,0,470012,1020,4
6,0,0,0,0,42154227000,42154231000,42154237000,474800,0,0,4096,0,0,-692,0,0,470012,1020,4
7,0,1,0,4,42154240000,42157710000,42157734000,474800,0,0,3072,0,0,332,0,0,471036,2044,3
6,0,0,0,0,42157737000,42157741000,42157748000,474800,0,0,3072,0,0,332,0,0,471036,2044,3
7,0,1,0,0,42157765000,42170215000,42170237000,474800,0,0,2048,0,0,1356,0,0,472060,3068,2
1,2140,2140,0,0,42170248000,42170280000,42170290000,476940,0,0,4096,0,0,-784,0,0,472060,3068,4
6,0,0,0,0,42170291000,42170295000,42170302000,476940,0,0,4096,0,0,-784,0,0,472060,3068,4
7,0,1,0,4,42170304000,42173716000,42173742000,476940,0,0,3072,0,0,240,0,0,473084,4092,3
6,0,0,0,0,42173746000,42173750000,42173757000,476940,0,0,3072,0,0,240,0,0,473084,4092,3
7,0,1,0,0,42173773000,42186165000,42186186000,476940,0,0,2048,0,0,1264,0,0,474108,1020,2
1,2140,2140,0,0,42186195000,42186227000,42186238000,479080,0,0,4096,0,0,-876,0,0,474108,1020,4
6,0,0,0,0,42186239000,42186242000,42186249000,479080,0,0,4096,0,0,-876,0,0,474108,1020,4
7,0,1,0,4,42186252000,42189707000,42189730000,479080,0,0,3072,0,0,148,0,0,475132,2044,3
6,0,0,0,0,42189734000,42189738000,42189745000,479080,0,0,3072,0,0,148,0,0,475132,2044,3
7,0,1,0,0,42189763000,42202193000,42202215000,479080,0,0,2048,0,0,1172,0,0,476156,3068,2
1,2136,2136,0,0,42202224000,42202258000,42202268000,481216,0,0,4096,0,0,-964,0,0,476156,3068,4
6,0,0,0,0,42202269000,42202272000,42202279000,481216,0,0,4096,0,0,-964,0,0,476156,3068,4
7,0,1,0,4,42202282000,42205712000,42205734000,481216,0,0,3072,0,0,60,0,0,477180,4092,3
6,0,0,0,0,42205737000,42205741000,42205749000,481216,0,0,3072,0,0,60,0,0,477180,4092,3
7,0,1,0,0,42205768000,42218165000,42218183000,481216,0,0,2048,0,0,1084,0,0,478204,1020,2
1,2140,1084,0,0,42218193000,42218223000,42218233000,482300,0,0,4096,0,0,0,0,0,478204,1020,4
6,1056,0,0,0,42218234000,42218238000,42218244000,482300,0,0,4096,0,0,0,0,0,478204,1020,4
7,1,1,0,4,42218247000,42221709000,42221733000,482300,0,0,3072,0,0,1024,0,0,479228,2044,3
1,1056,1056,0,0,42221737000,42221767000,42221777000,483356,0,0,4096,0,0,-32,0,0,479228,2044,4
6,0,0,0,0,42221778000,42221781000,42221788000,483356,0,0,4096,0,0,-32,0,0,479228,2044,4
7,0,1,0,4,42221807000,42229677000,42229692000,483356,0,0,3072,0,0,992,0,0,480252,3068,3
6,0,0,0,0,42229695000,42229698000,42229705000,483356,0,0,3072,0,0,992,0,0,480252,3068,3
7,0,1,0,0,42229714000,42243749000,42243775000,483356,0,0,2048,0,0,2016,0,0,481276,4092,2
1,2140,2140,0,0,42243785000,42243810000,42243820000,485496,0,0,4096,0,0,-124,0,0,481276,4092,4
6,0,0,0,0,42243822000,42243825000,42243832000,485496,0,0,4096,0,0,-124,0,0,481276,4092,4
7,0,1,0,4,42243835000,42245741000,42245773000,485496,0,0,3072,0,0,900,0,0,482300,1020,3
6,0,0,0,0,42245777000,42245781000,42245788000,485496,0,0,3072,0,0,900,0,0,482300,1020,3
7,0,1,0,0,42245807000,42258648000,42258672000,485496,0,0,2048,0,0,1924,0,0,483324,2044,2
1,2136,2136,0,0,42258681000,42258712000,42258722000,487632,0,0,4096,0,0,-212,0,0,483324,2044,4
6,0,0,0,0,42258723000,42258727000,42258734000,487632,0,0,4096,0,0,-212,0,0,483324,2044,4
7,0,1,0,4,42258736000,42261752000,42261776000,487632,0,0,3072,0,0,812,0,0,484348,3068,3
6,0,0,0,0,42261780000,42261784000,42261791000,487632,0,0,3072,0,0,812,0,0,484348,3068,3
7,0,1,0,0,42261808000,42274555000,42274576000,487632,0,0,2048,0,0,1836,0,0,485372,4092,2
1,2140,2140,0,0,42274586000,42274617000,42274627000,489772,0,0,4096,0,0,-304,0,0,485372,4092,4
6,0,0,0,0,42274628000,42274631000,42274638000,489772,0,0,4096,0,0,-304,0,0,485372,4092,4
7,0,1,0,4,42274641000,42277932000,42277955000,489772,0,0,3072,0,0,720,0,0,486396,1020,3
6,0,0,0,0,42277959000,42277963000,42277969000,489772,0,0,3072,0,0,720,0,0,486396,1020,3
7,0,1,0,0,42277985000,42290439000,42290461000,489772,0,0,2048,0,0,1744,0,0,487420,2044,2
1,1748,1748,0,0,42290471000,42290504000,42290516000,491520,0,0,4096,0,0,-4,0,0,487420,2044,4
6,392,0,0,0,42290517000,42290520000,42290526000,491520,0,0,4096,0,0,-4,0,0,487420,2044,4
7,1,1,0,4,42290529000,42293846000,42293870000,491520,0,0,3072,0,0,1020,0,0,488444,3068,3
1,392,392,0,0,42293873000,42293888000,42293897000,491912,0,0,3072,0,0,628,0,0,488444,3068,3
6,0,0,0,0,42293898000,42293901000,42293907000,491912,0,0,3072,0,0,628,0,0,488444,3068,3
7,0,1,0,0,42293925000,42306326000,42306345000,491912,0,0,2048,0,0,1652,0,0,489468,4092,2
1,2140,2140,0,0,42306354000,42306385000,42306394000,494052,0,0,4096,0,0,-488,0,0,489468,4092,4
6,0,0,0,0,42306395000,42306399000,42306406000,494052,0,0,4096,0,0,-488,0,0,489468,4092,4
7,0,1,0,4,42306408000,42309729000,42309753000,494052,0,0,3072,0,0,536,0,0,490492,1020,3
6,0,0,0,0,42309756000,42309760000,42309767000,494052,0,0,3072,0,0,536,0,0,490492,1020,3
7,0,1,0,0,42309785000,42322257000,42322279000,494052,0,0,2048,0,0,1560,0,0,491516,2044,2
1,2136,2136,0,0,42322289000,42322322000,42322333000,496188,0,0,4096,0,0,-576,0,0,491516,2044,4
6,0,0,0,0,42322334000,42322338000,42322345000,496188,0,0,4096,0,0,-576,0,0,491516,2044,4
7,0,1,0,4,42322348000,42325705000,42325730000,496188,0,0,3072,0,0,448,0,0,492540,3068,3
6,0,0,0,0,42325733000,42325737000,42325744000,496188,0,0,3072,0,0,448,0,0,492540,3068,3
7,0,1,0,0,42325761000,42338209000,42338230000,496188,0,0,2048,0,0,1472,0,0,493564,4092,2
1,2140,2140,0,0,42338240000,42338270000,42338280000,498328,0,0,4096,0,0,-668,0,0,493564,4092,4
6,0,0,0,0,42338281000,42338285000,42338292000,498328,0,0,4096,0,0,-668,0,0,493564,4092,4
7,0,1,0,4,42338294000,42341708000,42341731000,498328,0,0,3072,0,0,356,0,0,494588,1020,3
6,0,0,0,0,42341734000,42341738000,42341746000,498328,0,0,3072,0,0,356,0,0,494588,1020,3
7,0,1,0,0,42341763000,42354151000,42354170000,498328,0,0,2048,0,0,1380,0,0,495612,2044,2
1,2140,2140,0,0,42354179000,42354213000,42354223000,500468,0,0,4096,0,0,-760,0,0,495612,2044,4
6,0,0,0,0,42354224000,42354228000,42354235000,500468,0,0,4096,0,0,-760,0,0,495612,2044,4
7,0,1,0,4,42354238000,42357709000,42357732000,500468,0,0,3072,0,0,264,0,0,496636,3068,3
6,0,0,0,0,42357735000,42357739000,42357746000,500468,0,0,3072,0,0,264,0,0,496636,3068,3
7,0,1,0,0,42357763000,42370227000,42370251000,500468,0,0,2048,0,0,1288,0,0,497660,4092,2
1,2136,2136,0,0,42370261000,42370293000,42370303000,502604,0,0,4096,0,0,-848,0,0,497660,4092,4
6,0,0,0,0,42370304000,42370308000,42370315000,502604,0,0,4096,0,0,-848,0,0,497660,4092,4
7,0,1,0,4,42370317000,42373706000,42373730000,502604,0,0,3072,0,0,176,0,0,498684,1020,3
6,0,0,0,0,42373733000,42373737000,42373745000,502604,0,0,3072,0,0,176,0,0,498684,1020,3
7,0,1,0,0,42373762000,42386150000,42386169000,502604,0,0,2048,0,0,1200,0,0,499708,2044,2
1,2140,2140,0,0,42386178000,42386208000,42386218000,504744,0,0,4096,0,0,-940,0,0,499708,2044,4
6,0,0,0,0,42386219000,42386222000,42386229000,504744,0,0,4096,0,0,-940,0,0,499708,2044,4
7,0,1,0,4,42386231000,42389706000,42389730000,504744,0,0,3072,0,0,84,0,0,500732,3068,3
6,0,0,0,0,42389734000,42389738000,42389745000,504744,0,0,3072,0,0,84,0,0,500732,3068,3
7,0,1,0,0,42389762000,42402187000,42402209000,504744,0,0,2048,0,0,1108,0,0,501756,4092,2
1,2140,1108,0,0,42402219000,42402250000,42402260000,505852,0,0,4096,0,0,0,0,0,501756,4092,4
6,1032,0,0,0,42402261000,42402265000,42402271000,505852,0,0,4096,0,0,0,0,0,501756,4092,4
7,1,1,0,4,42402274000,42405708000,42405733000,505852,0,0,3072,0,0,1024,0,0,502780,1020,3
1,1032,1032,0,0,42405736000,42405762000,42405772000,506884,0,0,4096,0,0,-8,0,0,502780,1020,4
6,0,0,0,0,42405773000,42405777000,42405784000,506884,0,0,4096,0,0,-8,0,0,502780,1020,4
7,0,1,0,4,42405802000,42413695000,42413712000,506884,0,0,3072,0,0,1016,0,0,503804,2044,3
6,0,0,0,0,42413714000,42413717000,42413724000,506884,0,0,3072,0,0,1016,0,0,503804,2044,3
7,0,1,0,0,42413734000,42426102000,42426121000,506884,0,0,2048,0,0,2040,0,0,504828,3068,2
1,2136,2136,0,0,42426130000,42426155000,42426167000,509020,0,0,4096,0,0,-96,0,0,504828,3068,4
6,0,0,0,0,42426168000,42426171000,42426178000,509020,0,0,4096,0,0,-96,0,0,504828,3068,4
7,0,1,0,4,42426181000,42429704000,42429729000,509020,0,0,3072,0,0,928,0,0,505852,4092,3
6,0,0,0,0,42429733000,42429736000,42429743000,509020,0,0,3072,0,0,928,0,0,505852,4092,3
7,0,1,0,0,42429759000,42442310000,42442336000,509020,0,0,2048,0,0,1952,0,0,506876,1020,2
1,2140,2140,0,0,42442346000,42442376000,42442386000,511160,0,0,4096,0,0,-188,0,0,506876,1020,4
6,0,0,0,0,42442387000,42442390000,42442397000,511160,0,0,4096,0,0,-188,0,0,506876,1020,4
7,0,1,0,4,42442400000,42445701000,42445726000,511160,0,0,3072,0,0,836,0,0,507900,2044,3
6,0,0,0,0,42445729000,42445732000,42445739000,511160,0,0,3072,0,0,836,0,0,507900,2044,3
7,0,1,0,0,42445743000,42474059000,42474084000,511160,0,0,1024,0,0,2884,0,0,509948,1020,1
1,1480,1480,0,0,42474093000,42474120000,42474130000,512640,0,0,2048,0,0,1404,0,0,509948,1020,2
6,0,0,0,0,42474131000,42474134000,42474141000,512640,0,0,2048,0,0,1404,0,0,509948,1020,2
7,0,1,0,0,42474144000,42475296000,42475337000,512640,0,0,2048,0,0,1404,0,0,509948,1020,2
4,0,0,0,0,42485490000,42485511000,42485535000,512640,0,0,1024,0,0,2428,0,0,510972,2044,1
3,0,0,0,0,42485537000,42485541000,42485548000,512640,0,0,1024,0,0,2428,0,0,510972,2044,1
3,0,0,0,0,42500031000,42500143000,42500156000,512640,0,0,0,0,0,4096,0,0,511996,0,0
5,0,0,0,0,42501584000,42501589000,42501694000,512640,0,0,0,0,0,4096,0,0,511996,0,0
