operation,requested,rc,errno,revents,begin_ns,query_begin_ns,end_ns,accepted_bytes,delay_rc,delay_errno,delay_bytes,space_rc,space_errno,free_bytes,ptr_rc,ptr_errno,ptr_bytes,ptr,blocks
6,0,0,0,0,34190115000,34190353000,34190369000,0,0,0,0,0,0,4096,0,0,0,0,0
7,0,1,0,0,34190372000,34198987000,34199000000,0,0,0,0,0,0,4096,0,0,0,0,0
1,2136,2136,0,0,34199011000,34199075000,34199093000,2136,0,0,2048,0,0,1960,0,0,0,0,2
6,0,0,0,0,34199094000,34199098000,34199104000,2136,0,0,2048,0,0,1960,0,0,0,0,2
7,0,1,0,0,34199107000,34213078000,34213108000,2136,0,0,1028,0,0,2980,0,0,1020,1020,1
1,2140,2140,0,0,34213118000,34213149000,34213159000,4276,0,0,3076,0,0,840,0,0,1020,1020,3
6,0,0,0,0,34213160000,34213165000,34213171000,4276,0,0,3076,0,0,840,0,0,1020,1020,3
7,0,1,0,0,34213174000,34226985000,34227010000,4276,0,0,1028,0,0,2888,0,0,3068,3068,1
1,2140,2140,0,0,34227021000,34227051000,34227062000,6416,0,0,3076,0,0,748,0,0,3068,3068,3
6,0,0,0,0,34227063000,34227067000,34227074000,6416,0,0,3076,0,0,748,0,0,3068,3068,3
7,0,1,0,0,34227076000,34241080000,34241111000,6416,0,0,1028,0,0,2796,0,0,5116,1020,1
1,2136,2136,0,0,34241122000,34241152000,34241162000,8552,0,0,3076,0,0,660,0,0,5116,1020,3
6,0,0,0,0,34241163000,34241167000,34241174000,8552,0,0,3076,0,0,660,0,0,5116,1020,3
7,0,1,0,0,34241177000,34255015000,34255041000,8552,0,0,1028,0,0,2708,0,0,7164,3068,1
1,2140,2140,0,0,34255051000,34255079000,34255089000,10692,0,0,3076,0,0,568,0,0,7164,3068,3
6,0,0,0,0,34255090000,34255094000,34255100000,10692,0,0,3076,0,0,568,0,0,7164,3068,3
7,0,1,0,0,34255103000,34270518000,34270549000,10692,0,0,2052,0,0,1592,0,0,8188,4092,2
1,2140,1592,0,0,34270559000,34270589000,34270599000,12284,0,0,4096,0,0,0,0,0,8188,4092,4
6,548,0,0,0,34270600000,34270604000,34270610000,12284,0,0,4096,0,0,0,0,0,8188,4092,4
7,1,1,0,4,34270613000,34270842000,34270859000,12284,0,0,3072,0,0,1024,0,0,9212,1020,3
1,548,548,0,0,34280061000,34280080000,34280102000,12832,0,0,2048,0,0,1500,0,0,10236,2044,2
6,0,0,0,0,34280103000,34280108000,34280115000,12832,0,0,2048,0,0,1500,0,0,10236,2044,2
7,0,1,0,0,34280134000,34292510000,34292529000,12832,0,0,1024,0,0,2524,0,0,11260,3068,1
1,2136,2136,0,0,34292539000,34292567000,34292577000,14968,0,0,3072,0,0,388,0,0,11260,3068,3
6,0,0,0,0,34292578000,34292581000,34292588000,14968,0,0,3072,0,0,388,0,0,11260,3068,3
7,0,1,0,0,34292591000,34306522000,34306551000,14968,0,0,1024,0,0,2436,0,0,13308,1020,1
1,2140,2140,0,0,34306561000,34306596000,34306606000,17108,0,0,3072,0,0,296,0,0,13308,1020,3
6,0,0,0,0,34306607000,34306611000,34306618000,17108,0,0,3072,0,0,296,0,0,13308,1020,3
7,0,1,0,0,34306621000,34320417000,34320445000,17108,0,0,1024,0,0,2344,0,0,15356,3068,1
1,2140,2140,0,0,34320455000,34320487000,34320497000,19248,0,0,3072,0,0,204,0,0,15356,3068,3
6,0,0,0,0,34320498000,34320502000,34320509000,19248,0,0,3072,0,0,204,0,0,15356,3068,3
7,0,1,0,0,34320512000,34334277000,34334306000,19248,0,0,2048,0,0,1228,0,0,16380,4092,2
1,2136,2136,0,0,34334317000,34334353000,34334363000,21384,0,0,4096,0,0,-908,0,0,16380,4092,4
6,0,0,0,0,34334364000,34334368000,34334375000,21384,0,0,4096,0,0,-908,0,0,16380,4092,4
7,0,1,0,4,34334378000,34334881000,34334904000,21384,0,0,3072,0,0,116,0,0,17404,1020,3
6,0,0,0,0,34340084000,34340113000,34340128000,21384,0,0,3072,0,0,116,0,0,17404,1020,3
7,0,1,0,0,34340154000,34352880000,34352902000,21384,0,0,1024,0,0,2164,0,0,19452,3068,1
1,2140,2140,0,0,34352912000,34352945000,34352955000,23524,0,0,3072,0,0,24,0,0,19452,3068,3
6,0,0,0,0,34352956000,34352960000,34352966000,23524,0,0,3072,0,0,24,0,0,19452,3068,3
7,0,1,0,0,34352970000,34366743000,34366775000,23524,0,0,2048,0,0,1048,0,0,20476,4092,2
1,2140,2140,0,0,34366786000,34366836000,34366846000,25664,0,0,4096,0,0,-68,0,0,21500,1020,4
6,0,0,0,0,34366847000,34366851000,34366858000,25664,0,0,4096,0,0,-68,0,0,21500,1020,4
7,0,1,0,4,34366861000,34374861000,34374885000,25664,0,0,3072,0,0,956,0,0,22524,2044,3
6,0,0,0,0,34374889000,34374893000,34374900000,25664,0,0,3072,0,0,956,0,0,22524,2044,3
7,0,1,0,0,34374919000,34387262000,34387282000,25664,0,0,2048,0,0,1980,0,0,23548,3068,2
1,2136,2136,0,0,34387291000,34387321000,34387332000,27800,0,0,4096,0,0,-156,0,0,23548,3068,4
6,0,0,0,0,34387333000,34387336000,34387343000,27800,0,0,4096,0,0,-156,0,0,23548,3068,4
7,0,1,0,4,34387345000,34390862000,34390884000,27800,0,0,3072,0,0,868,0,0,24572,4092,3
6,0,0,0,0,34390887000,34390891000,34390899000,27800,0,0,3072,0,0,868,0,0,24572,4092,3
7,0,1,0,0,34390920000,34403267000,34403285000,27800,0,0,2048,0,0,1892,0,0,25596,1020,2
1,2140,2140,0,0,34403294000,34403324000,34403336000,29940,0,0,4096,0,0,-248,0,0,25596,1020,4
6,0,0,0,0,34403337000,34403341000,34403348000,29940,0,0,4096,0,0,-248,0,0,25596,1020,4
7,0,1,0,4,34403350000,34406884000,34406913000,29940,0,0,3072,0,0,776,0,0,26620,2044,3
6,0,0,0,0,34406933000,34406938000,34406946000,29940,0,0,3072,0,0,776,0,0,26620,2044,3
7,0,1,0,0,34406964000,34419711000,34419732000,29940,0,0,2048,0,0,1800,0,0,27644,3068,2
1,2140,2140,0,0,34419743000,34419773000,34419784000,32080,0,0,4096,0,0,-340,0,0,27644,3068,4
6,0,0,0,0,34419784000,34419788000,34419795000,32080,0,0,4096,0,0,-340,0,0,27644,3068,4
7,0,1,0,4,34419798000,34422887000,34422914000,32080,0,0,3072,0,0,684,0,0,28668,4092,3
6,0,0,0,0,34422918000,34422922000,34422930000,32080,0,0,3072,0,0,684,0,0,28668,4092,3
7,0,1,0,0,34422954000,34435666000,34435688000,32080,0,0,2048,0,0,1708,0,0,29692,1020,2
1,688,688,0,0,34435697000,34435720000,34435729000,32768,0,0,3072,0,0,1020,0,0,29692,1020,3
6,1452,0,0,0,34435730000,34435733000,34435740000,32768,0,0,3072,0,0,1020,0,0,29692,1020,3
7,1,1,0,4,34435743000,34435755000,34435763000,32768,0,0,3072,0,0,1020,0,0,29692,1020,3
1,1452,1452,0,0,34440085000,34440137000,34440164000,34220,0,0,3072,0,0,592,0,0,30716,2044,3
6,0,0,0,0,34440165000,34440169000,34440176000,34220,0,0,3072,0,0,592,0,0,30716,2044,3
7,0,1,0,0,34440203000,34452972000,34452996000,34220,0,0,2048,0,0,1616,0,0,31740,3068,2
1,2136,2136,0,0,34453006000,34453034000,34453045000,36356,0,0,4096,0,0,-520,0,0,31740,3068,4
6,0,0,0,0,34453046000,34453049000,34453057000,36356,0,0,4096,0,0,-520,0,0,31740,3068,4
7,0,1,0,4,34453059000,34455156000,34455185000,36356,0,0,3072,0,0,504,0,0,32764,4092,3
6,0,0,0,0,34455189000,34455193000,34455200000,36356,0,0,3072,0,0,504,0,0,32764,4092,3
7,0,1,0,0,34455223000,34467923000,34467944000,36356,0,0,2048,0,0,1528,0,0,33788,1020,2
1,2140,2140,0,0,34467953000,34467987000,34467998000,38496,0,0,4096,0,0,-612,0,0,33788,1020,4
6,0,0,0,0,34467999000,34468003000,34468010000,38496,0,0,4096,0,0,-612,0,0,33788,1020,4
7,0,1,0,4,34468013000,34471764000,34471791000,38496,0,0,3072,0,0,412,0,0,34812,2044,3
6,0,0,0,0,34471794000,34471798000,34471805000,38496,0,0,3072,0,0,412,0,0,34812,2044,3
7,0,1,0,0,34471822000,34484895000,34484921000,38496,0,0,2048,0,0,1436,0,0,35836,3068,2
1,2140,2140,0,0,34484932000,34484965000,34484975000,40636,0,0,4096,0,0,-704,0,0,35836,3068,4
6,0,0,0,0,34484976000,34484980000,34484987000,40636,0,0,4096,0,0,-704,0,0,35836,3068,4
7,0,1,0,4,34484990000,34486883000,34486908000,40636,0,0,3072,0,0,320,0,0,36860,4092,3
6,0,0,0,0,34486911000,34486915000,34486922000,40636,0,0,3072,0,0,320,0,0,36860,4092,3
7,0,1,0,0,34486940000,34499936000,34499959000,40636,0,0,2048,0,0,1344,0,0,37884,1020,2
1,2136,2136,0,0,34499970000,34500032000,34500046000,42772,0,0,4096,0,0,-792,0,0,37884,1020,4
6,0,0,0,0,34500047000,34500051000,34500058000,42772,0,0,4096,0,0,-792,0,0,37884,1020,4
7,0,1,0,4,34500062000,34502872000,34502895000,42772,0,0,3072,0,0,232,0,0,38908,2044,3
6,0,0,0,0,34502899000,34502903000,34502910000,42772,0,0,3072,0,0,232,0,0,38908,2044,3
7,0,1,0,0,34502927000,34515984000,34516012000,42772,0,0,2048,0,0,1256,0,0,39932,3068,2
1,2140,2140,0,0,34516022000,34516052000,34516063000,44912,0,0,4096,0,0,-884,0,0,39932,3068,4
6,0,0,0,0,34516064000,34516068000,34516074000,44912,0,0,4096,0,0,-884,0,0,39932,3068,4
7,0,1,0,4,34516077000,34518874000,34518898000,44912,0,0,3072,0,0,140,0,0,40956,4092,3
6,0,0,0,0,34518901000,34518905000,34518912000,44912,0,0,3072,0,0,140,0,0,40956,4092,3
7,0,1,0,0,34518931000,34531963000,34531989000,44912,0,0,2048,0,0,1164,0,0,41980,1020,2
1,2140,2140,0,0,34531999000,34532029000,34532039000,47052,0,0,4096,0,0,-976,0,0,41980,1020,4
6,0,0,0,0,34532040000,34532043000,34532050000,47052,0,0,4096,0,0,-976,0,0,41980,1020,4
7,0,1,0,4,34532053000,34534873000,34534898000,47052,0,0,3072,0,0,48,0,0,43004,2044,3
6,0,0,0,0,34534901000,34534905000,34534913000,47052,0,0,3072,0,0,48,0,0,43004,2044,3
7,0,1,0,0,34534929000,34547979000,34548004000,47052,0,0,2048,0,0,1072,0,0,44028,3068,2
1,2136,1072,0,0,34548014000,34548046000,34548057000,48124,0,0,4096,0,0,0,0,0,44028,3068,4
6,1064,0,0,0,34548057000,34548061000,34548068000,48124,0,0,4096,0,0,0,0,0,44028,3068,4
7,1,1,0,4,34548071000,34550899000,34550924000,48124,0,0,3072,0,0,1024,0,0,45052,4092,3
1,1064,1064,0,0,34550928000,34550960000,34550970000,49188,0,0,4096,0,0,-40,0,0,45052,4092,4
6,0,0,0,0,34550970000,34550974000,34550981000,49188,0,0,4096,0,0,-40,0,0,45052,4092,4
7,0,1,0,4,34551000000,34558845000,34558865000,49188,0,0,3072,0,0,984,0,0,46076,1020,3
6,0,0,0,0,34558869000,34558872000,34558879000,49188,0,0,3072,0,0,984,0,0,46076,1020,3
7,0,1,0,0,34558897000,34571279000,34571301000,49188,0,0,2048,0,0,2008,0,0,47100,2044,2
1,2140,2140,0,0,34571309000,34571353000,34571365000,51328,0,0,4096,0,0,-132,0,0,47100,2044,4
6,0,0,0,0,34571366000,34571369000,34571376000,51328,0,0,4096,0,0,-132,0,0,47100,2044,4
7,0,1,0,4,34571379000,34574862000,34574886000,51328,0,0,3072,0,0,892,0,0,48124,3068,3
6,0,0,0,0,34574889000,34574893000,34574901000,51328,0,0,3072,0,0,892,0,0,48124,3068,3
7,0,1,0,0,34574917000,34587268000,34587285000,51328,0,0,2048,0,0,1916,0,0,49148,4092,2
1,2140,2140,0,0,34587294000,34587325000,34587335000,53468,0,0,4096,0,0,-224,0,0,49148,4092,4
6,0,0,0,0,34587335000,34587339000,34587346000,53468,0,0,4096,0,0,-224,0,0,49148,4092,4
7,0,1,0,4,34587348000,34590852000,34590876000,53468,0,0,3072,0,0,800,0,0,50172,1020,3
6,0,0,0,0,34590879000,34590883000,34590890000,53468,0,0,3072,0,0,800,0,0,50172,1020,3
7,0,1,0,0,34590906000,34603293000,34603314000,53468,0,0,2048,0,0,1824,0,0,51196,2044,2
1,2136,2136,0,0,34603323000,34603353000,34603364000,55604,0,0,4096,0,0,-312,0,0,51196,2044,4
6,0,0,0,0,34603365000,34603369000,34603375000,55604,0,0,4096,0,0,-312,0,0,51196,2044,4
7,0,1,0,4,34603379000,34606881000,34606905000,55604,0,0,3072,0,0,712,0,0,52220,3068,3
6,0,0,0,0,34606908000,34606912000,34606919000,55604,0,0,3072,0,0,712,0,0,52220,3068,3
7,0,1,0,0,34606939000,34619641000,34619663000,55604,0,0,2048,0,0,1736,0,0,53244,4092,2
1,2140,2140,0,0,34619672000,34619705000,34619717000,57744,0,0,4096,0,0,-404,0,0,53244,4092,4
6,0,0,0,0,34619717000,34619721000,34619728000,57744,0,0,4096,0,0,-404,0,0,53244,4092,4
7,0,1,0,4,34619731000,34622882000,34622910000,57744,0,0,3072,0,0,620,0,0,54268,1020,3
6,0,0,0,0,34622914000,34622918000,34622925000,57744,0,0,3072,0,0,620,0,0,54268,1020,3
7,0,1,0,0,34622947000,34635749000,34635772000,57744,0,0,2048,0,0,1644,0,0,55292,2044,2
1,2140,2140,0,0,34635782000,34635815000,34635825000,59884,0,0,4096,0,0,-496,0,0,55292,2044,4
6,0,0,0,0,34635826000,34635830000,34635837000,59884,0,0,4096,0,0,-496,0,0,55292,2044,4
7,0,1,0,4,34635839000,34638876000,34638902000,59884,0,0,3072,0,0,528,0,0,56316,3068,3
6,0,0,0,0,34638906000,34638910000,34638917000,59884,0,0,3072,0,0,528,0,0,56316,3068,3
7,0,1,0,0,34638940000,34651707000,34651730000,59884,0,0,2048,0,0,1552,0,0,57340,4092,2
1,2136,2136,0,0,34651740000,34651771000,34651782000,62020,0,0,4096,0,0,-584,0,0,57340,4092,4
6,0,0,0,0,34651783000,34651786000,34651793000,62020,0,0,4096,0,0,-584,0,0,57340,4092,4
7,0,1,0,4,34651796000,34655053000,34655081000,62020,0,0,3072,0,0,440,0,0,58364,1020,3
6,0,0,0,0,34655085000,34655089000,34655096000,62020,0,0,3072,0,0,440,0,0,58364,1020,3
7,0,1,0,0,34655118000,34667864000,34667889000,62020,0,0,2048,0,0,1464,0,0,59388,2044,2
1,2140,2140,0,0,34667898000,34667931000,34667941000,64160,0,0,4096,0,0,-676,0,0,59388,2044,4
6,0,0,0,0,34667942000,34667945000,34667952000,64160,0,0,4096,0,0,-676,0,0,59388,2044,4
7,0,1,0,4,34667955000,34670871000,34670895000,64160,0,0,3072,0,0,348,0,0,60412,3068,3
6,0,0,0,0,34670898000,34670901000,34670909000,64160,0,0,3072,0,0,348,0,0,60412,3068,3
7,0,1,0,0,34670927000,34685564000,34685595000,64160,0,0,2048,0,0,1372,0,0,61436,4092,2
1,1376,1376,0,0,34685606000,34685638000,34685649000,65536,0,0,4096,0,0,-4,0,0,61436,4092,4
6,764,0,0,0,34685650000,34685654000,34685661000,65536,0,0,4096,0,0,-4,0,0,61436,4092,4
7,1,1,0,4,34685665000,34686872000,34686896000,65536,0,0,3072,0,0,1020,0,0,62460,1020,3
1,764,764,0,0,34686900000,34686917000,34686927000,66300,0,0,3072,0,0,256,0,0,62460,1020,3
6,0,0,0,0,34686927000,34686931000,34686938000,66300,0,0,3072,0,0,256,0,0,62460,1020,3
7,0,1,0,0,34686956000,34700052000,34700078000,66300,0,0,2048,0,0,1280,0,0,63484,2044,2
1,2140,2140,0,0,34700089000,34700120000,34700131000,68440,0,0,4096,0,0,-860,0,0,63484,2044,4
6,0,0,0,0,34700132000,34700136000,34700142000,68440,0,0,4096,0,0,-860,0,0,63484,2044,4
7,0,1,0,4,34700145000,34702879000,34702905000,68440,0,0,3072,0,0,164,0,0,64508,3068,3
6,0,0,0,0,34702907000,34702911000,34702918000,68440,0,0,3072,0,0,164,0,0,64508,3068,3
7,0,1,0,0,34702937000,34715970000,34715995000,68440,0,0,2048,0,0,1188,0,0,65532,4092,2
1,2136,2136,0,0,34716006000,34716041000,34716051000,70576,0,0,4096,0,0,-948,0,0,65532,4092,4
6,0,0,0,0,34716052000,34716056000,34716062000,70576,0,0,4096,0,0,-948,0,0,65532,4092,4
7,0,1,0,4,34716066000,34718871000,34718895000,70576,0,0,3072,0,0,76,0,0,66556,1020,3
6,0,0,0,0,34718898000,34718902000,34718909000,70576,0,0,3072,0,0,76,0,0,66556,1020,3
7,0,1,0,0,34718929000,34731957000,34731983000,70576,0,0,2048,0,0,1100,0,0,67580,2044,2
1,2140,1100,0,0,34731994000,34732026000,34732035000,71676,0,0,4096,0,0,0,0,0,67580,2044,4
6,1040,0,0,0,34732036000,34732040000,34732046000,71676,0,0,4096,0,0,0,0,0,67580,2044,4
7,1,1,0,4,34732049000,34734874000,34734897000,71676,0,0,3072,0,0,1024,0,0,68604,3068,3
1,1040,1040,0,0,34734901000,34734932000,34734942000,72716,0,0,4096,0,0,-16,0,0,68604,3068,4
6,0,0,0,0,34734943000,34734946000,34734953000,72716,0,0,4096,0,0,-16,0,0,68604,3068,4
7,0,1,0,4,34734972000,34742840000,34742860000,72716,0,0,3072,0,0,1008,0,0,69628,4092,3
6,0,0,0,0,34742863000,34742867000,34742874000,72716,0,0,3072,0,0,1008,0,0,69628,4092,3
7,0,1,0,0,34742891000,34755298000,34755317000,72716,0,0,2048,0,0,2032,0,0,70652,1020,2
1,2140,2140,0,0,34755327000,34755355000,34755365000,74856,0,0,4096,0,0,-108,0,0,70652,1020,4
6,0,0,0,0,34755366000,34755369000,34755376000,74856,0,0,4096,0,0,-108,0,0,70652,1020,4
7,0,1,0,4,34755378000,34758849000,34758873000,74856,0,0,3072,0,0,916,0,0,71676,2044,3
6,0,0,0,0,34758876000,34758879000,34758886000,74856,0,0,3072,0,0,916,0,0,71676,2044,3
7,0,1,0,0,34758904000,34771291000,34771310000,74856,0,0,2048,0,0,1940,0,0,72700,3068,2
1,2136,2136,0,0,34771319000,34771347000,34771357000,76992,0,0,4096,0,0,-196,0,0,72700,3068,4
6,0,0,0,0,34771358000,34771361000,34771368000,76992,0,0,4096,0,0,-196,0,0,72700,3068,4
7,0,1,0,4,34771371000,34774850000,34774875000,76992,0,0,3072,0,0,828,0,0,73724,4092,3
6,0,0,0,0,34774878000,34774882000,34774889000,76992,0,0,3072,0,0,828,0,0,73724,4092,3
7,0,1,0,0,34774904000,34787292000,34787312000,76992,0,0,2048,0,0,1852,0,0,74748,1020,2
1,2140,2140,0,0,34787321000,34787353000,34787364000,79132,0,0,4096,0,0,-288,0,0,74748,1020,4
6,0,0,0,0,34787365000,34787369000,34787376000,79132,0,0,4096,0,0,-288,0,0,74748,1020,4
7,0,1,0,4,34787379000,34790852000,34790876000,79132,0,0,3072,0,0,736,0,0,75772,2044,3
6,0,0,0,0,34790879000,34790882000,34790889000,79132,0,0,3072,0,0,736,0,0,75772,2044,3
7,0,1,0,0,34790906000,34803256000,34803275000,79132,0,0,2048,0,0,1760,0,0,76796,3068,2
1,2140,2140,0,0,34803284000,34803315000,34803326000,81272,0,0,4096,0,0,-380,0,0,76796,3068,4
6,0,0,0,0,34803327000,34803330000,34803337000,81272,0,0,4096,0,0,-380,0,0,76796,3068,4
7,0,1,0,4,34803339000,34807076000,34807100000,81272,0,0,3072,0,0,644,0,0,77820,4092,3
6,0,0,0,0,34807103000,34807107000,34807114000,81272,0,0,3072,0,0,644,0,0,77820,4092,3
7,0,1,0,0,34807132000,34819539000,34819562000,81272,0,0,2048,0,0,1668,0,0,78844,1020,2
1,2136,2136,0,0,34819571000,34819601000,34819612000,83408,0,0,4096,0,0,-468,0,0,78844,1020,4
6,0,0,0,0,34819613000,34819617000,34819624000,83408,0,0,4096,0,0,-468,0,0,78844,1020,4
7,0,1,0,4,34819627000,34822879000,34822909000,83408,0,0,3072,0,0,556,0,0,79868,2044,3
6,0,0,0,0,34822913000,34822918000,34822925000,83408,0,0,3072,0,0,556,0,0,79868,2044,3
7,0,1,0,0,34822950000,34835675000,34835696000,83408,0,0,2048,0,0,1580,0,0,80892,3068,2
1,2140,2140,0,0,34835705000,34835736000,34835748000,85548,0,0,4096,0,0,-560,0,0,80892,3068,4
6,0,0,0,0,34835749000,34835753000,34835760000,85548,0,0,4096,0,0,-560,0,0,80892,3068,4
7,0,1,0,4,34835763000,34838868000,34838894000,85548,0,0,3072,0,0,464,0,0,81916,4092,3
6,0,0,0,0,34838898000,34838902000,34838909000,85548,0,0,3072,0,0,464,0,0,81916,4092,3
7,0,1,0,0,34838934000,34851761000,34851786000,85548,0,0,2048,0,0,1488,0,0,82940,1020,2
1,2140,2140,0,0,34851796000,34851826000,34851838000,87688,0,0,4096,0,0,-652,0,0,82940,1020,4
6,0,0,0,0,34851839000,34851843000,34851850000,87688,0,0,4096,0,0,-652,0,0,82940,1020,4
7,0,1,0,4,34851853000,34854982000,34855013000,87688,0,0,3072,0,0,372,0,0,83964,2044,3
6,0,0,0,0,34855017000,34855021000,34855028000,87688,0,0,3072,0,0,372,0,0,83964,2044,3
7,0,1,0,0,34855051000,34867766000,34867788000,87688,0,0,2048,0,0,1396,0,0,84988,3068,2
1,2136,2136,0,0,34867798000,34867828000,34867840000,89824,0,0,4096,0,0,-740,0,0,84988,3068,4
6,0,0,0,0,34867841000,34867844000,34867851000,89824,0,0,4096,0,0,-740,0,0,84988,3068,4
7,0,1,0,4,34867854000,34870854000,34870879000,89824,0,0,3072,0,0,284,0,0,86012,4092,3
6,0,0,0,0,34870882000,34870886000,34870892000,89824,0,0,3072,0,0,284,0,0,86012,4092,3
7,0,1,0,0,34870912000,34883911000,34883934000,89824,0,0,2048,0,0,1308,0,0,87036,1020,2
1,2140,2140,0,0,34883944000,34883976000,34883986000,91964,0,0,4096,0,0,-832,0,0,87036,1020,4
6,0,0,0,0,34883987000,34883991000,34883998000,91964,0,0,4096,0,0,-832,0,0,87036,1020,4
7,0,1,0,4,34884001000,34886870000,34886895000,91964,0,0,3072,0,0,192,0,0,88060,2044,3
6,0,0,0,0,34886899000,34886903000,34886910000,91964,0,0,3072,0,0,192,0,0,88060,2044,3
7,0,1,0,0,34886929000,34901674000,34901704000,91964,0,0,2048,0,0,1216,0,0,89084,3068,2
1,2140,2140,0,0,34901715000,34901747000,34901757000,94104,0,0,4096,0,0,-924,0,0,89084,3068,4
6,0,0,0,0,34901758000,34901762000,34901769000,94104,0,0,4096,0,0,-924,0,0,89084,3068,4
7,0,1,0,4,34901772000,34902871000,34902897000,94104,0,0,3072,0,0,100,0,0,90108,4092,3
6,0,0,0,0,34902900000,34902904000,34902911000,94104,0,0,3072,0,0,100,0,0,90108,4092,3
7,0,1,0,0,34902929000,34915921000,34915944000,94104,0,0,2048,0,0,1124,0,0,91132,1020,2
1,2136,2136,0,0,34915954000,34915985000,34915994000,96240,0,0,4096,0,0,-1012,0,0,91132,1020,4
6,0,0,0,0,34915995000,34915999000,34916006000,96240,0,0,4096,0,0,-1012,0,0,91132,1020,4
7,0,1,0,4,34916009000,34918876000,34918901000,96240,0,0,3072,0,0,12,0,0,92156,2044,3
6,0,0,0,0,34918904000,34918908000,34918915000,96240,0,0,3072,0,0,12,0,0,92156,2044,3
7,0,1,0,0,34918933000,34932010000,34932036000,96240,0,0,2048,0,0,1036,0,0,93180,3068,2
1,2064,1036,0,0,34932047000,34932079000,34932090000,97276,0,0,4096,0,0,0,0,0,93180,3068,4
6,1104,0,0,0,34932091000,34932095000,34932102000,97276,0,0,4096,0,0,0,0,0,93180,3068,4
7,1,1,0,4,34932105000,34934875000,34934900000,97276,0,0,3072,0,0,1024,0,0,94204,4092,3
1,1028,1028,0,0,34934903000,34934933000,34934942000,98304,0,0,4096,0,0,-4,0,0,94204,4092,4
6,76,0,0,0,34934943000,34934946000,34934953000,98304,0,0,4096,0,0,-4,0,0,94204,4092,4
7,1,1,0,4,34934973000,34942840000,34942860000,98304,0,0,3072,0,0,1020,0,0,95228,1020,3
1,76,76,0,0,34942864000,34942875000,34942883000,98380,0,0,3072,0,0,944,0,0,95228,1020,3
6,0,0,0,0,34942883000,34942887000,34942894000,98380,0,0,3072,0,0,944,0,0,95228,1020,3
7,0,1,0,0,34942911000,34955284000,34955302000,98380,0,0,2048,0,0,1968,0,0,96252,2044,2
1,2140,2140,0,0,34955310000,34955336000,34955347000,100520,0,0,4096,0,0,-172,0,0,96252,2044,4
6,0,0,0,0,34955348000,34955351000,34955358000,100520,0,0,4096,0,0,-172,0,0,96252,2044,4
7,0,1,0,4,34955360000,34958846000,34958870000,100520,0,0,3072,0,0,852,0,0,97276,3068,3
6,0,0,0,0,34958873000,34958877000,34958883000,100520,0,0,3072,0,0,852,0,0,97276,3068,3
7,0,1,0,0,34958901000,34971382000,34971404000,100520,0,0,2048,0,0,1876,0,0,98300,4092,2
1,2140,2140,0,0,34971412000,34971444000,34971453000,102660,0,0,4096,0,0,-264,0,0,98300,4092,4
6,0,0,0,0,34971454000,34971458000,34971464000,102660,0,0,4096,0,0,-264,0,0,98300,4092,4
7,0,1,0,4,34971467000,34974848000,34974871000,102660,0,0,3072,0,0,760,0,0,99324,1020,3
6,0,0,0,0,34974875000,34974878000,34974885000,102660,0,0,3072,0,0,760,0,0,99324,1020,3
7,0,1,0,0,34974903000,34987251000,34987270000,102660,0,0,2048,0,0,1784,0,0,100348,2044,2
1,2136,2136,0,0,34987279000,34987309000,34987319000,104796,0,0,4096,0,0,-352,0,0,100348,2044,4
6,0,0,0,0,34987320000,34987323000,34987330000,104796,0,0,4096,0,0,-352,0,0,100348,2044,4
7,0,1,0,4,34987333000,34990855000,34990880000,104796,0,0,3072,0,0,672,0,0,101372,3068,3
6,0,0,0,0,34990883000,34990886000,34990894000,104796,0,0,3072,0,0,672,0,0,101372,3068,3
7,0,1,0,0,34990913000,35003268000,35003286000,104796,0,0,2048,0,0,1696,0,0,102396,4092,2
1,2140,2140,0,0,35003296000,35003327000,35003338000,106936,0,0,4096,0,0,-444,0,0,102396,4092,4
6,0,0,0,0,35003339000,35003343000,35003350000,106936,0,0,4096,0,0,-444,0,0,102396,4092,4
7,0,1,0,4,35003353000,35006990000,35007014000,106936,0,0,3072,0,0,580,0,0,103420,1020,3
6,0,0,0,0,35007017000,35007021000,35007029000,106936,0,0,3072,0,0,580,0,0,103420,1020,3
7,0,1,0,0,35007048000,35019423000,35019444000,106936,0,0,2048,0,0,1604,0,0,104444,2044,2
1,2140,2140,0,0,35019454000,35019485000,35019496000,109076,0,0,4096,0,0,-536,0,0,104444,2044,4
6,0,0,0,0,35019497000,35019501000,35019508000,109076,0,0,4096,0,0,-536,0,0,104444,2044,4
7,0,1,0,4,35019510000,35022881000,35022911000,109076,0,0,3072,0,0,488,0,0,105468,3068,3
6,0,0,0,0,35022915000,35022919000,35022926000,109076,0,0,3072,0,0,488,0,0,105468,3068,3
7,0,1,0,0,35022949000,35035667000,35035689000,109076,0,0,2048,0,0,1512,0,0,106492,4092,2
1,2136,2136,0,0,35035699000,35035733000,35035743000,111212,0,0,4096,0,0,-624,0,0,106492,4092,4
6,0,0,0,0,35035744000,35035748000,35035755000,111212,0,0,4096,0,0,-624,0,0,106492,4092,4
7,0,1,0,4,35035758000,35038880000,35038908000,111212,0,0,3072,0,0,400,0,0,107516,1020,3
6,0,0,0,0,35038912000,35038915000,35038923000,111212,0,0,3072,0,0,400,0,0,107516,1020,3
7,0,1,0,0,35038948000,35051752000,35051778000,111212,0,0,2048,0,0,1424,0,0,108540,2044,2
1,2140,2140,0,0,35051787000,35051820000,35051831000,113352,0,0,4096,0,0,-716,0,0,108540,2044,4
6,0,0,0,0,35051832000,35051836000,35051843000,113352,0,0,4096,0,0,-716,0,0,108540,2044,4
7,0,1,0,4,35051846000,35054868000,35054893000,113352,0,0,3072,0,0,308,0,0,109564,3068,3
6,0,0,0,0,35054897000,35054901000,35054908000,113352,0,0,3072,0,0,308,0,0,109564,3068,3
7,0,1,0,0,35054929000,35067643000,35067664000,113352,0,0,2048,0,0,1332,0,0,110588,4092,2
1,2140,2140,0,0,35067674000,35067706000,35067717000,115492,0,0,4096,0,0,-808,0,0,110588,4092,4
6,0,0,0,0,35067718000,35067722000,35067729000,115492,0,0,4096,0,0,-808,0,0,110588,4092,4
7,0,1,0,4,35067732000,35070848000,35070873000,115492,0,0,3072,0,0,216,0,0,111612,1020,3
6,0,0,0,0,35070877000,35070880000,35070887000,115492,0,0,3072,0,0,216,0,0,111612,1020,3
7,0,1,0,0,35070906000,35083981000,35084009000,115492,0,0,2048,0,0,1240,0,0,112636,2044,2
1,2136,2136,0,0,35084019000,35084052000,35084062000,117628,0,0,4096,0,0,-896,0,0,112636,2044,4
6,0,0,0,0,35084063000,35084067000,35084074000,117628,0,0,4096,0,0,-896,0,0,112636,2044,4
7,0,1,0,4,35084077000,35086865000,35086889000,117628,0,0,3072,0,0,128,0,0,113660,3068,3
6,0,0,0,0,35086893000,35086897000,35086904000,117628,0,0,3072,0,0,128,0,0,113660,3068,3
7,0,1,0,0,35086922000,35099959000,35099983000,117628,0,0,2048,0,0,1152,0,0,114684,4092,2
1,2140,2140,0,0,35099994000,35100060000,35100072000,119768,0,0,4096,0,0,-988,0,0,114684,4092,4
6,0,0,0,0,35100073000,35100077000,35100084000,119768,0,0,4096,0,0,-988,0,0,114684,4092,4
7,0,1,0,4,35100087000,35102870000,35102895000,119768,0,0,3072,0,0,36,0,0,115708,1020,3
6,0,0,0,0,35102899000,35102903000,35102910000,119768,0,0,3072,0,0,36,0,0,115708,1020,3
7,0,1,0,0,35102928000,35115958000,35115983000,119768,0,0,2048,0,0,1060,0,0,116732,2044,2
1,2140,1060,0,0,35115994000,35116027000,35116037000,120828,0,0,4096,0,0,0,0,0,116732,2044,4
6,1080,0,0,0,35116038000,35116041000,35116048000,120828,0,0,4096,0,0,0,0,0,116732,2044,4
7,1,1,0,4,35116051000,35118875000,35118900000,120828,0,0,3072,0,0,1024,0,0,117756,3068,3
1,1080,1080,0,0,35118904000,35118936000,35118946000,121908,0,0,4096,0,0,-56,0,0,117756,3068,4
6,0,0,0,0,35118947000,35118951000,35118957000,121908,0,0,4096,0,0,-56,0,0,117756,3068,4
7,0,1,0,4,35118978000,35126833000,35126854000,121908,0,0,3072,0,0,968,0,0,118780,4092,3
6,0,0,0,0,35126857000,35126861000,35126868000,121908,0,0,3072,0,0,968,0,0,118780,4092,3
7,0,1,0,0,35126884000,35139260000,35139278000,121908,0,0,2048,0,0,1992,0,0,119804,1020,2
1,2136,2136,0,0,35139288000,35139315000,35139326000,124044,0,0,4096,0,0,-144,0,0,119804,1020,4
6,0,0,0,0,35139327000,35139330000,35139337000,124044,0,0,4096,0,0,-144,0,0,119804,1020,4
7,0,1,0,4,35139340000,35142848000,35142872000,124044,0,0,3072,0,0,880,0,0,120828,2044,3
6,0,0,0,0,35142875000,35142879000,35142886000,124044,0,0,3072,0,0,880,0,0,120828,2044,3
7,0,1,0,0,35142903000,35155275000,35155294000,124044,0,0,2048,0,0,1904,0,0,121852,3068,2
1,2140,2140,0,0,35155303000,35155331000,35155341000,126184,0,0,4096,0,0,-236,0,0,121852,3068,4
6,0,0,0,0,35155342000,35155346000,35155352000,126184,0,0,4096,0,0,-236,0,0,121852,3068,4
7,0,1,0,4,35155355000,35158846000,35158871000,126184,0,0,3072,0,0,788,0,0,122876,4092,3
6,0,0,0,0,35158874000,35158878000,35158885000,126184,0,0,3072,0,0,788,0,0,122876,4092,3
7,0,1,0,0,35158903000,35171327000,35171349000,126184,0,0,2048,0,0,1812,0,0,123900,1020,2
1,2140,2140,0,0,35171358000,35171389000,35171398000,128324,0,0,4096,0,0,-328,0,0,123900,1020,4
6,0,0,0,0,35171399000,35171403000,35171410000,128324,0,0,4096,0,0,-328,0,0,123900,1020,4
7,0,1,0,4,35171412000,35174841000,35174865000,128324,0,0,3072,0,0,696,0,0,124924,2044,3
6,0,0,0,0,35174869000,35174872000,35174879000,128324,0,0,3072,0,0,696,0,0,124924,2044,3
7,0,1,0,0,35174896000,35187309000,35187329000,128324,0,0,2048,0,0,1720,0,0,125948,3068,2
1,2136,2136,0,0,35187339000,35187370000,35187380000,130460,0,0,4096,0,0,-416,0,0,125948,3068,4
6,0,0,0,0,35187381000,35187384000,35187391000,130460,0,0,4096,0,0,-416,0,0,125948,3068,4
7,0,1,0,4,35187393000,35190844000,35190867000,130460,0,0,3072,0,0,608,0,0,126972,4092,3
6,0,0,0,0,35190871000,35190875000,35190882000,130460,0,0,3072,0,0,608,0,0,126972,4092,3
7,0,1,0,0,35190898000,35203315000,35203336000,130460,0,0,2048,0,0,1632,0,0,127996,1020,2
1,612,612,0,0,35203345000,35203370000,35203381000,131072,0,0,3072,0,0,1020,0,0,127996,1020,3
6,1528,0,0,0,35203382000,35203386000,35203393000,131072,0,0,3072,0,0,1020,0,0,127996,1020,3
7,1,1,0,4,35203396000,35203408000,35203416000,131072,0,0,3072,0,0,1020,0,0,127996,1020,3
1,1528,1528,0,0,35210058000,35210099000,35210123000,132600,0,0,3072,0,0,516,0,0,129020,2044,3
6,0,0,0,0,35210124000,35210128000,35210136000,132600,0,0,3072,0,0,516,0,0,129020,2044,3
7,0,1,0,0,35210156000,35222552000,35222570000,132600,0,0,2048,0,0,1540,0,0,130044,3068,2
1,2140,2140,0,0,35222578000,35222604000,35222615000,134740,0,0,4096,0,0,-600,0,0,130044,3068,4
6,0,0,0,0,35222616000,35222619000,35222626000,134740,0,0,4096,0,0,-600,0,0,130044,3068,4
7,0,1,0,4,35222628000,35222815000,35222831000,134740,0,0,3072,0,0,424,0,0,131068,4092,3
6,0,0,0,0,35230068000,35230094000,35230108000,134740,0,0,3072,0,0,424,0,0,131068,4092,3
7,0,1,0,0,35230125000,35242557000,35242577000,134740,0,0,1024,0,0,2472,0,0,133116,2044,1
1,2140,2140,0,0,35242587000,35242618000,35242630000,136880,0,0,3072,0,0,332,0,0,133116,2044,3
6,0,0,0,0,35242631000,35242634000,35242641000,136880,0,0,3072,0,0,332,0,0,133116,2044,3
7,0,1,0,0,35242643000,35256460000,35256488000,136880,0,0,1024,0,0,2380,0,0,135164,4092,1
1,2136,2136,0,0,35256499000,35256529000,35256541000,139016,0,0,3072,0,0,244,0,0,135164,4092,3
6,0,0,0,0,35256542000,35256547000,35256554000,139016,0,0,3072,0,0,244,0,0,135164,4092,3
7,0,1,0,0,35256556000,35270378000,35270408000,139016,0,0,2048,0,0,1268,0,0,136188,1020,2
1,2140,2140,0,0,35270419000,35270451000,35270461000,141156,0,0,4096,0,0,-872,0,0,136188,1020,4
6,0,0,0,0,35270462000,35270466000,35270473000,141156,0,0,4096,0,0,-872,0,0,136188,1020,4
7,0,1,0,4,35270476000,35270839000,35270859000,141156,0,0,3072,0,0,152,0,0,137212,2044,3
6,0,0,0,0,35280058000,35280077000,35280092000,141156,0,0,2048,0,0,1176,0,0,138236,3068,2
7,0,1,0,0,35280109000,35292576000,35292601000,141156,0,0,1024,0,0,2200,0,0,139260,4092,1
1,2140,2140,0,0,35292611000,35292645000,35292656000,143296,0,0,3072,0,0,60,0,0,139260,4092,3
6,0,0,0,0,35292657000,35292660000,35292667000,143296,0,0,3072,0,0,60,0,0,139260,4092,3
7,0,1,0,0,35292669000,35306525000,35306551000,143296,0,0,1024,0,0,2108,0,0,141308,2044,1
1,2136,2136,0,0,35306562000,35306601000,35306611000,145432,0,0,4096,0,0,-28,0,0,141308,2044,4
6,0,0,0,0,35306612000,35306615000,35306622000,145432,0,0,4096,0,0,-28,0,0,141308,2044,4
7,0,1,0,4,35306625000,35311719000,35311746000,145432,0,0,3072,0,0,996,0,0,142332,3068,3
6,0,0,0,0,35311751000,35311755000,35311762000,145432,0,0,3072,0,0,996,0,0,142332,3068,3
7,0,1,0,0,35311782000,35324219000,35324241000,145432,0,0,2048,0,0,2020,0,0,143356,4092,2
1,2140,2140,0,0,35324251000,35324286000,35324297000,147572,0,0,4096,0,0,-120,0,0,143356,4092,4
6,0,0,0,0,35324298000,35324301000,35324308000,147572,0,0,4096,0,0,-120,0,0,143356,4092,4
7,0,1,0,4,35324310000,35326878000,35326906000,147572,0,0,3072,0,0,904,0,0,144380,1020,3
6,0,0,0,0,35326910000,35326914000,35326922000,147572,0,0,3072,0,0,904,0,0,144380,1020,3
7,0,1,0,0,35326942000,35339696000,35339719000,147572,0,0,2048,0,0,1928,0,0,145404,2044,2
1,2140,2140,0,0,35339728000,35339758000,35339769000,149712,0,0,4096,0,0,-212,0,0,145404,2044,4
6,0,0,0,0,35339770000,35339773000,35339780000,149712,0,0,4096,0,0,-212,0,0,145404,2044,4
7,0,1,0,4,35339782000,35343127000,35343152000,149712,0,0,3072,0,0,812,0,0,146428,3068,3
6,0,0,0,0,35343156000,35343159000,35343166000,149712,0,0,3072,0,0,812,0,0,146428,3068,3
7,0,1,0,0,35343183000,35355658000,35355681000,149712,0,0,2048,0,0,1836,0,0,147452,4092,2
1,2136,2136,0,0,35355691000,35355725000,35355736000,151848,0,0,4096,0,0,-300,0,0,147452,4092,4
6,0,0,0,0,35355737000,35355740000,35355747000,151848,0,0,4096,0,0,-300,0,0,147452,4092,4
7,0,1,0,4,35355750000,35359057000,35359082000,151848,0,0,3072,0,0,724,0,0,148476,1020,3
6,0,0,0,0,35359086000,35359089000,35359096000,151848,0,0,3072,0,0,724,0,0,148476,1020,3
7,0,1,0,0,35359112000,35371511000,35371530000,151848,0,0,2048,0,0,1748,0,0,149500,2044,2
1,2140,2140,0,0,35371539000,35371568000,35371578000,153988,0,0,4096,0,0,-392,0,0,149500,2044,4
6,0,0,0,0,35371580000,35371583000,35371590000,153988,0,0,4096,0,0,-392,0,0,149500,2044,4
7,0,1,0,4,35371593000,35374864000,35374890000,153988,0,0,3072,0,0,632,0,0,150524,3068,3
6,0,0,0,0,35374893000,35374897000,35374905000,153988,0,0,3072,0,0,632,0,0,150524,3068,3
7,0,1,0,0,35374920000,35387312000,35387332000,153988,0,0,2048,0,0,1656,0,0,151548,4092,2
1,2140,2140,0,0,35387341000,35387374000,35387385000,156128,0,0,4096,0,0,-484,0,0,151548,4092,4
6,0,0,0,0,35387386000,35387389000,35387396000,156128,0,0,4096,0,0,-484,0,0,151548,4092,4
7,0,1,0,4,35387399000,35390840000,35390865000,156128,0,0,3072,0,0,540,0,0,152572,1020,3
6,0,0,0,0,35390868000,35390872000,35390879000,156128,0,0,3072,0,0,540,0,0,152572,1020,3
7,0,1,0,0,35390897000,35403304000,35403326000,156128,0,0,2048,0,0,1564,0,0,153596,2044,2
1,2136,2136,0,0,35403336000,35403369000,35403380000,158264,0,0,4096,0,0,-572,0,0,153596,2044,4
6,0,0,0,0,35403381000,35403385000,35403392000,158264,0,0,4096,0,0,-572,0,0,153596,2044,4
7,0,1,0,4,35403395000,35406839000,35406863000,158264,0,0,3072,0,0,452,0,0,154620,3068,3
6,0,0,0,0,35406867000,35406871000,35406878000,158264,0,0,3072,0,0,452,0,0,154620,3068,3
7,0,1,0,0,35406896000,35419296000,35419316000,158264,0,0,2048,0,0,1476,0,0,155644,4092,2
1,2140,2140,0,0,35419326000,35419358000,35419369000,160404,0,0,4096,0,0,-664,0,0,155644,4092,4
6,0,0,0,0,35419370000,35419373000,35419380000,160404,0,0,4096,0,0,-664,0,0,155644,4092,4
7,0,1,0,4,35419383000,35422872000,35422902000,160404,0,0,3072,0,0,360,0,0,156668,1020,3
6,0,0,0,0,35422906000,35422909000,35422916000,160404,0,0,3072,0,0,360,0,0,156668,1020,3
7,0,1,0,0,35422940000,35435666000,35435687000,160404,0,0,2048,0,0,1384,0,0,157692,2044,2
1,2140,2140,0,0,35435696000,35435727000,35435737000,162544,0,0,4096,0,0,-756,0,0,157692,2044,4
6,0,0,0,0,35435738000,35435741000,35435748000,162544,0,0,4096,0,0,-756,0,0,157692,2044,4
7,0,1,0,4,35435751000,35438862000,35438889000,162544,0,0,3072,0,0,268,0,0,158716,3068,3
6,0,0,0,0,35438893000,35438897000,35438904000,162544,0,0,3072,0,0,268,0,0,158716,3068,3
7,0,1,0,0,35438929000,35451751000,35451776000,162544,0,0,2048,0,0,1292,0,0,159740,4092,2
1,1296,1296,0,0,35451786000,35451817000,35451827000,163840,0,0,4096,0,0,-4,0,0,159740,4092,4
6,844,0,0,0,35451828000,35451831000,35451838000,163840,0,0,4096,0,0,-4,0,0,159740,4092,4
7,1,1,0,4,35451841000,35454861000,35454888000,163840,0,0,3072,0,0,1020,0,0,160764,1020,3
1,844,844,0,0,35454892000,35454910000,35454921000,164684,0,0,3072,0,0,176,0,0,160764,1020,3
6,0,0,0,0,35454922000,35454926000,35454932000,164684,0,0,3072,0,0,176,0,0,160764,1020,3
7,0,1,0,0,35454956000,35467665000,35467686000,164684,0,0,2048,0,0,1200,0,0,161788,2044,2
1,2136,2136,0,0,35467695000,35467724000,35467734000,166820,0,0,4096,0,0,-936,0,0,161788,2044,4
6,0,0,0,0,35467735000,35467739000,35467746000,166820,0,0,4096,0,0,-936,0,0,161788,2044,4
7,0,1,0,4,35467749000,35470853000,35470877000,166820,0,0,3072,0,0,88,0,0,162812,3068,3
6,0,0,0,0,35470880000,35470885000,35470892000,166820,0,0,3072,0,0,88,0,0,162812,3068,3
7,0,1,0,0,35470908000,35483921000,35483945000,166820,0,0,2048,0,0,1112,0,0,163836,4092,2
1,2140,1112,0,0,35483955000,35483988000,35483998000,167932,0,0,4096,0,0,0,0,0,163836,4092,4
6,1028,0,0,0,35483999000,35484003000,35484010000,167932,0,0,4096,0,0,0,0,0,163836,4092,4
7,1,1,0,4,35484012000,35486862000,35486887000,167932,0,0,3072,0,0,1024,0,0,164860,1020,3
1,1028,1028,0,0,35486891000,35486922000,35486933000,168960,0,0,4096,0,0,-4,0,0,164860,1020,4
6,0,0,0,0,35486934000,35486937000,35486943000,168960,0,0,4096,0,0,-4,0,0,164860,1020,4
7,0,1,0,4,35486965000,35494831000,35494853000,168960,0,0,3072,0,0,1020,0,0,165884,2044,3
6,0,0,0,0,35494856000,35494860000,35494867000,168960,0,0,3072,0,0,1020,0,0,165884,2044,3
7,0,1,0,0,35494884000,35507310000,35507331000,168960,0,0,2048,0,0,2044,0,0,166908,3068,2
1,2140,2140,0,0,35507341000,35507370000,35507381000,171100,0,0,4096,0,0,-96,0,0,166908,3068,4
6,0,0,0,0,35507382000,35507385000,35507392000,171100,0,0,4096,0,0,-96,0,0,166908,3068,4
7,0,1,0,4,35507395000,35510835000,35510858000,171100,0,0,3072,0,0,928,0,0,167932,4092,3
6,0,0,0,0,35510861000,35510865000,35510872000,171100,0,0,3072,0,0,928,0,0,167932,4092,3
7,0,1,0,0,35510890000,35524949000,35524973000,171100,0,0,2048,0,0,1952,0,0,168956,1020,2
1,2136,2136,0,0,35524983000,35525013000,35525024000,173236,0,0,4096,0,0,-184,0,0,168956,1020,4
6,0,0,0,0,35525025000,35525028000,35525035000,173236,0,0,4096,0,0,-184,0,0,168956,1020,4
7,0,1,0,4,35525038000,35526872000,35526902000,173236,0,0,3072,0,0,840,0,0,169980,2044,3
6,0,0,0,0,35526905000,35526909000,35526917000,173236,0,0,3072,0,0,840,0,0,169980,2044,3
7,0,1,0,0,35526934000,35539707000,35539729000,173236,0,0,2048,0,0,1864,0,0,171004,3068,2
1,2140,2140,0,0,35539737000,35539768000,35539778000,175376,0,0,4096,0,0,-276,0,0,171004,3068,4
6,0,0,0,0,35539779000,35539783000,35539789000,175376,0,0,4096,0,0,-276,0,0,171004,3068,4
7,0,1,0,4,35539792000,35543151000,35543176000,175376,0,0,3072,0,0,748,0,0,172028,4092,3
6,0,0,0,0,35543180000,35543183000,35543190000,175376,0,0,3072,0,0,748,0,0,172028,4092,3
7,0,1,0,0,35543206000,35555600000,35555620000,175376,0,0,2048,0,0,1772,0,0,173052,1020,2
1,2140,2140,0,0,35555630000,35555661000,35555672000,177516,0,0,4096,0,0,-368,0,0,173052,1020,4
6,0,0,0,0,35555673000,35555676000,35555683000,177516,0,0,4096,0,0,-368,0,0,173052,1020,4
7,0,1,0,4,35555686000,35559030000,35559053000,177516,0,0,3072,0,0,656,0,0,174076,2044,3
6,0,0,0,0,35559057000,35559060000,35559067000,177516,0,0,3072,0,0,656,0,0,174076,2044,3
7,0,1,0,0,35559083000,35571515000,35571536000,177516,0,0,2048,0,0,1680,0,0,175100,3068,2
1,2136,2136,0,0,35571544000,35571576000,35571586000,179652,0,0,4096,0,0,-456,0,0,175100,3068,4
6,0,0,0,0,35571587000,35571591000,35571598000,179652,0,0,4096,0,0,-456,0,0,175100,3068,4
7,0,1,0,4,35571601000,35574909000,35574932000,179652,0,0,3072,0,0,568,0,0,176124,4092,3
6,0,0,0,0,35574935000,35574939000,35574946000,179652,0,0,3072,0,0,568,0,0,176124,4092,3
7,0,1,0,0,35574961000,35587334000,35587351000,179652,0,0,2048,0,0,1592,0,0,177148,1020,2
1,2140,2140,0,0,35587360000,35587389000,35587399000,181792,0,0,4096,0,0,-548,0,0,177148,1020,4
6,0,0,0,0,35587400000,35587404000,35587411000,181792,0,0,4096,0,0,-548,0,0,177148,1020,4
7,0,1,0,4,35587425000,35590838000,35590862000,181792,0,0,3072,0,0,476,0,0,178172,2044,3
6,0,0,0,0,35590865000,35590869000,35590876000,181792,0,0,3072,0,0,476,0,0,178172,2044,3
7,0,1,0,0,35590893000,35603255000,35603275000,181792,0,0,2048,0,0,1500,0,0,179196,3068,2
1,2140,2140,0,0,35603284000,35603315000,35603326000,183932,0,0,4096,0,0,-640,0,0,179196,3068,4
6,0,0,0,0,35603327000,35603330000,35603337000,183932,0,0,4096,0,0,-640,0,0,179196,3068,4
7,0,1,0,4,35603340000,35606835000,35606860000,183932,0,0,3072,0,0,384,0,0,180220,4092,3
6,0,0,0,0,35606863000,35606867000,35606874000,183932,0,0,3072,0,0,384,0,0,180220,4092,3
7,0,1,0,0,35606891000,35619245000,35619261000,183932,0,0,2048,0,0,1408,0,0,181244,1020,2
1,2136,2136,0,0,35619271000,35619303000,35619313000,186068,0,0,4096,0,0,-728,0,0,181244,1020,4
6,0,0,0,0,35619314000,35619318000,35619325000,186068,0,0,4096,0,0,-728,0,0,181244,1020,4
7,0,1,0,4,35619328000,35622868000,35622907000,186068,0,0,3072,0,0,296,0,0,182268,2044,3
6,0,0,0,0,35622911000,35622915000,35622922000,186068,0,0,3072,0,0,296,0,0,182268,2044,3
7,0,1,0,0,35622940000,35635692000,35635713000,186068,0,0,2048,0,0,1320,0,0,183292,3068,2
1,2140,2140,0,0,35635722000,35635754000,35635764000,188208,0,0,4096,0,0,-820,0,0,183292,3068,4
6,0,0,0,0,35635765000,35635769000,35635776000,188208,0,0,4096,0,0,-820,0,0,183292,3068,4
7,0,1,0,4,35635779000,35638864000,35638890000,188208,0,0,3072,0,0,204,0,0,184316,4092,3
6,0,0,0,0,35638894000,35638898000,35638905000,188208,0,0,3072,0,0,204,0,0,184316,4092,3
7,0,1,0,0,35638928000,35651688000,35651714000,188208,0,0,2048,0,0,1228,0,0,185340,1020,2
1,2140,2140,0,0,35651723000,35651754000,35651765000,190348,0,0,4096,0,0,-912,0,0,185340,1020,4
6,0,0,0,0,35651766000,35651769000,35651776000,190348,0,0,4096,0,0,-912,0,0,185340,1020,4
7,0,1,0,4,35651779000,35654854000,35654878000,190348,0,0,3072,0,0,112,0,0,186364,2044,3
6,0,0,0,0,35654882000,35654887000,35654894000,190348,0,0,3072,0,0,112,0,0,186364,2044,3
7,0,1,0,0,35654916000,35667636000,35667657000,190348,0,0,2048,0,0,1136,0,0,187388,3068,2
1,2136,2136,0,0,35667666000,35667698000,35667708000,192484,0,0,4096,0,0,-1000,0,0,187388,3068,4
6,0,0,0,0,35667709000,35667713000,35667720000,192484,0,0,4096,0,0,-1000,0,0,187388,3068,4
7,0,1,0,4,35667722000,35671126000,35671157000,192484,0,0,3072,0,0,24,0,0,188412,4092,3
6,0,0,0,0,35671161000,35671165000,35671172000,192484,0,0,3072,0,0,24,0,0,188412,4092,3
7,0,1,0,0,35671195000,35683953000,35683977000,192484,0,0,2048,0,0,1048,0,0,189436,1020,2
1,2140,1048,0,0,35683987000,35684018000,35684028000,193532,0,0,4096,0,0,0,0,0,189436,1020,4
6,1092,0,0,0,35684029000,35684032000,35684039000,193532,0,0,4096,0,0,0,0,0,189436,1020,4
7,1,1,0,4,35684042000,35686866000,35686892000,193532,0,0,3072,0,0,1024,0,0,190460,2044,3
1,1092,1092,0,0,35686896000,35686927000,35686937000,194624,0,0,4096,0,0,-68,0,0,190460,2044,4
6,0,0,0,0,35686938000,35686942000,35686948000,194624,0,0,4096,0,0,-68,0,0,190460,2044,4
7,0,1,0,4,35686967000,35694838000,35694861000,194624,0,0,3072,0,0,956,0,0,191484,3068,3
6,0,0,0,0,35694864000,35694867000,35694874000,194624,0,0,3072,0,0,956,0,0,191484,3068,3
7,0,1,0,0,35694892000,35707278000,35707295000,194624,0,0,2048,0,0,1980,0,0,192508,4092,2
1,1984,1984,0,0,35707303000,35707334000,35707346000,196608,0,0,4096,0,0,-4,0,0,192508,4092,4
6,156,0,0,0,35707347000,35707351000,35707357000,196608,0,0,4096,0,0,-4,0,0,192508,4092,4
7,1,1,0,4,35707360000,35710835000,35710859000,196608,0,0,3072,0,0,1020,0,0,193532,1020,3
1,156,156,0,0,35710863000,35710875000,35710883000,196764,0,0,3072,0,0,864,0,0,193532,1020,3
6,0,0,0,0,35710884000,35710888000,35710894000,196764,0,0,3072,0,0,864,0,0,193532,1020,3
7,0,1,0,0,35710912000,35723296000,35723315000,196764,0,0,2048,0,0,1888,0,0,194556,2044,2
1,2140,2140,0,0,35723324000,35723353000,35723364000,198904,0,0,4096,0,0,-252,0,0,194556,2044,4
6,0,0,0,0,35723364000,35723368000,35723374000,198904,0,0,4096,0,0,-252,0,0,194556,2044,4
7,0,1,0,4,35723377000,35726832000,35726857000,198904,0,0,3072,0,0,772,0,0,195580,3068,3
6,0,0,0,0,35726860000,35726864000,35726871000,198904,0,0,3072,0,0,772,0,0,195580,3068,3
7,0,1,0,0,35726888000,35741026000,35741054000,198904,0,0,2048,0,0,1796,0,0,196604,4092,2
1,2136,2136,0,0,35741064000,35741097000,35741107000,201040,0,0,4096,0,0,-340,0,0,196604,4092,4
6,0,0,0,0,35741108000,35741112000,35741119000,201040,0,0,4096,0,0,-340,0,0,196604,4092,4
7,0,1,0,4,35741122000,35742873000,35742901000,201040,0,0,3072,0,0,684,0,0,197628,1020,3
6,0,0,0,0,35742905000,35742910000,35742918000,201040,0,0,3072,0,0,684,0,0,197628,1020,3
7,0,1,0,0,35742936000,35755689000,35755712000,201040,0,0,2048,0,0,1708,0,0,198652,2044,2
1,2140,2140,0,0,35755721000,35755755000,35755765000,203180,0,0,4096,0,0,-432,0,0,198652,2044,4
6,0,0,0,0,35755766000,35755770000,35755777000,203180,0,0,4096,0,0,-432,0,0,198652,2044,4
7,0,1,0,4,35755779000,35759079000,35759104000,203180,0,0,3072,0,0,592,0,0,199676,3068,3
6,0,0,0,0,35759107000,35759111000,35759117000,203180,0,0,3072,0,0,592,0,0,199676,3068,3
7,0,1,0,0,35759132000,35771583000,35771603000,203180,0,0,2048,0,0,1616,0,0,200700,4092,2
1,2140,2140,0,0,35771612000,35771647000,35771658000,205320,0,0,4096,0,0,-524,0,0,200700,4092,4
6,0,0,0,0,35771659000,35771662000,35771669000,205320,0,0,4096,0,0,-524,0,0,200700,4092,4
7,0,1,0,4,35771672000,35774971000,35774994000,205320,0,0,3072,0,0,500,0,0,201724,1020,3
6,0,0,0,0,35774997000,35775000000,35775007000,205320,0,0,3072,0,0,500,0,0,201724,1020,3
7,0,1,0,0,35775025000,35787434000,35787455000,205320,0,0,2048,0,0,1524,0,0,202748,2044,2
1,2136,2136,0,0,35787464000,35787494000,35787504000,207456,0,0,4096,0,0,-612,0,0,202748,2044,4
6,0,0,0,0,35787504000,35787508000,35787515000,207456,0,0,4096,0,0,-612,0,0,202748,2044,4
7,0,1,0,4,35787517000,35790831000,35790854000,207456,0,0,3072,0,0,412,0,0,203772,3068,3
6,0,0,0,0,35790857000,35790861000,35790868000,207456,0,0,3072,0,0,412,0,0,203772,3068,3
7,0,1,0,0,35790883000,35803278000,35803300000,207456,0,0,2048,0,0,1436,0,0,204796,4092,2
1,2140,2140,0,0,35803309000,35803341000,35803351000,209596,0,0,4096,0,0,-704,0,0,204796,4092,4
6,0,0,0,0,35803352000,35803356000,35803363000,209596,0,0,4096,0,0,-704,0,0,204796,4092,4
7,0,1,0,4,35803365000,35806833000,35806856000,209596,0,0,3072,0,0,320,0,0,205820,1020,3
6,0,0,0,0,35806859000,35806863000,35806870000,209596,0,0,3072,0,0,320,0,0,205820,1020,3
7,0,1,0,0,35806887000,35819241000,35819259000,209596,0,0,2048,0,0,1344,0,0,206844,2044,2
1,2140,2140,0,0,35819268000,35819299000,35819309000,211736,0,0,4096,0,0,-796,0,0,206844,2044,4
6,0,0,0,0,35819310000,35819313000,35819320000,211736,0,0,4096,0,0,-796,0,0,206844,2044,4
7,0,1,0,4,35819324000,35822850000,35822873000,211736,0,0,3072,0,0,228,0,0,207868,3068,3
6,0,0,0,0,35822877000,35822880000,35822887000,211736,0,0,3072,0,0,228,0,0,207868,3068,3
7,0,1,0,0,35822906000,35835658000,35835682000,211736,0,0,2048,0,0,1252,0,0,208892,4092,2
1,2136,2136,0,0,35835691000,35835724000,35835734000,213872,0,0,4096,0,0,-884,0,0,208892,4092,4
6,0,0,0,0,35835735000,35835738000,35835745000,213872,0,0,4096,0,0,-884,0,0,208892,4092,4
7,0,1,0,4,35835748000,35838857000,35838886000,213872,0,0,3072,0,0,140,0,0,209916,1020,3
6,0,0,0,0,35838889000,35838893000,35838901000,213872,0,0,3072,0,0,140,0,0,209916,1020,3
7,0,1,0,0,35838926000,35851763000,35851790000,213872,0,0,2048,0,0,1164,0,0,210940,2044,2
1,2140,2140,0,0,35851800000,35851832000,35851843000,216012,0,0,4096,0,0,-976,0,0,210940,2044,4
6,0,0,0,0,35851844000,35851848000,35851855000,216012,0,0,4096,0,0,-976,0,0,210940,2044,4
7,0,1,0,4,35851857000,35854849000,35854878000,216012,0,0,3072,0,0,48,0,0,211964,3068,3
6,0,0,0,0,35854882000,35854886000,35854894000,216012,0,0,3072,0,0,48,0,0,211964,3068,3
7,0,1,0,0,35854915000,35867670000,35867695000,216012,0,0,2048,0,0,1072,0,0,212988,4092,2
1,2140,1072,0,0,35867705000,35867739000,35867749000,217084,0,0,4096,0,0,0,0,0,212988,4092,4
6,1068,0,0,0,35867750000,35867753000,35867760000,217084,0,0,4096,0,0,0,0,0,212988,4092,4
7,1,1,0,4,35867762000,35871035000,35871063000,217084,0,0,3072,0,0,1024,0,0,214012,1020,3
1,1068,1068,0,0,35871068000,35871101000,35871110000,218152,0,0,4096,0,0,-44,0,0,214012,1020,4
6,0,0,0,0,35871111000,35871115000,35871122000,218152,0,0,4096,0,0,-44,0,0,214012,1020,4
7,0,1,0,4,35871147000,35878812000,35878831000,218152,0,0,3072,0,0,980,0,0,215036,2044,3
6,0,0,0,0,35878834000,35878838000,35878845000,218152,0,0,3072,0,0,980,0,0,215036,2044,3
7,0,1,0,0,35878861000,35891273000,35891295000,218152,0,0,2048,0,0,2004,0,0,216060,3068,2
1,2136,2136,0,0,35891305000,35891334000,35891344000,220288,0,0,4096,0,0,-132,0,0,216060,3068,4
6,0,0,0,0,35891344000,35891348000,35891354000,220288,0,0,4096,0,0,-132,0,0,216060,3068,4
7,0,1,0,4,35891357000,35894830000,35894853000,220288,0,0,3072,0,0,892,0,0,217084,4092,3
6,0,0,0,0,35894857000,35894860000,35894867000,220288,0,0,3072,0,0,892,0,0,217084,4092,3
7,0,1,0,0,35894886000,35907268000,35907288000,220288,0,0,2048,0,0,1916,0,0,218108,1020,2
1,2140,2140,0,0,35907297000,35907327000,35907336000,222428,0,0,4096,0,0,-224,0,0,218108,1020,4
6,0,0,0,0,35907337000,35907341000,35907348000,222428,0,0,4096,0,0,-224,0,0,218108,1020,4
7,0,1,0,4,35907351000,35910828000,35910852000,222428,0,0,3072,0,0,800,0,0,219132,2044,3
6,0,0,0,0,35910855000,35910859000,35910866000,222428,0,0,3072,0,0,800,0,0,219132,2044,3
7,0,1,0,0,35910884000,35923305000,35923329000,222428,0,0,2048,0,0,1824,0,0,220156,3068,2
1,2140,2140,0,0,35923339000,35923370000,35923381000,224568,0,0,4096,0,0,-316,0,0,220156,3068,4
6,0,0,0,0,35923382000,35923385000,35923392000,224568,0,0,4096,0,0,-316,0,0,220156,3068,4
7,0,1,0,4,35923395000,35926827000,35926849000,224568,0,0,3072,0,0,708,0,0,221180,4092,3
6,0,0,0,0,35926852000,35926856000,35926863000,224568,0,0,3072,0,0,708,0,0,221180,4092,3
7,0,1,0,0,35926879000,35939263000,35939283000,224568,0,0,2048,0,0,1732,0,0,222204,1020,2
1,2136,2136,0,0,35939292000,35939325000,35939335000,226704,0,0,4096,0,0,-404,0,0,222204,1020,4
6,0,0,0,0,35939336000,35939339000,35939346000,226704,0,0,4096,0,0,-404,0,0,222204,1020,4
7,0,1,0,4,35939349000,35942858000,35942888000,226704,0,0,3072,0,0,620,0,0,223228,2044,3
6,0,0,0,0,35942891000,35942895000,35942903000,226704,0,0,3072,0,0,620,0,0,223228,2044,3
7,0,1,0,0,35942922000,35955755000,35955780000,226704,0,0,2048,0,0,1644,0,0,224252,3068,2
1,2140,2140,0,0,35955789000,35955825000,35955837000,228844,0,0,4096,0,0,-496,0,0,224252,3068,4
6,0,0,0,0,35955838000,35955842000,35955848000,228844,0,0,4096,0,0,-496,0,0,224252,3068,4
7,0,1,0,4,35955851000,35958854000,35958877000,228844,0,0,3072,0,0,528,0,0,225276,4092,3
6,0,0,0,0,35958880000,35958883000,35958890000,228844,0,0,3072,0,0,528,0,0,225276,4092,3
7,0,1,0,0,35958907000,35971647000,35971669000,228844,0,0,2048,0,0,1552,0,0,226300,1020,2
1,532,532,0,0,35971679000,35971706000,35971717000,229376,0,0,3072,0,0,1020,0,0,226300,1020,3
6,1608,0,0,0,35971718000,35971721000,35971728000,229376,0,0,3072,0,0,1020,0,0,226300,1020,3
7,1,1,0,4,35971731000,35971743000,35971752000,229376,0,0,3072,0,0,1020,0,0,226300,1020,3
1,1608,1608,0,0,35980065000,35980107000,35980129000,230984,0,0,3072,0,0,436,0,0,227324,2044,3
6,0,0,0,0,35980130000,35980134000,35980141000,230984,0,0,3072,0,0,436,0,0,227324,2044,3
7,0,1,0,0,35980160000,35992604000,35992623000,230984,0,0,1024,0,0,2484,0,0,229372,4092,1
1,2140,2140,0,0,35992632000,35992660000,35992671000,233124,0,0,3072,0,0,344,0,0,229372,4092,3
6,0,0,0,0,35992672000,35992675000,35992682000,233124,0,0,3072,0,0,344,0,0,229372,4092,3
7,0,1,0,0,35992684000,36006549000,36006577000,233124,0,0,2048,0,0,1368,0,0,230396,1020,2
1,2136,2136,0,0,36006588000,36006622000,36006631000,235260,0,0,4096,0,0,-768,0,0,230396,1020,4
6,0,0,0,0,36006632000,36006636000,36006642000,235260,0,0,4096,0,0,-768,0,0,230396,1020,4
7,0,1,0,4,36006646000,36006799000,36006812000,235260,0,0,3072,0,0,256,0,0,231420,2044,3
6,0,0,0,0,36010078000,36010107000,36010119000,235260,0,0,3072,0,0,256,0,0,231420,2044,3
7,0,1,0,0,36010138000,36022577000,36022600000,235260,0,0,2048,0,0,1280,0,0,232444,3068,2
1,2140,2140,0,0,36022609000,36022642000,36022652000,237400,0,0,4096,0,0,-860,0,0,232444,3068,4
6,0,0,0,0,36022653000,36022657000,36022664000,237400,0,0,4096,0,0,-860,0,0,232444,3068,4
7,0,1,0,4,36022666000,36022797000,36022812000,237400,0,0,3072,0,0,164,0,0,233468,4092,3
6,0,0,0,0,36030057000,36030085000,36030099000,237400,0,0,3072,0,0,164,0,0,233468,4092,3
7,0,1,0,0,36030116000,36042542000,36042563000,237400,0,0,1024,0,0,2212,0,0,235516,2044,1
1,2140,2140,0,0,36042573000,36042603000,36042613000,239540,0,0,3072,0,0,72,0,0,235516,2044,3
6,0,0,0,0,36042615000,36042618000,36042625000,239540,0,0,3072,0,0,72,0,0,235516,2044,3
7,0,1,0,0,36042627000,36056457000,36056484000,239540,0,0,1024,0,0,2120,0,0,237564,4092,1
1,2136,2136,0,0,36056495000,36056531000,36056541000,241676,0,0,4096,0,0,-16,0,0,237564,4092,4
6,0,0,0,0,36056542000,36056545000,36056552000,241676,0,0,4096,0,0,-16,0,0,237564,4092,4
7,0,1,0,4,36056555000,36062826000,36062850000,241676,0,0,3072,0,0,1008,0,0,238588,1020,3
6,0,0,0,0,36062854000,36062857000,36062865000,241676,0,0,3072,0,0,1008,0,0,238588,1020,3
7,0,1,0,0,36062882000,36075309000,36075328000,241676,0,0,2048,0,0,2032,0,0,239612,2044,2
1,2140,2140,0,0,36075338000,36075369000,36075380000,243816,0,0,4096,0,0,-108,0,0,239612,2044,4
6,0,0,0,0,36075381000,36075384000,36075391000,243816,0,0,4096,0,0,-108,0,0,239612,2044,4
7,0,1,0,4,36075394000,36078829000,36078854000,243816,0,0,3072,0,0,916,0,0,240636,3068,3
6,0,0,0,0,36078857000,36078861000,36078868000,243816,0,0,3072,0,0,916,0,0,240636,3068,3
7,0,1,0,0,36078885000,36091281000,36091301000,243816,0,0,2048,0,0,1940,0,0,241660,4092,2
1,2140,2140,0,0,36091310000,36091341000,36091351000,245956,0,0,4096,0,0,-200,0,0,241660,4092,4
6,0,0,0,0,36091352000,36091355000,36091362000,245956,0,0,4096,0,0,-200,0,0,241660,4092,4
7,0,1,0,4,36091364000,36094822000,36094846000,245956,0,0,3072,0,0,824,0,0,242684,1020,3
6,0,0,0,0,36094850000,36094854000,36094861000,245956,0,0,3072,0,0,824,0,0,242684,1020,3
7,0,1,0,0,36094878000,36107294000,36107314000,245956,0,0,2048,0,0,1848,0,0,243708,2044,2
1,2136,2136,0,0,36107323000,36107354000,36107364000,248092,0,0,4096,0,0,-288,0,0,243708,2044,4
6,0,0,0,0,36107365000,36107369000,36107376000,248092,0,0,4096,0,0,-288,0,0,243708,2044,4
7,0,1,0,4,36107379000,36110830000,36110853000,248092,0,0,3072,0,0,736,0,0,244732,3068,3
6,0,0,0,0,36110856000,36110860000,36110867000,248092,0,0,3072,0,0,736,0,0,244732,3068,3
7,0,1,0,0,36110884000,36123272000,36123291000,248092,0,0,2048,0,0,1760,0,0,245756,4092,2
1,2140,2140,0,0,36123301000,36123333000,36123343000,250232,0,0,4096,0,0,-380,0,0,245756,4092,4
6,0,0,0,0,36123344000,36123348000,36123355000,250232,0,0,4096,0,0,-380,0,0,245756,4092,4
7,0,1,0,4,36123357000,36126823000,36126849000,250232,0,0,3072,0,0,644,0,0,246780,1020,3
6,0,0,0,0,36126852000,36126856000,36126863000,250232,0,0,3072,0,0,644,0,0,246780,1020,3
7,0,1,0,0,36126880000,36139299000,36139320000,250232,0,0,2048,0,0,1668,0,0,247804,2044,2
1,2140,2140,0,0,36139330000,36139364000,36139375000,252372,0,0,4096,0,0,-472,0,0,247804,2044,4
6,0,0,0,0,36139376000,36139380000,36139387000,252372,0,0,4096,0,0,-472,0,0,247804,2044,4
7,0,1,0,4,36139390000,36142823000,36142847000,252372,0,0,3072,0,0,552,0,0,248828,3068,3
6,0,0,0,0,36142850000,36142854000,36142862000,252372,0,0,3072,0,0,552,0,0,248828,3068,3
7,0,1,0,0,36142879000,36156929000,36156951000,252372,0,0,2048,0,0,1576,0,0,249852,4092,2
1,2136,2136,0,0,36156961000,36156992000,36157003000,254508,0,0,4096,0,0,-560,0,0,249852,4092,4
6,0,0,0,0,36157004000,36157008000,36157015000,254508,0,0,4096,0,0,-560,0,0,249852,4092,4
7,0,1,0,4,36157017000,36158861000,36158891000,254508,0,0,3072,0,0,464,0,0,250876,1020,3
6,0,0,0,0,36158895000,36158899000,36158907000,254508,0,0,3072,0,0,464,0,0,250876,1020,3
7,0,1,0,0,36158925000,36171838000,36171864000,254508,0,0,2048,0,0,1488,0,0,251900,2044,2
1,2140,2140,0,0,36171874000,36171908000,36171919000,256648,0,0,4096,0,0,-652,0,0,251900,2044,4
6,0,0,0,0,36171920000,36171924000,36171931000,256648,0,0,4096,0,0,-652,0,0,251900,2044,4
7,0,1,0,4,36171933000,36174861000,36174885000,256648,0,0,3072,0,0,372,0,0,252924,3068,3
6,0,0,0,0,36174889000,36174893000,36174900000,256648,0,0,3072,0,0,372,0,0,252924,3068,3
7,0,1,0,0,36174916000,36187658000,36187680000,256648,0,0,2048,0,0,1396,0,0,253948,4092,2
1,2140,2140,0,0,36187689000,36187719000,36187730000,258788,0,0,4096,0,0,-744,0,0,253948,4092,4
6,0,0,0,0,36187731000,36187734000,36187741000,258788,0,0,4096,0,0,-744,0,0,253948,4092,4
7,0,1,0,4,36187744000,36191034000,36191058000,258788,0,0,3072,0,0,280,0,0,254972,1020,3
6,0,0,0,0,36191062000,36191065000,36191072000,258788,0,0,3072,0,0,280,0,0,254972,1020,3
7,0,1,0,0,36191090000,36203461000,36203478000,258788,0,0,2048,0,0,1304,0,0,255996,2044,2
1,2136,2136,0,0,36203488000,36203520000,36203530000,260924,0,0,4096,0,0,-832,0,0,255996,2044,4
6,0,0,0,0,36203531000,36203534000,36203541000,260924,0,0,4096,0,0,-832,0,0,255996,2044,4
7,0,1,0,4,36203544000,36206845000,36206870000,260924,0,0,3072,0,0,192,0,0,257020,3068,3
6,0,0,0,0,36206874000,36206877000,36206885000,260924,0,0,3072,0,0,192,0,0,257020,3068,3
7,0,1,0,0,36206902000,36219277000,36219296000,260924,0,0,2048,0,0,1216,0,0,258044,4092,2
1,1220,1220,0,0,36219305000,36219335000,36219345000,262144,0,0,4096,0,0,-4,0,0,258044,4092,4
6,920,0,0,0,36219346000,36219349000,36219356000,262144,0,0,4096,0,0,-4,0,0,258044,4092,4
7,1,1,0,4,36219358000,36222929000,36222955000,262144,0,0,3072,0,0,1020,0,0,259068,1020,3
1,920,920,0,0,36222959000,36222974000,36222983000,263064,0,0,3072,0,0,100,0,0,259068,1020,3
6,0,0,0,0,36222984000,36222988000,36222994000,263064,0,0,3072,0,0,100,0,0,259068,1020,3
7,0,1,0,0,36223013000,36235388000,36235407000,263064,0,0,2048,0,0,1124,0,0,260092,2044,2
1,2140,2140,0,0,36235416000,36235444000,36235454000,265204,0,0,4096,0,0,-1016,0,0,260092,2044,4
6,0,0,0,0,36235455000,36235459000,36235466000,265204,0,0,4096,0,0,-1016,0,0,260092,2044,4
7,0,1,0,4,36235468000,36238852000,36238880000,265204,0,0,3072,0,0,8,0,0,261116,3068,3
6,0,0,0,0,36238884000,36238889000,36238896000,265204,0,0,3072,0,0,8,0,0,261116,3068,3
7,0,1,0,0,36238921000,36251681000,36251706000,265204,0,0,2048,0,0,1032,0,0,262140,4092,2
1,2140,1032,0,0,36251715000,36251749000,36251759000,266236,0,0,4096,0,0,0,0,0,262140,4092,4
6,1108,0,0,0,36251760000,36251763000,36251770000,266236,0,0,4096,0,0,0,0,0,262140,4092,4
7,1,1,0,4,36251773000,36254850000,36254880000,266236,0,0,3072,0,0,1024,0,0,263164,1020,3
1,1108,1108,0,0,36254886000,36254921000,36254932000,267344,0,0,4096,0,0,-84,0,0,263164,1020,4
6,0,0,0,0,36254933000,36254937000,36254944000,267344,0,0,4096,0,0,-84,0,0,263164,1020,4
7,0,1,0,4,36254969000,36262818000,36262837000,267344,0,0,3072,0,0,940,0,0,264188,2044,3
6,0,0,0,0,36262840000,36262844000,36262851000,267344,0,0,3072,0,0,940,0,0,264188,2044,3
7,0,1,0,0,36262866000,36275272000,36275293000,267344,0,0,2048,0,0,1964,0,0,265212,3068,2
1,2136,2136,0,0,36275302000,36275331000,36275341000,269480,0,0,4096,0,0,-172,0,0,265212,3068,4
6,0,0,0,0,36275342000,36275345000,36275352000,269480,0,0,4096,0,0,-172,0,0,265212,3068,4
7,0,1,0,4,36275354000,36278819000,36278844000,269480,0,0,3072,0,0,852,0,0,266236,4092,3
6,0,0,0,0,36278847000,36278851000,36278858000,269480,0,0,3072,0,0,852,0,0,266236,4092,3
7,0,1,0,0,36278875000,36291341000,36291365000,269480,0,0,2048,0,0,1876,0,0,267260,1020,2
1,2140,2140,0,0,36291375000,36291406000,36291416000,271620,0,0,4096,0,0,-264,0,0,267260,1020,4
6,0,0,0,0,36291417000,36291421000,36291428000,271620,0,0,4096,0,0,-264,0,0,267260,1020,4
7,0,1,0,4,36291431000,36294822000,36294845000,271620,0,0,3072,0,0,760,0,0,268284,2044,3
6,0,0,0,0,36294849000,36294853000,36294860000,271620,0,0,3072,0,0,760,0,0,268284,2044,3
7,0,1,0,0,36294878000,36307263000,36307282000,271620,0,0,2048,0,0,1784,0,0,269308,3068,2
1,2140,2140,0,0,36307292000,36307322000,36307333000,273760,0,0,4096,0,0,-356,0,0,269308,3068,4
6,0,0,0,0,36307334000,36307338000,36307345000,273760,0,0,4096,0,0,-356,0,0,269308,3068,4
7,0,1,0,4,36307347000,36310823000,36310847000,273760,0,0,3072,0,0,668,0,0,270332,4092,3
6,0,0,0,0,36310850000,36310855000,36310862000,273760,0,0,3072,0,0,668,0,0,270332,4092,3
7,0,1,0,0,36310881000,36323269000,36323286000,273760,0,0,2048,0,0,1692,0,0,271356,1020,2
1,2136,2136,0,0,36323296000,36323328000,36323339000,275896,0,0,4096,0,0,-444,0,0,271356,1020,4
6,0,0,0,0,36323340000,36323344000,36323351000,275896,0,0,4096,0,0,-444,0,0,271356,1020,4
7,0,1,0,4,36323354000,36326819000,36326844000,275896,0,0,3072,0,0,580,0,0,272380,2044,3
6,0,0,0,0,36326848000,36326851000,36326858000,275896,0,0,3072,0,0,580,0,0,272380,2044,3
7,0,1,0,0,36326875000,36339263000,36339282000,275896,0,0,2048,0,0,1604,0,0,273404,3068,2
1,2140,2140,0,0,36339291000,36339324000,36339334000,278036,0,0,4096,0,0,-536,0,0,273404,3068,4
6,0,0,0,0,36339335000,36339338000,36339345000,278036,0,0,4096,0,0,-536,0,0,273404,3068,4
7,0,1,0,4,36339348000,36342823000,36342845000,278036,0,0,3072,0,0,488,0,0,274428,4092,3
6,0,0,0,0,36342848000,36342852000,36342859000,278036,0,0,3072,0,0,488,0,0,274428,4092,3
7,0,1,0,0,36342875000,36355268000,36355289000,278036,0,0,2048,0,0,1512,0,0,275452,1020,2
1,2140,2140,0,0,36355298000,36355331000,36355340000,280176,0,0,4096,0,0,-628,0,0,275452,1020,4
6,0,0,0,0,36355341000,36355345000,36355351000,280176,0,0,4096,0,0,-628,0,0,275452,1020,4
7,0,1,0,4,36355354000,36358817000,36358842000,280176,0,0,3072,0,0,396,0,0,276476,2044,3
6,0,0,0,0,36358845000,36358849000,36358856000,280176,0,0,3072,0,0,396,0,0,276476,2044,3
7,0,1,0,0,36358872000,36372978000,36373006000,280176,0,0,2048,0,0,1420,0,0,277500,3068,2
1,2136,2136,0,0,36373016000,36373050000,36373061000,282312,0,0,4096,0,0,-716,0,0,277500,3068,4
6,0,0,0,0,36373062000,36373066000,36373072000,282312,0,0,4096,0,0,-716,0,0,277500,3068,4
7,0,1,0,4,36373075000,36374865000,36374896000,282312,0,0,3072,0,0,308,0,0,278524,4092,3
6,0,0,0,0,36374899000,36374903000,36374910000,282312,0,0,3072,0,0,308,0,0,278524,4092,3
7,0,1,0,0,36374928000,36387687000,36387707000,282312,0,0,2048,0,0,1332,0,0,279548,1020,2
1,2140,2140,0,0,36387716000,36387746000,36387757000,284452,0,0,4096,0,0,-808,0,0,279548,1020,4
6,0,0,0,0,36387758000,36387762000,36387769000,284452,0,0,4096,0,0,-808,0,0,279548,1020,4
7,0,1,0,4,36387771000,36391059000,36391083000,284452,0,0,3072,0,0,216,0,0,280572,2044,3
6,0,0,0,0,36391087000,36391091000,36391098000,284452,0,0,3072,0,0,216,0,0,280572,2044,3
7,0,1,0,0,36391115000,36403527000,36403548000,284452,0,0,2048,0,0,1240,0,0,281596,3068,2
1,2140,2140,0,0,36403558000,36403590000,36403600000,286592,0,0,4096,0,0,-900,0,0,281596,3068,4
6,0,0,0,0,36403601000,36403618000,36403627000,286592,0,0,4096,0,0,-900,0,0,281596,3068,4
7,0,1,0,4,36403630000,36406972000,36406998000,286592,0,0,3072,0,0,124,0,0,282620,4092,3
6,0,0,0,0,36407001000,36407005000,36407011000,286592,0,0,3072,0,0,124,0,0,282620,4092,3
7,0,1,0,0,36407029000,36419406000,36419424000,286592,0,0,2048,0,0,1148,0,0,283644,1020,2
1,2136,2136,0,0,36419433000,36419463000,36419473000,288728,0,0,4096,0,0,-988,0,0,283644,1020,4
6,0,0,0,0,36419474000,36419478000,36419485000,288728,0,0,4096,0,0,-988,0,0,283644,1020,4
7,0,1,0,4,36419487000,36422858000,36422882000,288728,0,0,3072,0,0,36,0,0,284668,2044,3
6,0,0,0,0,36422886000,36422889000,36422896000,288728,0,0,3072,0,0,36,0,0,284668,2044,3
7,0,1,0,0,36422912000,36435324000,36435347000,288728,0,0,2048,0,0,1060,0,0,285692,3068,2
1,2140,1060,0,0,36435356000,36435389000,36435400000,289788,0,0,4096,0,0,0,0,0,285692,3068,4
6,1080,0,0,0,36435401000,36435404000,36435411000,289788,0,0,4096,0,0,0,0,0,285692,3068,4
7,1,1,0,4,36435414000,36438847000,36438874000,289788,0,0,3072,0,0,1024,0,0,286716,4092,3
1,1080,1080,0,0,36438879000,36438917000,36438927000,290868,0,0,4096,0,0,-56,0,0,286716,4092,4
6,0,0,0,0,36438928000,36438931000,36438938000,290868,0,0,4096,0,0,-56,0,0,286716,4092,4
7,0,1,0,4,36438964000,36446817000,36446838000,290868,0,0,3072,0,0,968,0,0,287740,1020,3
6,0,0,0,0,36446841000,36446845000,36446852000,290868,0,0,3072,0,0,968,0,0,287740,1020,3
7,0,1,0,0,36446868000,36459241000,36459260000,290868,0,0,2048,0,0,1992,0,0,288764,2044,2
1,2140,2140,0,0,36459270000,36459297000,36459307000,293008,0,0,4096,0,0,-148,0,0,288764,2044,4
6,0,0,0,0,36459308000,36459311000,36459318000,293008,0,0,4096,0,0,-148,0,0,288764,2044,4
7,0,1,0,4,36459320000,36462821000,36462845000,293008,0,0,3072,0,0,876,0,0,289788,3068,3
6,0,0,0,0,36462848000,36462852000,36462859000,293008,0,0,3072,0,0,876,0,0,289788,3068,3
7,0,1,0,0,36462876000,36475259000,36475277000,293008,0,0,2048,0,0,1900,0,0,290812,4092,2
1,1904,1904,0,0,36475285000,36475315000,36475325000,294912,0,0,4096,0,0,-4,0,0,290812,4092,4
6,236,0,0,0,36475326000,36475329000,36475336000,294912,0,0,4096,0,0,-4,0,0,290812,4092,4
7,1,1,0,4,36475338000,36478823000,36478846000,294912,0,0,3072,0,0,1020,0,0,291836,1020,3
1,236,236,0,0,36478850000,36478862000,36478871000,295148,0,0,3072,0,0,784,0,0,291836,1020,3
6,0,0,0,0,36478872000,36478875000,36478882000,295148,0,0,3072,0,0,784,0,0,291836,1020,3
7,0,1,0,0,36478898000,36491314000,36491336000,295148,0,0,2048,0,0,1808,0,0,292860,2044,2
1,2136,2136,0,0,36491346000,36491375000,36491386000,297284,0,0,4096,0,0,-328,0,0,292860,2044,4
6,0,0,0,0,36491387000,36491390000,36491397000,297284,0,0,4096,0,0,-328,0,0,292860,2044,4
7,0,1,0,4,36491400000,36494818000,36494843000,297284,0,0,3072,0,0,696,0,0,293884,3068,3
6,0,0,0,0,36494846000,36494849000,36494857000,297284,0,0,3072,0,0,696,0,0,293884,3068,3
7,0,1,0,0,36494873000,36507311000,36507334000,297284,0,0,2048,0,0,1720,0,0,294908,4092,2
1,2140,2140,0,0,36507343000,36507374000,36507384000,299424,0,0,4096,0,0,-420,0,0,294908,4092,4
6,0,0,0,0,36507385000,36507389000,36507396000,299424,0,0,4096,0,0,-420,0,0,294908,4092,4
7,0,1,0,4,36507398000,36510819000,36510843000,299424,0,0,3072,0,0,604,0,0,295932,1020,3
6,0,0,0,0,36510847000,36510851000,36510858000,299424,0,0,3072,0,0,604,0,0,295932,1020,3
7,0,1,0,0,36510874000,36523297000,36523318000,299424,0,0,2048,0,0,1628,0,0,296956,2044,2
1,2140,2140,0,0,36523328000,36523360000,36523370000,301564,0,0,4096,0,0,-512,0,0,296956,2044,4
6,0,0,0,0,36523371000,36523375000,36523382000,301564,0,0,4096,0,0,-512,0,0,296956,2044,4
7,0,1,0,4,36523384000,36526818000,36526843000,301564,0,0,3072,0,0,512,0,0,297980,3068,3
6,0,0,0,0,36526846000,36526850000,36526857000,301564,0,0,3072,0,0,512,0,0,297980,3068,3
7,0,1,0,0,36526876000,36539262000,36539281000,301564,0,0,2048,0,0,1536,0,0,299004,4092,2
1,2136,2136,0,0,36539290000,36539321000,36539331000,303700,0,0,4096,0,0,-600,0,0,299004,4092,4
6,0,0,0,0,36539332000,36539336000,36539343000,303700,0,0,4096,0,0,-600,0,0,299004,4092,4
7,0,1,0,4,36539345000,36542820000,36542846000,303700,0,0,3072,0,0,424,0,0,300028,1020,3
6,0,0,0,0,36542849000,36542853000,36542860000,303700,0,0,3072,0,0,424,0,0,300028,1020,3
7,0,1,0,0,36542878000,36555310000,36555331000,303700,0,0,2048,0,0,1448,0,0,301052,2044,2
1,2140,2140,0,0,36555341000,36555370000,36555382000,305840,0,0,4096,0,0,-692,0,0,301052,2044,4
6,0,0,0,0,36555383000,36555386000,36555394000,305840,0,0,4096,0,0,-692,0,0,301052,2044,4
7,0,1,0,4,36555397000,36558816000,36558840000,305840,0,0,3072,0,0,332,0,0,302076,3068,3
6,0,0,0,0,36558843000,36558847000,36558854000,305840,0,0,3072,0,0,332,0,0,302076,3068,3
7,0,1,0,0,36558872000,36572945000,36572972000,305840,0,0,2048,0,0,1356,0,0,303100,4092,2
1,2140,2140,0,0,36572982000,36573015000,36573026000,307980,0,0,4096,0,0,-784,0,0,303100,4092,4
6,0,0,0,0,36573027000,36573030000,36573037000,307980,0,0,4096,0,0,-784,0,0,303100,4092,4
7,0,1,0,4,36573040000,36574850000,36574881000,307980,0,0,3072,0,0,240,0,0,304124,1020,3
6,0,0,0,0,36574885000,36574888000,36574895000,307980,0,0,3072,0,0,240,0,0,304124,1020,3
7,0,1,0,0,36574916000,36587696000,36587717000,307980,0,0,2048,0,0,1264,0,0,305148,2044,2
1,2136,2136,0,0,36587727000,36587756000,36587767000,310116,0,0,4096,0,0,-872,0,0,305148,2044,4
6,0,0,0,0,36587768000,36587772000,36587779000,310116,0,0,4096,0,0,-872,0,0,305148,2044,4
7,0,1,0,4,36587782000,36591113000,36591138000,310116,0,0,3072,0,0,152,0,0,306172,3068,3
6,0,0,0,0,36591141000,36591144000,36591151000,310116,0,0,3072,0,0,152,0,0,306172,3068,3
7,0,1,0,0,36591168000,36603573000,36603592000,310116,0,0,2048,0,0,1176,0,0,307196,4092,2
1,2140,2140,0,0,36603601000,36603630000,36603642000,312256,0,0,4096,0,0,-964,0,0,307196,4092,4
6,0,0,0,0,36603643000,36603646000,36603653000,312256,0,0,4096,0,0,-964,0,0,307196,4092,4
7,0,1,0,4,36603656000,36606868000,36606891000,312256,0,0,3072,0,0,60,0,0,308220,1020,3
6,0,0,0,0,36606894000,36606897000,36606904000,312256,0,0,3072,0,0,60,0,0,308220,1020,3
7,0,1,0,0,36606921000,36619375000,36619397000,312256,0,0,2048,0,0,1084,0,0,309244,2044,2
1,2140,1084,0,0,36619406000,36619437000,36619447000,313340,0,0,4096,0,0,0,0,0,309244,2044,4
6,1056,0,0,0,36619448000,36619451000,36619458000,313340,0,0,4096,0,0,0,0,0,309244,2044,4
7,1,1,0,4,36619461000,36622879000,36622903000,313340,0,0,3072,0,0,1024,0,0,310268,3068,3
1,1056,1056,0,0,36622906000,36622936000,36622945000,314396,0,0,4096,0,0,-32,0,0,310268,3068,4
6,0,0,0,0,36622946000,36622950000,36622957000,314396,0,0,4096,0,0,-32,0,0,310268,3068,4
7,0,1,0,4,36622975000,36630807000,36630825000,314396,0,0,3072,0,0,992,0,0,311292,4092,3
6,0,0,0,0,36630827000,36630830000,36630837000,314396,0,0,3072,0,0,992,0,0,311292,4092,3
7,0,1,0,0,36630848000,36643254000,36643273000,314396,0,0,2048,0,0,2016,0,0,312316,1020,2
1,2136,2136,0,0,36643283000,36643310000,36643321000,316532,0,0,4096,0,0,-120,0,0,312316,1020,4
6,0,0,0,0,36643321000,36643325000,36643332000,316532,0,0,4096,0,0,-120,0,0,312316,1020,4
7,0,1,0,4,36643334000,36646815000,36646839000,316532,0,0,3072,0,0,904,0,0,313340,2044,3
6,0,0,0,0,36646842000,36646846000,36646853000,316532,0,0,3072,0,0,904,0,0,313340,2044,3
7,0,1,0,0,36646869000,36659259000,36659278000,316532,0,0,2048,0,0,1928,0,0,314364,3068,2
1,2140,2140,0,0,36659287000,36659319000,36659328000,318672,0,0,4096,0,0,-212,0,0,314364,3068,4
6,0,0,0,0,36659329000,36659332000,36659339000,318672,0,0,4096,0,0,-212,0,0,314364,3068,4
7,0,1,0,4,36659342000,36662814000,36662838000,318672,0,0,3072,0,0,812,0,0,315388,4092,3
6,0,0,0,0,36662841000,36662844000,36662851000,318672,0,0,3072,0,0,812,0,0,315388,4092,3
7,0,1,0,0,36662868000,36675287000,36675308000,318672,0,0,2048,0,0,1836,0,0,316412,1020,2
1,2140,2140,0,0,36675317000,36675347000,36675358000,320812,0,0,4096,0,0,-304,0,0,316412,1020,4
6,0,0,0,0,36675359000,36675362000,36675369000,320812,0,0,4096,0,0,-304,0,0,316412,1020,4
7,0,1,0,4,36675372000,36678819000,36678843000,320812,0,0,3072,0,0,720,0,0,317436,2044,3
6,0,0,0,0,36678847000,36678850000,36678857000,320812,0,0,3072,0,0,720,0,0,317436,2044,3
7,0,1,0,0,36678874000,36691267000,36691286000,320812,0,0,2048,0,0,1744,0,0,318460,3068,2
1,2136,2136,0,0,36691295000,36691326000,36691337000,322948,0,0,4096,0,0,-392,0,0,318460,3068,4
6,0,0,0,0,36691338000,36691341000,36691347000,322948,0,0,4096,0,0,-392,0,0,318460,3068,4
7,0,1,0,4,36691350000,36694811000,36694835000,322948,0,0,3072,0,0,632,0,0,319484,4092,3
6,0,0,0,0,36694839000,36694843000,36694850000,322948,0,0,3072,0,0,632,0,0,319484,4092,3
7,0,1,0,0,36694867000,36707296000,36707317000,322948,0,0,2048,0,0,1656,0,0,320508,1020,2
1,2140,2140,0,0,36707327000,36707357000,36707368000,325088,0,0,4096,0,0,-484,0,0,320508,1020,4
6,0,0,0,0,36707369000,36707372000,36707379000,325088,0,0,4096,0,0,-484,0,0,320508,1020,4
7,0,1,0,4,36707382000,36710814000,36710840000,325088,0,0,3072,0,0,540,0,0,321532,2044,3
6,0,0,0,0,36710842000,36710846000,36710853000,325088,0,0,3072,0,0,540,0,0,321532,2044,3
7,0,1,0,0,36710870000,36723342000,36723365000,325088,0,0,2048,0,0,1564,0,0,322556,3068,2
1,2140,2140,0,0,36723374000,36723408000,36723419000,327228,0,0,4096,0,0,-576,0,0,322556,3068,4
6,0,0,0,0,36723420000,36723423000,36723430000,327228,0,0,4096,0,0,-576,0,0,322556,3068,4
7,0,1,0,4,36723432000,36726810000,36726834000,327228,0,0,3072,0,0,448,0,0,323580,4092,3
6,0,0,0,0,36726837000,36726840000,36726847000,327228,0,0,3072,0,0,448,0,0,323580,4092,3
7,0,1,0,0,36726863000,36739317000,36739338000,327228,0,0,2048,0,0,1472,0,0,324604,1020,2
1,452,452,0,0,36739348000,36739372000,36739382000,327680,0,0,3072,0,0,1020,0,0,324604,1020,3
6,1688,0,0,0,36739382000,36739386000,36739393000,327680,0,0,3072,0,0,1020,0,0,324604,1020,3
7,1,1,0,4,36739396000,36739408000,36739416000,327680,0,0,3072,0,0,1020,0,0,324604,1020,3
1,1688,1688,0,0,36750051000,36750090000,36750113000,329368,0,0,3072,0,0,356,0,0,325628,2044,3
6,0,0,0,0,36750114000,36750118000,36750126000,329368,0,0,3072,0,0,356,0,0,325628,2044,3
7,0,1,0,0,36750145000,36762569000,36762590000,329368,0,0,1024,0,0,2404,0,0,327676,4092,1
1,2136,2136,0,0,36762600000,36762629000,36762638000,331504,0,0,3072,0,0,268,0,0,327676,4092,3
6,0,0,0,0,36762639000,36762643000,36762650000,331504,0,0,3072,0,0,268,0,0,327676,4092,3
7,0,1,0,0,36762652000,36776530000,36776557000,331504,0,0,1024,0,0,2316,0,0,329724,2044,1
1,2140,2140,0,0,36776568000,36776601000,36776612000,333644,0,0,3072,0,0,176,0,0,329724,2044,3
6,0,0,0,0,36776613000,36776616000,36776623000,333644,0,0,3072,0,0,176,0,0,329724,2044,3
7,0,1,0,0,36776626000,36792170000,36792198000,333644,0,0,1024,0,0,2224,0,0,331772,4092,1
1,2140,2140,0,0,36792209000,36792241000,36792251000,335784,0,0,3072,0,0,84,0,0,331772,4092,3
6,0,0,0,0,36792252000,36792256000,36792262000,335784,0,0,3072,0,0,84,0,0,331772,4092,3
7,0,1,0,0,36792265000,36806128000,36806156000,335784,0,0,2048,0,0,1108,0,0,332796,1020,2
1,2136,1108,0,0,36806166000,36806195000,36806206000,336892,0,0,4096,0,0,0,0,0,332796,1020,4
6,1028,0,0,0,36806207000,36806211000,36806218000,336892,0,0,4096,0,0,0,0,0,332796,1020,4
7,1,1,0,4,36806221000,36806836000,36806864000,336892,0,0,3072,0,0,1024,0,0,333820,2044,3
1,1028,1028,0,0,36810056000,36810098000,36810118000,337920,0,0,4096,0,0,-4,0,0,333820,2044,4
6,0,0,0,0,36810119000,36810123000,36810130000,337920,0,0,4096,0,0,-4,0,0,333820,2044,4
7,0,1,0,4,36810148000,36814788000,36814803000,337920,0,0,3072,0,0,1020,0,0,334844,3068,3
6,0,0,0,0,36814806000,36814810000,36814817000,337920,0,0,3072,0,0,1020,0,0,334844,3068,3
7,0,1,0,0,36814828000,36827239000,36827259000,337920,0,0,2048,0,0,2044,0,0,335868,4092,2
1,2140,2140,0,0,36827269000,36827297000,36827309000,340060,0,0,4096,0,0,-96,0,0,335868,4092,4
6,0,0,0,0,36827309000,36827313000,36827320000,340060,0,0,4096,0,0,-96,0,0,335868,4092,4
7,0,1,0,4,36827322000,36830813000,36830837000,340060,0,0,3072,0,0,928,0,0,336892,1020,3
6,0,0,0,0,36830841000,36830845000,36830852000,340060,0,0,3072,0,0,928,0,0,336892,1020,3
7,0,1,0,0,36830870000,36843267000,36843286000,340060,0,0,2048,0,0,1952,0,0,337916,2044,2
1,2140,2140,0,0,36843295000,36843327000,36843337000,342200,0,0,4096,0,0,-188,0,0,337916,2044,4
6,0,0,0,0,36843338000,36843341000,36843348000,342200,0,0,4096,0,0,-188,0,0,337916,2044,4
7,0,1,0,4,36843351000,36846809000,36846833000,342200,0,0,3072,0,0,836,0,0,338940,3068,3
6,0,0,0,0,36846836000,36846839000,36846846000,342200,0,0,3072,0,0,836,0,0,338940,3068,3
7,0,1,0,0,36846862000,36859297000,36859318000,342200,0,0,2048,0,0,1860,0,0,339964,4092,2
1,2136,2136,0,0,36859327000,36859358000,36859369000,344336,0,0,4096,0,0,-276,0,0,339964,4092,4
6,0,0,0,0,36859370000,36859373000,36859380000,344336,0,0,4096,0,0,-276,0,0,339964,4092,4
7,0,1,0,4,36859383000,36862814000,36862839000,344336,0,0,3072,0,0,748,0,0,340988,1020,3
6,0,0,0,0,36862842000,36862846000,36862853000,344336,0,0,3072,0,0,748,0,0,340988,1020,3
7,0,1,0,0,36862868000,36875270000,36875290000,344336,0,0,2048,0,0,1772,0,0,342012,2044,2
1,2140,2140,0,0,36875299000,36875332000,36875343000,346476,0,0,4096,0,0,-368,0,0,342012,2044,4
6,0,0,0,0,36875344000,36875347000,36875354000,346476,0,0,4096,0,0,-368,0,0,342012,2044,4
7,0,1,0,4,36875356000,36878808000,36878831000,346476,0,0,3072,0,0,656,0,0,343036,3068,3
6,0,0,0,0,36878835000,36878838000,36878845000,346476,0,0,3072,0,0,656,0,0,343036,3068,3
7,0,1,0,0,36878861000,36891299000,36891319000,346476,0,0,2048,0,0,1680,0,0,344060,4092,2
1,2140,2140,0,0,36891329000,36891360000,36891371000,348616,0,0,4096,0,0,-460,0,0,344060,4092,4
6,0,0,0,0,36891372000,36891375000,36891382000,348616,0,0,4096,0,0,-460,0,0,344060,4092,4
7,0,1,0,4,36891385000,36894812000,36894837000,348616,0,0,3072,0,0,564,0,0,345084,1020,3
6,0,0,0,0,36894840000,36894844000,36894851000,348616,0,0,3072,0,0,564,0,0,345084,1020,3
7,0,1,0,0,36894868000,36907256000,36907274000,348616,0,0,2048,0,0,1588,0,0,346108,2044,2
1,2136,2136,0,0,36907283000,36907317000,36907327000,350752,0,0,4096,0,0,-548,0,0,346108,2044,4
6,0,0,0,0,36907328000,36907332000,36907339000,350752,0,0,4096,0,0,-548,0,0,346108,2044,4
7,0,1,0,4,36907341000,36910813000,36910837000,350752,0,0,3072,0,0,476,0,0,347132,3068,3
6,0,0,0,0,36910841000,36910844000,36910851000,350752,0,0,3072,0,0,476,0,0,347132,3068,3
7,0,1,0,0,36910869000,36923283000,36923303000,350752,0,0,2048,0,0,1500,0,0,348156,4092,2
1,2140,2140,0,0,36923312000,36923343000,36923353000,352892,0,0,4096,0,0,-640,0,0,348156,4092,4
6,0,0,0,0,36923354000,36923358000,36923364000,352892,0,0,4096,0,0,-640,0,0,348156,4092,4
7,0,1,0,4,36923367000,36926809000,36926835000,352892,0,0,3072,0,0,384,0,0,349180,1020,3
6,0,0,0,0,36926838000,36926842000,36926849000,352892,0,0,3072,0,0,384,0,0,349180,1020,3
7,0,1,0,0,36926866000,36939258000,36939277000,352892,0,0,2048,0,0,1408,0,0,350204,2044,2
1,2140,2140,0,0,36939287000,36939316000,36939327000,355032,0,0,4096,0,0,-732,0,0,350204,2044,4
6,0,0,0,0,36939328000,36939332000,36939339000,355032,0,0,4096,0,0,-732,0,0,350204,2044,4
7,0,1,0,4,36939342000,36942816000,36942842000,355032,0,0,3072,0,0,292,0,0,351228,3068,3
6,0,0,0,0,36942845000,36942848000,36942855000,355032,0,0,3072,0,0,292,0,0,351228,3068,3
7,0,1,0,0,36942871000,36955257000,36955275000,355032,0,0,2048,0,0,1316,0,0,352252,4092,2
1,2136,2136,0,0,36955285000,36955319000,36955330000,357168,0,0,4096,0,0,-820,0,0,352252,4092,4
6,0,0,0,0,36955331000,36955335000,36955341000,357168,0,0,4096,0,0,-820,0,0,352252,4092,4
7,0,1,0,4,36955344000,36958806000,36958831000,357168,0,0,3072,0,0,204,0,0,353276,1020,3
6,0,0,0,0,36958834000,36958837000,36958844000,357168,0,0,3072,0,0,204,0,0,353276,1020,3
7,0,1,0,0,36958861000,36971282000,36971304000,357168,0,0,2048,0,0,1228,0,0,354300,2044,2
1,2140,2140,0,0,36971313000,36971345000,36971355000,359308,0,0,4096,0,0,-912,0,0,354300,2044,4
6,0,0,0,0,36971356000,36971359000,36971366000,359308,0,0,4096,0,0,-912,0,0,354300,2044,4
7,0,1,0,4,36971369000,36974808000,36974833000,359308,0,0,3072,0,0,112,0,0,355324,3068,3
6,0,0,0,0,36974836000,36974840000,36974847000,359308,0,0,3072,0,0,112,0,0,355324,3068,3
7,0,1,0,0,36974864000,36987261000,36987280000,359308,0,0,2048,0,0,1136,0,0,356348,4092,2
1,1140,1140,0,0,36987290000,36987321000,36987330000,360448,0,0,4096,0,0,-4,0,0,356348,4092,4
6,1000,0,0,0,36987331000,36987334000,36987341000,360448,0,0,4096,0,0,-4,0,0,356348,4092,4
7,1,1,0,4,36987344000,36991795000,36991824000,360448,0,0,3072,0,0,1020,0,0,357372,1020,3
1,1000,1000,0,0,36991828000,36991841000,36991851000,361448,0,0,3072,0,0,20,0,0,357372,1020,3
6,0,0,0,0,36991852000,36991855000,36991862000,361448,0,0,3072,0,0,20,0,0,357372,1020,3
7,0,1,0,0,36991883000,37004715000,37004741000,361448,0,0,2048,0,0,1044,0,0,358396,2044,2
1,2140,1044,0,0,37004751000,37004779000,37004790000,362492,0,0,4096,0,0,0,0,0,358396,2044,4
6,1096,0,0,0,37004791000,37004795000,37004801000,362492,0,0,4096,0,0,0,0,0,358396,2044,4
7,1,1,0,4,37004804000,37006847000,37006875000,362492,0,0,3072,0,0,1024,0,0,359420,3068,3
1,1096,1096,0,0,37006879000,37006919000,37006928000,363588,0,0,4096,0,0,-72,0,0,359420,3068,4
6,0,0,0,0,37006929000,37006933000,37006940000,363588,0,0,4096,0,0,-72,0,0,359420,3068,4
7,0,1,0,4,37006961000,37014803000,37014822000,363588,0,0,3072,0,0,952,0,0,360444,4092,3
6,0,0,0,0,37014825000,37014829000,37014836000,363588,0,0,3072,0,0,952,0,0,360444,4092,3
7,0,1,0,0,37014851000,37027229000,37027245000,363588,0,0,2048,0,0,1976,0,0,361468,1020,2
1,2136,2136,0,0,37027254000,37027281000,37027292000,365724,0,0,4096,0,0,-160,0,0,361468,1020,4
6,0,0,0,0,37027293000,37027296000,37027302000,365724,0,0,4096,0,0,-160,0,0,361468,1020,4
7,0,1,0,4,37027305000,37030814000,37030838000,365724,0,0,3072,0,0,864,0,0,362492,2044,3
6,0,0,0,0,37030841000,37030845000,37030852000,365724,0,0,3072,0,0,864,0,0,362492,2044,3
7,0,1,0,0,37030871000,37043268000,37043286000,365724,0,0,2048,0,0,1888,0,0,363516,3068,2
1,2140,2140,0,0,37043296000,37043328000,37043340000,367864,0,0,4096,0,0,-252,0,0,363516,3068,4
6,0,0,0,0,37043341000,37043344000,37043351000,367864,0,0,4096,0,0,-252,0,0,363516,3068,4
7,0,1,0,4,37043354000,37046808000,37046831000,367864,0,0,3072,0,0,772,0,0,364540,4092,3
6,0,0,0,0,37046835000,37046839000,37046846000,367864,0,0,3072,0,0,772,0,0,364540,4092,3
7,0,1,0,0,37046864000,37059314000,37059335000,367864,0,0,2048,0,0,1796,0,0,365564,1020,2
1,2140,2140,0,0,37059345000,37059375000,37059385000,370004,0,0,4096,0,0,-344,0,0,365564,1020,4
6,0,0,0,0,37059386000,37059389000,37059396000,370004,0,0,4096,0,0,-344,0,0,365564,1020,4
7,0,1,0,4,37059399000,37062830000,37062854000,370004,0,0,3072,0,0,680,0,0,366588,2044,3
6,0,0,0,0,37062858000,37062861000,37062868000,370004,0,0,3072,0,0,680,0,0,366588,2044,3
7,0,1,0,0,37062885000,37075285000,37075305000,370004,0,0,2048,0,0,1704,0,0,367612,3068,2
1,2136,2136,0,0,37075314000,37075345000,37075356000,372140,0,0,4096,0,0,-432,0,0,367612,3068,4
6,0,0,0,0,37075357000,37075361000,37075367000,372140,0,0,4096,0,0,-432,0,0,367612,3068,4
7,0,1,0,4,37075370000,37078809000,37078835000,372140,0,0,3072,0,0,592,0,0,368636,4092,3
6,0,0,0,0,37078838000,37078841000,37078848000,372140,0,0,3072,0,0,592,0,0,368636,4092,3
7,0,1,0,0,37078865000,37091289000,37091310000,372140,0,0,2048,0,0,1616,0,0,369660,1020,2
1,2140,2140,0,0,37091320000,37091348000,37091359000,374280,0,0,4096,0,0,-524,0,0,369660,1020,4
6,0,0,0,0,37091360000,37091363000,37091370000,374280,0,0,4096,0,0,-524,0,0,369660,1020,4
7,0,1,0,4,37091373000,37094807000,37094831000,374280,0,0,3072,0,0,500,0,0,370684,2044,3
6,0,0,0,0,37094834000,37094838000,37094845000,374280,0,0,3072,0,0,500,0,0,370684,2044,3
7,0,1,0,0,37094862000,37107251000,37107270000,374280,0,0,2048,0,0,1524,0,0,371708,3068,2
1,2140,2140,0,0,37107280000,37107311000,37107321000,376420,0,0,4096,0,0,-616,0,0,371708,3068,4
6,0,0,0,0,37107323000,37107326000,37107333000,376420,0,0,4096,0,0,-616,0,0,371708,3068,4
7,0,1,0,4,37107336000,37110805000,37110831000,376420,0,0,3072,0,0,408,0,0,372732,4092,3
6,0,0,0,0,37110835000,37110839000,37110846000,376420,0,0,3072,0,0,408,0,0,372732,4092,3
7,0,1,0,0,37110863000,37123289000,37123313000,376420,0,0,2048,0,0,1432,0,0,373756,1020,2
1,2136,2136,0,0,37123323000,37123354000,37123364000,378556,0,0,4096,0,0,-704,0,0,373756,1020,4
6,0,0,0,0,37123365000,37123369000,37123375000,378556,0,0,4096,0,0,-704,0,0,373756,1020,4
7,0,1,0,4,37123378000,37126806000,37126830000,378556,0,0,3072,0,0,320,0,0,374780,2044,3
6,0,0,0,0,37126833000,37126837000,37126844000,378556,0,0,3072,0,0,320,0,0,374780,2044,3
7,0,1,0,0,37126861000,37139247000,37139265000,378556,0,0,2048,0,0,1344,0,0,375804,3068,2
1,2140,2140,0,0,37139275000,37139307000,37139317000,380696,0,0,4096,0,0,-796,0,0,375804,3068,4
6,0,0,0,0,37139318000,37139322000,37139329000,380696,0,0,4096,0,0,-796,0,0,375804,3068,4
7,0,1,0,4,37139332000,37142803000,37142827000,380696,0,0,3072,0,0,228,0,0,376828,4092,3
6,0,0,0,0,37142831000,37142835000,37142842000,380696,0,0,3072,0,0,228,0,0,376828,4092,3
7,0,1,0,0,37142858000,37155288000,37155308000,380696,0,0,2048,0,0,1252,0,0,377852,1020,2
1,2140,2140,0,0,37155318000,37155350000,37155361000,382836,0,0,4096,0,0,-888,0,0,377852,1020,4
6,0,0,0,0,37155362000,37155365000,37155372000,382836,0,0,4096,0,0,-888,0,0,377852,1020,4
7,0,1,0,4,37155375000,37158803000,37158826000,382836,0,0,3072,0,0,136,0,0,378876,2044,3
6,0,0,0,0,37158829000,37158833000,37158840000,382836,0,0,3072,0,0,136,0,0,378876,2044,3
7,0,1,0,0,37158855000,37171295000,37171316000,382836,0,0,2048,0,0,1160,0,0,379900,3068,2
1,2136,2136,0,0,37171325000,37171359000,37171369000,384972,0,0,4096,0,0,-976,0,0,379900,3068,4
6,0,0,0,0,37171370000,37171373000,37171380000,384972,0,0,4096,0,0,-976,0,0,379900,3068,4
7,0,1,0,4,37171383000,37174806000,37174830000,384972,0,0,3072,0,0,48,0,0,380924,4092,3
6,0,0,0,0,37174834000,37174838000,37174845000,384972,0,0,3072,0,0,48,0,0,380924,4092,3
7,0,1,0,0,37174862000,37187325000,37187346000,384972,0,0,2048,0,0,1072,0,0,381948,1020,2
1,2140,1072,0,0,37187356000,37187386000,37187397000,386044,0,0,4096,0,0,0,0,0,381948,1020,4
6,1068,0,0,0,37187398000,37187401000,37187408000,386044,0,0,4096,0,0,0,0,0,381948,1020,4
7,1,1,0,4,37187411000,37190806000,37190832000,386044,0,0,3072,0,0,1024,0,0,382972,2044,3
1,1068,1068,0,0,37190835000,37190863000,37190873000,387112,0,0,4096,0,0,-44,0,0,382972,2044,4
6,0,0,0,0,37190874000,37190877000,37190884000,387112,0,0,4096,0,0,-44,0,0,382972,2044,4
7,0,1,0,4,37190903000,37198772000,37198787000,387112,0,0,3072,0,0,980,0,0,383996,3068,3
6,0,0,0,0,37198790000,37198794000,37198801000,387112,0,0,3072,0,0,980,0,0,383996,3068,3
7,0,1,0,0,37198810000,37212893000,37212919000,387112,0,0,2048,0,0,2004,0,0,385020,4092,2
1,2140,2140,0,0,37212930000,37212960000,37212971000,389252,0,0,4096,0,0,-136,0,0,385020,4092,4
6,0,0,0,0,37212972000,37212975000,37212982000,389252,0,0,4096,0,0,-136,0,0,385020,4092,4
7,0,1,0,4,37212985000,37214842000,37214872000,389252,0,0,3072,0,0,888,0,0,386044,1020,3
6,0,0,0,0,37214876000,37214881000,37214888000,389252,0,0,3072,0,0,888,0,0,386044,1020,3
7,0,1,0,0,37214908000,37227662000,37227684000,389252,0,0,2048,0,0,1912,0,0,387068,2044,2
1,2136,2136,0,0,37227694000,37227725000,37227735000,391388,0,0,4096,0,0,-224,0,0,387068,2044,4
6,0,0,0,0,37227736000,37227740000,37227747000,391388,0,0,4096,0,0,-224,0,0,387068,2044,4
7,0,1,0,4,37227750000,37231074000,37231099000,391388,0,0,3072,0,0,800,0,0,388092,3068,3
6,0,0,0,0,37231103000,37231107000,37231113000,391388,0,0,3072,0,0,800,0,0,388092,3068,3
7,0,1,0,0,37231130000,37243598000,37243621000,391388,0,0,2048,0,0,1824,0,0,389116,4092,2
1,1828,1828,0,0,37243630000,37243663000,37243675000,393216,0,0,4096,0,0,-4,0,0,389116,4092,4
6,312,0,0,0,37243676000,37243679000,37243686000,393216,0,0,4096,0,0,-4,0,0,389116,4092,4
7,1,1,0,4,37243689000,37246981000,37247005000,393216,0,0,3072,0,0,1020,0,0,390140,1020,3
1,312,312,0,0,37247009000,37247023000,37247032000,393528,0,0,3072,0,0,708,0,0,390140,1020,3
6,0,0,0,0,37247033000,37247036000,37247043000,393528,0,0,3072,0,0,708,0,0,390140,1020,3
7,0,1,0,0,37247059000,37259463000,37259487000,393528,0,0,2048,0,0,1732,0,0,391164,2044,2
1,2140,2140,0,0,37259496000,37259527000,37259538000,395668,0,0,4096,0,0,-408,0,0,391164,2044,4
6,0,0,0,0,37259540000,37259543000,37259551000,395668,0,0,4096,0,0,-408,0,0,391164,2044,4
7,0,1,0,4,37259554000,37262960000,37262985000,395668,0,0,3072,0,0,616,0,0,392188,3068,3
6,0,0,0,0,37262988000,37262992000,37262999000,395668,0,0,3072,0,0,616,0,0,392188,3068,3
7,0,1,0,0,37263017000,37275499000,37275522000,395668,0,0,2048,0,0,1640,0,0,393212,4092,2
1,2140,2140,0,0,37275532000,37275564000,37275575000,397808,0,0,4096,0,0,-500,0,0,393212,4092,4
6,0,0,0,0,37275576000,37275580000,37275587000,397808,0,0,4096,0,0,-500,0,0,393212,4092,4
7,0,1,0,4,37275589000,37278915000,37278938000,397808,0,0,3072,0,0,524,0,0,394236,1020,3
6,0,0,0,0,37278941000,37278945000,37278952000,397808,0,0,3072,0,0,524,0,0,394236,1020,3
7,0,1,0,0,37278969000,37291377000,37291398000,397808,0,0,2048,0,0,1548,0,0,395260,2044,2
1,2136,2136,0,0,37291407000,37291438000,37291450000,399944,0,0,4096,0,0,-588,0,0,395260,2044,4
6,0,0,0,0,37291452000,37291455000,37291462000,399944,0,0,4096,0,0,-588,0,0,395260,2044,4
7,0,1,0,4,37291465000,37294802000,37294826000,399944,0,0,3072,0,0,436,0,0,396284,3068,3
6,0,0,0,0,37294830000,37294834000,37294841000,399944,0,0,3072,0,0,436,0,0,396284,3068,3
7,0,1,0,0,37294857000,37307292000,37307312000,399944,0,0,2048,0,0,1460,0,0,397308,4092,2
1,2140,2140,0,0,37307321000,37307354000,37307366000,402084,0,0,4096,0,0,-680,0,0,397308,4092,4
6,0,0,0,0,37307367000,37307370000,37307377000,402084,0,0,4096,0,0,-680,0,0,397308,4092,4
7,0,1,0,4,37307380000,37310805000,37310828000,402084,0,0,3072,0,0,344,0,0,398332,1020,3
6,0,0,0,0,37310831000,37310835000,37310842000,402084,0,0,3072,0,0,344,0,0,398332,1020,3
7,0,1,0,0,37310861000,37323249000,37323268000,402084,0,0,2048,0,0,1368,0,0,399356,2044,2
1,2140,2140,0,0,37323277000,37323310000,37323320000,404224,0,0,4096,0,0,-772,0,0,399356,2044,4
6,0,0,0,0,37323321000,37323324000,37323331000,404224,0,0,4096,0,0,-772,0,0,399356,2044,4
7,0,1,0,4,37323333000,37326800000,37326823000,404224,0,0,3072,0,0,252,0,0,400380,3068,3
6,0,0,0,0,37326827000,37326831000,37326837000,404224,0,0,3072,0,0,252,0,0,400380,3068,3
7,0,1,0,0,37326855000,37339292000,37339312000,404224,0,0,2048,0,0,1276,0,0,401404,4092,2
1,2136,2136,0,0,37339322000,37339356000,37339367000,406360,0,0,4096,0,0,-860,0,0,401404,4092,4
6,0,0,0,0,37339368000,37339371000,37339378000,406360,0,0,4096,0,0,-860,0,0,401404,4092,4
7,0,1,0,4,37339381000,37342800000,37342824000,406360,0,0,3072,0,0,164,0,0,402428,1020,3
6,0,0,0,0,37342828000,37342831000,37342838000,406360,0,0,3072,0,0,164,0,0,402428,1020,3
7,0,1,0,0,37342856000,37355250000,37355268000,406360,0,0,2048,0,0,1188,0,0,403452,2044,2
1,2140,2140,0,0,37355277000,37355308000,37355318000,408500,0,0,4096,0,0,-952,0,0,403452,2044,4
6,0,0,0,0,37355319000,37355322000,37355329000,408500,0,0,4096,0,0,-952,0,0,403452,2044,4
7,0,1,0,4,37355332000,37358800000,37358825000,408500,0,0,3072,0,0,72,0,0,404476,3068,3
6,0,0,0,0,37358829000,37358832000,37358839000,408500,0,0,3072,0,0,72,0,0,404476,3068,3
7,0,1,0,0,37358855000,37371283000,37371307000,408500,0,0,2048,0,0,1096,0,0,405500,4092,2
1,2140,1096,0,0,37371316000,37371349000,37371358000,409596,0,0,4096,0,0,0,0,0,405500,4092,4
6,1044,0,0,0,37371359000,37371363000,37371369000,409596,0,0,4096,0,0,0,0,0,405500,4092,4
7,1,1,0,4,37371372000,37374797000,37374820000,409596,0,0,3072,0,0,1024,0,0,406524,1020,3
1,1044,1044,0,0,37374823000,37374851000,37374860000,410640,0,0,4096,0,0,-20,0,0,406524,1020,4
6,0,0,0,0,37374861000,37374865000,37374871000,410640,0,0,4096,0,0,-20,0,0,406524,1020,4
7,0,1,0,4,37374889000,37382772000,37382789000,410640,0,0,3072,0,0,1004,0,0,407548,2044,3
6,0,0,0,0,37382791000,37382795000,37382802000,410640,0,0,3072,0,0,1004,0,0,407548,2044,3
7,0,1,0,0,37382814000,37395225000,37395245000,410640,0,0,2048,0,0,2028,0,0,408572,3068,2
1,2136,2136,0,0,37395256000,37395283000,37395293000,412776,0,0,4096,0,0,-108,0,0,408572,3068,4
6,0,0,0,0,37395294000,37395297000,37395304000,412776,0,0,4096,0,0,-108,0,0,408572,3068,4
7,0,1,0,4,37395307000,37398800000,37398825000,412776,0,0,3072,0,0,916,0,0,409596,4092,3
6,0,0,0,0,37398828000,37398831000,37398838000,412776,0,0,3072,0,0,916,0,0,409596,4092,3
7,0,1,0,0,37398855000,37412918000,37412948000,412776,0,0,2048,0,0,1940,0,0,410620,1020,2
1,2140,2140,0,0,37412958000,37412991000,37413002000,414916,0,0,4096,0,0,-200,0,0,410620,1020,4
6,0,0,0,0,37413003000,37413007000,37413014000,414916,0,0,4096,0,0,-200,0,0,410620,1020,4
7,0,1,0,4,37413017000,37414837000,37414867000,414916,0,0,3072,0,0,824,0,0,411644,2044,3
6,0,0,0,0,37414871000,37414875000,37414883000,414916,0,0,3072,0,0,824,0,0,411644,2044,3
7,0,1,0,0,37414903000,37427684000,37427706000,414916,0,0,2048,0,0,1848,0,0,412668,3068,2
1,2140,2140,0,0,37427717000,37427747000,37427759000,417056,0,0,4096,0,0,-292,0,0,412668,3068,4
6,0,0,0,0,37427759000,37427763000,37427770000,417056,0,0,4096,0,0,-292,0,0,412668,3068,4
7,0,1,0,4,37427773000,37431090000,37431116000,417056,0,0,3072,0,0,732,0,0,413692,4092,3
6,0,0,0,0,37431119000,37431123000,37431130000,417056,0,0,3072,0,0,732,0,0,413692,4092,3
7,0,1,0,0,37431148000,37443554000,37443575000,417056,0,0,2048,0,0,1756,0,0,414716,1020,2
1,2136,2136,0,0,37443585000,37443613000,37443625000,419192,0,0,4096,0,0,-380,0,0,414716,1020,4
6,0,0,0,0,37443626000,37443629000,37443636000,419192,0,0,4096,0,0,-380,0,0,414716,1020,4
7,0,1,0,4,37443638000,37446921000,37446945000,419192,0,0,3072,0,0,644,0,0,415740,2044,3
6,0,0,0,0,37446948000,37446951000,37446958000,419192,0,0,3072,0,0,644,0,0,415740,2044,3
7,0,1,0,0,37446976000,37459420000,37459442000,419192,0,0,2048,0,0,1668,0,0,416764,3068,2
1,2140,2140,0,0,37459452000,37459485000,37459495000,421332,0,0,4096,0,0,-472,0,0,416764,3068,4
6,0,0,0,0,37459496000,37459500000,37459506000,421332,0,0,4096,0,0,-472,0,0,416764,3068,4
7,0,1,0,4,37459509000,37462894000,37462922000,421332,0,0,3072,0,0,552,0,0,417788,4092,3
6,0,0,0,0,37462925000,37462929000,37462936000,421332,0,0,3072,0,0,552,0,0,417788,4092,3
7,0,1,0,0,37462954000,37475360000,37475378000,421332,0,0,2048,0,0,1576,0,0,418812,1020,2
1,2140,2140,0,0,37475388000,37475418000,37475429000,423472,0,0,4096,0,0,-564,0,0,418812,1020,4
6,0,0,0,0,37475430000,37475433000,37475440000,423472,0,0,4096,0,0,-564,0,0,418812,1020,4
7,0,1,0,4,37475443000,37478795000,37478820000,423472,0,0,3072,0,0,460,0,0,419836,2044,3
6,0,0,0,0,37478822000,37478826000,37478833000,423472,0,0,3072,0,0,460,0,0,419836,2044,3
7,0,1,0,0,37478850000,37491330000,37491353000,423472,0,0,2048,0,0,1484,0,0,420860,3068,2
1,2140,2140,0,0,37491363000,37491394000,37491405000,425612,0,0,4096,0,0,-656,0,0,420860,3068,4
6,0,0,0,0,37491406000,37491409000,37491416000,425612,0,0,4096,0,0,-656,0,0,420860,3068,4
7,0,1,0,4,37491419000,37494799000,37494824000,425612,0,0,3072,0,0,368,0,0,421884,4092,3
6,0,0,0,0,37494827000,37494830000,37494837000,425612,0,0,3072,0,0,368,0,0,421884,4092,3
7,0,1,0,0,37494854000,37507242000,37507261000,425612,0,0,2048,0,0,1392,0,0,422908,1020,2
1,372,372,0,0,37507270000,37507294000,37507304000,425984,0,0,3072,0,0,1020,0,0,422908,1020,3
6,1764,0,0,0,37507305000,37507309000,37507316000,425984,0,0,3072,0,0,1020,0,0,422908,1020,3
7,1,1,0,4,37507318000,37507329000,37507337000,425984,0,0,3072,0,0,1020,0,0,422908,1020,3
1,1764,1764,0,0,37510105000,37510165000,37510192000,427748,0,0,4096,0,0,-744,0,0,422908,1020,4
6,0,0,0,0,37510193000,37510197000,37510205000,427748,0,0,4096,0,0,-744,0,0,422908,1020,4
7,0,1,0,4,37510241000,37510787000,37510807000,427748,0,0,3072,0,0,280,0,0,423932,2044,3
6,0,0,0,0,37520338000,37520361000,37520372000,427748,0,0,2048,0,0,1304,0,0,424956,3068,2
7,0,1,0,0,37520390000,37532820000,37532842000,427748,0,0,1024,0,0,2328,0,0,425980,4092,1
1,2140,2140,0,0,37532852000,37532885000,37532896000,429888,0,0,3072,0,0,188,0,0,425980,4092,3
6,0,0,0,0,37532897000,37532901000,37532908000,429888,0,0,3072,0,0,188,0,0,425980,4092,3
7,0,1,0,0,37532911000,37546813000,37546842000,429888,0,0,1024,0,0,2236,0,0,428028,2044,1
1,2140,2140,0,0,37546852000,37546887000,37546897000,432028,0,0,3072,0,0,96,0,0,428028,2044,3
6,0,0,0,0,37546898000,37546901000,37546908000,432028,0,0,3072,0,0,96,0,0,428028,2044,3
7,0,1,0,0,37546911000,37560847000,37560873000,432028,0,0,1024,0,0,2144,0,0,430076,4092,1
1,2136,2136,0,0,37560884000,37560918000,37560930000,434164,0,0,3072,0,0,8,0,0,430076,4092,3
6,0,0,0,0,37560931000,37560934000,37560941000,434164,0,0,3072,0,0,8,0,0,430076,4092,3
7,0,1,0,0,37560944000,37574837000,37574865000,434164,0,0,1024,0,0,2056,0,0,432124,2044,1
1,2140,2140,0,0,37574876000,37574916000,37574927000,436304,0,0,4096,0,0,-84,0,0,432124,2044,4
6,0,0,0,0,37574928000,37574931000,37574938000,436304,0,0,4096,0,0,-84,0,0,432124,2044,4
7,0,1,0,4,37574941000,37582813000,37582837000,436304,0,0,3072,0,0,940,0,0,433148,3068,3
6,0,0,0,0,37582840000,37582844000,37582851000,436304,0,0,3072,0,0,940,0,0,433148,3068,3
7,0,1,0,0,37582869000,37595264000,37595282000,436304,0,0,2048,0,0,1964,0,0,434172,4092,2
1,2140,2140,0,0,37595291000,37595320000,37595330000,438444,0,0,4096,0,0,-176,0,0,434172,4092,4
6,0,0,0,0,37595331000,37595335000,37595341000,438444,0,0,4096,0,0,-176,0,0,434172,4092,4
7,0,1,0,4,37595344000,37598791000,37598815000,438444,0,0,3072,0,0,848,0,0,435196,1020,3
6,0,0,0,0,37598819000,37598823000,37598829000,438444,0,0,3072,0,0,848,0,0,435196,1020,3
7,0,1,0,0,37598846000,37611329000,37611352000,438444,0,0,2048,0,0,1872,0,0,436220,2044,2
1,2136,2136,0,0,37611362000,37611394000,37611406000,440580,0,0,4096,0,0,-264,0,0,436220,2044,4
6,0,0,0,0,37611407000,37611411000,37611418000,440580,0,0,4096,0,0,-264,0,0,436220,2044,4
7,0,1,0,4,37611421000,37614798000,37614821000,440580,0,0,3072,0,0,760,0,0,437244,3068,3
6,0,0,0,0,37614825000,37614829000,37614836000,440580,0,0,3072,0,0,760,0,0,437244,3068,3
7,0,1,0,0,37614854000,37628890000,37628912000,440580,0,0,2048,0,0,1784,0,0,438268,4092,2
1,2140,2140,0,0,37628922000,37628955000,37628966000,442720,0,0,4096,0,0,-356,0,0,438268,4092,4
6,0,0,0,0,37628967000,37628971000,37628978000,442720,0,0,4096,0,0,-356,0,0,438268,4092,4
7,0,1,0,4,37628981000,37630817000,37630847000,442720,0,0,3072,0,0,668,0,0,439292,1020,3
6,0,0,0,0,37630851000,37630855000,37630862000,442720,0,0,3072,0,0,668,0,0,439292,1020,3
7,0,1,0,0,37630882000,37643638000,37643663000,442720,0,0,2048,0,0,1692,0,0,440316,2044,2
1,2140,2140,0,0,37643672000,37643702000,37643713000,444860,0,0,4096,0,0,-448,0,0,440316,2044,4
6,0,0,0,0,37643714000,37643718000,37643725000,444860,0,0,4096,0,0,-448,0,0,440316,2044,4
7,0,1,0,4,37643728000,37647024000,37647047000,444860,0,0,3072,0,0,576,0,0,441340,3068,3
6,0,0,0,0,37647050000,37647054000,37647061000,444860,0,0,3072,0,0,576,0,0,441340,3068,3
7,0,1,0,0,37647079000,37659488000,37659507000,444860,0,0,2048,0,0,1600,0,0,442364,4092,2
1,2136,2136,0,0,37659516000,37659549000,37659559000,446996,0,0,4096,0,0,-536,0,0,442364,4092,4
6,0,0,0,0,37659560000,37659563000,37659570000,446996,0,0,4096,0,0,-536,0,0,442364,4092,4
7,0,1,0,4,37659573000,37662968000,37662991000,446996,0,0,3072,0,0,488,0,0,443388,1020,3
6,0,0,0,0,37662994000,37662998000,37663005000,446996,0,0,3072,0,0,488,0,0,443388,1020,3
7,0,1,0,0,37663021000,37675422000,37675441000,446996,0,0,2048,0,0,1512,0,0,444412,2044,2
1,2140,2140,0,0,37675450000,37675482000,37675492000,449136,0,0,4096,0,0,-628,0,0,444412,2044,4
6,0,0,0,0,37675493000,37675497000,37675503000,449136,0,0,4096,0,0,-628,0,0,444412,2044,4
7,0,1,0,4,37675507000,37678860000,37678885000,449136,0,0,3072,0,0,396,0,0,445436,3068,3
6,0,0,0,0,37678888000,37678891000,37678898000,449136,0,0,3072,0,0,396,0,0,445436,3068,3
7,0,1,0,0,37678916000,37691367000,37691390000,449136,0,0,2048,0,0,1420,0,0,446460,4092,2
1,2140,2140,0,0,37691399000,37691434000,37691443000,451276,0,0,4096,0,0,-720,0,0,446460,4092,4
6,0,0,0,0,37691444000,37691448000,37691455000,451276,0,0,4096,0,0,-720,0,0,446460,4092,4
7,0,1,0,4,37691458000,37694796000,37694820000,451276,0,0,3072,0,0,304,0,0,447484,1020,3
6,0,0,0,0,37694823000,37694827000,37694834000,451276,0,0,3072,0,0,304,0,0,447484,1020,3
7,0,1,0,0,37694852000,37707229000,37707249000,451276,0,0,2048,0,0,1328,0,0,448508,2044,2
1,2136,2136,0,0,37707257000,37707287000,37707297000,453412,0,0,4096,0,0,-808,0,0,448508,2044,4
6,0,0,0,0,37707298000,37707301000,37707308000,453412,0,0,4096,0,0,-808,0,0,448508,2044,4
7,0,1,0,4,37707311000,37710793000,37710817000,453412,0,0,3072,0,0,216,0,0,449532,3068,3
6,0,0,0,0,37710820000,37710824000,37710830000,453412,0,0,3072,0,0,216,0,0,449532,3068,3
7,0,1,0,0,37710848000,37723264000,37723286000,453412,0,0,2048,0,0,1240,0,0,450556,4092,2
1,2140,2140,0,0,37723295000,37723328000,37723338000,455552,0,0,4096,0,0,-900,0,0,450556,4092,4
6,0,0,0,0,37723339000,37723343000,37723350000,455552,0,0,4096,0,0,-900,0,0,450556,4092,4
7,0,1,0,4,37723353000,37726792000,37726816000,455552,0,0,3072,0,0,124,0,0,451580,1020,3
6,0,0,0,0,37726819000,37726823000,37726831000,455552,0,0,3072,0,0,124,0,0,451580,1020,3
7,0,1,0,0,37726848000,37739236000,37739256000,455552,0,0,2048,0,0,1148,0,0,452604,2044,2
1,2140,2140,0,0,37739265000,37739297000,37739307000,457692,0,0,4096,0,0,-992,0,0,452604,2044,4
6,0,0,0,0,37739308000,37739312000,37739318000,457692,0,0,4096,0,0,-992,0,0,452604,2044,4
7,0,1,0,4,37739321000,37742793000,37742817000,457692,0,0,3072,0,0,32,0,0,453628,3068,3
6,0,0,0,0,37742820000,37742824000,37742832000,457692,0,0,3072,0,0,32,0,0,453628,3068,3
7,0,1,0,0,37742848000,37755311000,37755333000,457692,0,0,2048,0,0,1056,0,0,454652,4092,2
1,1060,1060,0,0,37755342000,37755374000,37755383000,458752,0,0,4096,0,0,-4,0,0,454652,4092,4
6,1080,0,0,0,37755384000,37755388000,37755395000,458752,0,0,4096,0,0,-4,0,0,454652,4092,4
7,1,1,0,4,37755398000,37758790000,37758815000,458752,0,0,3072,0,0,1020,0,0,455676,1020,3
1,1080,1080,0,0,37758818000,37758847000,37758857000,459832,0,0,4096,0,0,-60,0,0,455676,1020,4
6,0,0,0,0,37758858000,37758862000,37758869000,459832,0,0,4096,0,0,-60,0,0,455676,1020,4
7,0,1,0,4,37758887000,37766780000,37766796000,459832,0,0,3072,0,0,964,0,0,456700,2044,3
6,0,0,0,0,37766798000,37766802000,37766809000,459832,0,0,3072,0,0,964,0,0,456700,2044,3
7,0,1,0,0,37766819000,37779187000,37779205000,459832,0,0,2048,0,0,1988,0,0,457724,3068,2
1,2136,2136,0,0,37779215000,37779242000,37779251000,461968,0,0,4096,0,0,-148,0,0,457724,3068,4
6,0,0,0,0,37779252000,37779256000,37779262000,461968,0,0,4096,0,0,-148,0,0,457724,3068,4
7,0,1,0,4,37779265000,37782794000,37782819000,461968,0,0,3072,0,0,876,0,0,458748,4092,3
6,0,0,0,0,37782822000,37782825000,37782832000,461968,0,0,3072,0,0,876,0,0,458748,4092,3
7,0,1,0,0,37782849000,37795235000,37795255000,461968,0,0,2048,0,0,1900,0,0,459772,1020,2
1,2140,2140,0,0,37795265000,37795296000,37795308000,464108,0,0,4096,0,0,-240,0,0,459772,1020,4
6,0,0,0,0,37795309000,37795313000,37795320000,464108,0,0,4096,0,0,-240,0,0,459772,1020,4
7,0,1,0,4,37795322000,37798794000,37798818000,464108,0,0,3072,0,0,784,0,0,460796,2044,3
6,0,0,0,0,37798821000,37798825000,37798832000,464108,0,0,3072,0,0,784,0,0,460796,2044,3
7,0,1,0,0,37798849000,37811276000,37811299000,464108,0,0,2048,0,0,1808,0,0,461820,3068,2
1,2140,2140,0,0,37811308000,37811340000,37811351000,466248,0,0,4096,0,0,-332,0,0,461820,3068,4
6,0,0,0,0,37811352000,37811356000,37811363000,466248,0,0,4096,0,0,-332,0,0,461820,3068,4
7,0,1,0,4,37811366000,37814788000,37814813000,466248,0,0,3072,0,0,692,0,0,462844,4092,3
6,0,0,0,0,37814816000,37814819000,37814826000,466248,0,0,3072,0,0,692,0,0,462844,4092,3
7,0,1,0,0,37814844000,37827294000,37827315000,466248,0,0,2048,0,0,1716,0,0,463868,1020,2
1,2136,2136,0,0,37827325000,37827356000,37827366000,468384,0,0,4096,0,0,-420,0,0,463868,1020,4
6,0,0,0,0,37827366000,37827370000,37827377000,468384,0,0,4096,0,0,-420,0,0,463868,1020,4
7,0,1,0,4,37827380000,37831795000,37831821000,468384,0,0,3072,0,0,604,0,0,464892,2044,3
6,0,0,0,0,37831825000,37831829000,37831836000,468384,0,0,3072,0,0,604,0,0,464892,2044,3
7,0,1,0,0,37831855000,37844692000,37844720000,468384,0,0,2048,0,0,1628,0,0,465916,3068,2
1,2140,2140,0,0,37844730000,37844760000,37844769000,470524,0,0,4096,0,0,-512,0,0,465916,3068,4
6,0,0,0,0,37844770000,37844774000,37844781000,470524,0,0,4096,0,0,-512,0,0,465916,3068,4
7,0,1,0,4,37844784000,37846837000,37846866000,470524,0,0,3072,0,0,512,0,0,466940,4092,3
6,0,0,0,0,37846870000,37846874000,37846882000,470524,0,0,3072,0,0,512,0,0,466940,4092,3
7,0,1,0,0,37846899000,37859658000,37859679000,470524,0,0,2048,0,0,1536,0,0,467964,1020,2
1,2140,2140,0,0,37859689000,37859720000,37859730000,472664,0,0,4096,0,0,-604,0,0,467964,1020,4
6,0,0,0,0,37859731000,37859735000,37859742000,472664,0,0,4096,0,0,-604,0,0,467964,1020,4
7,0,1,0,4,37859745000,37863087000,37863112000,472664,0,0,3072,0,0,420,0,0,468988,2044,3
6,0,0,0,0,37863115000,37863119000,37863125000,472664,0,0,3072,0,0,420,0,0,468988,2044,3
7,0,1,0,0,37863142000,37875576000,37875596000,472664,0,0,2048,0,0,1444,0,0,470012,3068,2
1,2136,2136,0,0,37875607000,37875640000,37875650000,474800,0,0,4096,0,0,-692,0,0,470012,3068,4
6,0,0,0,0,37875650000,37875654000,37875661000,474800,0,0,4096,0,0,-692,0,0,470012,3068,4
7,0,1,0,4,37875664000,37878956000,37878979000,474800,0,0,3072,0,0,332,0,0,471036,4092,3
6,0,0,0,0,37878983000,37878986000,37878993000,474800,0,0,3072,0,0,332,0,0,471036,4092,3
7,0,1,0,0,37879010000,37891419000,37891440000,474800,0,0,2048,0,0,1356,0,0,472060,1020,2
1,2140,2140,0,0,37891449000,37891479000,37891489000,476940,0,0,4096,0,0,-784,0,0,472060,1020,4
6,0,0,0,0,37891490000,37891493000,37891500000,476940,0,0,4096,0,0,-784,0,0,472060,1020,4
7,0,1,0,4,37891503000,37894806000,37894828000,476940,0,0,3072,0,0,240,0,0,473084,2044,3
6,0,0,0,0,37894831000,37894835000,37894841000,476940,0,0,3072,0,0,240,0,0,473084,2044,3
7,0,1,0,0,37894858000,37907306000,37907326000,476940,0,0,2048,0,0,1264,0,0,474108,3068,2
1,2140,2140,0,0,37907335000,37907366000,37907377000,479080,0,0,4096,0,0,-876,0,0,474108,3068,4
6,0,0,0,0,37907378000,37907381000,37907388000,479080,0,0,4096,0,0,-876,0,0,474108,3068,4
7,0,1,0,4,37907390000,37910793000,37910817000,479080,0,0,3072,0,0,148,0,0,475132,4092,3
6,0,0,0,0,37910820000,37910823000,37910830000,479080,0,0,3072,0,0,148,0,0,475132,4092,3
7,0,1,0,0,37910848000,37923239000,37923260000,479080,0,0,2048,0,0,1172,0,0,476156,1020,2
1,2136,2136,0,0,37923269000,37923302000,37923311000,481216,0,0,4096,0,0,-964,0,0,476156,1020,4
6,0,0,0,0,37923312000,37923316000,37923323000,481216,0,0,4096,0,0,-964,0,0,476156,1020,4
7,0,1,0,4,37923326000,37926788000,37926813000,481216,0,0,3072,0,0,60,0,0,477180,2044,3
6,0,0,0,0,37926816000,37926819000,37926826000,481216,0,0,3072,0,0,60,0,0,477180,2044,3
7,0,1,0,0,37926845000,37939324000,37939346000,481216,0,0,2048,0,0,1084,0,0,478204,3068,2
1,2140,1084,0,0,37939356000,37939387000,37939398000,482300,0,0,4096,0,0,0,0,0,478204,3068,4
6,1056,0,0,0,37939398000,37939402000,37939409000,482300,0,0,4096,0,0,0,0,0,478204,3068,4
7,1,1,0,4,37939412000,37942790000,37942814000,482300,0,0,3072,0,0,1024,0,0,479228,4092,3
1,1056,1056,0,0,37942817000,37942848000,37942859000,483356,0,0,4096,0,0,-32,0,0,479228,4092,4
6,0,0,0,0,37942859000,37942863000,37942870000,483356,0,0,4096,0,0,-32,0,0,479228,4092,4
7,0,1,0,4,37942888000,37950774000,37950790000,483356,0,0,3072,0,0,992,0,0,480252,1020,3
6,0,0,0,0,37950793000,37950796000,37950803000,483356,0,0,3072,0,0,992,0,0,480252,1020,3
7,0,1,0,0,37950813000,37963218000,37963239000,483356,0,0,2048,0,0,2016,0,0,481276,2044,2
1,2140,2140,0,0,37963248000,37963274000,37963283000,485496,0,0,4096,0,0,-124,0,0,481276,2044,4
6,0,0,0,0,37963284000,37963287000,37963294000,485496,0,0,4096,0,0,-124,0,0,481276,2044,4
7,0,1,0,4,37963297000,37966793000,37966818000,485496,0,0,3072,0,0,900,0,0,482300,3068,3
6,0,0,0,0,37966821000,37966824000,37966831000,485496,0,0,3072,0,0,900,0,0,482300,3068,3
7,0,1,0,0,37966849000,37979245000,37979263000,485496,0,0,2048,0,0,1924,0,0,483324,4092,2
1,2136,2136,0,0,37979272000,37979303000,37979313000,487632,0,0,4096,0,0,-212,0,0,483324,4092,4
6,0,0,0,0,37979314000,37979318000,37979324000,487632,0,0,4096,0,0,-212,0,0,483324,4092,4
7,0,1,0,4,37979327000,37982788000,37982813000,487632,0,0,3072,0,0,812,0,0,484348,1020,3
6,0,0,0,0,37982816000,37982820000,37982827000,487632,0,0,3072,0,0,812,0,0,484348,1020,3
7,0,1,0,0,37982843000,37995264000,37995285000,487632,0,0,2048,0,0,1836,0,0,485372,2044,2
1,2140,2140,0,0,37995295000,37995326000,37995336000,489772,0,0,4096,0,0,-304,0,0,485372,2044,4
6,0,0,0,0,37995337000,37995341000,37995347000,489772,0,0,4096,0,0,-304,0,0,485372,2044,4
7,0,1,0,4,37995350000,37998789000,37998813000,489772,0,0,3072,0,0,720,0,0,486396,3068,3
6,0,0,0,0,37998816000,37998820000,37998827000,489772,0,0,3072,0,0,720,0,0,486396,3068,3
7,0,1,0,0,37998846000,38011247000,38011267000,489772,0,0,2048,0,0,1744,0,0,487420,4092,2
1,1748,1748,0,0,38011277000,38011307000,38011318000,491520,0,0,4096,0,0,-4,0,0,487420,4092,4
6,392,0,0,0,38011319000,38011322000,38011329000,491520,0,0,4096,0,0,-4,0,0,487420,4092,4
7,1,1,0,4,38011331000,38014789000,38014813000,491520,0,0,3072,0,0,1020,0,0,488444,1020,3
1,392,392,0,0,38014817000,38014831000,38014840000,491912,0,0,3072,0,0,628,0,0,488444,1020,3
6,0,0,0,0,38014841000,38014845000,38014851000,491912,0,0,3072,0,0,628,0,0,488444,1020,3
7,0,1,0,0,38014868000,38027279000,38027301000,491912,0,0,2048,0,0,1652,0,0,489468,2044,2
1,2140,2140,0,0,38027310000,38027338000,38027349000,494052,0,0,4096,0,0,-488,0,0,489468,2044,4
6,0,0,0,0,38027350000,38027354000,38027360000,494052,0,0,4096,0,0,-488,0,0,489468,2044,4
7,0,1,0,4,38027363000,38030790000,38030815000,494052,0,0,3072,0,0,536,0,0,490492,3068,3
6,0,0,0,0,38030819000,38030823000,38030830000,494052,0,0,3072,0,0,536,0,0,490492,3068,3
7,0,1,0,0,38030848000,38044933000,38044960000,494052,0,0,2048,0,0,1560,0,0,491516,4092,2
1,2136,2136,0,0,38044970000,38045005000,38045016000,496188,0,0,4096,0,0,-576,0,0,491516,4092,4
6,0,0,0,0,38045017000,38045021000,38045027000,496188,0,0,4096,0,0,-576,0,0,491516,4092,4
7,0,1,0,4,38045030000,38046822000,38046850000,496188,0,0,3072,0,0,448,0,0,492540,1020,3
6,0,0,0,0,38046854000,38046858000,38046865000,496188,0,0,3072,0,0,448,0,0,492540,1020,3
7,0,1,0,0,38046885000,38059674000,38059698000,496188,0,0,2048,0,0,1472,0,0,493564,2044,2
1,2140,2140,0,0,38059708000,38059741000,38059752000,498328,0,0,4096,0,0,-668,0,0,493564,2044,4
6,0,0,0,0,38059753000,38059756000,38059763000,498328,0,0,4096,0,0,-668,0,0,493564,2044,4
7,0,1,0,4,38059765000,38063114000,38063140000,498328,0,0,3072,0,0,356,0,0,494588,3068,3
6,0,0,0,0,38063143000,38063147000,38063154000,498328,0,0,3072,0,0,356,0,0,494588,3068,3
7,0,1,0,0,38063170000,38075573000,38075593000,498328,0,0,2048,0,0,1380,0,0,495612,4092,2
1,2140,2140,0,0,38075603000,38075634000,38075645000,500468,0,0,4096,0,0,-760,0,0,495612,4092,4
6,0,0,0,0,38075646000,38075650000,38075656000,500468,0,0,4096,0,0,-760,0,0,495612,4092,4
7,0,1,0,4,38075659000,38078939000,38078966000,500468,0,0,3072,0,0,264,0,0,496636,1020,3
6,0,0,0,0,38078969000,38078973000,38078980000,500468,0,0,3072,0,0,264,0,0,496636,1020,3
7,0,1,0,0,38078996000,38091438000,38091458000,500468,0,0,2048,0,0,1288,0,0,497660,2044,2
1,2136,2136,0,0,38091468000,38091502000,38091512000,502604,0,0,4096,0,0,-848,0,0,497660,2044,4
6,0,0,0,0,38091513000,38091517000,38091523000,502604,0,0,4096,0,0,-848,0,0,497660,2044,4
7,0,1,0,4,38091526000,38094832000,38094856000,502604,0,0,3072,0,0,176,0,0,498684,3068,3
6,0,0,0,0,38094859000,38094863000,38094870000,502604,0,0,3072,0,0,176,0,0,498684,3068,3
7,0,1,0,0,38094887000,38107331000,38107352000,502604,0,0,2048,0,0,1200,0,0,499708,4092,2
1,2140,2140,0,0,38107362000,38107393000,38107403000,504744,0,0,4096,0,0,-940,0,0,499708,4092,4
6,0,0,0,0,38107404000,38107408000,38107414000,504744,0,0,4096,0,0,-940,0,0,499708,4092,4
7,0,1,0,4,38107417000,38110787000,38110811000,504744,0,0,3072,0,0,84,0,0,500732,1020,3
6,0,0,0,0,38110815000,38110819000,38110826000,504744,0,0,3072,0,0,84,0,0,500732,1020,3
7,0,1,0,0,38110843000,38123231000,38123252000,504744,0,0,2048,0,0,1108,0,0,501756,2044,2
1,2140,1108,0,0,38123261000,38123291000,38123301000,505852,0,0,4096,0,0,0,0,0,501756,2044,4
6,1032,0,0,0,38123302000,38123306000,38123312000,505852,0,0,4096,0,0,0,0,0,501756,2044,4
7,1,1,0,4,38123315000,38126787000,38126811000,505852,0,0,3072,0,0,1024,0,0,502780,3068,3
1,1032,1032,0,0,38126814000,38126843000,38126852000,506884,0,0,4096,0,0,-8,0,0,502780,3068,4
6,0,0,0,0,38126853000,38126856000,38126863000,506884,0,0,4096,0,0,-8,0,0,502780,3068,4
7,0,1,0,4,38126882000,38134774000,38134789000,506884,0,0,3072,0,0,1016,0,0,503804,4092,3
6,0,0,0,0,38134792000,38134796000,38134803000,506884,0,0,3072,0,0,1016,0,0,503804,4092,3
7,0,1,0,0,38134813000,38147220000,38147242000,506884,0,0,2048,0,0,2040,0,0,504828,1020,2
1,2136,2136,0,0,38147251000,38147278000,38147289000,509020,0,0,4096,0,0,-96,0,0,504828,1020,4
6,0,0,0,0,38147290000,38147293000,38147300000,509020,0,0,4096,0,0,-96,0,0,504828,1020,4
7,0,1,0,4,38147303000,38150786000,38150810000,509020,0,0,3072,0,0,928,0,0,505852,2044,3
6,0,0,0,0,38150814000,38150818000,38150825000,509020,0,0,3072,0,0,928,0,0,505852,2044,3
7,0,1,0,0,38150843000,38163301000,38163322000,509020,0,0,2048,0,0,1952,0,0,506876,3068,2
1,2140,2140,0,0,38163331000,38163363000,38163373000,511160,0,0,4096,0,0,-188,0,0,506876,3068,4
6,0,0,0,0,38163374000,38163378000,38163384000,511160,0,0,4096,0,0,-188,0,0,506876,3068,4
7,0,1,0,4,38163387000,38166783000,38166807000,511160,0,0,3072,0,0,836,0,0,507900,4092,3
6,0,0,0,0,38166811000,38166814000,38166822000,511160,0,0,3072,0,0,836,0,0,507900,4092,3
7,0,1,0,0,38166825000,38177333000,38177354000,511160,0,0,2048,0,0,1860,0,0,508924,1020,2
1,1480,1480,0,0,38177364000,38177390000,38177400000,512640,0,0,3072,0,0,380,0,0,508924,1020,3
6,0,0,0,0,38177401000,38177405000,38177412000,512640,0,0,3072,0,0,380,0,0,508924,1020,3
7,0,1,0,0,38177414000,38178603000,38178646000,512640,0,0,3072,0,0,380,0,0,508924,1020,3
4,0,0,0,0,38187966000,38187986000,38188009000,512640,0,0,2048,0,0,1404,0,0,509948,2044,2
3,0,0,0,0,38188012000,38188016000,38188023000,512640,0,0,2048,0,0,1404,0,0,509948,2044,2
3,0,0,0,0,38200095000,38200108000,38200120000,512640,0,0,2048,0,0,1404,0,0,509948,4092,2
3,0,0,0,0,38210025000,38210032000,38210041000,512640,0,0,1024,0,0,2428,0,0,510972,1020,1
3,0,0,0,0,38220017000,38220023000,38220031000,512640,0,0,1024,0,0,2428,0,0,510972,2044,1
3,0,0,0,0,38230047000,38230153000,38230164000,512640,0,0,0,0,0,4096,0,0,511996,0,0
5,0,0,0,0,38232043000,38232047000,38232147000,512640,0,0,0,0,0,4096,0,0,511996,0,0
