operation,requested,rc,errno,revents,begin_ns,query_begin_ns,end_ns,accepted_bytes,delay_rc,delay_errno,delay_bytes,space_rc,space_errno,free_bytes,ptr_rc,ptr_errno,ptr_bytes,ptr,blocks
6,0,0,0,0,42661727000,42661968000,42661983000,0,0,0,0,0,0,4096,0,0,0,0,0
7,0,1,0,0,42661987000,42663648000,42663662000,0,0,0,0,0,0,4096,0,0,0,0,0
1,2940,2940,0,0,42663673000,42663741000,42663758000,2940,0,0,2048,0,0,1156,0,0,0,0,2
6,0,0,0,0,42663759000,42663763000,42663770000,2940,0,0,2048,0,0,1156,0,0,0,0,2
7,0,1,0,0,42663773000,42677728000,42677757000,2940,0,0,1028,0,0,2176,0,0,1020,2044,1
1,2944,2176,0,0,42677767000,42677802000,42677814000,5116,0,0,4096,0,0,0,0,0,1020,2044,4
6,768,0,0,0,42677814000,42677819000,42677825000,5116,0,0,4096,0,0,0,0,0,1020,2044,4
7,1,1,0,4,42677828000,42681011000,42681035000,5116,0,0,3072,0,0,1024,0,0,2044,3068,3
1,768,768,0,0,42681038000,42681055000,42681064000,5884,0,0,3072,0,0,256,0,0,2044,3068,3
6,0,0,0,0,42681065000,42681069000,42681076000,5884,0,0,3072,0,0,256,0,0,2044,3068,3
7,0,1,0,0,42681079000,42691724000,42691748000,5884,0,0,2048,0,0,1280,0,0,3068,4092,2
1,2944,1280,0,0,42691758000,42691790000,42691800000,7164,0,0,4096,0,0,0,0,0,3068,4092,4
6,1664,0,0,0,42691801000,42691804000,42691811000,7164,0,0,4096,0,0,0,0,0,3068,4092,4
7,1,1,0,4,42691814000,42692627000,42692654000,7164,0,0,3072,0,0,1024,0,0,4092,1020,3
1,1664,1664,0,0,42700546000,42700594000,42700618000,8828,0,0,3072,0,0,384,0,0,5116,2044,3
6,0,0,0,0,42700620000,42700624000,42700631000,8828,0,0,3072,0,0,384,0,0,5116,2044,3
7,0,1,0,0,42700656000,42713516000,42713539000,8828,0,0,1024,0,0,2432,0,0,7164,4092,1
1,2944,2944,0,0,42713550000,42713581000,42713592000,11772,0,0,4096,0,0,-512,0,0,7164,4092,4
6,0,0,0,0,42713593000,42713596000,42713604000,11772,0,0,4096,0,0,-512,0,0,7164,4092,4
7,0,1,0,0,42713607000,42727413000,42727439000,11772,0,0,1024,0,0,2560,0,0,10236,3068,1
1,2944,2944,0,0,42727449000,42727485000,42727495000,14716,0,0,4096,0,0,-384,0,0,10236,3068,4
6,0,0,0,0,42727495000,42727499000,42727506000,14716,0,0,4096,0,0,-384,0,0,10236,3068,4
7,0,1,0,0,42727509000,42741330000,42741358000,14716,0,0,2048,0,0,1664,0,0,12284,1020,2
1,2944,1664,0,0,42741368000,42741400000,42741409000,16380,0,0,4096,0,0,0,0,0,12284,1020,4
6,1280,0,0,0,42741410000,42741414000,42741420000,16380,0,0,4096,0,0,0,0,0,12284,1020,4
7,1,1,0,4,42741424000,42744822000,42744846000,16380,0,0,3072,0,0,1024,0,0,13308,2044,3
1,1280,1280,0,0,42744850000,42744882000,42744893000,17660,0,0,4096,0,0,-256,0,0,13308,2044,4
6,0,0,0,0,42744894000,42744897000,42744904000,17660,0,0,4096,0,0,-256,0,0,13308,2044,4
7,0,1,0,0,42744924000,42758034000,42758058000,17660,0,0,2048,0,0,1792,0,0,15356,4092,2
1,2944,1792,0,0,42758068000,42758098000,42758107000,19452,0,0,4096,0,0,0,0,0,15356,4092,4
6,1152,0,0,0,42758108000,42758112000,42758118000,19452,0,0,4096,0,0,0,0,0,15356,4092,4
7,1,1,0,4,42758121000,42762198000,42762222000,19452,0,0,3072,0,0,1024,0,0,16380,1020,3
1,1152,1152,0,0,42762226000,42762257000,42762267000,20604,0,0,4096,0,0,-128,0,0,16380,1020,4
6,0,0,0,0,42762268000,42762271000,42762278000,20604,0,0,4096,0,0,-128,0,0,16380,1020,4
7,0,1,0,0,42762298000,42775460000,42775483000,20604,0,0,2048,0,0,1920,0,0,18428,3068,2
1,2944,1920,0,0,42775494000,42775523000,42775534000,22524,0,0,4096,0,0,0,0,0,18428,3068,4
6,1024,0,0,0,42775535000,42775538000,42775545000,22524,0,0,4096,0,0,0,0,0,18428,3068,4
7,1,1,0,4,42775548000,42779623000,42779649000,22524,0,0,3072,0,0,1024,0,0,19452,4092,3
1,1024,1024,0,0,42779653000,42779683000,42779692000,23548,0,0,4096,0,0,0,0,0,19452,4092,4
6,0,0,0,0,42779693000,42779697000,42779703000,23548,0,0,4096,0,0,0,0,0,19452,4092,4
7,0,1,0,0,42779723000,42792848000,42792871000,23548,0,0,2048,0,0,2048,0,0,21500,2044,2
1,2944,2944,0,0,42792881000,42792912000,42792921000,26492,0,0,4096,0,0,-896,0,0,21500,2044,4
6,0,0,0,0,42792922000,42792926000,42792933000,26492,0,0,4096,0,0,-896,0,0,21500,2044,4
7,0,1,0,0,42792935000,42806796000,42806823000,26492,0,0,2048,0,0,1152,0,0,23548,4092,2
1,2944,1152,0,0,42806834000,42806867000,42806876000,27644,0,0,4096,0,0,0,0,0,23548,4092,4
6,1792,0,0,0,42806877000,42806881000,42806888000,27644,0,0,4096,0,0,0,0,0,23548,4092,4
7,1,1,0,4,42806891000,42808628000,42808652000,27644,0,0,3072,0,0,1024,0,0,24572,1020,3
1,1792,1792,0,0,42808656000,42808686000,42808696000,29436,0,0,4096,0,0,-768,0,0,24572,1020,4
6,0,0,0,0,42808696000,42808700000,42808707000,29436,0,0,4096,0,0,-768,0,0,24572,1020,4
7,0,1,0,0,42808726000,42821841000,42821867000,29436,0,0,2048,0,0,1280,0,0,26620,3068,2
1,2944,1280,0,0,42821876000,42821904000,42821914000,30716,0,0,4096,0,0,0,0,0,26620,3068,4
6,1664,0,0,0,42821915000,42821919000,42821926000,30716,0,0,4096,0,0,0,0,0,26620,3068,4
7,1,1,0,4,42821929000,42826019000,42826044000,30716,0,0,3072,0,0,1024,0,0,27644,4092,3
1,1664,1664,0,0,42826047000,42826079000,42826090000,32380,0,0,4096,0,0,-640,0,0,27644,4092,4
6,0,0,0,0,42826090000,42826094000,42826101000,32380,0,0,4096,0,0,-640,0,0,27644,4092,4
7,0,1,0,0,42826120000,42839174000,42839198000,32380,0,0,2048,0,0,1408,0,0,29692,2044,2
1,388,388,0,0,42839208000,42839228000,42839238000,32768,0,0,3072,0,0,1020,0,0,29692,2044,3
6,2556,0,0,0,42839239000,42839243000,42839249000,32768,0,0,3072,0,0,1020,0,0,29692,2044,3
7,1,1,0,4,42839252000,42839268000,42839276000,32768,0,0,3072,0,0,1020,0,0,29692,2044,3
1,2556,2556,0,0,42850361000,42850423000,42850446000,35324,0,0,3072,0,0,512,0,0,31740,4092,3
6,0,0,0,0,42850447000,42850451000,42850458000,35324,0,0,3072,0,0,512,0,0,31740,4092,3
7,0,1,0,0,42850484000,42863353000,42863375000,35324,0,0,1024,0,0,2560,0,0,33788,2044,1
1,2944,2944,0,0,42863386000,42863418000,42863428000,38268,0,0,4096,0,0,-384,0,0,33788,2044,4
6,0,0,0,0,42863429000,42863432000,42863439000,38268,0,0,4096,0,0,-384,0,0,33788,2044,4
7,0,1,0,0,42863442000,42878926000,42878952000,38268,0,0,1024,0,0,2688,0,0,36860,1020,1
1,2944,2944,0,0,42878963000,42879000000,42879011000,41212,0,0,4096,0,0,-256,0,0,36860,1020,4
6,0,0,0,0,42879012000,42879015000,42879022000,41212,0,0,4096,0,0,-256,0,0,36860,1020,4
7,0,1,0,0,42879025000,42892912000,42892940000,41212,0,0,2048,0,0,1792,0,0,38908,3068,2
1,2944,1792,0,0,42892950000,42892983000,42892993000,43004,0,0,4096,0,0,0,0,0,38908,3068,4
6,1152,0,0,0,42892994000,42892997000,42893004000,43004,0,0,4096,0,0,0,0,0,38908,3068,4
7,1,1,0,4,42893007000,42895630000,42895654000,43004,0,0,3072,0,0,1024,0,0,39932,4092,3
1,1152,1152,0,0,42895657000,42895687000,42895697000,44156,0,0,4096,0,0,-128,0,0,39932,4092,4
6,0,0,0,0,42895698000,42895701000,42895708000,44156,0,0,4096,0,0,-128,0,0,39932,4092,4
7,0,1,0,0,42895729000,42908861000,42908884000,44156,0,0,2048,0,0,1920,0,0,41980,2044,2
1,2944,1920,0,0,42908893000,42908922000,42908933000,46076,0,0,4096,0,0,0,0,0,41980,2044,4
6,1024,0,0,0,42908934000,42908938000,42908944000,46076,0,0,4096,0,0,0,0,0,41980,2044,4
7,1,1,0,4,42908948000,42913011000,42913038000,46076,0,0,3072,0,0,1024,0,0,43004,3068,3
1,1024,1024,0,0,42913042000,42913075000,42913085000,47100,0,0,4096,0,0,0,0,0,43004,3068,4
6,0,0,0,0,42913086000,42913090000,42913097000,47100,0,0,4096,0,0,0,0,0,43004,3068,4
7,0,1,0,0,42913118000,42926282000,42926307000,47100,0,0,2048,0,0,2048,0,0,45052,1020,2
1,2944,2944,0,0,42926318000,42926348000,42926359000,50044,0,0,4096,0,0,-896,0,0,45052,1020,4
6,0,0,0,0,42926360000,42926364000,42926370000,50044,0,0,4096,0,0,-896,0,0,45052,1020,4
7,0,1,0,0,42926374000,42940266000,42940295000,50044,0,0,2048,0,0,1152,0,0,47100,3068,2
1,2944,1152,0,0,42940306000,42940339000,42940350000,51196,0,0,4096,0,0,0,0,0,47100,3068,4
6,1792,0,0,0,42940351000,42940354000,42940361000,51196,0,0,4096,0,0,0,0,0,47100,3068,4
7,1,1,0,4,42940364000,42942025000,42942049000,51196,0,0,3072,0,0,1024,0,0,48124,4092,3
1,1792,1792,0,0,42942053000,42942087000,42942097000,52988,0,0,4096,0,0,-768,0,0,48124,4092,4
6,0,0,0,0,42942098000,42942102000,42942109000,52988,0,0,4096,0,0,-768,0,0,48124,4092,4
7,0,1,0,0,42942129000,42955242000,42955266000,52988,0,0,2048,0,0,1280,0,0,50172,2044,2
1,2944,1280,0,0,42955276000,42955304000,42955315000,54268,0,0,4096,0,0,0,0,0,50172,2044,4
6,1664,0,0,0,42955315000,42955319000,42955326000,54268,0,0,4096,0,0,0,0,0,50172,2044,4
7,1,1,0,4,42955328000,42959428000,42959454000,54268,0,0,3072,0,0,1024,0,0,51196,3068,3
1,1664,1664,0,0,42959457000,42959493000,42959502000,55932,0,0,4096,0,0,-640,0,0,51196,3068,4
6,0,0,0,0,42959503000,42959506000,42959513000,55932,0,0,4096,0,0,-640,0,0,51196,3068,4
7,0,1,0,0,42959533000,42972646000,42972670000,55932,0,0,2048,0,0,1408,0,0,53244,1020,2
1,2940,1408,0,0,42972680000,42972710000,42972719000,57340,0,0,4096,0,0,0,0,0,53244,1020,4
6,1532,0,0,0,42972720000,42972724000,42972731000,57340,0,0,4096,0,0,0,0,0,53244,1020,4
7,1,1,0,4,42972734000,42976823000,42976847000,57340,0,0,3072,0,0,1024,0,0,54268,2044,3
1,1532,1532,0,0,42976851000,42976881000,42976891000,58872,0,0,4096,0,0,-508,0,0,54268,2044,4
6,0,0,0,0,42976892000,42976895000,42976902000,58872,0,0,4096,0,0,-508,0,0,54268,2044,4
7,0,1,0,0,42976922000,42990134000,42990161000,58872,0,0,2048,0,0,1540,0,0,56316,4092,2
1,2944,1540,0,0,42990171000,42990202000,42990212000,60412,0,0,4096,0,0,0,0,0,56316,4092,4
6,1404,0,0,0,42990213000,42990217000,42990224000,60412,0,0,4096,0,0,0,0,0,56316,4092,4
7,1,1,0,4,42990227000,42994224000,42994249000,60412,0,0,3072,0,0,1024,0,0,57340,1020,3
1,1404,1404,0,0,42994252000,42994285000,42994295000,61816,0,0,4096,0,0,-380,0,0,57340,1020,4
6,0,0,0,0,42994296000,42994299000,42994306000,61816,0,0,4096,0,0,-380,0,0,57340,1020,4
7,0,1,0,0,42994327000,43007543000,43007570000,61816,0,0,2048,0,0,1668,0,0,59388,3068,2
1,2944,1668,0,0,43007581000,43007612000,43007621000,63484,0,0,4096,0,0,0,0,0,59388,3068,4
6,1276,0,0,0,43007622000,43007626000,43007633000,63484,0,0,4096,0,0,0,0,0,59388,3068,4
7,1,1,0,4,43007635000,43011645000,43011671000,63484,0,0,3072,0,0,1024,0,0,60412,4092,3
1,1276,1276,0,0,43011675000,43011707000,43011716000,64760,0,0,4096,0,0,-252,0,0,60412,4092,4
6,0,0,0,0,43011717000,43011721000,43011728000,64760,0,0,4096,0,0,-252,0,0,60412,4092,4
7,0,1,0,0,43011747000,43024830000,43024854000,64760,0,0,2048,0,0,1796,0,0,62460,2044,2
1,776,776,0,0,43024865000,43024887000,43024897000,65536,0,0,3072,0,0,1020,0,0,62460,2044,3
6,2168,0,0,0,43024898000,43024902000,43024909000,65536,0,0,3072,0,0,1020,0,0,62460,2044,3
7,1,1,0,4,43024911000,43024925000,43024933000,65536,0,0,3072,0,0,1020,0,0,62460,2044,3
1,2168,2168,0,0,43030079000,43030131000,43030155000,67704,0,0,4096,0,0,-124,0,0,63484,3068,4
6,0,0,0,0,43030156000,43030160000,43030167000,67704,0,0,4096,0,0,-124,0,0,63484,3068,4
7,0,1,0,0,43030189000,43043327000,43043353000,67704,0,0,2048,0,0,1924,0,0,65532,1020,2
1,2944,2944,0,0,43043363000,43043393000,43043403000,70648,0,0,4096,0,0,-1020,0,0,65532,1020,4
6,0,0,0,0,43043404000,43043407000,43043414000,70648,0,0,4096,0,0,-1020,0,0,65532,1020,4
7,0,1,0,0,43043417000,43057334000,43057361000,70648,0,0,2048,0,0,1028,0,0,67580,3068,2
1,2944,1028,0,0,43057372000,43057404000,43057414000,71676,0,0,4096,0,0,0,0,0,67580,3068,4
6,1916,0,0,0,43057415000,43057419000,43057426000,71676,0,0,4096,0,0,0,0,0,67580,3068,4
7,1,1,0,4,43057429000,43058038000,43058065000,71676,0,0,3072,0,0,1024,0,0,68604,4092,3
1,1916,1916,0,0,43060087000,43060135000,43060155000,73592,0,0,4096,0,0,-892,0,0,68604,4092,4
6,0,0,0,0,43060156000,43060160000,43060167000,73592,0,0,4096,0,0,-892,0,0,68604,4092,4
7,0,1,0,0,43060188000,43073329000,43073353000,73592,0,0,2048,0,0,1156,0,0,70652,2044,2
1,2944,1156,0,0,43073363000,43073393000,43073403000,74748,0,0,4096,0,0,0,0,0,70652,2044,4
6,1788,0,0,0,43073404000,43073408000,43073414000,74748,0,0,4096,0,0,0,0,0,70652,2044,4
7,1,1,0,4,43073417000,43075422000,43075447000,74748,0,0,3072,0,0,1024,0,0,71676,3068,3
1,1788,1788,0,0,43075451000,43075483000,43075493000,76536,0,0,4096,0,0,-764,0,0,71676,3068,4
6,0,0,0,0,43075494000,43075498000,43075504000,76536,0,0,4096,0,0,-764,0,0,71676,3068,4
7,0,1,0,0,43075525000,43090364000,43090393000,76536,0,0,2048,0,0,1284,0,0,73724,1020,2
1,2944,1284,0,0,43090403000,43090434000,43090445000,77820,0,0,4096,0,0,0,0,0,73724,1020,4
6,1660,0,0,0,43090446000,43090449000,43090456000,77820,0,0,4096,0,0,0,0,0,73724,1020,4
7,1,1,0,4,43090459000,43092829000,43092856000,77820,0,0,3072,0,0,1024,0,0,74748,2044,3
1,1660,1660,0,0,43092860000,43092893000,43092905000,79480,0,0,4096,0,0,-636,0,0,74748,2044,4
6,0,0,0,0,43092906000,43092909000,43092916000,79480,0,0,4096,0,0,-636,0,0,74748,2044,4
7,0,1,0,0,43092937000,43106145000,43106169000,79480,0,0,2048,0,0,1412,0,0,76796,4092,2
1,2944,1412,0,0,43106180000,43106210000,43106220000,80892,0,0,4096,0,0,0,0,0,76796,4092,4
6,1532,0,0,0,43106221000,43106225000,43106232000,80892,0,0,4096,0,0,0,0,0,76796,4092,4
7,1,1,0,4,43106235000,43110251000,43110276000,80892,0,0,3072,0,0,1024,0,0,77820,1020,3
1,1532,1532,0,0,43110280000,43110313000,43110323000,82424,0,0,4096,0,0,-508,0,0,77820,1020,4
6,0,0,0,0,43110324000,43110327000,43110334000,82424,0,0,4096,0,0,-508,0,0,77820,1020,4
7,0,1,0,0,43110355000,43123477000,43123503000,82424,0,0,2048,0,0,1540,0,0,79868,3068,2
1,2944,1540,0,0,43123513000,43123541000,43123551000,83964,0,0,4096,0,0,0,0,0,79868,3068,4
6,1404,0,0,0,43123552000,43123555000,43123562000,83964,0,0,4096,0,0,0,0,0,79868,3068,4
7,1,1,0,4,43123565000,43127632000,43127657000,83964,0,0,3072,0,0,1024,0,0,80892,4092,3
1,1404,1404,0,0,43127661000,43127692000,43127702000,85368,0,0,4096,0,0,-380,0,0,80892,4092,4
6,0,0,0,0,43127703000,43127707000,43127714000,85368,0,0,4096,0,0,-380,0,0,80892,4092,4
7,0,1,0,0,43127734000,43156966000,43156992000,85368,0,0,1024,0,0,2692,0,0,83964,1020,1
1,2944,2944,0,0,43157003000,43157037000,43157047000,88312,0,0,4096,0,0,-252,0,0,83964,1020,4
6,0,0,0,0,43157048000,43157052000,43157059000,88312,0,0,4096,0,0,-252,0,0,83964,1020,4
7,0,1,0,0,43157062000,43171052000,43171080000,88312,0,0,2048,0,0,1796,0,0,86012,3068,2
1,2944,1796,0,0,43171090000,43171121000,43171131000,90108,0,0,4096,0,0,0,0,0,86012,3068,4
6,1148,0,0,0,43171132000,43171136000,43171143000,90108,0,0,4096,0,0,0,0,0,86012,3068,4
7,1,1,0,4,43171146000,43174051000,43174074000,90108,0,0,3072,0,0,1024,0,0,87036,4092,3
1,1148,1148,0,0,43174078000,43174106000,43174117000,91256,0,0,4096,0,0,-124,0,0,87036,4092,4
6,0,0,0,0,43174118000,43174122000,43174129000,91256,0,0,4096,0,0,-124,0,0,87036,4092,4
7,0,1,0,0,43174146000,43187003000,43187027000,91256,0,0,2048,0,0,1924,0,0,89084,2044,2
1,2944,2944,0,0,43187036000,43187065000,43187076000,94200,0,0,4096,0,0,-1020,0,0,89084,2044,4
6,0,0,0,0,43187077000,43187081000,43187087000,94200,0,0,4096,0,0,-1020,0,0,89084,2044,4
7,0,1,0,0,43187090000,43201078000,43201105000,94200,0,0,2048,0,0,1028,0,0,91132,4092,2
1,2944,1028,0,0,43201115000,43201148000,43201159000,95228,0,0,4096,0,0,0,0,0,91132,4092,4
6,1916,0,0,0,43201160000,43201164000,43201171000,95228,0,0,4096,0,0,0,0,0,91132,4092,4
7,1,1,0,4,43201174000,43203046000,43203077000,95228,0,0,3072,0,0,1024,0,0,92156,1020,3
1,1916,1916,0,0,43203080000,43203123000,43203135000,97144,0,0,4096,0,0,-892,0,0,92156,1020,4
6,0,0,0,0,43203136000,43203140000,43203147000,97144,0,0,4096,0,0,-892,0,0,92156,1020,4
7,0,1,0,0,43203167000,43216066000,43216091000,97144,0,0,2048,0,0,1156,0,0,94204,3068,2
1,1160,1160,0,0,43216101000,43216131000,43216141000,98304,0,0,4096,0,0,-4,0,0,94204,3068,4
6,1784,0,0,0,43216142000,43216145000,43216152000,98304,0,0,4096,0,0,-4,0,0,94204,3068,4
7,1,1,0,4,43216155000,43220428000,43220453000,98304,0,0,3072,0,0,1020,0,0,95228,4092,3
1,1784,1784,0,0,43220456000,43220490000,43220501000,100088,0,0,4096,0,0,-764,0,0,95228,4092,4
6,0,0,0,0,43220502000,43220505000,43220512000,100088,0,0,4096,0,0,-764,0,0,95228,4092,4
7,0,1,0,0,43220530000,43232973000,43232991000,100088,0,0,2048,0,0,1284,0,0,97276,2044,2
1,2944,1284,0,0,43233003000,43233036000,43233046000,101372,0,0,4096,0,0,0,0,0,97276,2044,4
6,1660,0,0,0,43233047000,43233051000,43233058000,101372,0,0,4096,0,0,0,0,0,97276,2044,4
7,1,1,0,4,43233060000,43237808000,43237833000,101372,0,0,3072,0,0,1024,0,0,98300,3068,3
1,1660,1660,0,0,43237836000,43237867000,43237877000,103032,0,0,4096,0,0,-636,0,0,98300,3068,4
6,0,0,0,0,43237878000,43237881000,43237888000,103032,0,0,4096,0,0,-636,0,0,98300,3068,4
7,0,1,0,0,43237906000,43250419000,43250439000,103032,0,0,2048,0,0,1412,0,0,100348,1020,2
1,2944,1412,0,0,43250448000,43250471000,43250481000,104444,0,0,4096,0,0,0,0,0,100348,1020,4
6,1532,0,0,0,43250482000,43250486000,43250492000,104444,0,0,4096,0,0,0,0,0,100348,1020,4
7,1,1,0,4,43250495000,43255212000,43255236000,104444,0,0,3072,0,0,1024,0,0,101372,2044,3
1,1532,1532,0,0,43255240000,43255269000,43255279000,105976,0,0,4096,0,0,-508,0,0,101372,2044,4
6,0,0,0,0,43255280000,43255283000,43255290000,105976,0,0,4096,0,0,-508,0,0,101372,2044,4
7,0,1,0,0,43255309000,43267785000,43267803000,105976,0,0,2048,0,0,1540,0,0,103420,4092,2
1,2944,1540,0,0,43267812000,43267837000,43267847000,107516,0,0,4096,0,0,0,0,0,103420,4092,4
6,1404,0,0,0,43267848000,43267851000,43267858000,107516,0,0,4096,0,0,0,0,0,103420,4092,4
7,1,1,0,4,43267861000,43272613000,43272637000,107516,0,0,3072,0,0,1024,0,0,104444,1020,3
1,1404,1404,0,0,43272641000,43272672000,43272682000,108920,0,0,4096,0,0,-380,0,0,104444,1020,4
6,0,0,0,0,43272683000,43272686000,43272694000,108920,0,0,4096,0,0,-380,0,0,104444,1020,4
7,0,1,0,0,43272712000,43285197000,43285218000,108920,0,0,2048,0,0,1668,0,0,106492,3068,2
1,2944,1668,0,0,43285227000,43285252000,43285263000,110588,0,0,4096,0,0,0,0,0,106492,3068,4
6,1276,0,0,0,43285264000,43285267000,43285274000,110588,0,0,4096,0,0,0,0,0,106492,3068,4
7,1,1,0,4,43285277000,43290059000,43290086000,110588,0,0,3072,0,0,1024,0,0,107516,4092,3
1,1276,1276,0,0,43290090000,43290118000,43290128000,111864,0,0,4096,0,0,-252,0,0,107516,4092,4
6,0,0,0,0,43290129000,43290133000,43290139000,111864,0,0,4096,0,0,-252,0,0,107516,4092,4
7,0,1,0,0,43290157000,43304338000,43304360000,111864,0,0,2048,0,0,1796,0,0,109564,2044,2
1,2940,1796,0,0,43304371000,43304402000,43304413000,113660,0,0,4096,0,0,0,0,0,109564,2044,4
6,1144,0,0,0,43304414000,43304418000,43304425000,113660,0,0,4096,0,0,0,0,0,109564,2044,4
7,1,1,0,4,43304427000,43307436000,43307461000,113660,0,0,3072,0,0,1024,0,0,110588,3068,3
1,1144,1144,0,0,43307465000,43307493000,43307503000,114804,0,0,4096,0,0,-120,0,0,110588,3068,4
6,0,0,0,0,43307504000,43307508000,43307515000,114804,0,0,4096,0,0,-120,0,0,110588,3068,4
7,0,1,0,0,43307531000,43320422000,43320447000,114804,0,0,2048,0,0,1928,0,0,112636,1020,2
1,2944,2944,0,0,43320456000,43320485000,43320494000,117748,0,0,4096,0,0,-1016,0,0,112636,1020,4
6,0,0,0,0,43320495000,43320499000,43320506000,117748,0,0,4096,0,0,-1016,0,0,112636,1020,4
7,0,1,0,0,43320509000,43334508000,43334537000,117748,0,0,2048,0,0,1032,0,0,114684,3068,2
1,2944,1032,0,0,43334546000,43334578000,43334589000,118780,0,0,4096,0,0,0,0,0,114684,3068,4
6,1912,0,0,0,43334590000,43334593000,43334600000,118780,0,0,4096,0,0,0,0,0,114684,3068,4
7,1,1,0,4,43334603000,43336454000,43336483000,118780,0,0,3072,0,0,1024,0,0,115708,4092,3
1,1912,1912,0,0,43336487000,43336529000,43336540000,120692,0,0,4096,0,0,-888,0,0,115708,4092,4
6,0,0,0,0,43336541000,43336545000,43336552000,120692,0,0,4096,0,0,-888,0,0,115708,4092,4
7,0,1,0,0,43336572000,43349444000,43349464000,120692,0,0,2048,0,0,1160,0,0,117756,2044,2
1,2944,1160,0,0,43349474000,43349503000,43349513000,121852,0,0,4096,0,0,0,0,0,117756,2044,4
6,1784,0,0,0,43349514000,43349517000,43349524000,121852,0,0,4096,0,0,0,0,0,117756,2044,4
7,1,1,0,4,43349527000,43353813000,43353838000,121852,0,0,3072,0,0,1024,0,0,118780,3068,3
1,1784,1784,0,0,43353842000,43353875000,43353885000,123636,0,0,4096,0,0,-760,0,0,118780,3068,4
6,0,0,0,0,43353886000,43353889000,43353896000,123636,0,0,4096,0,0,-760,0,0,118780,3068,4
7,0,1,0,0,43353912000,43366468000,43366488000,123636,0,0,2048,0,0,1288,0,0,120828,1020,2
1,2944,1288,0,0,43366497000,43366522000,43366531000,124924,0,0,4096,0,0,0,0,0,120828,1020,4
6,1656,0,0,0,43366532000,43366535000,43366542000,124924,0,0,4096,0,0,0,0,0,120828,1020,4
7,1,1,0,4,43366545000,43371226000,43371249000,124924,0,0,3072,0,0,1024,0,0,121852,2044,3
1,1656,1656,0,0,43371253000,43371283000,43371294000,126580,0,0,4096,0,0,-632,0,0,121852,2044,4
6,0,0,0,0,43371295000,43371298000,43371305000,126580,0,0,4096,0,0,-632,0,0,121852,2044,4
7,0,1,0,0,43371323000,43383795000,43383812000,126580,0,0,2048,0,0,1416,0,0,123900,4092,2
1,2944,1416,0,0,43383821000,43383843000,43383853000,127996,0,0,4096,0,0,0,0,0,123900,4092,4
6,1528,0,0,0,43383855000,43383858000,43383865000,127996,0,0,4096,0,0,0,0,0,123900,4092,4
7,1,1,0,4,43383867000,43388611000,43388635000,127996,0,0,3072,0,0,1024,0,0,124924,1020,3
1,1528,1528,0,0,43388639000,43388669000,43388678000,129524,0,0,4096,0,0,-504,0,0,124924,1020,4
6,0,0,0,0,43388679000,43388683000,43388690000,129524,0,0,4096,0,0,-504,0,0,124924,1020,4
7,0,1,0,0,43388707000,43401215000,43401235000,129524,0,0,2048,0,0,1544,0,0,126972,3068,2
1,1548,1548,0,0,43401245000,43401268000,43401279000,131072,0,0,4096,0,0,-4,0,0,126972,3068,4
6,1396,0,0,0,43401280000,43401284000,43401290000,131072,0,0,4096,0,0,-4,0,0,126972,3068,4
7,1,1,0,4,43401293000,43406014000,43406038000,131072,0,0,3072,0,0,1020,0,0,127996,4092,3
1,1396,1396,0,0,43406042000,43406073000,43406083000,132468,0,0,4096,0,0,-376,0,0,127996,4092,4
6,0,0,0,0,43406084000,43406088000,43406094000,132468,0,0,4096,0,0,-376,0,0,127996,4092,4
7,0,1,0,0,43406113000,43418625000,43418646000,132468,0,0,2048,0,0,1672,0,0,130044,2044,2
1,2944,1672,0,0,43418656000,43418681000,43418692000,134140,0,0,4096,0,0,0,0,0,130044,2044,4
6,1272,0,0,0,43418693000,43418696000,43418703000,134140,0,0,4096,0,0,0,0,0,130044,2044,4
7,1,1,0,4,43418705000,43423413000,43423437000,134140,0,0,3072,0,0,1024,0,0,131068,3068,3
1,1272,1272,0,0,43423441000,43423471000,43423481000,135412,0,0,4096,0,0,-248,0,0,131068,3068,4
6,0,0,0,0,43423482000,43423486000,43423493000,135412,0,0,4096,0,0,-248,0,0,131068,3068,4
7,0,1,0,0,43423510000,43436039000,43436059000,135412,0,0,2048,0,0,1800,0,0,133116,1020,2
1,2944,1800,0,0,43436068000,43436093000,43436104000,137212,0,0,4096,0,0,0,0,0,133116,1020,4
6,1144,0,0,0,43436105000,43436109000,43436116000,137212,0,0,4096,0,0,0,0,0,133116,1020,4
7,1,1,0,4,43436118000,43440833000,43440858000,137212,0,0,3072,0,0,1024,0,0,134140,2044,3
1,1144,1144,0,0,43440861000,43440890000,43440900000,138356,0,0,4096,0,0,-120,0,0,134140,2044,4
6,0,0,0,0,43440901000,43440905000,43440912000,138356,0,0,4096,0,0,-120,0,0,134140,2044,4
7,0,1,0,0,43440931000,43453434000,43453455000,138356,0,0,2048,0,0,1928,0,0,136188,4092,2
1,2944,2944,0,0,43453464000,43453492000,43453502000,141300,0,0,4096,0,0,-1016,0,0,136188,4092,4
6,0,0,0,0,43453503000,43453506000,43453513000,141300,0,0,4096,0,0,-1016,0,0,136188,4092,4
7,0,1,0,0,43453516000,43467437000,43467465000,141300,0,0,2048,0,0,1032,0,0,138236,2044,2
1,2944,1032,0,0,43467474000,43467506000,43467517000,142332,0,0,4096,0,0,0,0,0,138236,2044,4
6,1912,0,0,0,43467518000,43467521000,43467528000,142332,0,0,4096,0,0,0,0,0,138236,2044,4
7,1,1,0,4,43467530000,43469857000,43469888000,142332,0,0,3072,0,0,1024,0,0,139260,3068,3
1,1912,1912,0,0,43469892000,43469935000,43469948000,144244,0,0,4096,0,0,-888,0,0,139260,3068,4
6,0,0,0,0,43469949000,43469953000,43469959000,144244,0,0,4096,0,0,-888,0,0,139260,3068,4
7,0,1,0,0,43469980000,43482921000,43482943000,144244,0,0,2048,0,0,1160,0,0,141308,1020,2
1,2944,1160,0,0,43482952000,43482980000,43482990000,145404,0,0,4096,0,0,0,0,0,141308,1020,4
6,1784,0,0,0,43482991000,43482994000,43483001000,145404,0,0,4096,0,0,0,0,0,141308,1020,4
7,1,1,0,4,43483004000,43487214000,43487239000,145404,0,0,3072,0,0,1024,0,0,142332,2044,3
1,1784,1784,0,0,43487242000,43487274000,43487283000,147188,0,0,4096,0,0,-760,0,0,142332,2044,4
6,0,0,0,0,43487284000,43487288000,43487294000,147188,0,0,4096,0,0,-760,0,0,142332,2044,4
7,0,1,0,0,43487313000,43499793000,43499815000,147188,0,0,2048,0,0,1288,0,0,144380,4092,2
1,2944,1288,0,0,43499824000,43499847000,43499858000,148476,0,0,4096,0,0,0,0,0,144380,4092,4
6,1656,0,0,0,43499859000,43499862000,43499869000,148476,0,0,4096,0,0,0,0,0,144380,4092,4
7,1,1,0,4,43499872000,43504890000,43504916000,148476,0,0,3072,0,0,1024,0,0,145404,1020,3
1,1656,1656,0,0,43504920000,43504950000,43504961000,150132,0,0,4096,0,0,-632,0,0,145404,1020,4
6,0,0,0,0,43504962000,43504965000,43504972000,150132,0,0,4096,0,0,-632,0,0,145404,1020,4
7,0,1,0,0,43504992000,43517513000,43517534000,150132,0,0,2048,0,0,1416,0,0,147452,3068,2
1,2944,1416,0,0,43517543000,43517570000,43517581000,151548,0,0,4096,0,0,0,0,0,147452,3068,4
6,1528,0,0,0,43517582000,43517585000,43517592000,151548,0,0,4096,0,0,0,0,0,147452,3068,4
7,1,1,0,4,43517595000,43522020000,43522044000,151548,0,0,3072,0,0,1024,0,0,148476,4092,3
1,1528,1528,0,0,43522047000,43522079000,43522090000,153076,0,0,4096,0,0,-504,0,0,148476,4092,4
6,0,0,0,0,43522091000,43522095000,43522102000,153076,0,0,4096,0,0,-504,0,0,148476,4092,4
7,0,1,0,0,43522122000,43534592000,43534611000,153076,0,0,2048,0,0,1544,0,0,150524,2044,2
1,2944,1544,0,0,43534620000,43534645000,43534655000,154620,0,0,4096,0,0,0,0,0,150524,2044,4
6,1400,0,0,0,43534656000,43534659000,43534666000,154620,0,0,4096,0,0,0,0,0,150524,2044,4
7,1,1,0,4,43534669000,43539415000,43539439000,154620,0,0,3072,0,0,1024,0,0,151548,3068,3
1,1400,1400,0,0,43539442000,43539472000,43539482000,156020,0,0,4096,0,0,-376,0,0,151548,3068,4
6,0,0,0,0,43539483000,43539487000,43539494000,156020,0,0,4096,0,0,-376,0,0,151548,3068,4
7,0,1,0,0,43539512000,43552070000,43552092000,156020,0,0,2048,0,0,1672,0,0,153596,1020,2
1,2944,1672,0,0,43552102000,43552130000,43552140000,157692,0,0,4096,0,0,0,0,0,153596,1020,4
6,1272,0,0,0,43552141000,43552144000,43552151000,157692,0,0,4096,0,0,0,0,0,153596,1020,4
7,1,1,0,4,43552154000,43556823000,43556848000,157692,0,0,3072,0,0,1024,0,0,154620,2044,3
1,1272,1272,0,0,43556852000,43556883000,43556893000,158964,0,0,4096,0,0,-248,0,0,154620,2044,4
6,0,0,0,0,43556894000,43556898000,43556905000,158964,0,0,4096,0,0,-248,0,0,154620,2044,4
7,0,1,0,0,43556924000,43569398000,43569419000,158964,0,0,2048,0,0,1800,0,0,156668,4092,2
1,2944,1800,0,0,43569428000,43569454000,43569464000,160764,0,0,4096,0,0,0,0,0,156668,4092,4
6,1144,0,0,0,43569465000,43569468000,43569475000,160764,0,0,4096,0,0,0,0,0,156668,4092,4
7,1,1,0,4,43569477000,43574219000,43574243000,160764,0,0,3072,0,0,1024,0,0,157692,1020,3
1,1144,1144,0,0,43574247000,43574275000,43574285000,161908,0,0,4096,0,0,-120,0,0,157692,1020,4
6,0,0,0,0,43574286000,43574289000,43574296000,161908,0,0,4096,0,0,-120,0,0,157692,1020,4
7,0,1,0,0,43574314000,43586789000,43586808000,161908,0,0,2048,0,0,1928,0,0,159740,3068,2
1,1932,1932,0,0,43586817000,43586842000,43586853000,163840,0,0,4096,0,0,-4,0,0,159740,3068,4
6,1012,0,0,0,43586854000,43586857000,43586864000,163840,0,0,4096,0,0,-4,0,0,159740,3068,4
7,1,1,0,4,43586866000,43591618000,43591642000,163840,0,0,3072,0,0,1020,0,0,160764,4092,3
1,1012,1012,0,0,43591646000,43591662000,43591671000,164852,0,0,3072,0,0,8,0,0,160764,4092,3
6,0,0,0,0,43591672000,43591675000,43591682000,164852,0,0,3072,0,0,8,0,0,160764,4092,3
7,0,1,0,0,43591700000,43604191000,43604213000,164852,0,0,1024,0,0,2056,0,0,162812,2044,1
1,2944,2944,0,0,43604221000,43604254000,43604266000,167796,0,0,4096,0,0,-888,0,0,162812,2044,4
6,0,0,0,0,43604267000,43604270000,43604277000,167796,0,0,4096,0,0,-888,0,0,162812,2044,4
7,0,1,0,0,43604280000,43618206000,43618233000,167796,0,0,2048,0,0,1160,0,0,164860,4092,2
1,2940,1160,0,0,43618244000,43618277000,43618287000,168956,0,0,4096,0,0,0,0,0,164860,4092,4
6,1780,0,0,0,43618288000,43618291000,43618298000,168956,0,0,4096,0,0,0,0,0,164860,4092,4
7,1,1,0,4,43618302000,43620683000,43620714000,168956,0,0,3072,0,0,1024,0,0,165884,1020,3
1,1780,1780,0,0,43620718000,43620758000,43620770000,170736,0,0,4096,0,0,-756,0,0,165884,1020,4
6,0,0,0,0,43620771000,43620774000,43620781000,170736,0,0,4096,0,0,-756,0,0,165884,1020,4
7,0,1,0,0,43620802000,43633731000,43633755000,170736,0,0,2048,0,0,1292,0,0,167932,3068,2
1,2944,1292,0,0,43633764000,43633792000,43633803000,172028,0,0,4096,0,0,0,0,0,167932,3068,4
6,1652,0,0,0,43633803000,43633807000,43633814000,172028,0,0,4096,0,0,0,0,0,167932,3068,4
7,1,1,0,4,43633817000,43638019000,43638043000,172028,0,0,3072,0,0,1024,0,0,168956,4092,3
1,1652,1652,0,0,43638046000,43638079000,43638088000,173680,0,0,4096,0,0,-628,0,0,168956,4092,4
6,0,0,0,0,43638089000,43638093000,43638099000,173680,0,0,4096,0,0,-628,0,0,168956,4092,4
7,0,1,0,0,43638117000,43666677000,43666700000,173680,0,0,2048,0,0,1420,0,0,171004,4092,2
1,2944,1420,0,0,43666710000,43666733000,43666742000,175100,0,0,4096,0,0,0,0,0,171004,4092,4
6,1524,0,0,0,43666743000,43666746000,43666753000,175100,0,0,4096,0,0,0,0,0,171004,4092,4
7,1,1,0,4,43666756000,43666997000,43667013000,175100,0,0,3072,0,0,1024,0,0,172028,1020,3
1,1524,1524,0,0,43670146000,43670191000,43670213000,176624,0,0,4096,0,0,-500,0,0,172028,1020,4
6,0,0,0,0,43670214000,43670218000,43670226000,176624,0,0,4096,0,0,-500,0,0,172028,1020,4
7,0,1,0,0,43670244000,43682715000,43682734000,176624,0,0,2048,0,0,1548,0,0,174076,3068,2
1,2944,1548,0,0,43682745000,43682780000,43682792000,178172,0,0,4096,0,0,0,0,0,174076,3068,4
6,1396,0,0,0,43682793000,43682796000,43682803000,178172,0,0,4096,0,0,0,0,0,174076,3068,4
7,1,1,0,4,43682805000,43684455000,43684483000,178172,0,0,3072,0,0,1024,0,0,175100,4092,3
1,1396,1396,0,0,43684488000,43684526000,43684536000,179568,0,0,4096,0,0,-372,0,0,175100,4092,4
6,0,0,0,0,43684537000,43684541000,43684548000,179568,0,0,4096,0,0,-372,0,0,175100,4092,4
7,0,1,0,0,43684569000,43697422000,43697447000,179568,0,0,2048,0,0,1676,0,0,177148,2044,2
1,2944,1676,0,0,43697456000,43697485000,43697495000,181244,0,0,4096,0,0,0,0,0,177148,2044,4
6,1268,0,0,0,43697496000,43697499000,43697506000,181244,0,0,4096,0,0,0,0,0,177148,2044,4
7,1,1,0,4,43697509000,43702019000,43702046000,181244,0,0,3072,0,0,1024,0,0,178172,3068,3
1,1268,1268,0,0,43702049000,43702082000,43702091000,182512,0,0,4096,0,0,-244,0,0,178172,3068,4
6,0,0,0,0,43702092000,43702096000,43702102000,182512,0,0,4096,0,0,-244,0,0,178172,3068,4
7,0,1,0,0,43702121000,43716302000,43716325000,182512,0,0,2048,0,0,1804,0,0,180220,1020,2
1,2944,1804,0,0,43716334000,43716363000,43716374000,184316,0,0,4096,0,0,0,0,0,180220,1020,4
6,1140,0,0,0,43716374000,43716378000,43716385000,184316,0,0,4096,0,0,0,0,0,180220,1020,4
7,1,1,0,4,43716387000,43719270000,43719292000,184316,0,0,3072,0,0,1024,0,0,181244,2044,3
1,1140,1140,0,0,43719295000,43719324000,43719335000,185456,0,0,4096,0,0,-116,0,0,181244,2044,4
6,0,0,0,0,43719336000,43719339000,43719346000,185456,0,0,4096,0,0,-116,0,0,181244,2044,4
7,0,1,0,0,43719363000,43732214000,43732237000,185456,0,0,2048,0,0,1932,0,0,183292,4092,2
1,2944,2944,0,0,43732247000,43732274000,43732285000,188400,0,0,4096,0,0,-1012,0,0,183292,4092,4
6,0,0,0,0,43732286000,43732290000,43732297000,188400,0,0,4096,0,0,-1012,0,0,183292,4092,4
7,0,1,0,0,43732299000,43746230000,43746256000,188400,0,0,2048,0,0,1036,0,0,185340,2044,2
1,2944,1036,0,0,43746266000,43746297000,43746308000,189436,0,0,4096,0,0,0,0,0,185340,2044,4
6,1908,0,0,0,43746309000,43746313000,43746320000,189436,0,0,4096,0,0,0,0,0,185340,2044,4
7,1,1,0,4,43746323000,43748239000,43748265000,189436,0,0,3072,0,0,1024,0,0,186364,3068,3
1,1908,1908,0,0,43748269000,43748302000,43748313000,191344,0,0,4096,0,0,-884,0,0,186364,3068,4
6,0,0,0,0,43748313000,43748317000,43748324000,191344,0,0,4096,0,0,-884,0,0,186364,3068,4
7,0,1,0,0,43748345000,43761570000,43761596000,191344,0,0,2048,0,0,1164,0,0,188412,1020,2
1,2944,1164,0,0,43761607000,43761639000,43761648000,192508,0,0,4096,0,0,0,0,0,188412,1020,4
6,1780,0,0,0,43761649000,43761653000,43761660000,192508,0,0,4096,0,0,0,0,0,188412,1020,4
7,1,1,0,4,43761663000,43765646000,43765671000,192508,0,0,3072,0,0,1024,0,0,189436,2044,3
1,1780,1780,0,0,43765675000,43765708000,43765717000,194288,0,0,4096,0,0,-756,0,0,189436,2044,4
6,0,0,0,0,43765718000,43765722000,43765729000,194288,0,0,4096,0,0,-756,0,0,189436,2044,4
7,0,1,0,0,43765750000,43778848000,43778872000,194288,0,0,2048,0,0,1292,0,0,191484,4092,2
1,2320,1292,0,0,43778881000,43778910000,43778921000,195580,0,0,4096,0,0,0,0,0,191484,4092,4
6,1652,0,0,0,43778922000,43778925000,43778932000,195580,0,0,4096,0,0,0,0,0,191484,4092,4
7,1,1,0,4,43778935000,43783135000,43783163000,195580,0,0,3072,0,0,1024,0,0,192508,1020,3
1,1028,1028,0,0,43783167000,43783200000,43783210000,196608,0,0,4096,0,0,-4,0,0,192508,1020,4
6,624,0,0,0,43783211000,43783214000,43783221000,196608,0,0,4096,0,0,-4,0,0,192508,1020,4
7,1,1,0,4,43783246000,43788801000,43788820000,196608,0,0,3072,0,0,1020,0,0,193532,2044,3
1,624,624,0,0,43788822000,43788833000,43788842000,197232,0,0,3072,0,0,396,0,0,193532,2044,3
6,0,0,0,0,43788843000,43788846000,43788853000,197232,0,0,3072,0,0,396,0,0,193532,2044,3
7,0,1,0,0,43788856000,43796142000,43796159000,197232,0,0,2048,0,0,1420,0,0,194556,3068,2
1,2944,1420,0,0,43796168000,43796191000,43796201000,198652,0,0,4096,0,0,0,0,0,194556,3068,4
6,1524,0,0,0,43796202000,43796205000,43796212000,198652,0,0,4096,0,0,0,0,0,194556,3068,4
7,1,1,0,4,43796214000,43800472000,43800502000,198652,0,0,3072,0,0,1024,0,0,195580,4092,3
1,1524,1524,0,0,43800506000,43800551000,43800563000,200176,0,0,4096,0,0,-500,0,0,195580,4092,4
6,0,0,0,0,43800564000,43800568000,43800575000,200176,0,0,4096,0,0,-500,0,0,195580,4092,4
7,0,1,0,0,43800602000,43813452000,43813475000,200176,0,0,2048,0,0,1548,0,0,197628,2044,2
1,2944,1548,0,0,43813484000,43813516000,43813527000,201724,0,0,4096,0,0,0,0,0,197628,2044,4
6,1396,0,0,0,43813528000,43813531000,43813538000,201724,0,0,4096,0,0,0,0,0,197628,2044,4
7,1,1,0,4,43813541000,43817854000,43817882000,201724,0,0,3072,0,0,1024,0,0,198652,3068,3
1,1396,1396,0,0,43817887000,43817930000,43817940000,203120,0,0,4096,0,0,-372,0,0,198652,3068,4
6,0,0,0,0,43817941000,43817944000,43817951000,203120,0,0,4096,0,0,-372,0,0,198652,3068,4
7,0,1,0,0,43817976000,43830801000,43830826000,203120,0,0,2048,0,0,1676,0,0,200700,1020,2
1,2944,1676,0,0,43830836000,43830864000,43830874000,204796,0,0,4096,0,0,0,0,0,200700,1020,4
6,1268,0,0,0,43830875000,43830878000,43830885000,204796,0,0,4096,0,0,0,0,0,200700,1020,4
7,1,1,0,4,43830888000,43835248000,43835272000,204796,0,0,3072,0,0,1024,0,0,201724,2044,3
1,1268,1268,0,0,43835276000,43835306000,43835317000,206064,0,0,4096,0,0,-244,0,0,201724,2044,4
6,0,0,0,0,43835318000,43835321000,43835328000,206064,0,0,4096,0,0,-244,0,0,201724,2044,4
7,0,1,0,0,43835347000,43847858000,43847879000,206064,0,0,2048,0,0,1804,0,0,203772,4092,2
1,2944,1804,0,0,43847888000,43847916000,43847926000,207868,0,0,4096,0,0,0,0,0,203772,4092,4
6,1140,0,0,0,43847927000,43847931000,43847937000,207868,0,0,4096,0,0,0,0,0,203772,4092,4
7,1,1,0,4,43847940000,43852626000,43852651000,207868,0,0,3072,0,0,1024,0,0,204796,1020,3
1,1140,1140,0,0,43852654000,43852682000,43852692000,209008,0,0,4096,0,0,-116,0,0,204796,1020,4
6,0,0,0,0,43852694000,43852697000,43852704000,209008,0,0,4096,0,0,-116,0,0,204796,1020,4
7,0,1,0,0,43852724000,43865187000,43865205000,209008,0,0,2048,0,0,1932,0,0,206844,3068,2
1,2944,2944,0,0,43865215000,43865238000,43865250000,211952,0,0,4096,0,0,-1012,0,0,206844,3068,4
6,0,0,0,0,43865251000,43865254000,43865261000,211952,0,0,4096,0,0,-1012,0,0,206844,3068,4
7,0,1,0,0,43865264000,43879246000,43879273000,211952,0,0,2048,0,0,1036,0,0,208892,1020,2
1,2944,1036,0,0,43879283000,43879319000,43879329000,212988,0,0,4096,0,0,0,0,0,208892,1020,4
6,1908,0,0,0,43879329000,43879333000,43879340000,212988,0,0,4096,0,0,0,0,0,208892,1020,4
7,1,1,0,4,43879343000,43881644000,43881669000,212988,0,0,3072,0,0,1024,0,0,209916,2044,3
1,1908,1908,0,0,43881672000,43881707000,43881718000,214896,0,0,4096,0,0,-884,0,0,209916,2044,4
6,0,0,0,0,43881719000,43881722000,43881729000,214896,0,0,4096,0,0,-884,0,0,209916,2044,4
7,0,1,0,0,43881749000,43894842000,43894866000,214896,0,0,2048,0,0,1164,0,0,211964,4092,2
1,2944,1164,0,0,43894876000,43894904000,43894914000,216060,0,0,4096,0,0,0,0,0,211964,4092,4
6,1780,0,0,0,43894915000,43894918000,43894925000,216060,0,0,4096,0,0,0,0,0,211964,4092,4
7,1,1,0,4,43894928000,43899045000,43899067000,216060,0,0,3072,0,0,1024,0,0,212988,1020,3
1,1780,1780,0,0,43899070000,43899101000,43899112000,217840,0,0,4096,0,0,-756,0,0,212988,1020,4
6,0,0,0,0,43899113000,43899116000,43899123000,217840,0,0,4096,0,0,-756,0,0,212988,1020,4
7,0,1,0,0,43899143000,43912287000,43912311000,217840,0,0,2048,0,0,1292,0,0,215036,3068,2
1,2944,1292,0,0,43912321000,43912350000,43912360000,219132,0,0,4096,0,0,0,0,0,215036,3068,4
6,1652,0,0,0,43912361000,43912364000,43912371000,219132,0,0,4096,0,0,0,0,0,215036,3068,4
7,1,1,0,4,43912374000,43916440000,43916468000,219132,0,0,3072,0,0,1024,0,0,216060,4092,3
1,1652,1652,0,0,43916472000,43916511000,43916523000,220784,0,0,4096,0,0,-628,0,0,216060,4092,4
6,0,0,0,0,43916524000,43916528000,43916535000,220784,0,0,4096,0,0,-628,0,0,216060,4092,4
7,0,1,0,0,43916560000,43931138000,43931167000,220784,0,0,2048,0,0,1420,0,0,218108,2044,2
1,2944,1420,0,0,43931177000,43931205000,43931216000,222204,0,0,4096,0,0,0,0,0,218108,2044,4
6,1524,0,0,0,43931217000,43931220000,43931227000,222204,0,0,4096,0,0,0,0,0,218108,2044,4
7,1,1,0,4,43931230000,43933854000,43933883000,222204,0,0,3072,0,0,1024,0,0,219132,3068,3
1,1524,1524,0,0,43933888000,43933928000,43933939000,223728,0,0,4096,0,0,-500,0,0,219132,3068,4
6,0,0,0,0,43933940000,43933944000,43933951000,223728,0,0,4096,0,0,-500,0,0,219132,3068,4
7,0,1,0,0,43933976000,43946818000,43946839000,223728,0,0,2048,0,0,1548,0,0,221180,1020,2
1,2940,1548,0,0,43946850000,43946875000,43946886000,225276,0,0,4096,0,0,0,0,0,221180,1020,4
6,1392,0,0,0,43946887000,43946890000,43946897000,225276,0,0,4096,0,0,0,0,0,221180,1020,4
7,1,1,0,4,43946900000,43951284000,43951313000,225276,0,0,3072,0,0,1024,0,0,222204,2044,3
1,1392,1392,0,0,43951317000,43951356000,43951367000,226668,0,0,4096,0,0,-368,0,0,222204,2044,4
6,0,0,0,0,43951368000,43951372000,43951379000,226668,0,0,4096,0,0,-368,0,0,222204,2044,4
7,0,1,0,0,43951407000,43964274000,43964297000,226668,0,0,2048,0,0,1680,0,0,224252,4092,2
1,2708,1680,0,0,43964307000,43964336000,43964346000,228348,0,0,4096,0,0,0,0,0,224252,4092,4
6,1264,0,0,0,43964347000,43964350000,43964357000,228348,0,0,4096,0,0,0,0,0,224252,4092,4
7,1,1,0,4,43964360000,43968627000,43968651000,228348,0,0,3072,0,0,1024,0,0,225276,1020,3
1,1028,1028,0,0,43968655000,43968682000,43968692000,229376,0,0,4096,0,0,-4,0,0,225276,1020,4
6,236,0,0,0,43968693000,43968697000,43968704000,229376,0,0,4096,0,0,-4,0,0,225276,1020,4
7,1,1,0,4,43968722000,43974398000,43974415000,229376,0,0,3072,0,0,1020,0,0,226300,2044,3
1,236,236,0,0,43974418000,43974425000,43974433000,229612,0,0,3072,0,0,784,0,0,226300,2044,3
6,0,0,0,0,43974434000,43974437000,43974444000,229612,0,0,3072,0,0,784,0,0,226300,2044,3
7,0,1,0,0,43974447000,43981292000,43981312000,229612,0,0,2048,0,0,1808,0,0,227324,3068,2
1,2944,1808,0,0,43981321000,43981346000,43981356000,231420,0,0,4096,0,0,0,0,0,227324,3068,4
6,1136,0,0,0,43981357000,43981360000,43981367000,231420,0,0,4096,0,0,0,0,0,227324,3068,4
7,1,1,0,4,43981369000,43986030000,43986054000,231420,0,0,3072,0,0,1024,0,0,228348,4092,3
1,1136,1136,0,0,43986058000,43986087000,43986096000,232556,0,0,4096,0,0,-112,0,0,228348,4092,4
6,0,0,0,0,43986097000,43986101000,43986107000,232556,0,0,4096,0,0,-112,0,0,228348,4092,4
7,0,1,0,0,43986128000,43998635000,43998656000,232556,0,0,2048,0,0,1936,0,0,230396,2044,2
1,2944,2944,0,0,43998665000,43998692000,43998702000,235500,0,0,4096,0,0,-1008,0,0,230396,2044,4
6,0,0,0,0,43998703000,43998706000,43998713000,235500,0,0,4096,0,0,-1008,0,0,230396,2044,4
7,0,1,0,0,43998716000,44012661000,44012689000,235500,0,0,2048,0,0,1040,0,0,232444,4092,2
1,2944,1040,0,0,44012700000,44012731000,44012740000,236540,0,0,4096,0,0,0,0,0,232444,4092,4
6,1904,0,0,0,44012741000,44012745000,44012752000,236540,0,0,4096,0,0,0,0,0,232444,4092,4
7,1,1,0,4,44012755000,44015044000,44015068000,236540,0,0,3072,0,0,1024,0,0,233468,1020,3
1,1904,1904,0,0,44015072000,44015102000,44015113000,238444,0,0,4096,0,0,-880,0,0,233468,1020,4
6,0,0,0,0,44015114000,44015118000,44015125000,238444,0,0,4096,0,0,-880,0,0,233468,1020,4
7,0,1,0,0,44015143000,44028269000,44028294000,238444,0,0,2048,0,0,1168,0,0,235516,3068,2
1,2944,1168,0,0,44028305000,44028334000,44028343000,239612,0,0,4096,0,0,0,0,0,235516,3068,4
6,1776,0,0,0,44028345000,44028348000,44028355000,239612,0,0,4096,0,0,0,0,0,235516,3068,4
7,1,1,0,4,44028358000,44032472000,44032496000,239612,0,0,3072,0,0,1024,0,0,236540,4092,3
1,1776,1776,0,0,44032501000,44032534000,44032562000,241388,0,0,4096,0,0,-752,0,0,236540,4092,4
6,0,0,0,0,44032563000,44032567000,44032574000,241388,0,0,4096,0,0,-752,0,0,236540,4092,4
7,0,1,0,0,44032591000,44045717000,44045738000,241388,0,0,2048,0,0,1296,0,0,238588,2044,2
1,2944,1296,0,0,44045748000,44045777000,44045786000,242684,0,0,4096,0,0,0,0,0,238588,2044,4
6,1648,0,0,0,44045787000,44045791000,44045798000,242684,0,0,4096,0,0,0,0,0,238588,2044,4
7,1,1,0,4,44045800000,44049846000,44049873000,242684,0,0,3072,0,0,1024,0,0,239612,3068,3
1,1648,1648,0,0,44049878000,44049913000,44049925000,244332,0,0,4096,0,0,-624,0,0,239612,3068,4
6,0,0,0,0,44049926000,44049929000,44049936000,244332,0,0,4096,0,0,-624,0,0,239612,3068,4
7,0,1,0,0,44049959000,44062906000,44062926000,244332,0,0,2048,0,0,1424,0,0,241660,1020,2
1,2944,1424,0,0,44062936000,44062962000,44062972000,245756,0,0,4096,0,0,0,0,0,241660,1020,4
6,1520,0,0,0,44062973000,44062977000,44062984000,245756,0,0,4096,0,0,0,0,0,241660,1020,4
7,1,1,0,4,44062987000,44067262000,44067293000,245756,0,0,3072,0,0,1024,0,0,242684,2044,3
1,1520,1520,0,0,44067298000,44067338000,44067350000,247276,0,0,4096,0,0,-496,0,0,242684,2044,4
6,0,0,0,0,44067351000,44067354000,44067361000,247276,0,0,4096,0,0,-496,0,0,242684,2044,4
7,0,1,0,0,44067388000,44080285000,44080312000,247276,0,0,2048,0,0,1552,0,0,244732,4092,2
1,2944,1552,0,0,44080320000,44080348000,44080358000,248828,0,0,4096,0,0,0,0,0,244732,4092,4
6,1392,0,0,0,44080359000,44080363000,44080369000,248828,0,0,4096,0,0,0,0,0,244732,4092,4
7,1,1,0,4,44080372000,44084656000,44084685000,248828,0,0,3072,0,0,1024,0,0,245756,1020,3
1,1392,1392,0,0,44084690000,44084737000,44084748000,250220,0,0,4096,0,0,-368,0,0,245756,1020,4
6,0,0,0,0,44084748000,44084752000,44084759000,250220,0,0,4096,0,0,-368,0,0,245756,1020,4
7,0,1,0,0,44084777000,44097640000,44097663000,250220,0,0,2048,0,0,1680,0,0,247804,3068,2
1,2944,1680,0,0,44097674000,44097702000,44097712000,251900,0,0,4096,0,0,0,0,0,247804,3068,4
6,1264,0,0,0,44097713000,44097717000,44097724000,251900,0,0,4096,0,0,0,0,0,247804,3068,4
7,1,1,0,4,44097726000,44102028000,44102051000,251900,0,0,3072,0,0,1024,0,0,248828,4092,3
1,1264,1264,0,0,44102055000,44102083000,44102094000,253164,0,0,4096,0,0,-240,0,0,248828,4092,4
6,0,0,0,0,44102095000,44102098000,44102105000,253164,0,0,4096,0,0,-240,0,0,248828,4092,4
7,0,1,0,0,44102126000,44114618000,44114637000,253164,0,0,2048,0,0,1808,0,0,250876,2044,2
1,2944,1808,0,0,44114647000,44114672000,44114682000,254972,0,0,4096,0,0,0,0,0,250876,2044,4
6,1136,0,0,0,44114683000,44114686000,44114693000,254972,0,0,4096,0,0,0,0,0,250876,2044,4
7,1,1,0,4,44114696000,44119428000,44119453000,254972,0,0,3072,0,0,1024,0,0,251900,3068,3
1,1136,1136,0,0,44119456000,44119485000,44119496000,256108,0,0,4096,0,0,-112,0,0,251900,3068,4
6,0,0,0,0,44119497000,44119501000,44119508000,256108,0,0,4096,0,0,-112,0,0,251900,3068,4
7,0,1,0,0,44119528000,44133670000,44133693000,256108,0,0,2048,0,0,1936,0,0,253948,1020,2
1,2944,2944,0,0,44133703000,44133732000,44133742000,259052,0,0,4096,0,0,-1008,0,0,253948,1020,4
6,0,0,0,0,44133743000,44133747000,44133754000,259052,0,0,4096,0,0,-1008,0,0,253948,1020,4
7,0,1,0,0,44133757000,44147821000,44147850000,259052,0,0,2048,0,0,1040,0,0,255996,3068,2
1,2944,1040,0,0,44147860000,44147893000,44147903000,260092,0,0,4096,0,0,0,0,0,255996,3068,4
6,1904,0,0,0,44147904000,44147908000,44147915000,260092,0,0,4096,0,0,0,0,0,255996,3068,4
7,1,1,0,4,44147918000,44148442000,44148464000,260092,0,0,3072,0,0,1024,0,0,257020,4092,3
1,1904,1904,0,0,44150077000,44150131000,44150156000,261996,0,0,4096,0,0,-880,0,0,257020,4092,4
6,0,0,0,0,44150157000,44150161000,44150168000,261996,0,0,4096,0,0,-880,0,0,257020,4092,4
7,0,1,0,0,44150194000,44179094000,44179118000,261996,0,0,1024,0,0,2192,0,0,260092,1020,1
1,148,148,0,0,44179127000,44179147000,44179158000,262144,0,0,2048,0,0,2044,0,0,260092,1020,2
6,2796,0,0,0,44179159000,44179162000,44179169000,262144,0,0,2048,0,0,2044,0,0,260092,1020,2
7,1,1,0,4,44179172000,44179185000,44179193000,262144,0,0,2048,0,0,2044,0,0,260092,1020,2
1,2796,2796,0,0,44190054000,44190104000,44190125000,264940,0,0,3072,0,0,272,0,0,261116,3068,3
6,0,0,0,0,44190126000,44190130000,44190137000,264940,0,0,3072,0,0,272,0,0,261116,3068,3
7,0,1,0,0,44190141000,44193277000,44193292000,264940,0,0,3072,0,0,272,0,0,261116,3068,3
1,2944,272,0,0,44193301000,44193317000,44193325000,265212,0,0,4096,0,0,0,0,0,261116,3068,4
6,2672,0,0,0,44193327000,44193330000,44193337000,265212,0,0,4096,0,0,0,0,0,261116,3068,4
7,1,1,0,4,44193339000,44194856000,44194880000,265212,0,0,3072,0,0,1024,0,0,262140,4092,3
1,2672,1024,0,0,44194884000,44194914000,44194925000,266236,0,0,4096,0,0,0,0,0,262140,4092,4
6,1648,0,0,0,44194926000,44194929000,44194936000,266236,0,0,4096,0,0,0,0,0,262140,4092,4
7,1,1,0,4,44194955000,44200634000,44200660000,266236,0,0,3072,0,0,1024,0,0,263164,1020,3
1,1648,1648,0,0,44200665000,44200698000,44200708000,267884,0,0,4096,0,0,-624,0,0,263164,1020,4
6,0,0,0,0,44200709000,44200713000,44200720000,267884,0,0,4096,0,0,-624,0,0,263164,1020,4
7,0,1,0,0,44200743000,44213565000,44213589000,267884,0,0,2048,0,0,1424,0,0,265212,3068,2
1,2944,1424,0,0,44213599000,44213627000,44213637000,269308,0,0,4096,0,0,0,0,0,265212,3068,4
6,1520,0,0,0,44213638000,44213642000,44213648000,269308,0,0,4096,0,0,0,0,0,265212,3068,4
7,1,1,0,4,44213651000,44218380000,44218408000,269308,0,0,3072,0,0,1024,0,0,266236,4092,3
1,1520,1520,0,0,44218411000,44218443000,44218453000,270828,0,0,4096,0,0,-496,0,0,266236,4092,4
6,0,0,0,0,44218454000,44218457000,44218464000,270828,0,0,4096,0,0,-496,0,0,266236,4092,4
7,0,1,0,0,44218484000,44230998000,44231020000,270828,0,0,2048,0,0,1552,0,0,268284,2044,2
1,2944,1552,0,0,44231029000,44231055000,44231065000,272380,0,0,4096,0,0,0,0,0,268284,2044,4
6,1392,0,0,0,44231065000,44231069000,44231076000,272380,0,0,4096,0,0,0,0,0,268284,2044,4
7,1,1,0,4,44231079000,44235433000,44235457000,272380,0,0,3072,0,0,1024,0,0,269308,3068,3
1,1392,1392,0,0,44235461000,44235490000,44235500000,273772,0,0,4096,0,0,-368,0,0,269308,3068,4
6,0,0,0,0,44235501000,44235505000,44235511000,273772,0,0,4096,0,0,-368,0,0,269308,3068,4
7,0,1,0,0,44235531000,44247989000,44248006000,273772,0,0,2048,0,0,1680,0,0,271356,1020,2
1,2944,1680,0,0,44248016000,44248040000,44248050000,275452,0,0,4096,0,0,0,0,0,271356,1020,4
6,1264,0,0,0,44248051000,44248055000,44248062000,275452,0,0,4096,0,0,0,0,0,271356,1020,4
7,1,1,0,4,44248065000,44252831000,44252855000,275452,0,0,3072,0,0,1024,0,0,272380,2044,3
1,1264,1264,0,0,44252860000,44252888000,44252898000,276716,0,0,4096,0,0,-240,0,0,272380,2044,4
6,0,0,0,0,44252899000,44252902000,44252909000,276716,0,0,4096,0,0,-240,0,0,272380,2044,4
7,0,1,0,0,44252930000,44265419000,44265440000,276716,0,0,2048,0,0,1808,0,0,274428,4092,2
1,2944,1808,0,0,44265450000,44265476000,44265486000,278524,0,0,4096,0,0,0,0,0,274428,4092,4
6,1136,0,0,0,44265486000,44265490000,44265497000,278524,0,0,4096,0,0,0,0,0,274428,4092,4
7,1,1,0,4,44265500000,44270253000,44270276000,278524,0,0,3072,0,0,1024,0,0,275452,1020,3
1,1136,1136,0,0,44270280000,44270308000,44270318000,279660,0,0,4096,0,0,-112,0,0,275452,1020,4
6,0,0,0,0,44270319000,44270322000,44270329000,279660,0,0,4096,0,0,-112,0,0,275452,1020,4
7,0,1,0,0,44270352000,44282839000,44282857000,279660,0,0,2048,0,0,1936,0,0,277500,3068,2
1,2940,2940,0,0,44282866000,44282895000,44282905000,282600,0,0,4096,0,0,-1004,0,0,277500,3068,4
6,0,0,0,0,44282906000,44282910000,44282916000,282600,0,0,4096,0,0,-1004,0,0,277500,3068,4
7,0,1,0,0,44282919000,44296854000,44296882000,282600,0,0,2048,0,0,1044,0,0,279548,1020,2
1,2944,1044,0,0,44296893000,44296925000,44296935000,283644,0,0,4096,0,0,0,0,0,279548,1020,4
6,1900,0,0,0,44296936000,44296939000,44296946000,283644,0,0,4096,0,0,0,0,0,279548,1020,4
7,1,1,0,4,44296950000,44299479000,44299508000,283644,0,0,3072,0,0,1024,0,0,280572,2044,3
1,1900,1900,0,0,44299513000,44299549000,44299558000,285544,0,0,4096,0,0,-876,0,0,280572,2044,4
6,0,0,0,0,44299559000,44299563000,44299569000,285544,0,0,4096,0,0,-876,0,0,280572,2044,4
7,0,1,0,0,44299593000,44312471000,44312495000,285544,0,0,2048,0,0,1172,0,0,282620,4092,2
1,2944,1172,0,0,44312505000,44312534000,44312545000,286716,0,0,4096,0,0,0,0,0,282620,4092,4
6,1772,0,0,0,44312546000,44312550000,44312557000,286716,0,0,4096,0,0,0,0,0,282620,4092,4
7,1,1,0,4,44312560000,44316655000,44316681000,286716,0,0,3072,0,0,1024,0,0,283644,1020,3
1,1772,1772,0,0,44316686000,44316719000,44316731000,288488,0,0,4096,0,0,-748,0,0,283644,1020,4
6,0,0,0,0,44316732000,44316736000,44316743000,288488,0,0,4096,0,0,-748,0,0,283644,1020,4
7,0,1,0,0,44316767000,44329624000,44329645000,288488,0,0,2048,0,0,1300,0,0,285692,3068,2
1,2944,1300,0,0,44329656000,44329680000,44329690000,289788,0,0,4096,0,0,0,0,0,285692,3068,4
6,1644,0,0,0,44329691000,44329695000,44329702000,289788,0,0,4096,0,0,0,0,0,285692,3068,4
7,1,1,0,4,44329704000,44334064000,44334094000,289788,0,0,3072,0,0,1024,0,0,286716,4092,3
1,1644,1644,0,0,44334099000,44334139000,44334150000,291432,0,0,4096,0,0,-620,0,0,286716,4092,4
6,0,0,0,0,44334151000,44334155000,44334162000,291432,0,0,4096,0,0,-620,0,0,286716,4092,4
7,0,1,0,0,44334189000,44348681000,44348705000,291432,0,0,2048,0,0,1428,0,0,288764,2044,2
1,2944,1428,0,0,44348715000,44348745000,44348755000,292860,0,0,4096,0,0,0,0,0,288764,2044,4
6,1516,0,0,0,44348756000,44348760000,44348767000,292860,0,0,4096,0,0,0,0,0,288764,2044,4
7,1,1,0,4,44348770000,44351450000,44351483000,292860,0,0,3072,0,0,1024,0,0,289788,3068,3
1,1516,1516,0,0,44351488000,44351532000,44351543000,294376,0,0,4096,0,0,-492,0,0,289788,3068,4
6,0,0,0,0,44351544000,44351548000,44351554000,294376,0,0,4096,0,0,-492,0,0,289788,3068,4
7,0,1,0,0,44351579000,44364416000,44364439000,294376,0,0,2048,0,0,1556,0,0,291836,1020,2
1,536,536,0,0,44364448000,44364467000,44364477000,294912,0,0,3072,0,0,1020,0,0,291836,1020,3
6,2408,0,0,0,44364478000,44364482000,44364489000,294912,0,0,3072,0,0,1020,0,0,291836,1020,3
7,1,1,0,4,44364492000,44364505000,44364513000,294912,0,0,3072,0,0,1020,0,0,291836,1020,3
1,2408,2408,0,0,44370057000,44370105000,44370127000,297320,0,0,4096,0,0,-364,0,0,292860,2044,4
6,0,0,0,0,44370128000,44370133000,44370140000,297320,0,0,4096,0,0,-364,0,0,292860,2044,4
7,0,1,0,0,44370162000,44382724000,44382745000,297320,0,0,2048,0,0,1684,0,0,294908,4092,2
1,2944,1684,0,0,44382754000,44382781000,44382790000,299004,0,0,4096,0,0,0,0,0,294908,4092,4
6,1260,0,0,0,44382791000,44382794000,44382801000,299004,0,0,4096,0,0,0,0,0,294908,4092,4
7,1,1,0,4,44382804000,44386238000,44386261000,299004,0,0,3072,0,0,1024,0,0,295932,1020,3
1,1260,1260,0,0,44386265000,44386295000,44386304000,300264,0,0,4096,0,0,-236,0,0,295932,1020,4
6,0,0,0,0,44386305000,44386308000,44386315000,300264,0,0,4096,0,0,-236,0,0,295932,1020,4
7,0,1,0,0,44386334000,44398792000,44398813000,300264,0,0,2048,0,0,1812,0,0,297980,3068,2
1,2944,1812,0,0,44398823000,44398850000,44398859000,302076,0,0,4096,0,0,0,0,0,297980,3068,4
6,1132,0,0,0,44398860000,44398864000,44398871000,302076,0,0,4096,0,0,0,0,0,297980,3068,4
7,1,1,0,4,44398874000,44403635000,44403660000,302076,0,0,3072,0,0,1024,0,0,299004,4092,3
1,1132,1132,0,0,44403664000,44403693000,44403703000,303208,0,0,4096,0,0,-108,0,0,299004,4092,4
6,0,0,0,0,44403704000,44403707000,44403714000,303208,0,0,4096,0,0,-108,0,0,299004,4092,4
7,0,1,0,0,44403732000,44416252000,44416272000,303208,0,0,2048,0,0,1940,0,0,301052,2044,2
1,2944,2944,0,0,44416281000,44416309000,44416319000,306152,0,0,4096,0,0,-1004,0,0,301052,2044,4
6,0,0,0,0,44416320000,44416323000,44416330000,306152,0,0,4096,0,0,-1004,0,0,301052,2044,4
7,0,1,0,0,44416332000,44430277000,44430306000,306152,0,0,2048,0,0,1044,0,0,303100,4092,2
1,2944,1044,0,0,44430317000,44430349000,44430360000,307196,0,0,4096,0,0,0,0,0,303100,4092,4
6,1900,0,0,0,44430361000,44430365000,44430372000,307196,0,0,4096,0,0,0,0,0,303100,4092,4
7,1,1,0,4,44430375000,44432780000,44432811000,307196,0,0,3072,0,0,1024,0,0,304124,1020,3
1,1900,1900,0,0,44432815000,44432851000,44432862000,309096,0,0,4096,0,0,-876,0,0,304124,1020,4
6,0,0,0,0,44432863000,44432866000,44432873000,309096,0,0,4096,0,0,-876,0,0,304124,1020,4
7,0,1,0,0,44432900000,44445746000,44445769000,309096,0,0,2048,0,0,1172,0,0,306172,3068,2
1,2944,1172,0,0,44445778000,44445805000,44445815000,310268,0,0,4096,0,0,0,0,0,306172,3068,4
6,1772,0,0,0,44445816000,44445819000,44445826000,310268,0,0,4096,0,0,0,0,0,306172,3068,4
7,1,1,0,4,44445829000,44450087000,44450115000,310268,0,0,3072,0,0,1024,0,0,307196,4092,3
1,1772,1772,0,0,44450120000,44450164000,44450176000,312040,0,0,4096,0,0,-748,0,0,307196,4092,4
6,0,0,0,0,44450176000,44450180000,44450188000,312040,0,0,4096,0,0,-748,0,0,307196,4092,4
7,0,1,0,0,44450215000,44463043000,44463064000,312040,0,0,2048,0,0,1300,0,0,309244,2044,2
1,2944,1300,0,0,44463074000,44463102000,44463111000,313340,0,0,4096,0,0,0,0,0,309244,2044,4
6,1644,0,0,0,44463112000,44463116000,44463123000,313340,0,0,4096,0,0,0,0,0,309244,2044,4
7,1,1,0,4,44463125000,44467463000,44467493000,313340,0,0,3072,0,0,1024,0,0,310268,3068,3
1,1644,1644,0,0,44467498000,44467538000,44467550000,314984,0,0,4096,0,0,-620,0,0,310268,3068,4
6,0,0,0,0,44467551000,44467554000,44467561000,314984,0,0,4096,0,0,-620,0,0,310268,3068,4
7,0,1,0,0,44467587000,44480450000,44480474000,314984,0,0,2048,0,0,1428,0,0,312316,1020,2
1,2944,1428,0,0,44480484000,44480509000,44480519000,316412,0,0,4096,0,0,0,0,0,312316,1020,4
6,1516,0,0,0,44480520000,44480524000,44480531000,316412,0,0,4096,0,0,0,0,0,312316,1020,4
7,1,1,0,4,44480534000,44484872000,44484896000,316412,0,0,3072,0,0,1024,0,0,313340,2044,3
1,1516,1516,0,0,44484899000,44484929000,44484939000,317928,0,0,4096,0,0,-492,0,0,313340,2044,4
6,0,0,0,0,44484940000,44484944000,44484951000,317928,0,0,4096,0,0,-492,0,0,313340,2044,4
7,0,1,0,0,44484970000,44497441000,44497461000,317928,0,0,2048,0,0,1556,0,0,315388,4092,2
1,2944,1556,0,0,44497471000,44497494000,44497504000,319484,0,0,4096,0,0,0,0,0,315388,4092,4
6,1388,0,0,0,44497504000,44497508000,44497514000,319484,0,0,4096,0,0,0,0,0,315388,4092,4
7,1,1,0,4,44497517000,44502242000,44502265000,319484,0,0,3072,0,0,1024,0,0,316412,1020,3
1,1388,1388,0,0,44502269000,44502299000,44502309000,320872,0,0,4096,0,0,-364,0,0,316412,1020,4
6,0,0,0,0,44502310000,44502313000,44502320000,320872,0,0,4096,0,0,-364,0,0,316412,1020,4
7,0,1,0,0,44502341000,44514800000,44514821000,320872,0,0,2048,0,0,1684,0,0,318460,3068,2
1,2944,1684,0,0,44514831000,44514855000,44514864000,322556,0,0,4096,0,0,0,0,0,318460,3068,4
6,1260,0,0,0,44514865000,44514869000,44514876000,322556,0,0,4096,0,0,0,0,0,318460,3068,4
7,1,1,0,4,44514878000,44519640000,44519665000,322556,0,0,3072,0,0,1024,0,0,319484,4092,3
1,1260,1260,0,0,44519668000,44519699000,44519709000,323816,0,0,4096,0,0,-236,0,0,319484,4092,4
6,0,0,0,0,44519710000,44519714000,44519721000,323816,0,0,4096,0,0,-236,0,0,319484,4092,4
7,0,1,0,0,44519739000,44532330000,44532350000,323816,0,0,2048,0,0,1812,0,0,321532,2044,2
1,2944,1812,0,0,44532358000,44532385000,44532395000,325628,0,0,4096,0,0,0,0,0,321532,2044,4
6,1132,0,0,0,44532396000,44532399000,44532406000,325628,0,0,4096,0,0,0,0,0,321532,2044,4
7,1,1,0,4,44532408000,44537036000,44537059000,325628,0,0,3072,0,0,1024,0,0,322556,3068,3
1,1132,1132,0,0,44537063000,44537092000,44537101000,326760,0,0,4096,0,0,-108,0,0,322556,3068,4
6,0,0,0,0,44537102000,44537105000,44537112000,326760,0,0,4096,0,0,-108,0,0,322556,3068,4
7,0,1,0,0,44537131000,44549608000,44549629000,326760,0,0,2048,0,0,1940,0,0,324604,1020,2
1,920,920,0,0,44549638000,44549656000,44549666000,327680,0,0,3072,0,0,1020,0,0,324604,1020,3
6,2024,0,0,0,44549667000,44549670000,44549677000,327680,0,0,3072,0,0,1020,0,0,324604,1020,3
7,1,1,0,4,44549680000,44549690000,44549699000,327680,0,0,3072,0,0,1020,0,0,324604,1020,3
1,2024,2024,0,0,44560069000,44560113000,44560134000,329704,0,0,3072,0,0,20,0,0,325628,2044,3
6,0,0,0,0,44560135000,44560139000,44560146000,329704,0,0,3072,0,0,20,0,0,325628,2044,3
7,0,1,0,0,44560167000,44572719000,44572847000,329704,0,0,0,0,0,4096,0,0,328700,0,0
1,2944,2944,0,0,44572858000,44572921000,44572939000,332648,0,0,2048,0,0,1152,0,0,328700,0,2
6,0,0,0,0,44572940000,44572944000,44572951000,332648,0,0,2048,0,0,1152,0,0,328700,0,2
7,0,1,0,0,44572954000,44586977000,44587005000,332648,0,0,1028,0,0,2172,0,0,329720,2044,1
1,2944,2172,0,0,44587015000,44587049000,44587059000,334820,0,0,4096,0,0,0,0,0,329720,2044,4
6,772,0,0,0,44587060000,44587063000,44587070000,334820,0,0,4096,0,0,0,0,0,329720,2044,4
7,1,1,0,4,44587073000,44590479000,44590504000,334820,0,0,3072,0,0,1024,0,0,330744,3068,3
1,772,772,0,0,44590507000,44590525000,44590533000,335592,0,0,3072,0,0,252,0,0,330744,3068,3
6,0,0,0,0,44590534000,44590537000,44590544000,335592,0,0,3072,0,0,252,0,0,330744,3068,3
7,0,1,0,0,44590547000,44601229000,44601250000,335592,0,0,2048,0,0,1276,0,0,331768,4092,2
1,2940,1276,0,0,44601259000,44601287000,44601296000,336868,0,0,4096,0,0,0,0,0,331768,4092,4
6,1664,0,0,0,44601297000,44601301000,44601308000,336868,0,0,4096,0,0,0,0,0,331768,4092,4
7,1,1,0,4,44601310000,44601988000,44602012000,336868,0,0,3072,0,0,1024,0,0,332792,1020,3
1,1664,1664,0,0,44610055000,44610092000,44610114000,338532,0,0,3072,0,0,384,0,0,333816,2044,3
6,0,0,0,0,44610115000,44610118000,44610126000,338532,0,0,3072,0,0,384,0,0,333816,2044,3
7,0,1,0,0,44610143000,44622668000,44622691000,338532,0,0,1024,0,0,2432,0,0,335864,4092,1
1,2944,2944,0,0,44622701000,44622730000,44622740000,341476,0,0,4096,0,0,-512,0,0,335864,4092,4
6,0,0,0,0,44622741000,44622745000,44622752000,341476,0,0,4096,0,0,-512,0,0,335864,4092,4
7,0,1,0,0,44622755000,44636688000,44636725000,341476,0,0,2048,0,0,2560,0,0,338936,3068,1
1,2944,2944,0,0,44636735000,44636771000,44636781000,344420,0,0,4096,0,0,-384,0,0,338936,3068,4
6,0,0,0,0,44636782000,44636786000,44636792000,344420,0,0,4096,0,0,-384,0,0,338936,3068,4
7,0,1,0,0,44636795000,44650907000,44650939000,344420,0,0,2048,0,0,1664,0,0,340984,1020,2
1,2944,1664,0,0,44650948000,44650981000,44650991000,346084,0,0,4096,0,0,0,0,0,340984,1020,4
6,1280,0,0,0,44650992000,44650995000,44651002000,346084,0,0,4096,0,0,0,0,0,340984,1020,4
7,1,1,0,4,44651005000,44654335000,44654358000,346084,0,0,3072,0,0,1024,0,0,342008,2044,3
1,1280,1280,0,0,44654361000,44654390000,44654399000,347364,0,0,4096,0,0,-256,0,0,342008,2044,4
6,0,0,0,0,44654400000,44654404000,44654411000,347364,0,0,4096,0,0,-256,0,0,342008,2044,4
7,0,1,0,0,44654427000,44666931000,44666950000,347364,0,0,2048,0,0,1792,0,0,344056,4092,2
1,2944,1792,0,0,44666959000,44666985000,44666995000,349156,0,0,4096,0,0,0,0,0,344056,4092,4
6,1152,0,0,0,44666996000,44666999000,44667006000,349156,0,0,4096,0,0,0,0,0,344056,4092,4
7,1,1,0,4,44667009000,44671564000,44671586000,349156,0,0,3072,0,0,1024,0,0,345080,1020,3
1,1152,1152,0,0,44671589000,44671619000,44671628000,350308,0,0,4096,0,0,-128,0,0,345080,1020,4
6,0,0,0,0,44671628000,44671632000,44671639000,350308,0,0,4096,0,0,-128,0,0,345080,1020,4
7,0,1,0,0,44671659000,44700204000,44700225000,350308,0,0,1024,0,0,2944,0,0,348152,1020,1
1,2944,2944,0,0,44700234000,44700264000,44700273000,353252,0,0,4096,0,0,0,0,0,348152,1020,4
6,0,0,0,0,44700274000,44700277000,44700284000,353252,0,0,4096,0,0,0,0,0,348152,1020,4
7,0,1,0,0,44700287000,44714244000,44714273000,353252,0,0,1024,0,0,3072,0,0,351224,4092,1
1,2944,2944,0,0,44714282000,44714314000,44714323000,356196,0,0,3072,0,0,128,0,0,351224,4092,3
6,0,0,0,0,44714324000,44714328000,44714335000,356196,0,0,3072,0,0,128,0,0,351224,4092,3
7,0,1,0,0,44714338000,44728176000,44728204000,356196,0,0,1024,0,0,2176,0,0,353272,2044,1
1,2944,2944,0,0,44728215000,44728252000,44728263000,359140,0,0,4096,0,0,-768,0,0,353272,2044,4
6,0,0,0,0,44728264000,44728267000,44728274000,359140,0,0,4096,0,0,-768,0,0,353272,2044,4
7,0,1,0,0,44728278000,44742166000,44742195000,359140,0,0,1024,0,0,2304,0,0,356344,1020,1
1,1308,1308,0,0,44742204000,44742235000,44742246000,360448,0,0,3072,0,0,996,0,0,356344,1020,3
6,1636,0,0,0,44742247000,44742251000,44742258000,360448,0,0,3072,0,0,996,0,0,356344,1020,3
7,1,1,0,4,44742261000,44742276000,44742285000,360448,0,0,3072,0,0,996,0,0,356344,1020,3
1,1636,1636,0,0,44750155000,44750212000,44750239000,362084,0,0,3072,0,0,384,0,0,357368,2044,3
6,0,0,0,0,44750240000,44750245000,44750253000,362084,0,0,3072,0,0,384,0,0,357368,2044,3
7,0,1,0,0,44750258000,44756344000,44756365000,362084,0,0,2048,0,0,1408,0,0,358392,3068,2
1,2944,1408,0,0,44756375000,44756403000,44756412000,363492,0,0,4096,0,0,0,0,0,358392,3068,4
6,1536,0,0,0,44756413000,44756417000,44756424000,363492,0,0,4096,0,0,0,0,0,358392,3068,4
7,1,1,0,4,44756426000,44758593000,44758620000,363492,0,0,3072,0,0,1024,0,0,359416,4092,3
1,1536,1536,0,0,44758624000,44758655000,44758665000,365028,0,0,4096,0,0,-512,0,0,359416,4092,4
6,0,0,0,0,44758666000,44758669000,44758676000,365028,0,0,4096,0,0,-512,0,0,359416,4092,4
7,0,1,0,0,44758698000,44773511000,44773536000,365028,0,0,2048,0,0,1536,0,0,361464,2044,2
1,2944,1536,0,0,44773547000,44773579000,44773590000,366564,0,0,4096,0,0,0,0,0,361464,2044,4
6,1408,0,0,0,44773591000,44773594000,44773601000,366564,0,0,4096,0,0,0,0,0,361464,2044,4
7,1,1,0,4,44773604000,44775992000,44776016000,366564,0,0,3072,0,0,1024,0,0,362488,3068,3
1,1408,1408,0,0,44776020000,44776054000,44776064000,367972,0,0,4096,0,0,-384,0,0,362488,3068,4
6,0,0,0,0,44776065000,44776068000,44776075000,367972,0,0,4096,0,0,-384,0,0,362488,3068,4
7,0,1,0,0,44776095000,44789212000,44789234000,367972,0,0,2048,0,0,1664,0,0,364536,1020,2
1,2944,1664,0,0,44789244000,44789278000,44789288000,369636,0,0,4096,0,0,0,0,0,364536,1020,4
6,1280,0,0,0,44789289000,44789292000,44789299000,369636,0,0,4096,0,0,0,0,0,364536,1020,4
7,1,1,0,4,44789302000,44793382000,44793406000,369636,0,0,3072,0,0,1024,0,0,365560,2044,3
1,1280,1280,0,0,44793409000,44793442000,44793452000,370916,0,0,4096,0,0,-256,0,0,365560,2044,4
6,0,0,0,0,44793452000,44793456000,44793463000,370916,0,0,4096,0,0,-256,0,0,365560,2044,4
7,0,1,0,0,44793481000,44806701000,44806726000,370916,0,0,2048,0,0,1792,0,0,367608,4092,2
1,2944,1792,0,0,44806737000,44806766000,44806777000,372708,0,0,4096,0,0,0,0,0,367608,4092,4
6,1152,0,0,0,44806778000,44806781000,44806788000,372708,0,0,4096,0,0,0,0,0,367608,4092,4
7,1,1,0,4,44806791000,44810812000,44810837000,372708,0,0,3072,0,0,1024,0,0,368632,1020,3
1,1152,1152,0,0,44810841000,44810872000,44810882000,373860,0,0,4096,0,0,-128,0,0,368632,1020,4
6,0,0,0,0,44810883000,44810886000,44810893000,373860,0,0,4096,0,0,-128,0,0,368632,1020,4
7,0,1,0,0,44810913000,44824010000,44824033000,373860,0,0,2048,0,0,1920,0,0,370680,3068,2
1,2944,1920,0,0,44824043000,44824070000,44824081000,375780,0,0,4096,0,0,0,0,0,370680,3068,4
6,1024,0,0,0,44824082000,44824085000,44824092000,375780,0,0,4096,0,0,0,0,0,370680,3068,4
7,1,1,0,4,44824095000,44828183000,44828206000,375780,0,0,3072,0,0,1024,0,0,371704,4092,3
1,1024,1024,0,0,44828210000,44828240000,44828249000,376804,0,0,4096,0,0,0,0,0,371704,4092,4
6,0,0,0,0,44828250000,44828253000,44828260000,376804,0,0,4096,0,0,0,0,0,371704,4092,4
7,0,1,0,0,44828278000,44841416000,44841441000,376804,0,0,2048,0,0,2048,0,0,373752,2044,2
1,2944,2944,0,0,44841452000,44841478000,44841488000,379748,0,0,4096,0,0,-896,0,0,373752,2044,4
6,0,0,0,0,44841489000,44841493000,44841500000,379748,0,0,4096,0,0,-896,0,0,373752,2044,4
7,0,1,0,0,44841503000,44855334000,44855361000,379748,0,0,2048,0,0,1152,0,0,375800,4092,2
1,2944,1152,0,0,44855372000,44855404000,44855414000,380900,0,0,4096,0,0,0,0,0,375800,4092,4
6,1792,0,0,0,44855415000,44855419000,44855426000,380900,0,0,4096,0,0,0,0,0,375800,4092,4
7,1,1,0,4,44855429000,44857193000,44857217000,380900,0,0,3072,0,0,1024,0,0,376824,1020,3
1,1792,1792,0,0,44857221000,44857256000,44857266000,382692,0,0,4096,0,0,-768,0,0,376824,1020,4
6,0,0,0,0,44857266000,44857270000,44857277000,382692,0,0,4096,0,0,-768,0,0,376824,1020,4
7,0,1,0,0,44857296000,44870540000,44870565000,382692,0,0,2048,0,0,1280,0,0,378872,3068,2
1,2944,1280,0,0,44870575000,44870604000,44870613000,383972,0,0,4096,0,0,0,0,0,378872,3068,4
6,1664,0,0,0,44870614000,44870618000,44870625000,383972,0,0,4096,0,0,0,0,0,378872,3068,4
7,1,1,0,4,44870628000,44874595000,44874618000,383972,0,0,3072,0,0,1024,0,0,379896,4092,3
1,1664,1664,0,0,44874621000,44874654000,44874664000,385636,0,0,4096,0,0,-640,0,0,379896,4092,4
6,0,0,0,0,44874665000,44874668000,44874675000,385636,0,0,4096,0,0,-640,0,0,379896,4092,4
7,0,1,0,0,44874696000,44887799000,44887823000,385636,0,0,2048,0,0,1408,0,0,381944,2044,2
1,2944,1408,0,0,44887833000,44887861000,44887871000,387044,0,0,4096,0,0,0,0,0,381944,2044,4
6,1536,0,0,0,44887872000,44887876000,44887882000,387044,0,0,4096,0,0,0,0,0,381944,2044,4
7,1,1,0,4,44887885000,44891980000,44892008000,387044,0,0,3072,0,0,1024,0,0,382968,3068,3
1,1536,1536,0,0,44892012000,44892044000,44892053000,388580,0,0,4096,0,0,-512,0,0,382968,3068,4
6,0,0,0,0,44892054000,44892057000,44892065000,388580,0,0,4096,0,0,-512,0,0,382968,3068,4
7,0,1,0,0,44892085000,44905199000,44905223000,388580,0,0,2048,0,0,1536,0,0,385016,1020,2
1,2944,1536,0,0,44905233000,44905259000,44905270000,390116,0,0,4096,0,0,0,0,0,385016,1020,4
6,1408,0,0,0,44905270000,44905274000,44905281000,390116,0,0,4096,0,0,0,0,0,385016,1020,4
7,1,1,0,4,44905284000,44909394000,44909419000,390116,0,0,3072,0,0,1024,0,0,386040,2044,3
1,1408,1408,0,0,44909422000,44909453000,44909463000,391524,0,0,4096,0,0,-384,0,0,386040,2044,4
6,0,0,0,0,44909464000,44909468000,44909475000,391524,0,0,4096,0,0,-384,0,0,386040,2044,4
7,0,1,0,0,44909494000,44922630000,44922656000,391524,0,0,2048,0,0,1664,0,0,388088,4092,2
1,1692,1692,0,0,44922666000,44922696000,44922706000,393216,0,0,4096,0,0,-28,0,0,388088,4092,4
6,1248,0,0,0,44922707000,44922710000,44922717000,393216,0,0,4096,0,0,-28,0,0,388088,4092,4
7,1,1,0,4,44922720000,44926801000,44926825000,393216,0,0,3072,0,0,996,0,0,389112,1020,3
1,1248,1248,0,0,44926828000,44926859000,44926869000,394464,0,0,4096,0,0,-252,0,0,389112,1020,4
6,0,0,0,0,44926870000,44926873000,44926880000,394464,0,0,4096,0,0,-252,0,0,389112,1020,4
7,0,1,0,0,44926898000,44940074000,44940102000,394464,0,0,2048,0,0,1796,0,0,391160,3068,2
1,2944,1796,0,0,44940112000,44940143000,44940153000,396260,0,0,4096,0,0,0,0,0,391160,3068,4
6,1148,0,0,0,44940154000,44940157000,44940164000,396260,0,0,4096,0,0,0,0,0,391160,3068,4
7,1,1,0,4,44940167000,44944193000,44944216000,396260,0,0,3072,0,0,1024,0,0,392184,4092,3
1,1148,1148,0,0,44944220000,44944250000,44944260000,397408,0,0,4096,0,0,-124,0,0,392184,4092,4
6,0,0,0,0,44944261000,44944264000,44944271000,397408,0,0,4096,0,0,-124,0,0,392184,4092,4
7,0,1,0,0,44944291000,44957444000,44957469000,397408,0,0,2048,0,0,1924,0,0,394232,2044,2
1,2944,2944,0,0,44957479000,44957511000,44957521000,400352,0,0,4096,0,0,-1020,0,0,394232,2044,4
6,0,0,0,0,44957522000,44957526000,44957533000,400352,0,0,4096,0,0,-1020,0,0,394232,2044,4
7,0,1,0,0,44957536000,44973062000,44973096000,400352,0,0,2048,0,0,1028,0,0,396280,4092,2
1,2944,2944,0,0,44973107000,44973160000,44973170000,403296,0,0,4096,0,0,-892,0,0,397304,1020,4
6,0,0,0,0,44973171000,44973175000,44973182000,403296,0,0,4096,0,0,-892,0,0,397304,1020,4
7,0,1,0,0,44973185000,44987096000,44987123000,403296,0,0,2048,0,0,1156,0,0,399352,3068,2
1,2944,1156,0,0,44987133000,44987165000,44987174000,404452,0,0,4096,0,0,0,0,0,399352,3068,4
6,1788,0,0,0,44987175000,44987179000,44987185000,404452,0,0,4096,0,0,0,0,0,399352,3068,4
7,1,1,0,4,44987188000,44990617000,44990644000,404452,0,0,3072,0,0,1024,0,0,400376,4092,3
1,1788,1788,0,0,44990648000,44990682000,44990694000,406240,0,0,4096,0,0,-764,0,0,400376,4092,4
6,0,0,0,0,44990695000,44990699000,44990706000,406240,0,0,4096,0,0,-764,0,0,400376,4092,4
7,0,1,0,0,44990727000,45003842000,45003867000,406240,0,0,2048,0,0,1284,0,0,402424,2044,2
1,2944,1284,0,0,45003876000,45003904000,45003915000,407524,0,0,4096,0,0,0,0,0,402424,2044,4
6,1660,0,0,0,45003916000,45003920000,45003926000,407524,0,0,4096,0,0,0,0,0,402424,2044,4
7,1,1,0,4,45003929000,45007993000,45008018000,407524,0,0,3072,0,0,1024,0,0,403448,3068,3
1,1660,1660,0,0,45008022000,45008057000,45008067000,409184,0,0,4096,0,0,-636,0,0,403448,3068,4
6,0,0,0,0,45008068000,45008072000,45008079000,409184,0,0,4096,0,0,-636,0,0,403448,3068,4
7,0,1,0,0,45008098000,45021289000,45021315000,409184,0,0,2048,0,0,1412,0,0,405496,1020,2
1,2944,1412,0,0,45021326000,45021353000,45021364000,410596,0,0,4096,0,0,0,0,0,405496,1020,4
6,1532,0,0,0,45021365000,45021368000,45021375000,410596,0,0,4096,0,0,0,0,0,405496,1020,4
7,1,1,0,4,45021378000,45025395000,45025420000,410596,0,0,3072,0,0,1024,0,0,406520,2044,3
1,1532,1532,0,0,45025424000,45025455000,45025465000,412128,0,0,4096,0,0,-508,0,0,406520,2044,4
6,0,0,0,0,45025466000,45025470000,45025476000,412128,0,0,4096,0,0,-508,0,0,406520,2044,4
7,0,1,0,0,45025497000,45038601000,45038626000,412128,0,0,2048,0,0,1540,0,0,408568,4092,2
1,2944,1540,0,0,45038636000,45038664000,45038674000,413668,0,0,4096,0,0,0,0,0,408568,4092,4
6,1404,0,0,0,45038675000,45038679000,45038686000,413668,0,0,4096,0,0,0,0,0,408568,4092,4
7,1,1,0,4,45038688000,45042780000,45042808000,413668,0,0,3072,0,0,1024,0,0,409592,1020,3
1,1404,1404,0,0,45042812000,45042844000,45042853000,415072,0,0,4096,0,0,-380,0,0,409592,1020,4
6,0,0,0,0,45042854000,45042857000,45042864000,415072,0,0,4096,0,0,-380,0,0,409592,1020,4
7,0,1,0,0,45042886000,45055987000,45056010000,415072,0,0,2048,0,0,1668,0,0,411640,3068,2
1,2944,1668,0,0,45056021000,45056051000,45056061000,416740,0,0,4096,0,0,0,0,0,411640,3068,4
6,1276,0,0,0,45056062000,45056065000,45056072000,416740,0,0,4096,0,0,0,0,0,411640,3068,4
7,1,1,0,4,45056075000,45060219000,45060243000,416740,0,0,3072,0,0,1024,0,0,412664,4092,3
1,1276,1276,0,0,45060247000,45060278000,45060287000,418016,0,0,4096,0,0,-252,0,0,412664,4092,4
6,0,0,0,0,45060288000,45060291000,45060298000,418016,0,0,4096,0,0,-252,0,0,412664,4092,4
7,0,1,0,0,45060320000,45073451000,45073476000,418016,0,0,2048,0,0,1796,0,0,414712,2044,2
1,2944,1796,0,0,45073486000,45073515000,45073525000,419812,0,0,4096,0,0,0,0,0,414712,2044,4
6,1148,0,0,0,45073526000,45073529000,45073536000,419812,0,0,4096,0,0,0,0,0,414712,2044,4
7,1,1,0,4,45073539000,45077599000,45077623000,419812,0,0,3072,0,0,1024,0,0,415736,3068,3
1,1148,1148,0,0,45077628000,45077659000,45077670000,420960,0,0,4096,0,0,-124,0,0,415736,3068,4
6,0,0,0,0,45077671000,45077675000,45077681000,420960,0,0,4096,0,0,-124,0,0,415736,3068,4
7,0,1,0,0,45077702000,45090905000,45090931000,420960,0,0,2048,0,0,1924,0,0,417784,1020,2
1,2944,2944,0,0,45090941000,45090970000,45090980000,423904,0,0,4096,0,0,-1020,0,0,417784,1020,4
6,0,0,0,0,45090982000,45090986000,45090993000,423904,0,0,4096,0,0,-1020,0,0,417784,1020,4
7,0,1,0,0,45090996000,45104901000,45104931000,423904,0,0,2048,0,0,1028,0,0,419832,3068,2
1,2080,1028,0,0,45104942000,45104975000,45104985000,424932,0,0,4096,0,0,0,0,0,419832,3068,4
6,1916,0,0,0,45104986000,45104989000,45104996000,424932,0,0,4096,0,0,0,0,0,419832,3068,4
7,1,1,0,4,45104999000,45106604000,45106629000,424932,0,0,3072,0,0,1024,0,0,420856,4092,3
1,1052,1052,0,0,45106633000,45106662000,45106671000,425984,0,0,4096,0,0,-28,0,0,420856,4092,4
6,864,0,0,0,45106672000,45106676000,45106683000,425984,0,0,4096,0,0,-28,0,0,420856,4092,4
7,1,1,0,4,45106703000,45112350000,45112367000,425984,0,0,3072,0,0,996,0,0,421880,1020,3
1,864,864,0,0,45112369000,45112380000,45112388000,426848,0,0,3072,0,0,132,0,0,421880,1020,3
6,0,0,0,0,45112389000,45112392000,45112399000,426848,0,0,3072,0,0,132,0,0,421880,1020,3
7,0,1,0,0,45112401000,45119863000,45119885000,426848,0,0,2048,0,0,1156,0,0,422904,2044,2
1,2944,1156,0,0,45119895000,45119924000,45119934000,428004,0,0,4096,0,0,0,0,0,422904,2044,4
6,1788,0,0,0,45119934000,45119938000,45119945000,428004,0,0,4096,0,0,0,0,0,422904,2044,4
7,1,1,0,4,45119948000,45124001000,45124028000,428004,0,0,3072,0,0,1024,0,0,423928,3068,3
1,1788,1788,0,0,45124032000,45124066000,45124077000,429792,0,0,4096,0,0,-764,0,0,423928,3068,4
6,0,0,0,0,45124077000,45124081000,45124088000,429792,0,0,4096,0,0,-764,0,0,423928,3068,4
7,0,1,0,0,45124107000,45137234000,45137259000,429792,0,0,2048,0,0,1284,0,0,425976,1020,2
1,2944,1284,0,0,45137270000,45137299000,45137310000,431076,0,0,4096,0,0,0,0,0,425976,1020,4
6,1660,0,0,0,45137311000,45137314000,45137321000,431076,0,0,4096,0,0,0,0,0,425976,1020,4
7,1,1,0,4,45137324000,45141420000,45141444000,431076,0,0,3072,0,0,1024,0,0,427000,2044,3
1,1660,1660,0,0,45141449000,45141483000,45141493000,432736,0,0,4096,0,0,-636,0,0,427000,2044,4
6,0,0,0,0,45141494000,45141497000,45141504000,432736,0,0,4096,0,0,-636,0,0,427000,2044,4
7,0,1,0,0,45141524000,45154676000,45154701000,432736,0,0,2048,0,0,1412,0,0,429048,4092,2
1,2944,1412,0,0,45154711000,45154739000,45154750000,434148,0,0,4096,0,0,0,0,0,429048,4092,4
6,1532,0,0,0,45154751000,45154754000,45154761000,434148,0,0,4096,0,0,0,0,0,429048,4092,4
7,1,1,0,4,45154764000,45158793000,45158818000,434148,0,0,3072,0,0,1024,0,0,430072,1020,3
1,1532,1532,0,0,45158821000,45158855000,45158865000,435680,0,0,4096,0,0,-508,0,0,430072,1020,4
6,0,0,0,0,45158866000,45158869000,45158876000,435680,0,0,4096,0,0,-508,0,0,430072,1020,4
7,0,1,0,0,45158894000,45172033000,45172059000,435680,0,0,2048,0,0,1540,0,0,432120,3068,2
1,2944,1540,0,0,45172070000,45172099000,45172110000,437220,0,0,4096,0,0,0,0,0,432120,3068,4
6,1404,0,0,0,45172111000,45172115000,45172122000,437220,0,0,4096,0,0,0,0,0,432120,3068,4
7,1,1,0,4,45172125000,45176207000,45176232000,437220,0,0,3072,0,0,1024,0,0,433144,4092,3
1,1404,1404,0,0,45176236000,45176268000,45176279000,438624,0,0,4096,0,0,-380,0,0,433144,4092,4
6,0,0,0,0,45176280000,45176284000,45176291000,438624,0,0,4096,0,0,-380,0,0,433144,4092,4
7,0,1,0,0,45176311000,45207210000,45207236000,438624,0,0,1024,0,0,2692,0,0,436216,1020,1
1,2944,2944,0,0,45207248000,45207284000,45207295000,441568,0,0,4096,0,0,-252,0,0,436216,1020,4
6,0,0,0,0,45207296000,45207299000,45207306000,441568,0,0,4096,0,0,-252,0,0,436216,1020,4
7,0,1,0,0,45207309000,45221311000,45221341000,441568,0,0,2048,0,0,1796,0,0,438264,3068,2
1,2944,1796,0,0,45221351000,45221384000,45221394000,443364,0,0,4096,0,0,0,0,0,438264,3068,4
6,1148,0,0,0,45221395000,45221399000,45221406000,443364,0,0,4096,0,0,0,0,0,438264,3068,4
7,1,1,0,4,45221409000,45222612000,45222639000,443364,0,0,3072,0,0,1024,0,0,439288,4092,3
1,1148,1148,0,0,45222643000,45222681000,45222692000,444512,0,0,4096,0,0,-124,0,0,439288,4092,4
6,0,0,0,0,45222693000,45222697000,45222703000,444512,0,0,4096,0,0,-124,0,0,439288,4092,4
7,0,1,0,0,45222707000,45235621000,45235644000,444512,0,0,2048,0,0,1924,0,0,441336,2044,2
1,2944,2944,0,0,45235654000,45235682000,45235692000,447456,0,0,4096,0,0,-1020,0,0,441336,2044,4
6,0,0,0,0,45235693000,45235697000,45235703000,447456,0,0,4096,0,0,-1020,0,0,441336,2044,4
7,0,1,0,0,45235706000,45249662000,45249690000,447456,0,0,2048,0,0,1028,0,0,443384,4092,2
1,2940,1028,0,0,45249701000,45249732000,45249743000,448484,0,0,4096,0,0,0,0,0,443384,4092,4
6,1912,0,0,0,45249744000,45249747000,45249754000,448484,0,0,4096,0,0,0,0,0,443384,4092,4
7,1,1,0,4,45249757000,45251621000,45251648000,448484,0,0,3072,0,0,1024,0,0,444408,1020,3
1,1912,1912,0,0,45251653000,45251693000,45251704000,450396,0,0,4096,0,0,-888,0,0,444408,1020,4
6,0,0,0,0,45251705000,45251709000,45251716000,450396,0,0,4096,0,0,-888,0,0,444408,1020,4
7,0,1,0,0,45251736000,45264568000,45264589000,450396,0,0,2048,0,0,1160,0,0,446456,3068,2
1,2944,1160,0,0,45264599000,45264625000,45264634000,451556,0,0,4096,0,0,0,0,0,446456,3068,4
6,1784,0,0,0,45264635000,45264639000,45264646000,451556,0,0,4096,0,0,0,0,0,446456,3068,4
7,1,1,0,4,45264649000,45268982000,45269006000,451556,0,0,3072,0,0,1024,0,0,447480,4092,3
1,1784,1784,0,0,45269010000,45269040000,45269049000,453340,0,0,4096,0,0,-760,0,0,447480,4092,4
6,0,0,0,0,45269050000,45269054000,45269061000,453340,0,0,4096,0,0,-760,0,0,447480,4092,4
7,0,1,0,0,45269080000,45281563000,45281582000,453340,0,0,2048,0,0,1288,0,0,449528,2044,2
1,2944,1288,0,0,45281591000,45281616000,45281626000,454628,0,0,4096,0,0,0,0,0,449528,2044,4
6,1656,0,0,0,45281627000,45281630000,45281637000,454628,0,0,4096,0,0,0,0,0,449528,2044,4
7,1,1,0,4,45281640000,45286385000,45286408000,454628,0,0,3072,0,0,1024,0,0,450552,3068,3
1,1656,1656,0,0,45286412000,45286442000,45286451000,456284,0,0,4096,0,0,-632,0,0,450552,3068,4
6,0,0,0,0,45286452000,45286456000,45286463000,456284,0,0,4096,0,0,-632,0,0,450552,3068,4
7,0,1,0,0,45286481000,45298994000,45299014000,456284,0,0,2048,0,0,1416,0,0,452600,1020,2
1,2468,1416,0,0,45299024000,45299048000,45299058000,457700,0,0,4096,0,0,0,0,0,452600,1020,4
6,1528,0,0,0,45299059000,45299063000,45299070000,457700,0,0,4096,0,0,0,0,0,452600,1020,4
7,1,1,0,4,45299072000,45303780000,45303805000,457700,0,0,3072,0,0,1024,0,0,453624,2044,3
1,1052,1052,0,0,45303809000,45303837000,45303847000,458752,0,0,4096,0,0,-28,0,0,453624,2044,4
6,476,0,0,0,45303848000,45303852000,45303859000,458752,0,0,4096,0,0,-28,0,0,453624,2044,4
7,1,1,0,4,45303879000,45309546000,45309560000,458752,0,0,3072,0,0,996,0,0,454648,3068,3
1,476,476,0,0,45309563000,45309571000,45309579000,459228,0,0,3072,0,0,520,0,0,454648,3068,3
6,0,0,0,0,45309580000,45309583000,45309590000,459228,0,0,3072,0,0,520,0,0,454648,3068,3
7,0,1,0,0,45309592000,45316467000,45316487000,459228,0,0,2048,0,0,1544,0,0,455672,4092,2
1,2944,1544,0,0,45316497000,45316524000,45316533000,460772,0,0,4096,0,0,0,0,0,455672,4092,4
6,1400,0,0,0,45316534000,45316537000,45316544000,460772,0,0,4096,0,0,0,0,0,455672,4092,4
7,1,1,0,4,45316546000,45321198000,45321222000,460772,0,0,3072,0,0,1024,0,0,456696,1020,3
1,1400,1400,0,0,45321226000,45321254000,45321264000,462172,0,0,4096,0,0,-376,0,0,456696,1020,4
6,0,0,0,0,45321265000,45321269000,45321276000,462172,0,0,4096,0,0,-376,0,0,456696,1020,4
7,0,1,0,0,45321294000,45333779000,45333798000,462172,0,0,2048,0,0,1672,0,0,458744,3068,2
1,2944,1672,0,0,45333808000,45333833000,45333843000,463844,0,0,4096,0,0,0,0,0,458744,3068,4
6,1272,0,0,0,45333844000,45333847000,45333854000,463844,0,0,4096,0,0,0,0,0,458744,3068,4
7,1,1,0,4,45333856000,45338584000,45338611000,463844,0,0,3072,0,0,1024,0,0,459768,4092,3
1,1272,1272,0,0,45338615000,45338644000,45338653000,465116,0,0,4096,0,0,-248,0,0,459768,4092,4
6,0,0,0,0,45338654000,45338658000,45338665000,465116,0,0,4096,0,0,-248,0,0,459768,4092,4
7,0,1,0,0,45338683000,45351217000,45351238000,465116,0,0,2048,0,0,1800,0,0,461816,2044,2
1,2944,1800,0,0,45351247000,45351273000,45351282000,466916,0,0,4096,0,0,0,0,0,461816,2044,4
6,1144,0,0,0,45351283000,45351286000,45351293000,466916,0,0,4096,0,0,0,0,0,461816,2044,4
7,1,1,0,4,45351295000,45355982000,45356006000,466916,0,0,3072,0,0,1024,0,0,462840,3068,3
1,1144,1144,0,0,45356009000,45356037000,45356046000,468060,0,0,4096,0,0,-120,0,0,462840,3068,4
6,0,0,0,0,45356047000,45356051000,45356057000,468060,0,0,4096,0,0,-120,0,0,462840,3068,4
7,0,1,0,0,45356075000,45368562000,45368580000,468060,0,0,2048,0,0,1928,0,0,464888,1020,2
1,2944,2944,0,0,45368589000,45368613000,45368623000,471004,0,0,4096,0,0,-1016,0,0,464888,1020,4
6,0,0,0,0,45368624000,45368627000,45368634000,471004,0,0,4096,0,0,-1016,0,0,464888,1020,4
7,0,1,0,0,45368636000,45382687000,45382713000,471004,0,0,2048,0,0,1032,0,0,466936,3068,2
1,2944,1032,0,0,45382722000,45382754000,45382764000,472036,0,0,4096,0,0,0,0,0,466936,3068,4
6,1912,0,0,0,45382765000,45382768000,45382775000,472036,0,0,4096,0,0,0,0,0,466936,3068,4
7,1,1,0,4,45382778000,45385019000,45385051000,472036,0,0,3072,0,0,1024,0,0,467960,4092,3
1,1912,1912,0,0,45385055000,45385097000,45385108000,473948,0,0,4096,0,0,-888,0,0,467960,4092,4
6,0,0,0,0,45385109000,45385113000,45385120000,473948,0,0,4096,0,0,-888,0,0,467960,4092,4
7,0,1,0,0,45385139000,45399675000,45399700000,473948,0,0,2048,0,0,1160,0,0,470008,2044,2
1,2944,1160,0,0,45399710000,45399740000,45399751000,475108,0,0,4096,0,0,0,0,0,470008,2044,4
6,1784,0,0,0,45399752000,45399755000,45399762000,475108,0,0,4096,0,0,0,0,0,470008,2044,4
7,1,1,0,4,45399765000,45402422000,45402448000,475108,0,0,3072,0,0,1024,0,0,471032,3068,3
1,1784,1784,0,0,45402453000,45402496000,45402508000,476892,0,0,4096,0,0,-760,0,0,471032,3068,4
6,0,0,0,0,45402509000,45402513000,45402520000,476892,0,0,4096,0,0,-760,0,0,471032,3068,4
7,0,1,0,0,45402539000,45415457000,45415478000,476892,0,0,2048,0,0,1288,0,0,473080,1020,2
1,2944,1288,0,0,45415486000,45415513000,45415522000,478180,0,0,4096,0,0,0,0,0,473080,1020,4
6,1656,0,0,0,45415523000,45415526000,45415533000,478180,0,0,4096,0,0,0,0,0,473080,1020,4
7,1,1,0,4,45415535000,45419786000,45419808000,478180,0,0,3072,0,0,1024,0,0,474104,2044,3
1,1656,1656,0,0,45419812000,45419844000,45419853000,479836,0,0,4096,0,0,-632,0,0,474104,2044,4
6,0,0,0,0,45419854000,45419857000,45419864000,479836,0,0,4096,0,0,-632,0,0,474104,2044,4
7,0,1,0,0,45419882000,45432401000,45432420000,479836,0,0,2048,0,0,1416,0,0,476152,4092,2
1,2944,1416,0,0,45432429000,45432452000,45432462000,481252,0,0,4096,0,0,0,0,0,476152,4092,4
6,1528,0,0,0,45432463000,45432466000,45432473000,481252,0,0,4096,0,0,0,0,0,476152,4092,4
7,1,1,0,4,45432476000,45437186000,45437210000,481252,0,0,3072,0,0,1024,0,0,477176,1020,3
1,1528,1528,0,0,45437214000,45437245000,45437255000,482780,0,0,4096,0,0,-504,0,0,477176,1020,4
6,0,0,0,0,45437256000,45437259000,45437266000,482780,0,0,4096,0,0,-504,0,0,477176,1020,4
7,0,1,0,0,45437284000,45449776000,45449795000,482780,0,0,2048,0,0,1544,0,0,479224,3068,2
1,2944,1544,0,0,45449805000,45449830000,45449839000,484324,0,0,4096,0,0,0,0,0,479224,3068,4
6,1400,0,0,0,45449840000,45449844000,45449851000,484324,0,0,4096,0,0,0,0,0,479224,3068,4
7,1,1,0,4,45449854000,45454580000,45454605000,484324,0,0,3072,0,0,1024,0,0,480248,4092,3
1,1400,1400,0,0,45454608000,45454637000,45454647000,485724,0,0,4096,0,0,-376,0,0,480248,4092,4
6,0,0,0,0,45454648000,45454651000,45454658000,485724,0,0,4096,0,0,-376,0,0,480248,4092,4
7,0,1,0,0,45454675000,45467206000,45467229000,485724,0,0,2048,0,0,1672,0,0,482296,2044,2
1,2944,1672,0,0,45467238000,45467265000,45467274000,487396,0,0,4096,0,0,0,0,0,482296,2044,4
6,1272,0,0,0,45467275000,45467278000,45467285000,487396,0,0,4096,0,0,0,0,0,482296,2044,4
7,1,1,0,4,45467288000,45471989000,45472014000,487396,0,0,3072,0,0,1024,0,0,483320,3068,3
1,1272,1272,0,0,45472017000,45472047000,45472057000,488668,0,0,4096,0,0,-248,0,0,483320,3068,4
6,0,0,0,0,45472058000,45472062000,45472069000,488668,0,0,4096,0,0,-248,0,0,483320,3068,4
7,0,1,0,0,45472087000,45484579000,45484597000,488668,0,0,2048,0,0,1800,0,0,485368,1020,2
1,2852,1800,0,0,45484606000,45484631000,45484641000,490468,0,0,4096,0,0,0,0,0,485368,1020,4
6,1144,0,0,0,45484642000,45484645000,45484652000,490468,0,0,4096,0,0,0,0,0,485368,1020,4
7,1,1,0,4,45484655000,45489384000,45489407000,490468,0,0,3072,0,0,1024,0,0,486392,2044,3
1,1052,1052,0,0,45489411000,45489440000,45489449000,491520,0,0,4096,0,0,-28,0,0,486392,2044,4
6,92,0,0,0,45489450000,45489454000,45489460000,491520,0,0,4096,0,0,-28,0,0,486392,2044,4
7,1,1,0,4,45489479000,45495154000,45495172000,491520,0,0,3072,0,0,996,0,0,487416,3068,3
1,92,92,0,0,45495175000,45495184000,45495192000,491612,0,0,3072,0,0,904,0,0,487416,3068,3
6,0,0,0,0,45495192000,45495196000,45495203000,491612,0,0,3072,0,0,904,0,0,487416,3068,3
7,0,1,0,0,45495206000,45502090000,45502106000,491612,0,0,2048,0,0,1928,0,0,488440,4092,2
1,2944,2944,0,0,45502115000,45502142000,45502152000,494556,0,0,4096,0,0,-1016,0,0,488440,4092,4
6,0,0,0,0,45502153000,45502157000,45502164000,494556,0,0,4096,0,0,-1016,0,0,488440,4092,4
7,0,1,0,0,45502166000,45516166000,45516196000,494556,0,0,2048,0,0,1032,0,0,490488,2044,2
1,2944,1032,0,0,45516206000,45516237000,45516248000,495588,0,0,4096,0,0,0,0,0,490488,2044,4
6,1912,0,0,0,45516249000,45516253000,45516260000,495588,0,0,4096,0,0,0,0,0,490488,2044,4
7,1,1,0,4,45516262000,45518422000,45518453000,495588,0,0,3072,0,0,1024,0,0,491512,3068,3
1,1912,1912,0,0,45518458000,45518500000,45518511000,497500,0,0,4096,0,0,-888,0,0,491512,3068,4
6,0,0,0,0,45518512000,45518515000,45518522000,497500,0,0,4096,0,0,-888,0,0,491512,3068,4
7,0,1,0,0,45518542000,45531461000,45531487000,497500,0,0,2048,0,0,1160,0,0,493560,1020,2
1,2944,1160,0,0,45531496000,45531524000,45531534000,498660,0,0,4096,0,0,0,0,0,493560,1020,4
6,1784,0,0,0,45531535000,45531538000,45531545000,498660,0,0,4096,0,0,0,0,0,493560,1020,4
7,1,1,0,4,45531548000,45535790000,45535816000,498660,0,0,3072,0,0,1024,0,0,494584,2044,3
1,1784,1784,0,0,45535820000,45535851000,45535862000,500444,0,0,4096,0,0,-760,0,0,494584,2044,4
6,0,0,0,0,45535862000,45535866000,45535873000,500444,0,0,4096,0,0,-760,0,0,494584,2044,4
7,0,1,0,0,45535890000,45548362000,45548380000,500444,0,0,2048,0,0,1288,0,0,496632,4092,2
1,2944,1288,0,0,45548389000,45548411000,45548420000,501732,0,0,4096,0,0,0,0,0,496632,4092,4
6,1656,0,0,0,45548421000,45548425000,45548432000,501732,0,0,4096,0,0,0,0,0,496632,4092,4
7,1,1,0,4,45548434000,45553190000,45553214000,501732,0,0,3072,0,0,1024,0,0,497656,1020,3
1,1656,1656,0,0,45553218000,45553248000,45553259000,503388,0,0,4096,0,0,-632,0,0,497656,1020,4
6,0,0,0,0,45553260000,45553264000,45553271000,503388,0,0,4096,0,0,-632,0,0,497656,1020,4
7,0,1,0,0,45553291000,45565782000,45565800000,503388,0,0,2048,0,0,1416,0,0,499704,3068,2
1,2940,1416,0,0,45565809000,45565831000,45565840000,504804,0,0,4096,0,0,0,0,0,499704,3068,4
6,1524,0,0,0,45565841000,45565845000,45565852000,504804,0,0,4096,0,0,0,0,0,499704,3068,4
7,1,1,0,4,45565855000,45570609000,45570633000,504804,0,0,3072,0,0,1024,0,0,500728,4092,3
1,1524,1524,0,0,45570636000,45570669000,45570678000,506328,0,0,4096,0,0,-500,0,0,500728,4092,4
6,0,0,0,0,45570679000,45570683000,45570690000,506328,0,0,4096,0,0,-500,0,0,500728,4092,4
7,0,1,0,0,45570711000,45583242000,45583263000,506328,0,0,2048,0,0,1548,0,0,502776,2044,2
1,2944,1548,0,0,45583274000,45583299000,45583309000,507876,0,0,4096,0,0,0,0,0,502776,2044,4
6,1396,0,0,0,45583310000,45583313000,45583320000,507876,0,0,4096,0,0,0,0,0,502776,2044,4
7,1,1,0,4,45583322000,45587989000,45588011000,507876,0,0,3072,0,0,1024,0,0,503800,3068,3
1,1396,1396,0,0,45588015000,45588045000,45588055000,509272,0,0,4096,0,0,-372,0,0,503800,3068,4
6,0,0,0,0,45588056000,45588059000,45588066000,509272,0,0,4096,0,0,-372,0,0,503800,3068,4
7,0,1,0,0,45588084000,45602228000,45602257000,509272,0,0,2048,0,0,1676,0,0,505848,1020,2
1,2944,1676,0,0,45602267000,45602296000,45602306000,510948,0,0,4096,0,0,0,0,0,505848,1020,4
6,1268,0,0,0,45602307000,45602310000,45602317000,510948,0,0,4096,0,0,0,0,0,505848,1020,4
7,1,1,0,4,45602320000,45605651000,45605675000,510948,0,0,3072,0,0,1024,0,0,506872,2044,3
1,1268,1268,0,0,45605678000,45605708000,45605718000,512216,0,0,4096,0,0,-244,0,0,506872,2044,4
6,0,0,0,0,45605718000,45605722000,45605729000,512216,0,0,4096,0,0,-244,0,0,506872,2044,4
7,0,1,0,0,45605746000,45618278000,45618298000,512216,0,0,2048,0,0,1804,0,0,508920,4092,2
1,2944,1804,0,0,45618307000,45618335000,45618345000,514020,0,0,4096,0,0,0,0,0,508920,4092,4
6,1140,0,0,0,45618346000,45618349000,45618356000,514020,0,0,4096,0,0,0,0,0,508920,4092,4
7,1,1,0,4,45618359000,45622790000,45622815000,514020,0,0,3072,0,0,1024,0,0,509944,1020,3
1,1140,1140,0,0,45622818000,45622848000,45622857000,515160,0,0,4096,0,0,-116,0,0,509944,1020,4
6,0,0,0,0,45622858000,45622862000,45622868000,515160,0,0,4096,0,0,-116,0,0,509944,1020,4
7,0,1,0,0,45622887000,45635434000,45635453000,515160,0,0,2048,0,0,1932,0,0,511992,3068,2
1,2944,2944,0,0,45635463000,45635489000,45635498000,518104,0,0,4096,0,0,-1012,0,0,511992,3068,4
6,0,0,0,0,45635499000,45635503000,45635509000,518104,0,0,4096,0,0,-1012,0,0,511992,3068,4
7,0,1,0,0,45635512000,45649476000,45649505000,518104,0,0,2048,0,0,1036,0,0,514040,1020,2
1,2944,1036,0,0,45649516000,45649547000,45649557000,519140,0,0,4096,0,0,0,0,0,514040,1020,4
6,1908,0,0,0,45649558000,45649562000,45649569000,519140,0,0,4096,0,0,0,0,0,514040,1020,4
7,1,1,0,4,45649572000,45651828000,45651856000,519140,0,0,3072,0,0,1024,0,0,515064,2044,3
1,1908,1908,0,0,45651860000,45651905000,45651916000,521048,0,0,4096,0,0,-884,0,0,515064,2044,4
6,0,0,0,0,45651916000,45651921000,45651928000,521048,0,0,4096,0,0,-884,0,0,515064,2044,4
7,0,1,0,0,45651949000,45664780000,45664802000,521048,0,0,2048,0,0,1164,0,0,517112,4092,2
1,2944,1164,0,0,45664812000,45664840000,45664850000,522212,0,0,4096,0,0,0,0,0,517112,4092,4
6,1780,0,0,0,45664851000,45664854000,45664861000,522212,0,0,4096,0,0,0,0,0,517112,4092,4
7,1,1,0,4,45664863000,45669190000,45669217000,522212,0,0,3072,0,0,1024,0,0,518136,1020,3
1,1780,1780,0,0,45669220000,45669254000,45669265000,523992,0,0,4096,0,0,-756,0,0,518136,1020,4
6,0,0,0,0,45669266000,45669269000,45669276000,523992,0,0,4096,0,0,-756,0,0,518136,1020,4
7,0,1,0,0,45669294000,45681838000,45681859000,523992,0,0,2048,0,0,1292,0,0,520184,3068,2
1,296,296,0,0,45681868000,45681885000,45681894000,524288,0,0,3072,0,0,996,0,0,520184,3068,3
6,2648,0,0,0,45681895000,45681898000,45681905000,524288,0,0,3072,0,0,996,0,0,520184,3068,3
7,1,1,0,4,45681907000,45681918000,45681926000,524288,0,0,3072,0,0,996,0,0,520184,3068,3
1,2648,2648,0,0,45690058000,45690107000,45690129000,526936,0,0,4096,0,0,-628,0,0,521208,4092,4
6,0,0,0,0,45690130000,45690134000,45690141000,526936,0,0,4096,0,0,-628,0,0,521208,4092,4
7,0,1,0,0,45690161000,45718688000,45718708000,526936,0,0,1024,0,0,2444,0,0,524280,1020,1
1,2944,2944,0,0,45718718000,45718750000,45718760000,529880,0,0,4096,0,0,-500,0,0,524280,1020,4
6,0,0,0,0,45718761000,45718765000,45718772000,529880,0,0,4096,0,0,-500,0,0,524280,1020,4
7,0,1,0,0,45718775000,45732752000,45732782000,529880,0,0,2048,0,0,1548,0,0,526328,3068,2
1,2944,1548,0,0,45732792000,45732823000,45732833000,531428,0,0,4096,0,0,0,0,0,526328,3068,4
6,1396,0,0,0,45732834000,45732837000,45732844000,531428,0,0,4096,0,0,0,0,0,526328,3068,4
7,1,1,0,4,45732847000,45732962000,45732976000,531428,0,0,3072,0,0,1024,0,0,527352,4092,3
1,1396,1396,0,0,45740104000,45740144000,45740168000,532824,0,0,3072,0,0,652,0,0,528376,1020,3
6,0,0,0,0,45740169000,45740173000,45740180000,532824,0,0,3072,0,0,652,0,0,528376,1020,3
7,0,1,0,0,45740200000,45752689000,45752707000,532824,0,0,1024,0,0,2700,0,0,530424,3068,1
1,2944,2944,0,0,45752717000,45752745000,45752755000,535768,0,0,4096,0,0,-244,0,0,530424,3068,4
6,0,0,0,0,45752756000,45752759000,45752767000,535768,0,0,4096,0,0,-244,0,0,530424,3068,4
7,0,1,0,0,45752770000,45766735000,45766762000,535768,0,0,2048,0,0,1804,0,0,532472,1020,2
1,2944,1804,0,0,45766773000,45766804000,45766814000,537572,0,0,4096,0,0,0,0,0,532472,1020,4
6,1140,0,0,0,45766815000,45766819000,45766825000,537572,0,0,4096,0,0,0,0,0,532472,1020,4
7,1,1,0,4,45766828000,45768009000,45768040000,537572,0,0,3072,0,0,1024,0,0,533496,2044,3
1,1140,1140,0,0,45768045000,45768083000,45768092000,538712,0,0,4096,0,0,-116,0,0,533496,2044,4
6,0,0,0,0,45768093000,45768097000,45768104000,538712,0,0,4096,0,0,-116,0,0,533496,2044,4
7,0,1,0,0,45768108000,45781030000,45781054000,538712,0,0,2048,0,0,1932,0,0,535544,4092,2
1,2944,2944,0,0,45781064000,45781092000,45781103000,541656,0,0,4096,0,0,-1012,0,0,535544,4092,4
6,0,0,0,0,45781103000,45781107000,45781114000,541656,0,0,4096,0,0,-1012,0,0,535544,4092,4
7,0,1,0,0,45781116000,45795085000,45795114000,541656,0,0,2048,0,0,1036,0,0,537592,2044,2
1,2944,1036,0,0,45795125000,45795156000,45795166000,542692,0,0,4096,0,0,0,0,0,537592,2044,4
6,1908,0,0,0,45795167000,45795171000,45795178000,542692,0,0,4096,0,0,0,0,0,537592,2044,4
7,1,1,0,4,45795181000,45796808000,45796831000,542692,0,0,3072,0,0,1024,0,0,538616,3068,3
1,1908,1908,0,0,45796834000,45796867000,45796878000,544600,0,0,4096,0,0,-884,0,0,538616,3068,4
6,0,0,0,0,45796879000,45796883000,45796890000,544600,0,0,4096,0,0,-884,0,0,538616,3068,4
7,0,1,0,0,45796910000,45811774000,45811805000,544600,0,0,2048,0,0,1164,0,0,540664,1020,2
1,2944,1164,0,0,45811816000,45811845000,45811855000,545764,0,0,4096,0,0,0,0,0,540664,1020,4
6,1780,0,0,0,45811855000,45811859000,45811866000,545764,0,0,4096,0,0,0,0,0,540664,1020,4
7,1,1,0,4,45811870000,45814216000,45814241000,545764,0,0,3072,0,0,1024,0,0,541688,2044,3
1,1780,1780,0,0,45814245000,45814278000,45814289000,547544,0,0,4096,0,0,-756,0,0,541688,2044,4
6,0,0,0,0,45814290000,45814293000,45814300000,547544,0,0,4096,0,0,-756,0,0,541688,2044,4
7,0,1,0,0,45814319000,45827464000,45827491000,547544,0,0,2048,0,0,1292,0,0,543736,4092,2
1,2944,1292,0,0,45827502000,45827532000,45827542000,548836,0,0,4096,0,0,0,0,0,543736,4092,4
6,1652,0,0,0,45827543000,45827547000,45827554000,548836,0,0,4096,0,0,0,0,0,543736,4092,4
7,1,1,0,4,45827557000,45831919000,45831947000,548836,0,0,3072,0,0,1024,0,0,544760,1020,3
1,1652,1652,0,0,45831951000,45831987000,45831997000,550488,0,0,4096,0,0,-628,0,0,544760,1020,4
6,0,0,0,0,45831998000,45832001000,45832009000,550488,0,0,4096,0,0,-628,0,0,544760,1020,4
7,0,1,0,0,45832035000,45844861000,45844884000,550488,0,0,2048,0,0,1420,0,0,546808,3068,2
1,2944,1420,0,0,45844895000,45844919000,45844932000,551908,0,0,4096,0,0,0,0,0,546808,3068,4
6,1524,0,0,0,45844932000,45844936000,45844943000,551908,0,0,4096,0,0,0,0,0,546808,3068,4
7,1,1,0,4,45844946000,45849016000,45849045000,551908,0,0,3072,0,0,1024,0,0,547832,4092,3
1,1524,1524,0,0,45849049000,45849085000,45849095000,553432,0,0,4096,0,0,-500,0,0,547832,4092,4
6,0,0,0,0,45849096000,45849100000,45849107000,553432,0,0,4096,0,0,-500,0,0,547832,4092,4
7,0,1,0,0,45849130000,45862080000,45862104000,553432,0,0,2048,0,0,1548,0,0,549880,2044,2
1,2944,1548,0,0,45862113000,45862140000,45862149000,554980,0,0,4096,0,0,0,0,0,549880,2044,4
6,1396,0,0,0,45862151000,45862154000,45862161000,554980,0,0,4096,0,0,0,0,0,549880,2044,4
7,1,1,0,4,45862163000,45866425000,45866454000,554980,0,0,3072,0,0,1024,0,0,550904,3068,3
1,1396,1396,0,0,45866458000,45866497000,45866507000,556376,0,0,4096,0,0,-372,0,0,550904,3068,4
6,0,0,0,0,45866508000,45866512000,45866518000,556376,0,0,4096,0,0,-372,0,0,550904,3068,4
7,0,1,0,0,45866545000,45879427000,45879450000,556376,0,0,2048,0,0,1676,0,0,552952,1020,2
1,680,680,0,0,45879459000,45879481000,45879490000,557056,0,0,3072,0,0,996,0,0,552952,1020,3
6,2264,0,0,0,45879491000,45879495000,45879502000,557056,0,0,3072,0,0,996,0,0,552952,1020,3
7,1,1,0,4,45879504000,45879517000,45879525000,557056,0,0,3072,0,0,996,0,0,552952,1020,3
1,2264,2264,0,0,45890056000,45890103000,45890125000,559320,0,0,3072,0,0,780,0,0,555000,3068,3
6,0,0,0,0,45890126000,45890130000,45890137000,559320,0,0,3072,0,0,780,0,0,555000,3068,3
7,0,1,0,0,45890158000,45902664000,45902685000,559320,0,0,1024,0,0,2828,0,0,557048,1020,1
1,2940,2940,0,0,45902694000,45902723000,45902734000,562260,0,0,4096,0,0,-112,0,0,557048,1020,4
6,0,0,0,0,45902735000,45902738000,45902745000,562260,0,0,4096,0,0,-112,0,0,557048,1020,4
7,0,1,0,0,45902748000,45916744000,45916772000,562260,0,0,2048,0,0,1936,0,0,559096,3068,2
1,2944,2944,0,0,45916782000,45916817000,45916828000,565204,0,0,4096,0,0,-1008,0,0,559096,3068,4
6,0,0,0,0,45916828000,45916832000,45916839000,565204,0,0,4096,0,0,-1008,0,0,559096,3068,4
7,0,1,0,0,45916842000,45930788000,45930816000,565204,0,0,1024,0,0,2064,0,0,562168,2044,1
1,2944,2944,0,0,45930826000,45930864000,45930874000,568148,0,0,4096,0,0,-880,0,0,562168,2044,4
6,0,0,0,0,45930875000,45930879000,45930886000,568148,0,0,4096,0,0,-880,0,0,562168,2044,4
7,0,1,0,0,45930889000,45944841000,45944870000,568148,0,0,2048,0,0,1168,0,0,564216,4092,2
1,2944,1168,0,0,45944880000,45944913000,45944924000,569316,0,0,4096,0,0,0,0,0,564216,4092,4
6,1776,0,0,0,45944926000,45944929000,45944936000,569316,0,0,4096,0,0,0,0,0,564216,4092,4
7,1,1,0,4,45944939000,45947622000,45947647000,569316,0,0,3072,0,0,1024,0,0,565240,1020,3
1,1776,1776,0,0,45947650000,45947682000,45947692000,571092,0,0,4096,0,0,-752,0,0,565240,1020,4
6,0,0,0,0,45947693000,45947696000,45947703000,571092,0,0,4096,0,0,-752,0,0,565240,1020,4
7,0,1,0,0,45947724000,45960932000,45960959000,571092,0,0,2048,0,0,1296,0,0,567288,3068,2
1,2944,1296,0,0,45960969000,45960999000,45961009000,572388,0,0,4096,0,0,0,0,0,567288,3068,4
6,1648,0,0,0,45961010000,45961013000,45961020000,572388,0,0,4096,0,0,0,0,0,567288,3068,4
7,1,1,0,4,45961023000,45965190000,45965220000,572388,0,0,3072,0,0,1024,0,0,568312,4092,3
1,1648,1648,0,0,45965225000,45965262000,45965273000,574036,0,0,4096,0,0,-624,0,0,568312,4092,4
6,0,0,0,0,45965274000,45965278000,45965285000,574036,0,0,4096,0,0,-624,0,0,568312,4092,4
7,0,1,0,0,45965308000,45978171000,45978194000,574036,0,0,2048,0,0,1424,0,0,570360,2044,2
1,2944,1424,0,0,45978203000,45978230000,45978240000,575460,0,0,4096,0,0,0,0,0,570360,2044,4
6,1520,0,0,0,45978241000,45978245000,45978252000,575460,0,0,4096,0,0,0,0,0,570360,2044,4
7,1,1,0,4,45978255000,45982421000,45982450000,575460,0,0,3072,0,0,1024,0,0,571384,3068,3
1,1520,1520,0,0,45982454000,45982496000,45982508000,576980,0,0,4096,0,0,-496,0,0,571384,3068,4
6,0,0,0,0,45982509000,45982513000,45982519000,576980,0,0,4096,0,0,-496,0,0,571384,3068,4
7,0,1,0,0,45982545000,45995382000,45995403000,576980,0,0,2048,0,0,1552,0,0,573432,1020,2
1,2944,1552,0,0,45995412000,45995439000,45995448000,578532,0,0,4096,0,0,0,0,0,573432,1020,4
6,1392,0,0,0,45995449000,45995453000,45995460000,578532,0,0,4096,0,0,0,0,0,573432,1020,4
7,1,1,0,4,45995463000,45999828000,45999855000,578532,0,0,3072,0,0,1024,0,0,574456,2044,3
1,1392,1392,0,0,45999859000,45999896000,45999908000,579924,0,0,4096,0,0,-368,0,0,574456,2044,4
6,0,0,0,0,45999909000,45999914000,45999921000,579924,0,0,4096,0,0,-368,0,0,574456,2044,4
7,0,1,0,0,45999947000,46012911000,46012933000,579924,0,0,2048,0,0,1680,0,0,576504,4092,2
1,2944,1680,0,0,46012944000,46012974000,46012984000,581604,0,0,4096,0,0,0,0,0,576504,4092,4
6,1264,0,0,0,46012985000,46012989000,46012995000,581604,0,0,4096,0,0,0,0,0,576504,4092,4
7,1,1,0,4,46012998000,46017303000,46017329000,581604,0,0,3072,0,0,1024,0,0,577528,1020,3
1,1264,1264,0,0,46017332000,46017364000,46017374000,582868,0,0,4096,0,0,-240,0,0,577528,1020,4
6,0,0,0,0,46017375000,46017379000,46017386000,582868,0,0,4096,0,0,-240,0,0,577528,1020,4
7,0,1,0,0,46017406000,46031630000,46031655000,582868,0,0,2048,0,0,1808,0,0,579576,3068,2
1,2944,1808,0,0,46031665000,46031692000,46031702000,584676,0,0,4096,0,0,0,0,0,579576,3068,4
6,1136,0,0,0,46031703000,46031706000,46031713000,584676,0,0,4096,0,0,0,0,0,579576,3068,4
7,1,1,0,4,46031716000,46034631000,46034657000,584676,0,0,3072,0,0,1024,0,0,580600,4092,3
1,1136,1136,0,0,46034661000,46034689000,46034699000,585812,0,0,4096,0,0,-112,0,0,580600,4092,4
6,0,0,0,0,46034700000,46034703000,46034710000,585812,0,0,4096,0,0,-112,0,0,580600,4092,4
7,0,1,0,0,46034727000,46047545000,46047566000,585812,0,0,2048,0,0,1936,0,0,582648,2044,2
1,2944,2944,0,0,46047576000,46047605000,46047614000,588756,0,0,4096,0,0,-1008,0,0,582648,2044,4
6,0,0,0,0,46047615000,46047619000,46047626000,588756,0,0,4096,0,0,-1008,0,0,582648,2044,4
7,0,1,0,0,46047629000,46061587000,46061617000,588756,0,0,2048,0,0,1040,0,0,584696,4092,2
1,1068,1068,0,0,46061627000,46061659000,46061669000,589824,0,0,4096,0,0,-28,0,0,584696,4092,4
6,1876,0,0,0,46061670000,46061674000,46061681000,589824,0,0,4096,0,0,-28,0,0,584696,4092,4
7,1,1,0,4,46061684000,46063619000,46063644000,589824,0,0,3072,0,0,996,0,0,585720,1020,3
1,1876,1876,0,0,46063648000,46063683000,46063693000,591700,0,0,4096,0,0,-880,0,0,585720,1020,4
6,0,0,0,0,46063694000,46063698000,46063705000,591700,0,0,4096,0,0,-880,0,0,585720,1020,4
7,0,1,0,0,46063725000,46076878000,46076904000,591700,0,0,2048,0,0,1168,0,0,587768,3068,2
1,2944,1168,0,0,46076914000,46076944000,46076955000,592868,0,0,4096,0,0,0,0,0,587768,3068,4
6,1776,0,0,0,46076956000,46076959000,46076966000,592868,0,0,4096,0,0,0,0,0,587768,3068,4
7,1,1,0,4,46076969000,46081039000,46081065000,592868,0,0,3072,0,0,1024,0,0,588792,4092,3
1,1776,1776,0,0,46081069000,46081101000,46081112000,594644,0,0,4096,0,0,-752,0,0,588792,4092,4
6,0,0,0,0,46081113000,46081117000,46081124000,594644,0,0,4096,0,0,-752,0,0,588792,4092,4
7,0,1,0,0,46081145000,46094323000,46094350000,594644,0,0,2048,0,0,1296,0,0,590840,2044,2
1,2944,1296,0,0,46094360000,46094390000,46094400000,595940,0,0,4096,0,0,0,0,0,590840,2044,4
6,1648,0,0,0,46094401000,46094404000,46094411000,595940,0,0,4096,0,0,0,0,0,590840,2044,4
7,1,1,0,4,46094414000,46098456000,46098482000,595940,0,0,3072,0,0,1024,0,0,591864,3068,3
1,1648,1648,0,0,46098486000,46098520000,46098531000,597588,0,0,4096,0,0,-624,0,0,591864,3068,4
6,0,0,0,0,46098533000,46098536000,46098543000,597588,0,0,4096,0,0,-624,0,0,591864,3068,4
7,0,1,0,0,46098565000,46111393000,46111413000,597588,0,0,2048,0,0,1424,0,0,593912,1020,2
1,2944,1424,0,0,46111423000,46111448000,46111459000,599012,0,0,4096,0,0,0,0,0,593912,1020,4
6,1520,0,0,0,46111460000,46111463000,46111470000,599012,0,0,4096,0,0,0,0,0,593912,1020,4
7,1,1,0,4,46111473000,46115824000,46115853000,599012,0,0,3072,0,0,1024,0,0,594936,2044,3
1,1520,1520,0,0,46115858000,46115897000,46115907000,600532,0,0,4096,0,0,-496,0,0,594936,2044,4
6,0,0,0,0,46115908000,46115912000,46115919000,600532,0,0,4096,0,0,-496,0,0,594936,2044,4
7,0,1,0,0,46115944000,46128808000,46128831000,600532,0,0,2048,0,0,1552,0,0,596984,4092,2
1,2944,1552,0,0,46128841000,46128868000,46128878000,602084,0,0,4096,0,0,0,0,0,596984,4092,4
6,1392,0,0,0,46128879000,46128883000,46128890000,602084,0,0,4096,0,0,0,0,0,596984,4092,4
7,1,1,0,4,46128892000,46133234000,46133262000,602084,0,0,3072,0,0,1024,0,0,598008,1020,3
1,1392,1392,0,0,46133267000,46133303000,46133313000,603476,0,0,4096,0,0,-368,0,0,598008,1020,4
6,0,0,0,0,46133314000,46133317000,46133324000,603476,0,0,4096,0,0,-368,0,0,598008,1020,4
7,0,1,0,0,46133351000,46146182000,46146205000,603476,0,0,2048,0,0,1680,0,0,600056,3068,2
1,2944,1680,0,0,46146215000,46146243000,46146253000,605156,0,0,4096,0,0,0,0,0,600056,3068,4
6,1264,0,0,0,46146254000,46146258000,46146265000,605156,0,0,4096,0,0,0,0,0,600056,3068,4
7,1,1,0,4,46146267000,46150609000,46150635000,605156,0,0,3072,0,0,1024,0,0,601080,4092,3
1,1264,1264,0,0,46150639000,46150670000,46150680000,606420,0,0,4096,0,0,-240,0,0,601080,4092,4
6,0,0,0,0,46150681000,46150684000,46150691000,606420,0,0,4096,0,0,-240,0,0,601080,4092,4
7,0,1,0,0,46150712000,46163172000,46163190000,606420,0,0,2048,0,0,1808,0,0,603128,2044,2
1,2944,1808,0,0,46163199000,46163224000,46163233000,608228,0,0,4096,0,0,0,0,0,603128,2044,4
6,1136,0,0,0,46163234000,46163237000,46163244000,608228,0,0,4096,0,0,0,0,0,603128,2044,4
7,1,1,0,4,46163247000,46168002000,46168026000,608228,0,0,3072,0,0,1024,0,0,604152,3068,3
1,1136,1136,0,0,46168030000,46168059000,46168069000,609364,0,0,4096,0,0,-112,0,0,604152,3068,4
6,0,0,0,0,46168070000,46168074000,46168080000,609364,0,0,4096,0,0,-112,0,0,604152,3068,4
7,0,1,0,0,46168100000,46180643000,46180665000,609364,0,0,2048,0,0,1936,0,0,606200,1020,2
1,2944,2944,0,0,46180675000,46180704000,46180714000,612308,0,0,4096,0,0,-1008,0,0,606200,1020,4
6,0,0,0,0,46180715000,46180718000,46180725000,612308,0,0,4096,0,0,-1008,0,0,606200,1020,4
7,0,1,0,0,46180728000,46194665000,46194694000,612308,0,0,2048,0,0,1040,0,0,608248,3068,2
1,2944,1040,0,0,46194704000,46194736000,46194746000,613348,0,0,4096,0,0,0,0,0,608248,3068,4
6,1904,0,0,0,46194747000,46194751000,46194758000,613348,0,0,4096,0,0,0,0,0,608248,3068,4
7,1,1,0,4,46194760000,46197033000,46197058000,613348,0,0,3072,0,0,1024,0,0,609272,4092,3
1,1904,1904,0,0,46197062000,46197096000,46197107000,615252,0,0,4096,0,0,-880,0,0,609272,4092,4
6,0,0,0,0,46197108000,46197112000,46197119000,615252,0,0,4096,0,0,-880,0,0,609272,4092,4
7,0,1,0,0,46197138000,46226302000,46226328000,615252,0,0,1024,0,0,2192,0,0,612344,1020,1
1,2944,2944,0,0,46226338000,46226374000,46226384000,618196,0,0,4096,0,0,-752,0,0,612344,1020,4
6,0,0,0,0,46226385000,46226388000,46226395000,618196,0,0,4096,0,0,-752,0,0,612344,1020,4
7,0,1,0,0,46226398000,46242112000,46242144000,618196,0,0,2048,0,0,1296,0,0,614392,3068,2
1,2940,1296,0,0,46242155000,46242187000,46242197000,619492,0,0,4096,0,0,0,0,0,614392,3068,4
6,1644,0,0,0,46242198000,46242202000,46242208000,619492,0,0,4096,0,0,0,0,0,614392,3068,4
7,1,1,0,4,46242211000,46243440000,46243468000,619492,0,0,3072,0,0,1024,0,0,615416,4092,3
1,1644,1644,0,0,46243473000,46243511000,46243523000,621136,0,0,4096,0,0,-620,0,0,615416,4092,4
6,0,0,0,0,46243524000,46243528000,46243534000,621136,0,0,4096,0,0,-620,0,0,615416,4092,4
7,0,1,0,0,46243538000,46256413000,46256434000,621136,0,0,2048,0,0,1428,0,0,617464,2044,2
1,1456,1456,0,0,46256444000,46256469000,46256479000,622592,0,0,4096,0,0,-28,0,0,617464,2044,4
6,1488,0,0,0,46256480000,46256484000,46256491000,622592,0,0,4096,0,0,-28,0,0,617464,2044,4
7,1,1,0,4,46256493000,46260823000,46260848000,622592,0,0,3072,0,0,996,0,0,618488,3068,3
1,1488,1488,0,0,46260852000,46260883000,46260894000,624080,0,0,4096,0,0,-492,0,0,618488,3068,4
6,0,0,0,0,46260895000,46260899000,46260906000,624080,0,0,4096,0,0,-492,0,0,618488,3068,4
7,0,1,0,0,46260924000,46273443000,46273463000,624080,0,0,2048,0,0,1556,0,0,620536,1020,2
1,2944,1556,0,0,46273473000,46273497000,46273507000,625636,0,0,4096,0,0,0,0,0,620536,1020,4
6,1388,0,0,0,46273508000,46273511000,46273518000,625636,0,0,4096,0,0,0,0,0,620536,1020,4
7,1,1,0,4,46273520000,46278206000,46278230000,625636,0,0,3072,0,0,1024,0,0,621560,2044,3
1,1388,1388,0,0,46278234000,46278265000,46278275000,627024,0,0,4096,0,0,-364,0,0,621560,2044,4
6,0,0,0,0,46278276000,46278280000,46278286000,627024,0,0,4096,0,0,-364,0,0,621560,2044,4
7,0,1,0,0,46278306000,46290832000,46290853000,627024,0,0,2048,0,0,1684,0,0,623608,4092,2
1,2944,1684,0,0,46290863000,46290889000,46290898000,628708,0,0,4096,0,0,0,0,0,623608,4092,4
6,1260,0,0,0,46290899000,46290903000,46290910000,628708,0,0,4096,0,0,0,0,0,623608,4092,4
7,1,1,0,4,46290912000,46295604000,46295627000,628708,0,0,3072,0,0,1024,0,0,624632,1020,3
1,1260,1260,0,0,46295632000,46295662000,46295672000,629968,0,0,4096,0,0,-236,0,0,624632,1020,4
6,0,0,0,0,46295673000,46295677000,46295684000,629968,0,0,4096,0,0,-236,0,0,624632,1020,4
7,0,1,0,0,46295702000,46308225000,46308246000,629968,0,0,2048,0,0,1812,0,0,626680,3068,2
1,2944,1812,0,0,46308256000,46308283000,46308292000,631780,0,0,4096,0,0,0,0,0,626680,3068,4
6,1132,0,0,0,46308293000,46308297000,46308303000,631780,0,0,4096,0,0,0,0,0,626680,3068,4
7,1,1,0,4,46308306000,46313009000,46313033000,631780,0,0,3072,0,0,1024,0,0,627704,4092,3
1,1132,1132,0,0,46313036000,46313065000,46313075000,632912,0,0,4096,0,0,-108,0,0,627704,4092,4
6,0,0,0,0,46313076000,46313080000,46313086000,632912,0,0,4096,0,0,-108,0,0,627704,4092,4
7,0,1,0,0,46313105000,46325592000,46325612000,632912,0,0,2048,0,0,1940,0,0,629752,2044,2
1,2944,2944,0,0,46325621000,46325650000,46325660000,635856,0,0,4096,0,0,-1004,0,0,629752,2044,4
6,0,0,0,0,46325661000,46325665000,46325671000,635856,0,0,4096,0,0,-1004,0,0,629752,2044,4
7,0,1,0,0,46325675000,46339629000,46339657000,635856,0,0,2048,0,0,1044,0,0,631800,4092,2
1,2944,1044,0,0,46339667000,46339701000,46339711000,636900,0,0,4096,0,0,0,0,0,631800,4092,4
6,1900,0,0,0,46339712000,46339716000,46339723000,636900,0,0,4096,0,0,0,0,0,631800,4092,4
7,1,1,0,4,46339726000,46342046000,46342077000,636900,0,0,3072,0,0,1024,0,0,632824,1020,3
1,1900,1900,0,0,46342083000,46342121000,46342132000,638800,0,0,4096,0,0,-876,0,0,632824,1020,4
6,0,0,0,0,46342133000,46342136000,46342143000,638800,0,0,4096,0,0,-876,0,0,632824,1020,4
7,0,1,0,0,46342165000,46355017000,46355039000,638800,0,0,2048,0,0,1172,0,0,634872,3068,2
1,2944,1172,0,0,46355048000,46355076000,46355086000,639972,0,0,4096,0,0,0,0,0,634872,3068,4
6,1772,0,0,0,46355087000,46355091000,46355097000,639972,0,0,4096,0,0,0,0,0,634872,3068,4
7,1,1,0,4,46355100000,46359405000,46359430000,639972,0,0,3072,0,0,1024,0,0,635896,4092,3
1,1772,1772,0,0,46359434000,46359468000,46359478000,641744,0,0,4096,0,0,-748,0,0,635896,4092,4
6,0,0,0,0,46359479000,46359483000,46359490000,641744,0,0,4096,0,0,-748,0,0,635896,4092,4
7,0,1,0,0,46359508000,46372044000,46372065000,641744,0,0,2048,0,0,1300,0,0,637944,2044,2
1,2944,1300,0,0,46372075000,46372100000,46372110000,643044,0,0,4096,0,0,0,0,0,637944,2044,4
6,1644,0,0,0,46372111000,46372115000,46372122000,643044,0,0,4096,0,0,0,0,0,637944,2044,4
7,1,1,0,4,46372124000,46376813000,46376837000,643044,0,0,3072,0,0,1024,0,0,638968,3068,3
1,1644,1644,0,0,46376841000,46376870000,46376881000,644688,0,0,4096,0,0,-620,0,0,638968,3068,4
6,0,0,0,0,46376882000,46376885000,46376892000,644688,0,0,4096,0,0,-620,0,0,638968,3068,4
7,0,1,0,0,46376909000,46389405000,46389424000,644688,0,0,2048,0,0,1428,0,0,641016,1020,2
1,2944,1428,0,0,46389433000,46389460000,46389471000,646116,0,0,4096,0,0,0,0,0,641016,1020,4
6,1516,0,0,0,46389472000,46389475000,46389482000,646116,0,0,4096,0,0,0,0,0,641016,1020,4
7,1,1,0,4,46389485000,46394210000,46394235000,646116,0,0,3072,0,0,1024,0,0,642040,2044,3
1,1516,1516,0,0,46394238000,46394270000,46394280000,647632,0,0,4096,0,0,-492,0,0,642040,2044,4
6,0,0,0,0,46394281000,46394285000,46394291000,647632,0,0,4096,0,0,-492,0,0,642040,2044,4
7,0,1,0,0,46394310000,46406852000,46406872000,647632,0,0,2048,0,0,1556,0,0,644088,4092,2
1,2944,1556,0,0,46406880000,46406904000,46406914000,649188,0,0,4096,0,0,0,0,0,644088,4092,4
6,1388,0,0,0,46406915000,46406919000,46406926000,649188,0,0,4096,0,0,0,0,0,644088,4092,4
7,1,1,0,4,46406929000,46411607000,46411630000,649188,0,0,3072,0,0,1024,0,0,645112,1020,3
1,1388,1388,0,0,46411634000,46411665000,46411675000,650576,0,0,4096,0,0,-364,0,0,645112,1020,4
6,0,0,0,0,46411676000,46411680000,46411687000,650576,0,0,4096,0,0,-364,0,0,645112,1020,4
7,0,1,0,0,46411706000,46424256000,46424278000,650576,0,0,2048,0,0,1684,0,0,647160,3068,2
1,2944,1684,0,0,46424288000,46424316000,46424326000,652260,0,0,4096,0,0,0,0,0,647160,3068,4
6,1260,0,0,0,46424327000,46424330000,46424337000,652260,0,0,4096,0,0,0,0,0,647160,3068,4
7,1,1,0,4,46424340000,46429008000,46429031000,652260,0,0,3072,0,0,1024,0,0,648184,4092,3
1,1260,1260,0,0,46429036000,46429065000,46429075000,653520,0,0,4096,0,0,-236,0,0,648184,4092,4
6,0,0,0,0,46429076000,46429079000,46429086000,653520,0,0,4096,0,0,-236,0,0,648184,4092,4
7,0,1,0,0,46429104000,46443267000,46443292000,653520,0,0,2048,0,0,1812,0,0,650232,2044,2
1,1840,1840,0,0,46443302000,46443329000,46443339000,655360,0,0,4096,0,0,-28,0,0,650232,2044,4
6,1104,0,0,0,46443340000,46443344000,46443351000,655360,0,0,4096,0,0,-28,0,0,650232,2044,4
7,1,1,0,4,46443354000,46446701000,46446728000,655360,0,0,3072,0,0,996,0,0,651256,3068,3
1,1104,1104,0,0,46446731000,46446761000,46446770000,656464,0,0,4096,0,0,-108,0,0,651256,3068,4
6,0,0,0,0,46446771000,46446775000,46446782000,656464,0,0,4096,0,0,-108,0,0,651256,3068,4
7,0,1,0,0,46446800000,46459340000,46459363000,656464,0,0,2048,0,0,1940,0,0,653304,1020,2
1,2944,2944,0,0,46459372000,46459398000,46459409000,659408,0,0,4096,0,0,-1004,0,0,653304,1020,4
6,0,0,0,0,46459409000,46459413000,46459420000,659408,0,0,4096,0,0,-1004,0,0,653304,1020,4
7,0,1,0,0,46459423000,46473429000,46473455000,659408,0,0,2048,0,0,1044,0,0,655352,3068,2
1,2944,1044,0,0,46473465000,46473498000,46473508000,660452,0,0,4096,0,0,0,0,0,655352,3068,4
6,1900,0,0,0,46473509000,46473513000,46473520000,660452,0,0,4096,0,0,0,0,0,655352,3068,4
7,1,1,0,4,46473523000,46475445000,46475472000,660452,0,0,3072,0,0,1024,0,0,656376,4092,3
1,1900,1900,0,0,46475476000,46475516000,46475527000,662352,0,0,4096,0,0,-876,0,0,656376,4092,4
6,0,0,0,0,46475528000,46475531000,46475538000,662352,0,0,4096,0,0,-876,0,0,656376,4092,4
7,0,1,0,0,46475561000,46488470000,46488492000,662352,0,0,2048,0,0,1172,0,0,658424,2044,2
1,2944,1172,0,0,46488502000,46488528000,46488537000,663524,0,0,4096,0,0,0,0,0,658424,2044,4
6,1772,0,0,0,46488538000,46488542000,46488548000,663524,0,0,4096,0,0,0,0,0,658424,2044,4
7,1,1,0,4,46488552000,46492813000,46492837000,663524,0,0,3072,0,0,1024,0,0,659448,3068,3
1,1772,1772,0,0,46492840000,46492872000,46492883000,665296,0,0,4096,0,0,-748,0,0,659448,3068,4
6,0,0,0,0,46492884000,46492888000,46492895000,665296,0,0,4096,0,0,-748,0,0,659448,3068,4
7,0,1,0,0,46492913000,46505403000,46505422000,665296,0,0,2048,0,0,1300,0,0,661496,1020,2
1,2944,1300,0,0,46505431000,46505455000,46505464000,666596,0,0,4096,0,0,0,0,0,661496,1020,4
6,1644,0,0,0,46505465000,46505468000,46505475000,666596,0,0,4096,0,0,0,0,0,661496,1020,4
7,1,1,0,4,46505477000,46510204000,46510231000,666596,0,0,3072,0,0,1024,0,0,662520,2044,3
1,1644,1644,0,0,46510234000,46510265000,46510275000,668240,0,0,4096,0,0,-620,0,0,662520,2044,4
6,0,0,0,0,46510276000,46510281000,46510287000,668240,0,0,4096,0,0,-620,0,0,662520,2044,4
7,0,1,0,0,46510307000,46522806000,46522826000,668240,0,0,2048,0,0,1428,0,0,664568,4092,2
1,2944,1428,0,0,46522836000,46522860000,46522870000,669668,0,0,4096,0,0,0,0,0,664568,4092,4
6,1516,0,0,0,46522871000,46522874000,46522881000,669668,0,0,4096,0,0,0,0,0,664568,4092,4
7,1,1,0,4,46522884000,46527612000,46527636000,669668,0,0,3072,0,0,1024,0,0,665592,1020,3
1,1516,1516,0,0,46527639000,46527670000,46527681000,671184,0,0,4096,0,0,-492,0,0,665592,1020,4
6,0,0,0,0,46527681000,46527685000,46527692000,671184,0,0,4096,0,0,-492,0,0,665592,1020,4
7,0,1,0,0,46527711000,46540283000,46540304000,671184,0,0,2048,0,0,1556,0,0,667640,3068,2
1,2944,1556,0,0,46540313000,46540338000,46540348000,672740,0,0,4096,0,0,0,0,0,667640,3068,4
6,1388,0,0,0,46540349000,46540353000,46540360000,672740,0,0,4096,0,0,0,0,0,667640,3068,4
7,1,1,0,4,46540362000,46545011000,46545035000,672740,0,0,3072,0,0,1024,0,0,668664,4092,3
1,1388,1388,0,0,46545038000,46545070000,46545081000,674128,0,0,4096,0,0,-364,0,0,668664,4092,4
6,0,0,0,0,46545082000,46545085000,46545092000,674128,0,0,4096,0,0,-364,0,0,668664,4092,4
7,0,1,0,0,46545110000,46557617000,46557638000,674128,0,0,2048,0,0,1684,0,0,670712,2044,2
1,2940,1684,0,0,46557648000,46557674000,46557684000,675812,0,0,4096,0,0,0,0,0,670712,2044,4
6,1256,0,0,0,46557685000,46557688000,46557695000,675812,0,0,4096,0,0,0,0,0,670712,2044,4
7,1,1,0,4,46557697000,46562413000,46562437000,675812,0,0,3072,0,0,1024,0,0,671736,3068,3
1,1256,1256,0,0,46562440000,46562472000,46562482000,677068,0,0,4096,0,0,-232,0,0,671736,3068,4
6,0,0,0,0,46562483000,46562486000,46562493000,677068,0,0,4096,0,0,-232,0,0,671736,3068,4
7,0,1,0,0,46562510000,46575024000,46575045000,677068,0,0,2048,0,0,1816,0,0,673784,1020,2
1,2944,1816,0,0,46575054000,46575083000,46575093000,678884,0,0,4096,0,0,0,0,0,673784,1020,4
6,1128,0,0,0,46575094000,46575098000,46575105000,678884,0,0,4096,0,0,0,0,0,673784,1020,4
7,1,1,0,4,46575107000,46579810000,46579835000,678884,0,0,3072,0,0,1024,0,0,674808,2044,3
1,1128,1128,0,0,46579838000,46579869000,46579878000,680012,0,0,4096,0,0,-104,0,0,674808,2044,4
6,0,0,0,0,46579878000,46579882000,46579889000,680012,0,0,4096,0,0,-104,0,0,674808,2044,4
7,0,1,0,0,46579904000,46592390000,46592410000,680012,0,0,2048,0,0,1944,0,0,676856,4092,2
1,2944,2944,0,0,46592419000,46592445000,46592453000,682956,0,0,4096,0,0,-1000,0,0,676856,4092,4
6,0,0,0,0,46592454000,46592458000,46592465000,682956,0,0,4096,0,0,-1000,0,0,676856,4092,4
7,0,1,0,0,46592467000,46606497000,46606525000,682956,0,0,2048,0,0,1048,0,0,678904,2044,2
1,2944,1048,0,0,46606535000,46606565000,46606576000,684004,0,0,4096,0,0,0,0,0,678904,2044,4
6,1896,0,0,0,46606577000,46606580000,46606587000,684004,0,0,4096,0,0,0,0,0,678904,2044,4
7,1,1,0,4,46606590000,46608849000,46608877000,684004,0,0,3072,0,0,1024,0,0,679928,3068,3
1,1896,1896,0,0,46608881000,46608927000,46608939000,685900,0,0,4096,0,0,-872,0,0,679928,3068,4
6,0,0,0,0,46608940000,46608944000,46608951000,685900,0,0,4096,0,0,-872,0,0,679928,3068,4
7,0,1,0,0,46608971000,46621887000,46621911000,685900,0,0,2048,0,0,1176,0,0,681976,1020,2
1,2228,1176,0,0,46621921000,46621948000,46621959000,687076,0,0,4096,0,0,0,0,0,681976,1020,4
6,1768,0,0,0,46621960000,46621963000,46621970000,687076,0,0,4096,0,0,0,0,0,681976,1020,4
7,1,1,0,4,46621972000,46626211000,46626236000,687076,0,0,3072,0,0,1024,0,0,683000,2044,3
1,1052,1052,0,0,46626240000,46626268000,46626277000,688128,0,0,4096,0,0,-28,0,0,683000,2044,4
6,716,0,0,0,46626278000,46626281000,46626288000,688128,0,0,4096,0,0,-28,0,0,683000,2044,4
7,1,1,0,4,46626305000,46631983000,46631999000,688128,0,0,3072,0,0,996,0,0,684024,3068,3
1,716,716,0,0,46632002000,46632014000,46632022000,688844,0,0,3072,0,0,280,0,0,684024,3068,3
6,0,0,0,0,46632023000,46632026000,46632033000,688844,0,0,3072,0,0,280,0,0,684024,3068,3
7,0,1,0,0,46632036000,46638914000,46638929000,688844,0,0,2048,0,0,1304,0,0,685048,4092,2
1,2944,1304,0,0,46638937000,46638961000,46638970000,690148,0,0,4096,0,0,0,0,0,685048,4092,4
6,1640,0,0,0,46638971000,46638974000,46638981000,690148,0,0,4096,0,0,0,0,0,685048,4092,4
7,1,1,0,4,46638983000,46643611000,46643633000,690148,0,0,3072,0,0,1024,0,0,686072,1020,3
1,1640,1640,0,0,46643636000,46643668000,46643677000,691788,0,0,4096,0,0,-616,0,0,686072,1020,4
6,0,0,0,0,46643678000,46643681000,46643688000,691788,0,0,4096,0,0,-616,0,0,686072,1020,4
7,0,1,0,0,46643705000,46657862000,46657887000,691788,0,0,2048,0,0,1432,0,0,688120,3068,2
1,2944,1432,0,0,46657896000,46657922000,46657932000,693220,0,0,4096,0,0,0,0,0,688120,3068,4
6,1512,0,0,0,46657933000,46657937000,46657944000,693220,0,0,4096,0,0,0,0,0,688120,3068,4
7,1,1,0,4,46657947000,46661277000,46661303000,693220,0,0,3072,0,0,1024,0,0,689144,4092,3
1,1512,1512,0,0,46661307000,46661336000,46661345000,694732,0,0,4096,0,0,-488,0,0,689144,4092,4
6,0,0,0,0,46661346000,46661349000,46661357000,694732,0,0,4096,0,0,-488,0,0,689144,4092,4
7,0,1,0,0,46661374000,46673884000,46673903000,694732,0,0,2048,0,0,1560,0,0,691192,2044,2
1,2944,1560,0,0,46673912000,46673938000,46673948000,696292,0,0,4096,0,0,0,0,0,691192,2044,4
6,1384,0,0,0,46673949000,46673952000,46673959000,696292,0,0,4096,0,0,0,0,0,691192,2044,4
7,1,1,0,4,46673961000,46678417000,46678441000,696292,0,0,3072,0,0,1024,0,0,692216,3068,3
1,1384,1384,0,0,46678444000,46678474000,46678484000,697676,0,0,4096,0,0,-360,0,0,692216,3068,4
6,0,0,0,0,46678485000,46678488000,46678495000,697676,0,0,4096,0,0,-360,0,0,692216,3068,4
7,0,1,0,0,46678515000,46691049000,46691070000,697676,0,0,2048,0,0,1688,0,0,694264,1020,2
1,2944,1688,0,0,46691079000,46691106000,46691115000,699364,0,0,4096,0,0,0,0,0,694264,1020,4
6,1256,0,0,0,46691116000,46691119000,46691126000,699364,0,0,4096,0,0,0,0,0,694264,1020,4
7,1,1,0,4,46691129000,46695819000,46695842000,699364,0,0,3072,0,0,1024,0,0,695288,2044,3
1,1256,1256,0,0,46695846000,46695876000,46695886000,700620,0,0,4096,0,0,-232,0,0,695288,2044,4
6,0,0,0,0,46695887000,46695890000,46695898000,700620,0,0,4096,0,0,-232,0,0,695288,2044,4
7,0,1,0,0,46695914000,46708495000,46708514000,700620,0,0,2048,0,0,1816,0,0,697336,4092,2
1,2944,1816,0,0,46708523000,46708548000,46708557000,702436,0,0,4096,0,0,0,0,0,697336,4092,4
6,1128,0,0,0,46708558000,46708561000,46708568000,702436,0,0,4096,0,0,0,0,0,697336,4092,4
7,1,1,0,4,46708571000,46713218000,46713242000,702436,0,0,3072,0,0,1024,0,0,698360,1020,3
1,1128,1128,0,0,46713246000,46713276000,46713285000,703564,0,0,4096,0,0,-104,0,0,698360,1020,4
6,0,0,0,0,46713286000,46713289000,46713296000,703564,0,0,4096,0,0,-104,0,0,698360,1020,4
7,0,1,0,0,46713299000,46738764000,46738786000,703564,0,0,1024,0,0,2968,0,0,701432,1020,1
1,2036,2036,0,0,46738796000,46738825000,46738835000,705600,0,0,3072,0,0,932,0,0,701432,1020,3
6,0,0,0,0,46738836000,46738840000,46738846000,705600,0,0,3072,0,0,932,0,0,701432,1020,3
7,0,1,0,0,46738849000,46739996000,46740109000,705600,0,0,3072,0,0,932,0,0,701432,1020,3
4,0,0,0,0,46749732000,46749751000,46749772000,705600,0,0,1024,0,0,2980,0,0,703480,3068,1
3,0,0,0,0,46749774000,46749778000,46749785000,705600,0,0,1024,0,0,2980,0,0,703480,3068,1
3,0,0,0,0,46760028000,46760038000,46760048000,705600,0,0,1024,0,0,2980,0,0,703480,1020,1
3,0,0,0,0,46770023000,46770130000,46770142000,705600,0,0,0,0,0,4096,0,0,704504,0,0
5,0,0,0,0,46771634000,46771638000,46771742000,705600,0,0,0,0,0,4096,0,0,704504,0,0
