operation,kind,phase,fd,command,argument,rc,errno,begin_ns,end_ns,status,input_addr,output_a,output_b,input_wh,output_wh,queue_drop_flags,h_first_or_pitch,bitmap_addr
0,1,20,10,2,0,10,0,29974909000,29975082000,-1,0,0,0,0,0,0,0,0
1,1,20,10,20483,0,0,0,29975089000,29975100000,-1,0,0,0,0,0,0,0,0
1,1,20,10,1088704512,3066196212,0,0,29975103000,29975110000,-1,3066200064,3064438784,0,41943520,41943520,0,1,0
1,1,20,10,2147766273,0,0,0,29975112000,29975307000,-1,0,0,0,0,0,0,0,0
1,1,20,10,2147766276,3000,0,0,29975309000,29979526000,-1,0,0,0,0,0,0,0,0
1,1,20,10,2147766277,3064434148,0,0,29979530000,29979534000,6,0,0,0,0,0,0,0,0
1,1,20,10,20483,0,0,0,29979535000,29979538000,-1,0,0,0,0,0,0,0,0
2,1,20,10,0,0,0,0,29979540000,29979629000,-1,0,0,0,0,0,0,0,0
1,2,20,7,1076651027,2829312,0,0,29979652000,29979833000,-1,0,0,0,41943520,0,0,1280,3064438784
1,2,20,7,25602,0,0,0,29979834000,29979837000,-1,0,0,0,0,0,0,0,0
1,2,20,7,25607,0,0,0,29979838000,29990667000,-1,0,0,0,0,0,0,0,0
0,1,20,15,2,0,15,0,30019064000,30019233000,-1,0,0,0,0,0,0,0,0
1,1,20,15,20483,0,0,0,30019240000,30019251000,-1,0,0,0,0,0,0,0,0
1,1,20,15,1088704512,3066196212,0,0,30019253000,30019260000,-1,3066200064,3065053184,0,16777440,41943520,0,1,0
1,1,20,15,2147766273,0,0,0,30019262000,30019351000,-1,0,0,0,0,0,0,0,0
1,1,20,15,2147766276,3000,0,0,30019353000,30021225000,-1,0,0,0,0,0,0,0,0
1,1,20,15,2147766277,3064434148,0,0,30021227000,30021231000,6,0,0,0,0,0,0,0,0
1,1,20,15,20483,0,0,0,30021232000,30021235000,-1,0,0,0,0,0,0,0,0
2,1,20,15,0,0,0,0,30021237000,30021333000,-1,0,0,0,0,0,0,0,0
1,2,20,7,1076651027,2829356,0,0,30021342000,30021522000,-1,0,0,0,41943520,0,0,1280,3065053184
1,2,20,7,25602,0,0,0,30021524000,30021527000,-1,0,0,0,0,0,0,0,0
1,2,20,7,25607,0,0,0,30021528000,30023969000,-1,0,0,0,0,0,0,0,0
0,1,20,15,2,0,15,0,30033016000,30033180000,-1,0,0,0,0,0,0,0,0
1,1,20,15,20483,0,0,0,30033186000,30033196000,-1,0,0,0,0,0,0,0,0
1,1,20,15,1088704512,3066196212,0,0,30033198000,30033204000,-1,3066200064,3064438784,0,16777440,41943520,0,1,0
1,1,20,15,2147766273,0,0,0,30033206000,30033308000,-1,0,0,0,0,0,0,0,0
1,1,20,15,2147766276,3000,0,0,30033310000,30035177000,-1,0,0,0,0,0,0,0,0
1,1,20,15,2147766277,3064434148,0,0,30035179000,30035182000,6,0,0,0,0,0,0,0,0
1,1,20,15,20483,0,0,0,30035183000,30035186000,-1,0,0,0,0,0,0,0,0
2,1,20,15,0,0,0,0,30035188000,30035278000,-1,0,0,0,0,0,0,0,0
1,2,20,7,1076651027,2829312,0,0,30035285000,30035465000,-1,0,0,0,41943520,0,0,1280,3064438784
1,2,20,7,25602,0,0,0,30035466000,30035470000,-1,0,0,0,0,0,0,0,0
1,2,20,7,25607,0,0,0,30035471000,30040621000,-1,0,0,0,0,0,0,0,0
0,1,20,15,2,0,15,0,30046951000,30047110000,-1,0,0,0,0,0,0,0,0
1,1,20,15,20483,0,0,0,30047155000,30047165000,-1,0,0,0,0,0,0,0,0
1,1,20,15,1088704512,3066196212,0,0,30047167000,30047173000,-1,3066200064,3065053184,0,16777440,41943520,0,1,0
1,1,20,15,2147766273,0,0,0,30047175000,30047271000,-1,0,0,0,0,0,0,0,0
1,1,20,15,2147766276,3000,0,0,30047273000,30049149000,-1,0,0,0,0,0,0,0,0
1,1,20,15,2147766277,3064434148,0,0,30049152000,30049155000,6,0,0,0,0,0,0,0,0
1,1,20,15,20483,0,0,0,30049156000,30049159000,-1,0,0,0,0,0,0,0,0
2,1,20,15,0,0,0,0,30049161000,30049249000,-1,0,0,0,0,0,0,0,0
1,2,20,7,1076651027,2829356,0,0,30049256000,30049436000,-1,0,0,0,41943520,0,0,1280,3065053184
1,2,20,7,25602,0,0,0,30049437000,30049441000,-1,0,0,0,0,0,0,0,0
1,2,20,7,25607,0,0,0,30049442000,30057281000,-1,0,0,0,0,0,0,0,0
0,1,20,15,2,0,15,0,30062792000,30062955000,-1,0,0,0,0,0,0,0,0
1,1,20,15,20483,0,0,0,30062961000,30062971000,-1,0,0,0,0,0,0,0,0
1,1,20,15,1088704512,3066196212,0,0,30062973000,30062979000,-1,3066200064,3064438784,0,16777440,41943520,0,1,0
1,1,20,15,2147766273,0,0,0,30062981000,30063075000,-1,0,0,0,0,0,0,0,0
1,1,20,15,2147766276,3000,0,0,30063076000,30064950000,-1,0,0,0,0,0,0,0,0
1,1,20,15,2147766277,3064434148,0,0,30064953000,30064956000,6,0,0,0,0,0,0,0,0
1,1,20,15,20483,0,0,0,30064957000,30064959000,-1,0,0,0,0,0,0,0,0
2,1,20,15,0,0,0,0,30064961000,30065048000,-1,0,0,0,0,0,0,0,0
1,2,20,7,1076651027,2829312,0,0,30065056000,30065236000,-1,0,0,0,41943520,0,0,1280,3064438784
1,2,20,7,25602,0,0,0,30065237000,30065241000,-1,0,0,0,0,0,0,0,0
1,2,20,7,25607,0,0,0,30065242000,30073936000,-1,0,0,0,0,0,0,0,0
0,1,20,15,2,0,15,0,30076737000,30076891000,-1,0,0,0,0,0,0,0,0
1,1,20,15,20483,0,0,0,30076897000,30076907000,-1,0,0,0,0,0,0,0,0
1,1,20,15,1088704512,3066196212,0,0,30076910000,30076916000,-1,3066200064,3065053184,0,16777440,41943520,0,1,0
1,1,20,15,2147766273,0,0,0,30076917000,30077007000,-1,0,0,0,0,0,0,0,0
1,1,20,15,2147766276,3000,0,0,30077009000,30078885000,-1,0,0,0,0,0,0,0,0
1,1,20,15,2147766277,3064434148,0,0,30078888000,30078891000,6,0,0,0,0,0,0,0,0
1,1,20,15,20483,0,0,0,30078892000,30078896000,-1,0,0,0,0,0,0,0,0
2,1,20,15,0,0,0,0,30078897000,30078982000,-1,0,0,0,0,0,0,0,0
1,2,20,7,1076651027,2829356,0,0,30078990000,30079169000,-1,0,0,0,41943520,0,0,1280,3065053184
1,2,20,7,25602,0,0,0,30079170000,30079174000,-1,0,0,0,0,0,0,0,0
1,2,20,7,25607,0,0,0,30079175000,30090632000,-1,0,0,0,0,0,0,0,0
0,1,20,15,2,0,15,0,30090654000,30090795000,-1,0,0,0,0,0,0,0,0
1,1,20,15,20483,0,0,0,30090799000,30090806000,-1,0,0,0,0,0,0,0,0
1,1,20,15,1088704512,3066196212,0,0,30090808000,30090813000,-1,3066200064,3064438784,0,16777440,41943520,0,1,0
1,1,20,15,2147766273,0,0,0,30090815000,30090899000,-1,0,0,0,0,0,0,0,0
1,1,20,15,2147766276,3000,0,0,30090901000,30092768000,-1,0,0,0,0,0,0,0,0
1,1,20,15,2147766277,3064434148,0,0,30092771000,30092774000,6,0,0,0,0,0,0,0,0
1,1,20,15,20483,0,0,0,30092775000,30092778000,-1,0,0,0,0,0,0,0,0
2,1,20,15,0,0,0,0,30092780000,30092863000,-1,0,0,0,0,0,0,0,0
1,2,20,7,1076651027,2829312,0,0,30092870000,30093048000,-1,0,0,0,41943520,0,0,1280,3064438784
1,2,20,7,25602,0,0,0,30093050000,30093053000,-1,0,0,0,0,0,0,0,0
1,2,20,7,25607,0,0,0,30093055000,30107269000,-1,0,0,0,0,0,0,0,0
0,1,20,15,2,0,15,0,30107294000,30107441000,-1,0,0,0,0,0,0,0,0
1,1,20,15,20483,0,0,0,30107444000,30107453000,-1,0,0,0,0,0,0,0,0
1,1,20,15,1088704512,3066196212,0,0,30107455000,30107460000,-1,3066200064,3065053184,0,16777440,41943520,0,1,0
1,1,20,15,2147766273,0,0,0,30107462000,30107549000,-1,0,0,0,0,0,0,0,0
1,1,20,15,2147766276,3000,0,0,30107593000,30109422000,-1,0,0,0,0,0,0,0,0
1,1,20,15,2147766277,3064434148,0,0,30109424000,30109428000,6,0,0,0,0,0,0,0,0
1,1,20,15,20483,0,0,0,30109430000,30109432000,-1,0,0,0,0,0,0,0,0
2,1,20,15,0,0,0,0,30109434000,30109520000,-1,0,0,0,0,0,0,0,0
1,2,20,7,1076651027,2829356,0,0,30109528000,30109707000,-1,0,0,0,41943520,0,0,1280,3065053184
1,2,20,7,25602,0,0,0,30109709000,30109712000,-1,0,0,0,0,0,0,0,0
1,2,20,7,25607,0,0,0,30109713000,30123941000,-1,0,0,0,0,0,0,0,0
0,1,20,15,2,0,15,0,30123962000,30124116000,-1,0,0,0,0,0,0,0,0
1,1,20,15,20483,0,0,0,30124120000,30124128000,-1,0,0,0,0,0,0,0,0
1,1,20,15,1088704512,3066196212,0,0,30124130000,30124136000,-1,3066200064,3064438784,0,16777440,41943520,0,1,0
1,1,20,15,2147766273,0,0,0,30124138000,30124233000,-1,0,0,0,0,0,0,0,0
1,1,20,15,2147766276,3000,0,0,30124234000,30126100000,-1,0,0,0,0,0,0,0,0
1,1,20,15,2147766277,3064434148,0,0,30126102000,30126105000,6,0,0,0,0,0,0,0,0
1,1,20,15,20483,0,0,0,30126106000,30126109000,-1,0,0,0,0,0,0,0,0
2,1,20,15,0,0,0,0,30126111000,30126193000,-1,0,0,0,0,0,0,0,0
1,2,20,7,1076651027,2829312,0,0,30126200000,30126379000,-1,0,0,0,41943520,0,0,1280,3064438784
1,2,20,7,25602,0,0,0,30126380000,30126384000,-1,0,0,0,0,0,0,0,0
1,2,20,7,25607,0,0,0,30126385000,30140577000,-1,0,0,0,0,0,0,0,0
0,1,20,15,2,0,15,0,30140594000,30140741000,-1,0,0,0,0,0,0,0,0
1,1,20,15,20483,0,0,0,30140745000,30140752000,-1,0,0,0,0,0,0,0,0
1,1,20,15,1088704512,3066196212,0,0,30140754000,30140760000,-1,3066200064,3065053184,0,16777440,41943520,0,1,0
1,1,20,15,2147766273,0,0,0,30140761000,30140849000,-1,0,0,0,0,0,0,0,0
1,1,20,15,2147766276,3000,0,0,30140851000,30142717000,-1,0,0,0,0,0,0,0,0
1,1,20,15,2147766277,3064434148,0,0,30142719000,30142723000,6,0,0,0,0,0,0,0,0
1,1,20,15,20483,0,0,0,30142724000,30142726000,-1,0,0,0,0,0,0,0,0
2,1,20,15,0,0,0,0,30142728000,30142809000,-1,0,0,0,0,0,0,0,0
1,2,20,7,1076651027,2829356,0,0,30142818000,30142996000,-1,0,0,0,41943520,0,0,1280,3065053184
1,2,20,7,25602,0,0,0,30142998000,30143001000,-1,0,0,0,0,0,0,0,0
1,2,20,7,25607,0,0,0,30143003000,30157247000,-1,0,0,0,0,0,0,0,0
0,1,20,15,2,0,15,0,30157270000,30157417000,-1,0,0,0,0,0,0,0,0
1,1,20,15,20483,0,0,0,30157421000,30157429000,-1,0,0,0,0,0,0,0,0
1,1,20,15,1088704512,3066196212,0,0,30157430000,30157436000,-1,3066200064,3064438784,0,16777440,41943520,0,1,0
1,1,20,15,2147766273,0,0,0,30157437000,30157528000,-1,0,0,0,0,0,0,0,0
1,1,20,15,2147766276,3000,0,0,30157530000,30159399000,-1,0,0,0,0,0,0,0,0
1,1,20,15,2147766277,3064434148,0,0,30159402000,30159405000,6,0,0,0,0,0,0,0,0
1,1,20,15,20483,0,0,0,30159406000,30159409000,-1,0,0,0,0,0,0,0,0
2,1,20,15,0,0,0,0,30159411000,30159492000,-1,0,0,0,0,0,0,0,0
1,2,20,7,1076651027,2829312,0,0,30159499000,30159678000,-1,0,0,0,41943520,0,0,1280,3064438784
1,2,20,7,25602,0,0,0,30159680000,30159683000,-1,0,0,0,0,0,0,0,0
1,2,20,7,25607,0,0,0,30159684000,30173914000,-1,0,0,0,0,0,0,0,0
0,1,20,15,2,0,15,0,30173933000,30174080000,-1,0,0,0,0,0,0,0,0
1,1,20,15,20483,0,0,0,30174084000,30174091000,-1,0,0,0,0,0,0,0,0
1,1,20,15,1088704512,3066196212,0,0,30174092000,30174098000,-1,3066200064,3065053184,0,16777440,41943520,0,1,0
1,1,20,15,2147766273,0,0,0,30174099000,30174187000,-1,0,0,0,0,0,0,0,0
1,1,20,15,2147766276,3000,0,0,30174189000,30176054000,-1,0,0,0,0,0,0,0,0
1,1,20,15,2147766277,3064434148,0,0,30176057000,30176060000,6,0,0,0,0,0,0,0,0
1,1,20,15,20483,0,0,0,30176097000,30176101000,-1,0,0,0,0,0,0,0,0
2,1,20,15,0,0,0,0,30176103000,30176194000,-1,0,0,0,0,0,0,0,0
1,2,20,7,1076651027,2829356,0,0,30176203000,30176381000,-1,0,0,0,41943520,0,0,1280,3065053184
1,2,20,7,25602,0,0,0,30176382000,30176386000,-1,0,0,0,0,0,0,0,0
1,2,20,7,25607,0,0,0,30176387000,30190547000,-1,0,0,0,0,0,0,0,0
0,1,20,15,2,0,15,0,30190569000,30190718000,-1,0,0,0,0,0,0,0,0
1,1,20,15,20483,0,0,0,30190722000,30190729000,-1,0,0,0,0,0,0,0,0
1,1,20,15,1088704512,3066196212,0,0,30190731000,30190736000,-1,3066200064,3064438784,0,16777440,41943520,0,1,0
1,1,20,15,2147766273,0,0,0,30190738000,30190825000,-1,0,0,0,0,0,0,0,0
1,1,20,15,2147766276,3000,0,0,30190827000,30192695000,-1,0,0,0,0,0,0,0,0
1,1,20,15,2147766277,3064434148,0,0,30192698000,30192702000,6,0,0,0,0,0,0,0,0
1,1,20,15,20483,0,0,0,30192703000,30192706000,-1,0,0,0,0,0,0,0,0
2,1,20,15,0,0,0,0,30192707000,30192791000,-1,0,0,0,0,0,0,0,0
1,2,20,7,1076651027,2829312,0,0,30192798000,30192977000,-1,0,0,0,41943520,0,0,1280,3064438784
1,2,20,7,25602,0,0,0,30192979000,30192982000,-1,0,0,0,0,0,0,0,0
1,2,20,7,25607,0,0,0,30192984000,30207196000,-1,0,0,0,0,0,0,0,0
0,1,20,15,2,0,15,0,30213328000,30213487000,-1,0,0,0,0,0,0,0,0
1,1,20,15,20483,0,0,0,30213494000,30213505000,-1,0,0,0,0,0,0,0,0
1,1,20,15,1088704512,3066196212,0,0,30213507000,30213514000,-1,3066200064,3065053184,0,16777440,41943520,0,1,0
1,1,20,15,2147766273,0,0,0,30213515000,30213609000,-1,0,0,0,0,0,0,0,0
1,1,20,15,2147766276,3000,0,0,30213611000,30215484000,-1,0,0,0,0,0,0,0,0
1,1,20,15,2147766277,3064434148,0,0,30215487000,30215490000,6,0,0,0,0,0,0,0,0
1,1,20,15,20483,0,0,0,30215492000,30215494000,-1,0,0,0,0,0,0,0,0
2,1,20,15,0,0,0,0,30215496000,30215584000,-1,0,0,0,0,0,0,0,0
1,2,20,7,1076651027,2829356,0,0,30215591000,30215771000,-1,0,0,0,41943520,0,0,1280,3065053184
1,2,20,7,25602,0,0,0,30215772000,30215775000,-1,0,0,0,0,0,0,0,0
1,2,20,7,25607,0,0,0,30215776000,30223850000,-1,0,0,0,0,0,0,0,0
0,1,20,15,2,0,15,0,30227256000,30227410000,-1,0,0,0,0,0,0,0,0
1,1,20,15,20483,0,0,0,30227415000,30227425000,-1,0,0,0,0,0,0,0,0
1,1,20,15,1088704512,3066196212,0,0,30227427000,30227434000,-1,3066200064,3064438784,0,16777440,41943520,0,1,0
1,1,20,15,2147766273,0,0,0,30227436000,30227528000,-1,0,0,0,0,0,0,0,0
1,1,20,15,2147766276,3000,0,0,30227530000,30229403000,-1,0,0,0,0,0,0,0,0
1,1,20,15,2147766277,3064434148,0,0,30229405000,30229408000,6,0,0,0,0,0,0,0,0
1,1,20,15,20483,0,0,0,30229410000,30229412000,-1,0,0,0,0,0,0,0,0
2,1,20,15,0,0,0,0,30229414000,30229502000,-1,0,0,0,0,0,0,0,0
1,2,20,7,1076651027,2829312,0,0,30229508000,30229688000,-1,0,0,0,41943520,0,0,1280,3064438784
1,2,20,7,25602,0,0,0,30229689000,30229692000,-1,0,0,0,0,0,0,0,0
1,2,20,7,25607,0,0,0,30229694000,30240518000,-1,0,0,0,0,0,0,0,0
0,1,20,15,2,0,15,0,30241186000,30241336000,-1,0,0,0,0,0,0,0,0
1,1,20,15,20483,0,0,0,30241342000,30241353000,-1,0,0,0,0,0,0,0,0
1,1,20,15,1088704512,3066196212,0,0,30241355000,30241361000,-1,3066200064,3065053184,0,16777440,41943520,0,1,0
1,1,20,15,2147766273,0,0,0,30241363000,30241451000,-1,0,0,0,0,0,0,0,0
1,1,20,15,2147766276,3000,0,0,30241453000,30243318000,-1,0,0,0,0,0,0,0,0
1,1,20,15,2147766277,3064434148,0,0,30243321000,30243325000,6,0,0,0,0,0,0,0,0
1,1,20,15,20483,0,0,0,30243327000,30243331000,-1,0,0,0,0,0,0,0,0
2,1,20,15,0,0,0,0,30243333000,30243431000,-1,0,0,0,0,0,0,0,0
1,2,20,7,1076651027,2829356,0,0,30243439000,30243619000,-1,0,0,0,41943520,0,0,1280,3065053184
1,2,20,7,25602,0,0,0,30243655000,30243660000,-1,0,0,0,0,0,0,0,0
1,2,20,7,25607,0,0,0,30243662000,30257169000,-1,0,0,0,0,0,0,0,0
0,1,20,15,2,0,15,0,30263421000,30263588000,-1,0,0,0,0,0,0,0,0
1,1,20,15,20483,0,0,0,30263594000,30263604000,-1,0,0,0,0,0,0,0,0
1,1,20,15,1088704512,3066196212,0,0,30263606000,30263612000,-1,3066200064,3064438784,0,16777440,41943520,0,1,0
1,1,20,15,2147766273,0,0,0,30263614000,30263716000,-1,0,0,0,0,0,0,0,0
1,1,20,15,2147766276,3000,0,0,30263718000,30265594000,-1,0,0,0,0,0,0,0,0
1,1,20,15,2147766277,3064434148,0,0,30265596000,30265600000,6,0,0,0,0,0,0,0,0
1,1,20,15,20483,0,0,0,30265601000,30265604000,-1,0,0,0,0,0,0,0,0
2,1,20,15,0,0,0,0,30265606000,30265694000,-1,0,0,0,0,0,0,0,0
1,2,20,7,1076651027,2829312,0,0,30265702000,30265908000,-1,0,0,0,41943520,0,0,1280,3064438784
1,2,20,7,25602,0,0,0,30265910000,30265914000,-1,0,0,0,0,0,0,0,0
1,2,20,7,25607,0,0,0,30265915000,30273826000,-1,0,0,0,0,0,0,0,0
0,1,20,15,2,0,15,0,30279176000,30279335000,-1,0,0,0,0,0,0,0,0
1,1,20,15,20483,0,0,0,30279341000,30279351000,-1,0,0,0,0,0,0,0,0
1,1,20,15,1088704512,3066196212,0,0,30279353000,30279360000,-1,3066200064,3065053184,0,16777440,41943520,0,1,0
1,1,20,15,2147766273,0,0,0,30279361000,30279452000,-1,0,0,0,0,0,0,0,0
1,1,20,15,2147766276,3000,0,0,30279454000,30281314000,-1,0,0,0,0,0,0,0,0
1,1,20,15,2147766277,3064434148,0,0,30281317000,30281321000,6,0,0,0,0,0,0,0,0
1,1,20,15,20483,0,0,0,30281322000,30281325000,-1,0,0,0,0,0,0,0,0
2,1,20,15,0,0,0,0,30281327000,30281424000,-1,0,0,0,0,0,0,0,0
1,2,20,7,1076651027,2829356,0,0,30281433000,30281614000,-1,0,0,0,41943520,0,0,1280,3065053184
1,2,20,7,25602,0,0,0,30281615000,30281619000,-1,0,0,0,0,0,0,0,0
1,2,20,7,25607,0,0,0,30281620000,30290480000,-1,0,0,0,0,0,0,0,0
0,1,20,15,2,0,15,0,30293150000,30293308000,-1,0,0,0,0,0,0,0,0
1,1,20,15,20483,0,0,0,30293315000,30293325000,-1,0,0,0,0,0,0,0,0
1,1,20,15,1088704512,3066196212,0,0,30293327000,30293333000,-1,3066200064,3064438784,0,16777440,41943520,0,1,0
1,1,20,15,2147766273,0,0,0,30293335000,30293427000,-1,0,0,0,0,0,0,0,0
1,1,20,15,2147766276,3000,0,0,30293429000,30295303000,-1,0,0,0,0,0,0,0,0
1,1,20,15,2147766277,3064434148,0,0,30295306000,30295309000,6,0,0,0,0,0,0,0,0
1,1,20,15,20483,0,0,0,30295310000,30295313000,-1,0,0,0,0,0,0,0,0
2,1,20,15,0,0,0,0,30295315000,30295401000,-1,0,0,0,0,0,0,0,0
1,2,20,7,1076651027,2829312,0,0,30295408000,30295588000,-1,0,0,0,41943520,0,0,1280,3064438784
1,2,20,7,25602,0,0,0,30295590000,30295593000,-1,0,0,0,0,0,0,0,0
1,2,20,7,25607,0,0,0,30295595000,30307176000,-1,0,0,0,0,0,0,0,0
0,1,20,15,2,0,15,0,30307195000,30307341000,-1,0,0,0,0,0,0,0,0
1,1,20,15,20483,0,0,0,30307345000,30307353000,-1,0,0,0,0,0,0,0,0
1,1,20,15,1088704512,3066196212,0,0,30307355000,30307361000,-1,3066200064,3065053184,0,16777440,41943520,0,1,0
1,1,20,15,2147766273,0,0,0,30307362000,30307454000,-1,0,0,0,0,0,0,0,0
1,1,20,15,2147766276,3000,0,0,30307456000,30309322000,-1,0,0,0,0,0,0,0,0
1,1,20,15,2147766277,3064434148,0,0,30309325000,30309328000,6,0,0,0,0,0,0,0,0
1,1,20,15,20483,0,0,0,30309329000,30309332000,-1,0,0,0,0,0,0,0,0
2,1,20,15,0,0,0,0,30309334000,30309416000,-1,0,0,0,0,0,0,0,0
1,2,20,7,1076651027,2829356,0,0,30309424000,30309602000,-1,0,0,0,41943520,0,0,1280,3065053184
1,2,20,7,25602,0,0,0,30309604000,30309608000,-1,0,0,0,0,0,0,0,0
1,2,20,7,25607,0,0,0,30309609000,30323810000,-1,0,0,0,0,0,0,0,0
0,1,20,15,2,0,15,0,30323870000,30324015000,-1,0,0,0,0,0,0,0,0
1,1,20,15,20483,0,0,0,30324019000,30324027000,-1,0,0,0,0,0,0,0,0
1,1,20,15,1088704512,3066196212,0,0,30324029000,30324034000,-1,3066200064,3064438784,0,16777440,41943520,0,1,0
1,1,20,15,2147766273,0,0,0,30324036000,30324121000,-1,0,0,0,0,0,0,0,0
1,1,20,15,2147766276,3000,0,0,30324123000,30325995000,-1,0,0,0,0,0,0,0,0
1,1,20,15,2147766277,3064434148,0,0,30325997000,30326001000,6,0,0,0,0,0,0,0,0
1,1,20,15,20483,0,0,0,30326002000,30326005000,-1,0,0,0,0,0,0,0,0
2,1,20,15,0,0,0,0,30326007000,30326089000,-1,0,0,0,0,0,0,0,0
1,2,20,7,1076651027,2829312,0,0,30326096000,30326276000,-1,0,0,0,41943520,0,0,1280,3064438784
1,2,20,7,25602,0,0,0,30326277000,30326281000,-1,0,0,0,0,0,0,0,0
1,2,20,7,25607,0,0,0,30326282000,30340451000,-1,0,0,0,0,0,0,0,0
0,1,20,15,2,0,15,0,30343458000,30343619000,-1,0,0,0,0,0,0,0,0
1,1,20,15,20483,0,0,0,30343624000,30343634000,-1,0,0,0,0,0,0,0,0
1,1,20,15,1088704512,3066196212,0,0,30343636000,30343643000,-1,3066200064,3065053184,0,16777440,41943520,0,1,0
1,1,20,15,2147766273,0,0,0,30343645000,30343739000,-1,0,0,0,0,0,0,0,0
1,1,20,15,2147766276,3000,0,0,30343741000,30345615000,-1,0,0,0,0,0,0,0,0
1,1,20,15,2147766277,3064434148,0,0,30345617000,30345621000,6,0,0,0,0,0,0,0,0
1,1,20,15,20483,0,0,0,30345622000,30345624000,-1,0,0,0,0,0,0,0,0
2,1,20,15,0,0,0,0,30345626000,30345712000,-1,0,0,0,0,0,0,0,0
1,2,20,7,1076651027,2829356,0,0,30345719000,30345923000,-1,0,0,0,41943520,0,0,1280,3065053184
1,2,20,7,25602,0,0,0,30345925000,30345929000,-1,0,0,0,0,0,0,0,0
1,2,20,7,25607,0,0,0,30345930000,30357146000,-1,0,0,0,0,0,0,0,0
0,1,20,15,2,0,15,0,30357418000,30357575000,-1,0,0,0,0,0,0,0,0
1,1,20,15,20483,0,0,0,30357580000,30357590000,-1,0,0,0,0,0,0,0,0
1,1,20,15,1088704512,3066196212,0,0,30357592000,30357598000,-1,3066200064,3064438784,0,16777440,41943520,0,1,0
1,1,20,15,2147766273,0,0,0,30357600000,30357703000,-1,0,0,0,0,0,0,0,0
1,1,20,15,2147766276,3000,0,0,30357704000,30359576000,-1,0,0,0,0,0,0,0,0
1,1,20,15,2147766277,3064434148,0,0,30359579000,30359583000,6,0,0,0,0,0,0,0,0
1,1,20,15,20483,0,0,0,30359584000,30359586000,-1,0,0,0,0,0,0,0,0
2,1,20,15,0,0,0,0,30359588000,30359674000,-1,0,0,0,0,0,0,0,0
1,2,20,7,1076651027,2829312,0,0,30359682000,30359862000,-1,0,0,0,41943520,0,0,1280,3064438784
1,2,20,7,25602,0,0,0,30359863000,30359866000,-1,0,0,0,0,0,0,0,0
1,2,20,7,25607,0,0,0,30359868000,30373796000,-1,0,0,0,0,0,0,0,0
0,1,20,15,2,0,15,0,30373818000,30373966000,-1,0,0,0,0,0,0,0,0
1,1,20,15,20483,0,0,0,30373970000,30373978000,-1,0,0,0,0,0,0,0,0
1,1,20,15,1088704512,3066196212,0,0,30373980000,30373987000,-1,3066200064,3065053184,0,16777440,41943520,0,1,0
1,1,20,15,2147766273,0,0,0,30373988000,30374080000,-1,0,0,0,0,0,0,0,0
1,1,20,15,2147766276,3000,0,0,30374082000,30375951000,-1,0,0,0,0,0,0,0,0
1,1,20,15,2147766277,3064434148,0,0,30375953000,30375956000,6,0,0,0,0,0,0,0,0
1,1,20,15,20483,0,0,0,30375958000,30375960000,-1,0,0,0,0,0,0,0,0
2,1,20,15,0,0,0,0,30375962000,30376045000,-1,0,0,0,0,0,0,0,0
1,2,20,7,1076651027,2829356,0,0,30376053000,30376232000,-1,0,0,0,41943520,0,0,1280,3065053184
1,2,20,7,25602,0,0,0,30376233000,30376237000,-1,0,0,0,0,0,0,0,0
1,2,20,7,25607,0,0,0,30376238000,30390425000,-1,0,0,0,0,0,0,0,0
0,1,20,15,2,0,15,0,30393360000,30393515000,-1,0,0,0,0,0,0,0,0
1,1,20,15,20483,0,0,0,30393520000,30393530000,-1,0,0,0,0,0,0,0,0
1,1,20,15,1088704512,3066196212,0,0,30393532000,30393538000,-1,3066200064,3064438784,0,16777440,41943520,0,1,0
1,1,20,15,2147766273,0,0,0,30393579000,30393682000,-1,0,0,0,0,0,0,0,0
1,1,20,15,2147766276,3000,0,0,30393685000,30395553000,-1,0,0,0,0,0,0,0,0
1,1,20,15,2147766277,3064434148,0,0,30395556000,30395560000,6,0,0,0,0,0,0,0,0
1,1,20,15,20483,0,0,0,30395561000,30395564000,-1,0,0,0,0,0,0,0,0
2,1,20,15,0,0,0,0,30395566000,30395663000,-1,0,0,0,0,0,0,0,0
1,2,20,7,1076651027,2829312,0,0,30395671000,30395851000,-1,0,0,0,41943520,0,0,1280,3064438784
1,2,20,7,25602,0,0,0,30395852000,30395856000,-1,0,0,0,0,0,0,0,0
1,2,20,7,25607,0,0,0,30395857000,30407080000,-1,0,0,0,0,0,0,0,0
0,1,20,15,2,0,15,0,30413424000,30413596000,-1,0,0,0,0,0,0,0,0
1,1,20,15,20483,0,0,0,30413602000,30413612000,-1,0,0,0,0,0,0,0,0
1,1,20,15,1088704512,3066196212,0,0,30413615000,30413621000,-1,3066200064,3065053184,0,16777440,41943520,0,1,0
1,1,20,15,2147766273,0,0,0,30413623000,30413720000,-1,0,0,0,0,0,0,0,0
1,1,20,15,2147766276,3000,0,0,30413722000,30415598000,-1,0,0,0,0,0,0,0,0
1,1,20,15,2147766277,3064434148,0,0,30415600000,30415603000,6,0,0,0,0,0,0,0,0
1,1,20,15,20483,0,0,0,30415604000,30415607000,-1,0,0,0,0,0,0,0,0
2,1,20,15,0,0,0,0,30415609000,30415697000,-1,0,0,0,0,0,0,0,0
1,2,20,7,1076651027,2829356,0,0,30415705000,30415884000,-1,0,0,0,41943520,0,0,1280,3065053184
1,2,20,7,25602,0,0,0,30415886000,30415890000,-1,0,0,0,0,0,0,0,0
1,2,20,7,25607,0,0,0,30415891000,30423738000,-1,0,0,0,0,0,0,0,0
0,1,20,15,2,0,15,0,30427359000,30427524000,-1,0,0,0,0,0,0,0,0
1,1,20,15,20483,0,0,0,30427529000,30427539000,-1,0,0,0,0,0,0,0,0
1,1,20,15,1088704512,3066196212,0,0,30427542000,30427548000,-1,3066200064,3064438784,0,16777440,41943520,0,1,0
1,1,20,15,2147766273,0,0,0,30427550000,30427655000,-1,0,0,0,0,0,0,0,0
1,1,20,15,2147766276,3000,0,0,30427657000,30429531000,-1,0,0,0,0,0,0,0,0
1,1,20,15,2147766277,3064434148,0,0,30429533000,30429536000,6,0,0,0,0,0,0,0,0
1,1,20,15,20483,0,0,0,30429537000,30429540000,-1,0,0,0,0,0,0,0,0
2,1,20,15,0,0,0,0,30429542000,30429627000,-1,0,0,0,0,0,0,0,0
1,2,20,7,1076651027,2829312,0,0,30429634000,30429813000,-1,0,0,0,41943520,0,0,1280,3064438784
1,2,20,7,25602,0,0,0,30429814000,30429818000,-1,0,0,0,0,0,0,0,0
1,2,20,7,25607,0,0,0,30429819000,30440395000,-1,0,0,0,0,0,0,0,0
0,1,20,15,2,0,15,0,30441297000,30441448000,-1,0,0,0,0,0,0,0,0
1,1,20,15,20483,0,0,0,30441453000,30441463000,-1,0,0,0,0,0,0,0,0
1,1,20,15,1088704512,3066196212,0,0,30441465000,30441471000,-1,3066200064,3065053184,0,16777440,41943520,0,1,0
1,1,20,15,2147766273,0,0,0,30441473000,30441562000,-1,0,0,0,0,0,0,0,0
1,1,20,15,2147766276,3000,0,0,30441564000,30443431000,-1,0,0,0,0,0,0,0,0
1,1,20,15,2147766277,3064434148,0,0,30443434000,30443438000,6,0,0,0,0,0,0,0,0
1,1,20,15,20483,0,0,0,30443439000,30443442000,-1,0,0,0,0,0,0,0,0
2,1,20,15,0,0,0,0,30443444000,30443541000,-1,0,0,0,0,0,0,0,0
1,2,20,7,1076651027,2829356,0,0,30443549000,30443729000,-1,0,0,0,41943520,0,0,1280,3065053184
1,2,20,7,25602,0,0,0,30443730000,30443734000,-1,0,0,0,0,0,0,0,0
1,2,20,7,25607,0,0,0,30443735000,30457060000,-1,0,0,0,0,0,0,0,0
0,1,20,15,2,0,15,0,30463447000,30463610000,-1,0,0,0,0,0,0,0,0
1,1,20,15,20483,0,0,0,30463615000,30463626000,-1,0,0,0,0,0,0,0,0
1,1,20,15,1088704512,3066196212,0,0,30463628000,30463634000,-1,3066200064,3064438784,0,16777440,41943520,0,1,0
1,1,20,15,2147766273,0,0,0,30463636000,30463736000,-1,0,0,0,0,0,0,0,0
1,1,20,15,2147766276,3000,0,0,30463738000,30465611000,-1,0,0,0,0,0,0,0,0
1,1,20,15,2147766277,3064434148,0,0,30465648000,30465653000,6,0,0,0,0,0,0,0,0
1,1,20,15,20483,0,0,0,30465654000,30465657000,-1,0,0,0,0,0,0,0,0
2,1,20,15,0,0,0,0,30465659000,30465751000,-1,0,0,0,0,0,0,0,0
1,2,20,7,1076651027,2829312,0,0,30465759000,30465967000,-1,0,0,0,41943520,0,0,1280,3064438784
1,2,20,7,25602,0,0,0,30465968000,30465973000,-1,0,0,0,0,0,0,0,0
1,2,20,7,25607,0,0,0,30465974000,30473710000,-1,0,0,0,0,0,0,0,0
0,1,20,15,2,0,15,0,30477441000,30477599000,-1,0,0,0,0,0,0,0,0
1,1,20,15,20483,0,0,0,30477605000,30477614000,-1,0,0,0,0,0,0,0,0
1,1,20,15,1088704512,3066196212,0,0,30477617000,30477623000,-1,3066200064,3065053184,0,16777440,41943520,0,1,0
1,1,20,15,2147766273,0,0,0,30477625000,30477718000,-1,0,0,0,0,0,0,0,0
1,1,20,15,2147766276,3000,0,0,30477720000,30479593000,-1,0,0,0,0,0,0,0,0
1,1,20,15,2147766277,3064434148,0,0,30479596000,30479599000,6,0,0,0,0,0,0,0,0
1,1,20,15,20483,0,0,0,30479600000,30479603000,-1,0,0,0,0,0,0,0,0
2,1,20,15,0,0,0,0,30479605000,30479692000,-1,0,0,0,0,0,0,0,0
1,2,20,7,1076651027,2829356,0,0,30479699000,30479880000,-1,0,0,0,41943520,0,0,1280,3065053184
1,2,20,7,25602,0,0,0,30479881000,30479885000,-1,0,0,0,0,0,0,0,0
1,2,20,7,25607,0,0,0,30479886000,30490365000,-1,0,0,0,0,0,0,0,0
0,1,20,15,2,0,15,0,30493072000,30493238000,-1,0,0,0,0,0,0,0,0
1,1,20,15,20483,0,0,0,30493244000,30493254000,-1,0,0,0,0,0,0,0,0
1,1,20,15,1088704512,3066196212,0,0,30493256000,30493262000,-1,3066200064,3064438784,0,16777440,41943520,0,1,0
1,1,20,15,2147766273,0,0,0,30493264000,30493356000,-1,0,0,0,0,0,0,0,0
1,1,20,15,2147766276,3000,0,0,30493358000,30495233000,-1,0,0,0,0,0,0,0,0
1,1,20,15,2147766277,3064434148,0,0,30495235000,30495238000,6,0,0,0,0,0,0,0,0
1,1,20,15,20483,0,0,0,30495239000,30495242000,-1,0,0,0,0,0,0,0,0
2,1,20,15,0,0,0,0,30495244000,30495331000,-1,0,0,0,0,0,0,0,0
1,2,20,7,1076651027,2829312,0,0,30495338000,30495518000,-1,0,0,0,41943520,0,0,1280,3064438784
1,2,20,7,25602,0,0,0,30495520000,30495523000,-1,0,0,0,0,0,0,0,0
1,2,20,7,25607,0,0,0,30495524000,30507053000,-1,0,0,0,0,0,0,0,0
0,1,20,15,2,0,15,0,30507077000,30507223000,-1,0,0,0,0,0,0,0,0
1,1,20,15,20483,0,0,0,30507227000,30507234000,-1,0,0,0,0,0,0,0,0
1,1,20,15,1088704512,3066196212,0,0,30507236000,30507242000,-1,3066200064,3065053184,0,16777440,41943520,0,1,0
1,1,20,15,2147766273,0,0,0,30507243000,30507333000,-1,0,0,0,0,0,0,0,0
1,1,20,15,2147766276,3000,0,0,30507335000,30509205000,-1,0,0,0,0,0,0,0,0
1,1,20,15,2147766277,3064434148,0,0,30509208000,30509212000,6,0,0,0,0,0,0,0,0
1,1,20,15,20483,0,0,0,30509213000,30509216000,-1,0,0,0,0,0,0,0,0
2,1,20,15,0,0,0,0,30509218000,30509299000,-1,0,0,0,0,0,0,0,0
1,2,20,7,1076651027,2829356,0,0,30509308000,30509486000,-1,0,0,0,41943520,0,0,1280,3065053184
1,2,20,7,25602,0,0,0,30509487000,30509490000,-1,0,0,0,0,0,0,0,0
1,2,20,7,25607,0,0,0,30509492000,30523715000,-1,0,0,0,0,0,0,0,0
0,1,20,15,2,0,15,0,30523733000,30523884000,-1,0,0,0,0,0,0,0,0
1,1,20,15,20483,0,0,0,30523888000,30523895000,-1,0,0,0,0,0,0,0,0
1,1,20,15,1088704512,3066196212,0,0,30523897000,30523903000,-1,3066200064,3064438784,0,16777440,41943520,0,1,0
1,1,20,15,2147766273,0,0,0,30523905000,30523999000,-1,0,0,0,0,0,0,0,0
1,1,20,15,2147766276,3000,0,0,30524001000,30525864000,-1,0,0,0,0,0,0,0,0
1,1,20,15,2147766277,3064434148,0,0,30525866000,30525869000,6,0,0,0,0,0,0,0,0
1,1,20,15,20483,0,0,0,30525870000,30525873000,-1,0,0,0,0,0,0,0,0
2,1,20,15,0,0,0,0,30525875000,30525956000,-1,0,0,0,0,0,0,0,0
1,2,20,7,1076651027,2829312,0,0,30526001000,30526181000,-1,0,0,0,41943520,0,0,1280,3064438784
1,2,20,7,25602,0,0,0,30526183000,30526186000,-1,0,0,0,0,0,0,0,0
1,2,20,7,25607,0,0,0,30526188000,30540349000,-1,0,0,0,0,0,0,0,0
0,1,20,15,2,0,15,0,30540367000,30540518000,-1,0,0,0,0,0,0,0,0
1,1,20,15,20483,0,0,0,30540522000,30540530000,-1,0,0,0,0,0,0,0,0
1,1,20,15,1088704512,3066196212,0,0,30540531000,30540537000,-1,3066200064,3065053184,0,16777440,41943520,0,1,0
1,1,20,15,2147766273,0,0,0,30540539000,30540631000,-1,0,0,0,0,0,0,0,0
1,1,20,15,2147766276,3000,0,0,30540632000,30542501000,-1,0,0,0,0,0,0,0,0
1,1,20,15,2147766277,3064434148,0,0,30542503000,30542506000,6,0,0,0,0,0,0,0,0
1,1,20,15,20483,0,0,0,30542507000,30542509000,-1,0,0,0,0,0,0,0,0
2,1,20,15,0,0,0,0,30542511000,30542593000,-1,0,0,0,0,0,0,0,0
1,2,20,7,1076651027,2829356,0,0,30542599000,30542778000,-1,0,0,0,41943520,0,0,1280,3065053184
1,2,20,7,25602,0,0,0,30542780000,30542783000,-1,0,0,0,0,0,0,0,0
1,2,20,7,25607,0,0,0,30542784000,30557022000,-1,0,0,0,0,0,0,0,0
0,1,20,15,2,0,15,0,30557045000,30557195000,-1,0,0,0,0,0,0,0,0
1,1,20,15,20483,0,0,0,30557199000,30557207000,-1,0,0,0,0,0,0,0,0
1,1,20,15,1088704512,3066196212,0,0,30557209000,30557215000,-1,3066200064,3064438784,0,16777440,41943520,0,1,0
1,1,20,15,2147766273,0,0,0,30557217000,30557310000,-1,0,0,0,0,0,0,0,0
1,1,20,15,2147766276,3000,0,0,30557312000,30559180000,-1,0,0,0,0,0,0,0,0
1,1,20,15,2147766277,3064434148,0,0,30559182000,30559185000,6,0,0,0,0,0,0,0,0
1,1,20,15,20483,0,0,0,30559186000,30559189000,-1,0,0,0,0,0,0,0,0
2,1,20,15,0,0,0,0,30559191000,30559275000,-1,0,0,0,0,0,0,0,0
1,2,20,7,1076651027,2829312,0,0,30559283000,30559461000,-1,0,0,0,41943520,0,0,1280,3064438784
1,2,20,7,25602,0,0,0,30559463000,30559467000,-1,0,0,0,0,0,0,0,0
1,2,20,7,25607,0,0,0,30559468000,30573653000,-1,0,0,0,0,0,0,0,0
0,1,20,15,2,0,15,0,30583323000,30583486000,-1,0,0,0,0,0,0,0,0
1,1,20,15,20483,0,0,0,30583492000,30583502000,-1,0,0,0,0,0,0,0,0
1,1,20,15,1088704512,3066196212,0,0,30583504000,30583510000,-1,3066200064,3065053184,0,16777440,41943520,0,1,0
1,1,20,15,2147766273,0,0,0,30583512000,30583612000,-1,0,0,0,0,0,0,0,0
1,1,20,15,2147766276,3000,0,0,30583614000,30585485000,-1,0,0,0,0,0,0,0,0
1,1,20,15,2147766277,3064434148,0,0,30585487000,30585491000,6,0,0,0,0,0,0,0,0
1,1,20,15,20483,0,0,0,30585493000,30585495000,-1,0,0,0,0,0,0,0,0
2,1,20,15,0,0,0,0,30585497000,30585586000,-1,0,0,0,0,0,0,0,0
1,2,20,7,1076651027,2829356,0,0,30585593000,30585798000,-1,0,0,0,41943520,0,0,1280,3065053184
1,2,20,7,25602,0,0,0,30585799000,30585803000,-1,0,0,0,0,0,0,0,0
1,2,20,7,25607,0,0,0,30585804000,30590308000,-1,0,0,0,0,0,0,0,0
0,1,20,15,2,0,15,0,30597264000,30597432000,-1,0,0,0,0,0,0,0,0
1,1,20,15,20483,0,0,0,30597437000,30597447000,-1,0,0,0,0,0,0,0,0
1,1,20,15,1088704512,3066196212,0,0,30597449000,30597455000,-1,3066200064,3064438784,0,16777440,41943520,0,1,0
1,1,20,15,2147766273,0,0,0,30597457000,30597558000,-1,0,0,0,0,0,0,0,0
1,1,20,15,2147766276,3000,0,0,30597560000,30599433000,-1,0,0,0,0,0,0,0,0
1,1,20,15,2147766277,3064434148,0,0,30599436000,30599439000,6,0,0,0,0,0,0,0,0
1,1,20,15,20483,0,0,0,30599440000,30599443000,-1,0,0,0,0,0,0,0,0
2,1,20,15,0,0,0,0,30599445000,30599531000,-1,0,0,0,0,0,0,0,0
1,2,20,7,1076651027,2829312,0,0,30599539000,30599719000,-1,0,0,0,41943520,0,0,1280,3064438784
1,2,20,7,25602,0,0,0,30599720000,30599724000,-1,0,0,0,0,0,0,0,0
1,2,20,7,25607,0,0,0,30599725000,30606965000,-1,0,0,0,0,0,0,0,0
0,1,20,15,2,0,15,0,30611309000,30611474000,-1,0,0,0,0,0,0,0,0
1,1,20,15,20483,0,0,0,30611480000,30611491000,-1,0,0,0,0,0,0,0,0
1,1,20,15,1088704512,3066196212,0,0,30611494000,30611500000,-1,3066200064,3065053184,0,16777440,41943520,0,1,0
1,1,20,15,2147766273,0,0,0,30611502000,30611600000,-1,0,0,0,0,0,0,0,0
1,1,20,15,2147766276,3000,0,0,30611602000,30613477000,-1,0,0,0,0,0,0,0,0
1,1,20,15,2147766277,3064434148,0,0,30613480000,30613483000,6,0,0,0,0,0,0,0,0
1,1,20,15,20483,0,0,0,30613484000,30613487000,-1,0,0,0,0,0,0,0,0
2,1,20,15,0,0,0,0,30613488000,30613574000,-1,0,0,0,0,0,0,0,0
1,2,20,7,1076651027,2829356,0,0,30613582000,30613761000,-1,0,0,0,41943520,0,0,1280,3065053184
1,2,20,7,25602,0,0,0,30613763000,30613766000,-1,0,0,0,0,0,0,0,0
1,2,20,7,25607,0,0,0,30613768000,30623621000,-1,0,0,0,0,0,0,0,0
0,1,20,15,2,0,15,0,30625223000,30625379000,-1,0,0,0,0,0,0,0,0
1,1,20,15,20483,0,0,0,30625386000,30625395000,-1,0,0,0,0,0,0,0,0
1,1,20,15,1088704512,3066196212,0,0,30625397000,30625404000,-1,3066200064,3064438784,0,16777440,41943520,0,1,0
1,1,20,15,2147766273,0,0,0,30625405000,30625496000,-1,0,0,0,0,0,0,0,0
1,1,20,15,2147766276,3000,0,0,30625498000,30627361000,-1,0,0,0,0,0,0,0,0
1,1,20,15,2147766277,3064434148,0,0,30627365000,30627368000,6,0,0,0,0,0,0,0,0
1,1,20,15,20483,0,0,0,30627369000,30627372000,-1,0,0,0,0,0,0,0,0
2,1,20,15,0,0,0,0,30627374000,30627471000,-1,0,0,0,0,0,0,0,0
1,2,20,7,1076651027,2829312,0,0,30627479000,30627660000,-1,0,0,0,41943520,0,0,1280,3064438784
1,2,20,7,25602,0,0,0,30627661000,30627665000,-1,0,0,0,0,0,0,0,0
1,2,20,7,25607,0,0,0,30627666000,30640278000,-1,0,0,0,0,0,0,0,0
0,1,20,15,2,0,15,0,30643397000,30643558000,-1,0,0,0,0,0,0,0,0
1,1,20,15,20483,0,0,0,30643564000,30643575000,-1,0,0,0,0,0,0,0,0
1,1,20,15,1088704512,3066196212,0,0,30643577000,30643584000,-1,3066200064,3065053184,0,16777440,41943520,0,1,0
1,1,20,15,2147766273,0,0,0,30643586000,30643688000,-1,0,0,0,0,0,0,0,0
1,1,20,15,2147766276,3000,0,0,30643689000,30645564000,-1,0,0,0,0,0,0,0,0
1,1,20,15,2147766277,3064434148,0,0,30645567000,30645569000,6,0,0,0,0,0,0,0,0
1,1,20,15,20483,0,0,0,30645571000,30645573000,-1,0,0,0,0,0,0,0,0
2,1,20,15,0,0,0,0,30645575000,30645663000,-1,0,0,0,0,0,0,0,0
1,2,20,7,1076651027,2829356,0,0,30645670000,30645851000,-1,0,0,0,41943520,0,0,1280,3065053184
1,2,20,7,25602,0,0,0,30645852000,30645855000,-1,0,0,0,0,0,0,0,0
1,2,20,7,25607,0,0,0,30645857000,30656963000,-1,0,0,0,0,0,0,0,0
0,1,20,15,2,0,15,0,30657367000,30657513000,-1,0,0,0,0,0,0,0,0
1,1,20,15,20483,0,0,0,30657520000,30657528000,-1,0,0,0,0,0,0,0,0
1,1,20,15,1088704512,3066196212,0,0,30657530000,30657537000,-1,3066200064,3064438784,0,16777440,41943520,0,1,0
1,1,20,15,2147766273,0,0,0,30657539000,30657631000,-1,0,0,0,0,0,0,0,0
1,1,20,15,2147766276,3000,0,0,30657634000,30659497000,-1,0,0,0,0,0,0,0,0
1,1,20,15,2147766277,3064434148,0,0,30659501000,30659505000,6,0,0,0,0,0,0,0,0
1,1,20,15,20483,0,0,0,30659506000,30659510000,-1,0,0,0,0,0,0,0,0
2,1,20,15,0,0,0,0,30659511000,30659605000,-1,0,0,0,0,0,0,0,0
1,2,20,7,1076651027,2829312,0,0,30659613000,30659793000,-1,0,0,0,41943520,0,0,1280,3064438784
1,2,20,7,25602,0,0,0,30659795000,30659799000,-1,0,0,0,0,0,0,0,0
1,2,20,7,25607,0,0,0,30659800000,30673626000,-1,0,0,0,0,0,0,0,0
0,1,20,15,2,0,15,0,30673649000,30673826000,-1,0,0,0,0,0,0,0,0
1,1,20,15,20483,0,0,0,30673831000,30673839000,-1,0,0,0,0,0,0,0,0
1,1,20,15,1088704512,3066196212,0,0,30673877000,30673884000,-1,3066200064,3065053184,0,16777440,41943520,0,1,0
1,1,20,15,2147766273,0,0,0,30673886000,30673988000,-1,0,0,0,0,0,0,0,0
1,1,20,15,2147766276,3000,0,0,30673990000,30675859000,-1,0,0,0,0,0,0,0,0
1,1,20,15,2147766277,3064434148,0,0,30675862000,30675865000,6,0,0,0,0,0,0,0,0
1,1,20,15,20483,0,0,0,30675866000,30675869000,-1,0,0,0,0,0,0,0,0
2,1,20,15,0,0,0,0,30675871000,30675956000,-1,0,0,0,0,0,0,0,0
1,2,20,7,1076651027,2829356,0,0,30675964000,30676144000,-1,0,0,0,41943520,0,0,1280,3065053184
1,2,20,7,25602,0,0,0,30676145000,30676149000,-1,0,0,0,0,0,0,0,0
1,2,20,7,25607,0,0,0,30676150000,30691684000,-1,0,0,0,0,0,0,0,0
0,1,20,15,2,0,15,0,30695083000,30695245000,-1,0,0,0,0,0,0,0,0
1,1,20,15,20483,0,0,0,30695250000,30695259000,-1,0,0,0,0,0,0,0,0
1,1,20,15,1088704512,3066196212,0,0,30695261000,30695266000,-1,3066200064,3064438784,0,16777440,41943520,0,1,0
1,1,20,15,2147766273,0,0,0,30695268000,30695360000,-1,0,0,0,0,0,0,0,0
1,1,20,15,2147766276,3000,0,0,30695363000,30697238000,-1,0,0,0,0,0,0,0,0
1,1,20,15,2147766277,3064434148,0,0,30697241000,30697244000,6,0,0,0,0,0,0,0,0
1,1,20,15,20483,0,0,0,30697245000,30697248000,-1,0,0,0,0,0,0,0,0
2,1,20,15,0,0,0,0,30697249000,30697336000,-1,0,0,0,0,0,0,0,0
1,2,20,7,1076651027,2829312,0,0,30697343000,30697523000,-1,0,0,0,41943520,0,0,1280,3064438784
1,2,20,7,25602,0,0,0,30697524000,30697528000,-1,0,0,0,0,0,0,0,0
1,2,20,7,25607,0,0,0,30697529000,30706907000,-1,0,0,0,0,0,0,0,0
0,1,20,15,2,0,15,0,30709042000,30709203000,-1,0,0,0,0,0,0,0,0
1,1,20,15,20483,0,0,0,30709209000,30709218000,-1,0,0,0,0,0,0,0,0
1,1,20,15,1088704512,3066196212,0,0,30709221000,30709227000,-1,3066200064,3065053184,0,16777440,41943520,0,1,0
1,1,20,15,2147766273,0,0,0,30709229000,30709324000,-1,0,0,0,0,0,0,0,0
1,1,20,15,2147766276,3000,0,0,30709326000,30711197000,-1,0,0,0,0,0,0,0,0
1,1,20,15,2147766277,3064434148,0,0,30711199000,30711203000,6,0,0,0,0,0,0,0,0
1,1,20,15,20483,0,0,0,30711204000,30711207000,-1,0,0,0,0,0,0,0,0
2,1,20,15,0,0,0,0,30711209000,30711300000,-1,0,0,0,0,0,0,0,0
1,2,20,7,1076651027,2829356,0,0,30711309000,30711490000,-1,0,0,0,41943520,0,0,1280,3065053184
1,2,20,7,25602,0,0,0,30711492000,30711496000,-1,0,0,0,0,0,0,0,0
1,2,20,7,25607,0,0,0,30711497000,30723599000,-1,0,0,0,0,0,0,0,0
0,1,20,15,2,0,15,0,30723619000,30723761000,-1,0,0,0,0,0,0,0,0
1,1,20,15,20483,0,0,0,30723765000,30723772000,-1,0,0,0,0,0,0,0,0
1,1,20,15,1088704512,3066196212,0,0,30723774000,30723780000,-1,3066200064,3064438784,0,16777440,41943520,0,1,0
1,1,20,15,2147766273,0,0,0,30723782000,30723873000,-1,0,0,0,0,0,0,0,0
1,1,20,15,2147766276,3000,0,0,30723875000,30725741000,-1,0,0,0,0,0,0,0,0
1,1,20,15,2147766277,3064434148,0,0,30725744000,30725746000,6,0,0,0,0,0,0,0,0
1,1,20,15,20483,0,0,0,30725748000,30725750000,-1,0,0,0,0,0,0,0,0
2,1,20,15,0,0,0,0,30725752000,30725833000,-1,0,0,0,0,0,0,0,0
1,2,20,7,1076651027,2829312,0,0,30725841000,30726020000,-1,0,0,0,41943520,0,0,1280,3064438784
1,2,20,7,25602,0,0,0,30726021000,30726025000,-1,0,0,0,0,0,0,0,0
1,2,20,7,25607,0,0,0,30726026000,30740231000,-1,0,0,0,0,0,0,0,0
0,1,20,15,2,0,15,0,30740248000,30740388000,-1,0,0,0,0,0,0,0,0
1,1,20,15,20483,0,0,0,30740392000,30740400000,-1,0,0,0,0,0,0,0,0
1,1,20,15,1088704512,3066196212,0,0,30740402000,30740407000,-1,3066200064,3065053184,0,16777440,41943520,0,1,0
1,1,20,15,2147766273,0,0,0,30740409000,30740491000,-1,0,0,0,0,0,0,0,0
1,1,20,15,2147766276,3000,0,0,30740493000,30742359000,-1,0,0,0,0,0,0,0,0
1,1,20,15,2147766277,3064434148,0,0,30742397000,30742401000,6,0,0,0,0,0,0,0,0
1,1,20,15,20483,0,0,0,30742402000,30742405000,-1,0,0,0,0,0,0,0,0
2,1,20,15,0,0,0,0,30742407000,30742494000,-1,0,0,0,0,0,0,0,0
1,2,20,7,1076651027,2829356,0,0,30742503000,30742682000,-1,0,0,0,41943520,0,0,1280,3065053184
1,2,20,7,25602,0,0,0,30742683000,30742687000,-1,0,0,0,0,0,0,0,0
1,2,20,7,25607,0,0,0,30742688000,30756906000,-1,0,0,0,0,0,0,0,0
0,1,20,15,2,0,15,0,30756930000,30757083000,-1,0,0,0,0,0,0,0,0
1,1,20,15,20483,0,0,0,30757088000,30757096000,-1,0,0,0,0,0,0,0,0
1,1,20,15,1088704512,3066196212,0,0,30757098000,30757103000,-1,3066200064,3064438784,0,16777440,41943520,0,1,0
1,1,20,15,2147766273,0,0,0,30757105000,30757201000,-1,0,0,0,0,0,0,0,0
1,1,20,15,2147766276,3000,0,0,30757203000,30759073000,-1,0,0,0,0,0,0,0,0
1,1,20,15,2147766277,3064434148,0,0,30759075000,30759079000,6,0,0,0,0,0,0,0,0
1,1,20,15,20483,0,0,0,30759080000,30759083000,-1,0,0,0,0,0,0,0,0
2,1,20,15,0,0,0,0,30759085000,30759168000,-1,0,0,0,0,0,0,0,0
1,2,20,7,1076651027,2829312,0,0,30759175000,30759354000,-1,0,0,0,41943520,0,0,1280,3064438784
1,2,20,7,25602,0,0,0,30759356000,30759359000,-1,0,0,0,0,0,0,0,0
1,2,20,7,25607,0,0,0,30759360000,30773540000,-1,0,0,0,0,0,0,0,0
0,1,20,15,2,0,15,0,30783356000,30783520000,-1,0,0,0,0,0,0,0,0
1,1,20,15,20483,0,0,0,30783525000,30783537000,-1,0,0,0,0,0,0,0,0
1,1,20,15,1088704512,3066196212,0,0,30783539000,30783546000,-1,3066200064,3065053184,0,16777440,41943520,0,1,0
1,1,20,15,2147766273,0,0,0,30783547000,30783645000,-1,0,0,0,0,0,0,0,0
1,1,20,15,2147766276,3000,0,0,30783648000,30785521000,-1,0,0,0,0,0,0,0,0
1,1,20,15,2147766277,3064434148,0,0,30785523000,30785526000,6,0,0,0,0,0,0,0,0
1,1,20,15,20483,0,0,0,30785528000,30785531000,-1,0,0,0,0,0,0,0,0
2,1,20,15,0,0,0,0,30785533000,30785622000,-1,0,0,0,0,0,0,0,0
1,2,20,7,1076651027,2829356,0,0,30785629000,30785834000,-1,0,0,0,41943520,0,0,1280,3065053184
1,2,20,7,25602,0,0,0,30785835000,30785839000,-1,0,0,0,0,0,0,0,0
1,2,20,7,25607,0,0,0,30785840000,30790188000,-1,0,0,0,0,0,0,0,0
0,1,20,15,2,0,15,0,30797376000,30797535000,-1,0,0,0,0,0,0,0,0
1,1,20,15,20483,0,0,0,30797542000,30797553000,-1,0,0,0,0,0,0,0,0
1,1,20,15,1088704512,3066196212,0,0,30797555000,30797561000,-1,3066200064,3064438784,0,16777440,41943520,0,1,0
1,1,20,15,2147766273,0,0,0,30797563000,30797659000,-1,0,0,0,0,0,0,0,0
1,1,20,15,2147766276,3000,0,0,30797661000,30799535000,-1,0,0,0,0,0,0,0,0
1,1,20,15,2147766277,3064434148,0,0,30799537000,30799540000,6,0,0,0,0,0,0,0,0
1,1,20,15,20483,0,0,0,30799541000,30799543000,-1,0,0,0,0,0,0,0,0
2,1,20,15,0,0,0,0,30799545000,30799630000,-1,0,0,0,0,0,0,0,0
1,2,20,7,1076651027,2829312,0,0,30799636000,30799816000,-1,0,0,0,41943520,0,0,1280,3064438784
1,2,20,7,25602,0,0,0,30799817000,30799821000,-1,0,0,0,0,0,0,0,0
1,2,20,7,25607,0,0,0,30799822000,30806848000,-1,0,0,0,0,0,0,0,0
0,1,20,15,2,0,15,0,30811286000,30811443000,-1,0,0,0,0,0,0,0,0
1,1,20,15,20483,0,0,0,30811448000,30811458000,-1,0,0,0,0,0,0,0,0
1,1,20,15,1088704512,3066196212,0,0,30811460000,30811467000,-1,3066200064,3065053184,0,16777440,41943520,0,1,0
1,1,20,15,2147766273,0,0,0,30811469000,30811563000,-1,0,0,0,0,0,0,0,0
1,1,20,15,2147766276,3000,0,0,30811565000,30813441000,-1,0,0,0,0,0,0,0,0
1,1,20,15,2147766277,3064434148,0,0,30813443000,30813446000,6,0,0,0,0,0,0,0,0
1,1,20,15,20483,0,0,0,30813448000,30813450000,-1,0,0,0,0,0,0,0,0
2,1,20,15,0,0,0,0,30813489000,30813583000,-1,0,0,0,0,0,0,0,0
1,2,20,7,1076651027,2829356,0,0,30813591000,30813772000,-1,0,0,0,41943520,0,0,1280,3065053184
1,2,20,7,25602,0,0,0,30813773000,30813776000,-1,0,0,0,0,0,0,0,0
1,2,20,7,25607,0,0,0,30813778000,30823504000,-1,0,0,0,0,0,0,0,0
0,1,20,15,2,0,15,0,30825308000,30825473000,-1,0,0,0,0,0,0,0,0
1,1,20,15,20483,0,0,0,30825478000,30825488000,-1,0,0,0,0,0,0,0,0
1,1,20,15,1088704512,3066196212,0,0,30825490000,30825497000,-1,3066200064,3064438784,0,16777440,41943520,0,1,0
1,1,20,15,2147766273,0,0,0,30825498000,30825598000,-1,0,0,0,0,0,0,0,0
1,1,20,15,2147766276,3000,0,0,30825600000,30827464000,-1,0,0,0,0,0,0,0,0
1,1,20,15,2147766277,3064434148,0,0,30827466000,30827470000,6,0,0,0,0,0,0,0,0
1,1,20,15,20483,0,0,0,30827471000,30827474000,-1,0,0,0,0,0,0,0,0
2,1,20,15,0,0,0,0,30827476000,30827570000,-1,0,0,0,0,0,0,0,0
1,2,20,7,1076651027,2829312,0,0,30827579000,30827759000,-1,0,0,0,41943520,0,0,1280,3064438784
1,2,20,7,25602,0,0,0,30827761000,30827764000,-1,0,0,0,0,0,0,0,0
1,2,20,7,25607,0,0,0,30827766000,30840167000,-1,0,0,0,0,0,0,0,0
0,1,20,15,2,0,15,0,30843348000,30843516000,-1,0,0,0,0,0,0,0,0
1,1,20,15,20483,0,0,0,30843522000,30843533000,-1,0,0,0,0,0,0,0,0
1,1,20,15,1088704512,3066196212,0,0,30843535000,30843541000,-1,3066200064,3065053184,0,16777440,41943520,0,1,0
1,1,20,15,2147766273,0,0,0,30843543000,30843649000,-1,0,0,0,0,0,0,0,0
1,1,20,15,2147766276,3000,0,0,30843651000,30845527000,-1,0,0,0,0,0,0,0,0
1,1,20,15,2147766277,3064434148,0,0,30845529000,30845532000,6,0,0,0,0,0,0,0,0
1,1,20,15,20483,0,0,0,30845534000,30845536000,-1,0,0,0,0,0,0,0,0
2,1,20,15,0,0,0,0,30845538000,30845627000,-1,0,0,0,0,0,0,0,0
1,2,20,7,1076651027,2829356,0,0,30845634000,30845813000,-1,0,0,0,41943520,0,0,1280,3065053184
1,2,20,7,25602,0,0,0,30845815000,30845818000,-1,0,0,0,0,0,0,0,0
1,2,20,7,25607,0,0,0,30845820000,30856835000,-1,0,0,0,0,0,0,0,0
0,1,20,15,2,0,15,0,30857367000,30857515000,-1,0,0,0,0,0,0,0,0
1,1,20,15,20483,0,0,0,30857520000,30857530000,-1,0,0,0,0,0,0,0,0
1,1,20,15,1088704512,3066196212,0,0,30857531000,30857537000,-1,3066200064,3064438784,0,16777440,41943520,0,1,0
1,1,20,15,2147766273,0,0,0,30857539000,30857628000,-1,0,0,0,0,0,0,0,0
1,1,20,15,2147766276,3000,0,0,30857629000,30859499000,-1,0,0,0,0,0,0,0,0
1,1,20,15,2147766277,3064434148,0,0,30859502000,30859506000,6,0,0,0,0,0,0,0,0
1,1,20,15,20483,0,0,0,30859507000,30859511000,-1,0,0,0,0,0,0,0,0
2,1,20,15,0,0,0,0,30859513000,30859613000,-1,0,0,0,0,0,0,0,0
1,2,20,7,1076651027,2829312,0,0,30859622000,30859801000,-1,0,0,0,41943520,0,0,1280,3064438784
1,2,20,7,25602,0,0,0,30859803000,30859807000,-1,0,0,0,0,0,0,0,0
1,2,20,7,25607,0,0,0,30859808000,30873512000,-1,0,0,0,0,0,0,0,0
0,1,20,15,2,0,15,0,30873535000,30873690000,-1,0,0,0,0,0,0,0,0
1,1,20,15,20483,0,0,0,30873693000,30873701000,-1,0,0,0,0,0,0,0,0
1,1,20,15,1088704512,3066196212,0,0,30873703000,30873709000,-1,3066200064,3065053184,0,16777440,41943520,0,1,0
1,1,20,15,2147766273,0,0,0,30873710000,30873829000,-1,0,0,0,0,0,0,0,0
1,1,20,15,2147766276,3000,0,0,30873832000,30875693000,-1,0,0,0,0,0,0,0,0
1,1,20,15,2147766277,3064434148,0,0,30875695000,30875698000,6,0,0,0,0,0,0,0,0
1,1,20,15,20483,0,0,0,30875699000,30875702000,-1,0,0,0,0,0,0,0,0
2,1,20,15,0,0,0,0,30875704000,30875794000,-1,0,0,0,0,0,0,0,0
1,2,20,7,1076651027,2829356,0,0,30875802000,30875980000,-1,0,0,0,41943520,0,0,1280,3065053184
1,2,20,7,25602,0,0,0,30875981000,30875985000,-1,0,0,0,0,0,0,0,0
1,2,20,7,25607,0,0,0,30876021000,30890137000,-1,0,0,0,0,0,0,0,0
0,1,20,15,2,0,15,0,30893505000,30893669000,-1,0,0,0,0,0,0,0,0
1,1,20,15,20483,0,0,0,30893676000,30893686000,-1,0,0,0,0,0,0,0,0
1,1,20,15,1088704512,3066196212,0,0,30893688000,30893694000,-1,3066200064,3064438784,0,16777440,41943520,0,1,0
1,1,20,15,2147766273,0,0,0,30893696000,30893796000,-1,0,0,0,0,0,0,0,0
1,1,20,15,2147766276,3000,0,0,30893797000,30895672000,-1,0,0,0,0,0,0,0,0
1,1,20,15,2147766277,3064434148,0,0,30895674000,30895677000,6,0,0,0,0,0,0,0,0
1,1,20,15,20483,0,0,0,30895679000,30895681000,-1,0,0,0,0,0,0,0,0
2,1,20,15,0,0,0,0,30895683000,30895773000,-1,0,0,0,0,0,0,0,0
1,2,20,7,1076651027,2829312,0,0,30895781000,30895960000,-1,0,0,0,41943520,0,0,1280,3064438784
1,2,20,7,25602,0,0,0,30895961000,30895965000,-1,0,0,0,0,0,0,0,0
1,2,20,7,25607,0,0,0,30895966000,30906794000,-1,0,0,0,0,0,0,0,0
0,1,20,15,2,0,15,0,30909122000,30909283000,-1,0,0,0,0,0,0,0,0
1,1,20,15,20483,0,0,0,30909289000,30909299000,-1,0,0,0,0,0,0,0,0
1,1,20,15,1088704512,3066196212,0,0,30909301000,30909307000,-1,3066200064,3065053184,0,16777440,41943520,0,1,0
1,1,20,15,2147766273,0,0,0,30909308000,30909407000,-1,0,0,0,0,0,0,0,0
1,1,20,15,2147766276,3000,0,0,30909409000,30911269000,-1,0,0,0,0,0,0,0,0
1,1,20,15,2147766277,3064434148,0,0,30911273000,30911277000,6,0,0,0,0,0,0,0,0
1,1,20,15,20483,0,0,0,30911278000,30911281000,-1,0,0,0,0,0,0,0,0
2,1,20,15,0,0,0,0,30911283000,30911384000,-1,0,0,0,0,0,0,0,0
1,2,20,7,1076651027,2829356,0,0,30911392000,30911574000,-1,0,0,0,41943520,0,0,1280,3065053184
1,2,20,7,25602,0,0,0,30911575000,30911578000,-1,0,0,0,0,0,0,0,0
1,2,20,7,25607,0,0,0,30911580000,30923489000,-1,0,0,0,0,0,0,0,0
0,1,20,15,2,0,15,0,30923509000,30923658000,-1,0,0,0,0,0,0,0,0
1,1,20,15,20483,0,0,0,30923663000,30923671000,-1,0,0,0,0,0,0,0,0
1,1,20,15,1088704512,3066196212,0,0,30923673000,30923679000,-1,3066200064,3064438784,0,16777440,41943520,0,1,0
1,1,20,15,2147766273,0,0,0,30923680000,30923772000,-1,0,0,0,0,0,0,0,0
1,1,20,15,2147766276,3000,0,0,30923773000,30925640000,-1,0,0,0,0,0,0,0,0
1,1,20,15,2147766277,3064434148,0,0,30925642000,30925645000,6,0,0,0,0,0,0,0,0
1,1,20,15,20483,0,0,0,30925646000,30925649000,-1,0,0,0,0,0,0,0,0
2,1,20,15,0,0,0,0,30925651000,30925734000,-1,0,0,0,0,0,0,0,0
1,2,20,7,1076651027,2829312,0,0,30925741000,30925920000,-1,0,0,0,41943520,0,0,1280,3064438784
1,2,20,7,25602,0,0,0,30925922000,30925925000,-1,0,0,0,0,0,0,0,0
1,2,20,7,25607,0,0,0,30925926000,30940286000,-1,0,0,0,0,0,0,0,0
0,1,20,15,2,0,15,0,30940305000,30940448000,-1,0,0,0,0,0,0,0,0
1,1,20,15,20483,0,0,0,30940451000,30940460000,-1,0,0,0,0,0,0,0,0
1,1,20,15,1088704512,3066196212,0,0,30940462000,30940468000,-1,3066200064,3065053184,0,16777440,41943520,0,1,0
1,1,20,15,2147766273,0,0,0,30940469000,30940555000,-1,0,0,0,0,0,0,0,0
1,1,20,15,2147766276,3000,0,0,30940557000,30942427000,-1,0,0,0,0,0,0,0,0
1,1,20,15,2147766277,3064434148,0,0,30942430000,30942434000,6,0,0,0,0,0,0,0,0
1,1,20,15,20483,0,0,0,30942435000,30942438000,-1,0,0,0,0,0,0,0,0
2,1,20,15,0,0,0,0,30942440000,30942528000,-1,0,0,0,0,0,0,0,0
1,2,20,7,1076651027,2829356,0,0,30942536000,30942716000,-1,0,0,0,41943520,0,0,1280,3065053184
1,2,20,7,25602,0,0,0,30942717000,30942720000,-1,0,0,0,0,0,0,0,0
1,2,20,7,25607,0,0,0,30942722000,30956762000,-1,0,0,0,0,0,0,0,0
0,1,20,15,2,0,15,0,30963339000,30963495000,-1,0,0,0,0,0,0,0,0
1,1,20,15,20483,0,0,0,30963538000,30963548000,-1,0,0,0,0,0,0,0,0
1,1,20,15,1088704512,3066196212,0,0,30963550000,30963556000,-1,3066200064,3064438784,0,16777440,41943520,0,1,0
1,1,20,15,2147766273,0,0,0,30963558000,30963655000,-1,0,0,0,0,0,0,0,0
1,1,20,15,2147766276,3000,0,0,30963657000,30965532000,-1,0,0,0,0,0,0,0,0
1,1,20,15,2147766277,3064434148,0,0,30965535000,30965538000,6,0,0,0,0,0,0,0,0
1,1,20,15,20483,0,0,0,30965539000,30965541000,-1,0,0,0,0,0,0,0,0
2,1,20,15,0,0,0,0,30965543000,30965633000,-1,0,0,0,0,0,0,0,0
1,2,20,7,1076651027,2829312,0,0,30965641000,30965821000,-1,0,0,0,41943520,0,0,1280,3064438784
1,2,20,7,25602,0,0,0,30965822000,30965826000,-1,0,0,0,0,0,0,0,0
1,2,20,7,25607,0,0,0,30965827000,30973417000,-1,0,0,0,0,0,0,0,0
0,1,20,15,2,0,15,0,30977340000,30977498000,-1,0,0,0,0,0,0,0,0
1,1,20,15,20483,0,0,0,30977503000,30977512000,-1,0,0,0,0,0,0,0,0
1,1,20,15,1088704512,3066196212,0,0,30977514000,30977521000,-1,3066200064,3065053184,0,16777440,41943520,0,1,0
1,1,20,15,2147766273,0,0,0,30977522000,30977614000,-1,0,0,0,0,0,0,0,0
1,1,20,15,2147766276,3000,0,0,30977615000,30979479000,-1,0,0,0,0,0,0,0,0
1,1,20,15,2147766277,3064434148,0,0,30979483000,30979488000,6,0,0,0,0,0,0,0,0
1,1,20,15,20483,0,0,0,30979489000,30979492000,-1,0,0,0,0,0,0,0,0
2,1,20,15,0,0,0,0,30979494000,30979590000,-1,0,0,0,0,0,0,0,0
1,2,20,7,1076651027,2829356,0,0,30979598000,30979779000,-1,0,0,0,41943520,0,0,1280,3065053184
1,2,20,7,25602,0,0,0,30979781000,30979784000,-1,0,0,0,0,0,0,0,0
1,2,20,7,25607,0,0,0,30979785000,30990079000,-1,0,0,0,0,0,0,0,0
0,1,20,15,2,0,15,0,30993369000,30993529000,-1,0,0,0,0,0,0,0,0
1,1,20,15,20483,0,0,0,30993534000,30993544000,-1,0,0,0,0,0,0,0,0
1,1,20,15,1088704512,3066196212,0,0,30993546000,30993553000,-1,3066200064,3064438784,0,16777440,41943520,0,1,0
1,1,20,15,2147766273,0,0,0,30993555000,30993646000,-1,0,0,0,0,0,0,0,0
1,1,20,15,2147766276,3000,0,0,30993648000,30995513000,-1,0,0,0,0,0,0,0,0
1,1,20,15,2147766277,3064434148,0,0,30995516000,30995520000,6,0,0,0,0,0,0,0,0
1,1,20,15,20483,0,0,0,30995521000,30995525000,-1,0,0,0,0,0,0,0,0
2,1,20,15,0,0,0,0,30995527000,30995623000,-1,0,0,0,0,0,0,0,0
1,2,20,7,1076651027,2829312,0,0,30995632000,30995811000,-1,0,0,0,41943520,0,0,1280,3064438784
1,2,20,7,25602,0,0,0,30995813000,30995816000,-1,0,0,0,0,0,0,0,0
1,2,20,7,25607,0,0,0,30995817000,31006735000,-1,0,0,0,0,0,0,0,0
0,1,20,15,2,0,15,0,31013469000,31013642000,-1,0,0,0,0,0,0,0,0
1,1,20,15,20483,0,0,0,31013648000,31013658000,-1,0,0,0,0,0,0,0,0
1,1,20,15,1088704512,3066196212,0,0,31013660000,31013667000,-1,3066200064,3065053184,0,16777440,41943520,0,1,0
1,1,20,15,2147766273,0,0,0,31013669000,31013775000,-1,0,0,0,0,0,0,0,0
1,1,20,15,2147766276,3000,0,0,31013777000,31015653000,-1,0,0,0,0,0,0,0,0
1,1,20,15,2147766277,3064434148,0,0,31015656000,31015659000,6,0,0,0,0,0,0,0,0
1,1,20,15,20483,0,0,0,31015660000,31015663000,-1,0,0,0,0,0,0,0,0
2,1,20,15,0,0,0,0,31015664000,31015754000,-1,0,0,0,0,0,0,0,0
1,2,20,7,1076651027,2829356,0,0,31015761000,31015941000,-1,0,0,0,41943520,0,0,1280,3065053184
1,2,20,7,25602,0,0,0,31015942000,31015945000,-1,0,0,0,0,0,0,0,0
1,2,20,7,25607,0,0,0,31015947000,31023393000,-1,0,0,0,0,0,0,0,0
0,1,20,15,2,0,15,0,31027422000,31027582000,-1,0,0,0,0,0,0,0,0
1,1,20,15,20483,0,0,0,31027589000,31027599000,-1,0,0,0,0,0,0,0,0
1,1,20,15,1088704512,3066196212,0,0,31027601000,31027608000,-1,3066200064,3064438784,0,16777440,41943520,0,1,0
1,1,20,15,2147766273,0,0,0,31027609000,31027706000,-1,0,0,0,0,0,0,0,0
1,1,20,15,2147766276,3000,0,0,31027757000,31029582000,-1,0,0,0,0,0,0,0,0
1,1,20,15,2147766277,3064434148,0,0,31029584000,31029587000,6,0,0,0,0,0,0,0,0
1,1,20,15,20483,0,0,0,31029588000,31029591000,-1,0,0,0,0,0,0,0,0
2,1,20,15,0,0,0,0,31029593000,31029688000,-1,0,0,0,0,0,0,0,0
1,2,20,7,1076651027,2829312,0,0,31029695000,31029875000,-1,0,0,0,41943520,0,0,1280,3064438784
1,2,20,7,25602,0,0,0,31029876000,31029880000,-1,0,0,0,0,0,0,0,0
1,2,20,7,25607,0,0,0,31029881000,31040051000,-1,0,0,0,0,0,0,0,0
0,1,20,15,2,0,15,0,31041542000,31041699000,-1,0,0,0,0,0,0,0,0
1,1,20,15,20483,0,0,0,31041706000,31041716000,-1,0,0,0,0,0,0,0,0
1,1,20,15,1088704512,3066196212,0,0,31041718000,31041724000,-1,3066200064,3065053184,0,16777440,41943520,0,1,0
1,1,20,15,2147766273,0,0,0,31041726000,31041853000,-1,0,0,0,0,0,0,0,0
1,1,20,15,2147766276,3000,0,0,31041856000,31043724000,-1,0,0,0,0,0,0,0,0
1,1,20,15,2147766277,3064434148,0,0,31043727000,31043731000,6,0,0,0,0,0,0,0,0
1,1,20,15,20483,0,0,0,31043732000,31043735000,-1,0,0,0,0,0,0,0,0
2,1,20,15,0,0,0,0,31043737000,31043832000,-1,0,0,0,0,0,0,0,0
1,2,20,7,1076651027,2829356,0,0,31043839000,31044019000,-1,0,0,0,41943520,0,0,1280,3065053184
1,2,20,7,25602,0,0,0,31044020000,31044024000,-1,0,0,0,0,0,0,0,0
1,2,20,7,25607,0,0,0,31044025000,31056709000,-1,0,0,0,0,0,0,0,0
0,1,20,15,2,0,15,0,31063386000,31063552000,-1,0,0,0,0,0,0,0,0
1,1,20,15,20483,0,0,0,31063559000,31063569000,-1,0,0,0,0,0,0,0,0
1,1,20,15,1088704512,3066196212,0,0,31063572000,31063577000,-1,3066200064,3064438784,0,16777440,41943520,0,1,0
1,1,20,15,2147766273,0,0,0,31063579000,31063672000,-1,0,0,0,0,0,0,0,0
1,1,20,15,2147766276,3000,0,0,31063674000,31065549000,-1,0,0,0,0,0,0,0,0
1,1,20,15,2147766277,3064434148,0,0,31065551000,31065554000,6,0,0,0,0,0,0,0,0
1,1,20,15,20483,0,0,0,31065555000,31065558000,-1,0,0,0,0,0,0,0,0
2,1,20,15,0,0,0,0,31065560000,31065647000,-1,0,0,0,0,0,0,0,0
1,2,20,7,1076651027,2829312,0,0,31065654000,31065858000,-1,0,0,0,41943520,0,0,1280,3064438784
1,2,20,7,25602,0,0,0,31065859000,31065864000,-1,0,0,0,0,0,0,0,0
1,2,20,7,25607,0,0,0,31065865000,31073363000,-1,0,0,0,0,0,0,0,0
0,1,20,15,2,0,15,0,31077335000,31077487000,-1,0,0,0,0,0,0,0,0
1,1,20,15,20483,0,0,0,31077493000,31077503000,-1,0,0,0,0,0,0,0,0
1,1,20,15,1088704512,3066196212,0,0,31077504000,31077510000,-1,3066200064,3065053184,0,16777440,41943520,0,1,0
1,1,20,15,2147766273,0,0,0,31077511000,31077605000,-1,0,0,0,0,0,0,0,0
1,1,20,15,2147766276,3000,0,0,31077607000,31079482000,-1,0,0,0,0,0,0,0,0
1,1,20,15,2147766277,3064434148,0,0,31079484000,31079487000,6,0,0,0,0,0,0,0,0
1,1,20,15,20483,0,0,0,31079488000,31079491000,-1,0,0,0,0,0,0,0,0
2,1,20,15,0,0,0,0,31079493000,31079581000,-1,0,0,0,0,0,0,0,0
1,2,20,7,1076651027,2829356,0,0,31079587000,31079765000,-1,0,0,0,41943520,0,0,1280,3065053184
1,2,20,7,25602,0,0,0,31079767000,31079771000,-1,0,0,0,0,0,0,0,0
1,2,20,7,25607,0,0,0,31079772000,31090041000,-1,0,0,0,0,0,0,0,0
0,1,20,15,2,0,15,0,31091233000,31091390000,-1,0,0,0,0,0,0,0,0
1,1,20,15,20483,0,0,0,31091396000,31091406000,-1,0,0,0,0,0,0,0,0
1,1,20,15,1088704512,3066196212,0,0,31091408000,31091414000,-1,3066200064,3064438784,0,16777440,41943520,0,1,0
1,1,20,15,2147766273,0,0,0,31091416000,31091505000,-1,0,0,0,0,0,0,0,0
1,1,20,15,2147766276,3000,0,0,31091507000,31093380000,-1,0,0,0,0,0,0,0,0
1,1,20,15,2147766277,3064434148,0,0,31093382000,31093385000,6,0,0,0,0,0,0,0,0
1,1,20,15,20483,0,0,0,31093422000,31093426000,-1,0,0,0,0,0,0,0,0
2,1,20,15,0,0,0,0,31093428000,31093525000,-1,0,0,0,0,0,0,0,0
1,2,20,7,1076651027,2829312,0,0,31093533000,31093712000,-1,0,0,0,41943520,0,0,1280,3064438784
1,2,20,7,25602,0,0,0,31093714000,31093718000,-1,0,0,0,0,0,0,0,0
1,2,20,7,25607,0,0,0,31093719000,31106694000,-1,0,0,0,0,0,0,0,0
0,1,20,15,2,0,15,0,31106717000,31106864000,-1,0,0,0,0,0,0,0,0
1,1,20,15,20483,0,0,0,31106868000,31106875000,-1,0,0,0,0,0,0,0,0
1,1,20,15,1088704512,3066196212,0,0,31106876000,31106883000,-1,3066200064,3065053184,0,16777440,41943520,0,1,0
1,1,20,15,2147766273,0,0,0,31106884000,31106971000,-1,0,0,0,0,0,0,0,0
1,1,20,15,2147766276,3000,0,0,31106972000,31108839000,-1,0,0,0,0,0,0,0,0
1,1,20,15,2147766277,3064434148,0,0,31108842000,31108845000,6,0,0,0,0,0,0,0,0
1,1,20,15,20483,0,0,0,31108846000,31108849000,-1,0,0,0,0,0,0,0,0
2,1,20,15,0,0,0,0,31108851000,31108933000,-1,0,0,0,0,0,0,0,0
1,2,20,7,1076651027,2829356,0,0,31108940000,31109119000,-1,0,0,0,41943520,0,0,1280,3065053184
1,2,20,7,25602,0,0,0,31109121000,31109125000,-1,0,0,0,0,0,0,0,0
1,2,20,7,25607,0,0,0,31109126000,31123334000,-1,0,0,0,0,0,0,0,0
0,1,20,15,2,0,15,0,31125215000,31125385000,-1,0,0,0,0,0,0,0,0
1,1,20,15,20483,0,0,0,31125392000,31125402000,-1,0,0,0,0,0,0,0,0
1,1,20,15,1088704512,3066196212,0,0,31125404000,31125410000,-1,3066200064,3064438784,0,16777440,41943520,0,1,0
1,1,20,15,2147766273,0,0,0,31125412000,31125511000,-1,0,0,0,0,0,0,0,0
1,1,20,15,2147766276,3000,0,0,31125512000,31127390000,-1,0,0,0,0,0,0,0,0
1,1,20,15,2147766277,3064434148,0,0,31127393000,31127397000,6,0,0,0,0,0,0,0,0
1,1,20,15,20483,0,0,0,31127398000,31127401000,-1,0,0,0,0,0,0,0,0
2,1,20,15,0,0,0,0,31127403000,31127495000,-1,0,0,0,0,0,0,0,0
1,2,20,7,1076651027,2829312,0,0,31127504000,31127683000,-1,0,0,0,41943520,0,0,1280,3064438784
1,2,20,7,25602,0,0,0,31127685000,31127689000,-1,0,0,0,0,0,0,0,0
1,2,20,7,25607,0,0,0,31127690000,31139992000,-1,0,0,0,0,0,0,0,0
0,1,20,15,2,0,15,0,31143372000,31143527000,-1,0,0,0,0,0,0,0,0
1,1,20,15,20483,0,0,0,31143532000,31143541000,-1,0,0,0,0,0,0,0,0
1,1,20,15,1088704512,3066196212,0,0,31143543000,31143549000,-1,3066200064,3065053184,0,16777440,41943520,0,1,0
1,1,20,15,2147766273,0,0,0,31143551000,31143641000,-1,0,0,0,0,0,0,0,0
1,1,20,15,2147766276,3000,0,0,31143643000,31145522000,-1,0,0,0,0,0,0,0,0
1,1,20,15,2147766277,3064434148,0,0,31145526000,31145529000,6,0,0,0,0,0,0,0,0
1,1,20,15,20483,0,0,0,31145531000,31145534000,-1,0,0,0,0,0,0,0,0
2,1,20,15,0,0,0,0,31145536000,31145627000,-1,0,0,0,0,0,0,0,0
1,2,20,7,1076651027,2829356,0,0,31145636000,31145842000,-1,0,0,0,41943520,0,0,1280,3065053184
1,2,20,7,25602,0,0,0,31145843000,31145847000,-1,0,0,0,0,0,0,0,0
1,2,20,7,25607,0,0,0,31145849000,31156648000,-1,0,0,0,0,0,0,0,0
0,1,20,15,2,0,15,0,31163416000,31163572000,-1,0,0,0,0,0,0,0,0
1,1,20,15,20483,0,0,0,31163578000,31163588000,-1,0,0,0,0,0,0,0,0
1,1,20,15,1088704512,3066196212,0,0,31163591000,31163597000,-1,3066200064,3064438784,0,16777440,41943520,0,1,0
1,1,20,15,2147766273,0,0,0,31163598000,31163691000,-1,0,0,0,0,0,0,0,0
1,1,20,15,2147766276,3000,0,0,31163693000,31165569000,-1,0,0,0,0,0,0,0,0
1,1,20,15,2147766277,3064434148,0,0,31165572000,31165575000,6,0,0,0,0,0,0,0,0
1,1,20,15,20483,0,0,0,31165577000,31165579000,-1,0,0,0,0,0,0,0,0
2,1,20,15,0,0,0,0,31165581000,31165670000,-1,0,0,0,0,0,0,0,0
1,2,20,7,1076651027,2829312,0,0,31165678000,31165857000,-1,0,0,0,41943520,0,0,1280,3064438784
1,2,20,7,25602,0,0,0,31165895000,31165900000,-1,0,0,0,0,0,0,0,0
1,2,20,7,25607,0,0,0,31165902000,31173308000,-1,0,0,0,0,0,0,0,0
0,1,20,15,2,0,15,0,31177394000,31177554000,-1,0,0,0,0,0,0,0,0
1,1,20,15,20483,0,0,0,31177559000,31177570000,-1,0,0,0,0,0,0,0,0
1,1,20,15,1088704512,3066196212,0,0,31177572000,31177579000,-1,3066200064,3065053184,0,16777440,41943520,0,1,0
1,1,20,15,2147766273,0,0,0,31177580000,31177675000,-1,0,0,0,0,0,0,0,0
1,1,20,15,2147766276,3000,0,0,31177677000,31179546000,-1,0,0,0,0,0,0,0,0
1,1,20,15,2147766277,3064434148,0,0,31179550000,31179553000,6,0,0,0,0,0,0,0,0
1,1,20,15,20483,0,0,0,31179554000,31179558000,-1,0,0,0,0,0,0,0,0
2,1,20,15,0,0,0,0,31179560000,31179658000,-1,0,0,0,0,0,0,0,0
1,2,20,7,1076651027,2829356,0,0,31179665000,31179845000,-1,0,0,0,41943520,0,0,1280,3065053184
1,2,20,7,25602,0,0,0,31179846000,31179850000,-1,0,0,0,0,0,0,0,0
1,2,20,7,25607,0,0,0,31179851000,31189964000,-1,0,0,0,0,0,0,0,0
0,1,20,15,2,0,15,0,31193431000,31193593000,-1,0,0,0,0,0,0,0,0
1,1,20,15,20483,0,0,0,31193598000,31193608000,-1,0,0,0,0,0,0,0,0
1,1,20,15,1088704512,3066196212,0,0,31193610000,31193617000,-1,3066200064,3064438784,0,16777440,41943520,0,1,0
1,1,20,15,2147766273,0,0,0,31193618000,31193719000,-1,0,0,0,0,0,0,0,0
1,1,20,15,2147766276,3000,0,0,31193721000,31195588000,-1,0,0,0,0,0,0,0,0
1,1,20,15,2147766277,3064434148,0,0,31195591000,31195594000,6,0,0,0,0,0,0,0,0
1,1,20,15,20483,0,0,0,31195595000,31195599000,-1,0,0,0,0,0,0,0,0
2,1,20,15,0,0,0,0,31195600000,31195694000,-1,0,0,0,0,0,0,0,0
1,2,20,7,1076651027,2829312,0,0,31195703000,31195881000,-1,0,0,0,41943520,0,0,1280,3064438784
1,2,20,7,25602,0,0,0,31195882000,31195886000,-1,0,0,0,0,0,0,0,0
1,2,20,7,25607,0,0,0,31195887000,31206620000,-1,0,0,0,0,0,0,0,0
0,1,20,15,2,0,15,0,31213394000,31213553000,-1,0,0,0,0,0,0,0,0
1,1,20,15,20483,0,0,0,31213559000,31213571000,-1,0,0,0,0,0,0,0,0
1,1,20,15,1088704512,3066196212,0,0,31213572000,31213579000,-1,3066200064,3065053184,0,16777440,41943520,0,1,0
1,1,20,15,2147766273,0,0,0,31213581000,31213676000,-1,0,0,0,0,0,0,0,0
1,1,20,15,2147766276,3000,0,0,31213677000,31215551000,-1,0,0,0,0,0,0,0,0
1,1,20,15,2147766277,3064434148,0,0,31215553000,31215557000,6,0,0,0,0,0,0,0,0
1,1,20,15,20483,0,0,0,31215558000,31215561000,-1,0,0,0,0,0,0,0,0
2,1,20,15,0,0,0,0,31215563000,31215649000,-1,0,0,0,0,0,0,0,0
1,2,20,7,1076651027,2829356,0,0,31215656000,31215835000,-1,0,0,0,41943520,0,0,1280,3065053184
1,2,20,7,25602,0,0,0,31215836000,31215840000,-1,0,0,0,0,0,0,0,0
1,2,20,7,25607,0,0,0,31215841000,31223277000,-1,0,0,0,0,0,0,0,0
0,1,20,15,2,0,15,0,31227360000,31227521000,-1,0,0,0,0,0,0,0,0
1,1,20,15,20483,0,0,0,31227527000,31227536000,-1,0,0,0,0,0,0,0,0
1,1,20,15,1088704512,3066196212,0,0,31227539000,31227545000,-1,3066200064,3064438784,0,16777440,41943520,0,1,0
1,1,20,15,2147766273,0,0,0,31227547000,31227643000,-1,0,0,0,0,0,0,0,0
1,1,20,15,2147766276,3000,0,0,31227645000,31229517000,-1,0,0,0,0,0,0,0,0
1,1,20,15,2147766277,3064434148,0,0,31229519000,31229523000,6,0,0,0,0,0,0,0,0
1,1,20,15,20483,0,0,0,31229524000,31229527000,-1,0,0,0,0,0,0,0,0
2,1,20,15,0,0,0,0,31229528000,31229615000,-1,0,0,0,0,0,0,0,0
1,2,20,7,1076651027,2829312,0,0,31229622000,31229801000,-1,0,0,0,41943520,0,0,1280,3064438784
1,2,20,7,25602,0,0,0,31229802000,31229806000,-1,0,0,0,0,0,0,0,0
1,2,20,7,25607,0,0,0,31229807000,31239931000,-1,0,0,0,0,0,0,0,0
0,1,20,15,2,0,15,0,31241356000,31241515000,-1,0,0,0,0,0,0,0,0
1,1,20,15,20483,0,0,0,31241520000,31241529000,-1,0,0,0,0,0,0,0,0
1,1,20,15,1088704512,3066196212,0,0,31241532000,31241538000,-1,3066200064,3065053184,0,16777440,41943520,0,1,0
1,1,20,15,2147766273,0,0,0,31241540000,31241633000,-1,0,0,0,0,0,0,0,0
1,1,20,15,2147766276,3000,0,0,31241634000,31243499000,-1,0,0,0,0,0,0,0,0
1,1,20,15,2147766277,3064434148,0,0,31243502000,31243506000,6,0,0,0,0,0,0,0,0
1,1,20,15,20483,0,0,0,31243507000,31243510000,-1,0,0,0,0,0,0,0,0
2,1,20,15,0,0,0,0,31243512000,31243611000,-1,0,0,0,0,0,0,0,0
1,2,20,7,1076651027,2829356,0,0,31243620000,31243801000,-1,0,0,0,41943520,0,0,1280,3065053184
1,2,20,7,25602,0,0,0,31243802000,31243805000,-1,0,0,0,0,0,0,0,0
1,2,20,7,25607,0,0,0,31243807000,31256596000,-1,0,0,0,0,0,0,0,0
0,1,20,15,2,0,15,0,31263347000,31263508000,-1,0,0,0,0,0,0,0,0
1,1,20,15,20483,0,0,0,31263513000,31263523000,-1,0,0,0,0,0,0,0,0
1,1,20,15,1088704512,3066196212,0,0,31263525000,31263532000,-1,3066200064,3064438784,0,16777440,41943520,0,1,0
1,1,20,15,2147766273,0,0,0,31263534000,31263630000,-1,0,0,0,0,0,0,0,0
1,1,20,15,2147766276,3000,0,0,31263632000,31265506000,-1,0,0,0,0,0,0,0,0
1,1,20,15,2147766277,3064434148,0,0,31265510000,31265513000,6,0,0,0,0,0,0,0,0
1,1,20,15,20483,0,0,0,31265515000,31265517000,-1,0,0,0,0,0,0,0,0
2,1,20,15,0,0,0,0,31265519000,31265603000,-1,0,0,0,0,0,0,0,0
1,2,20,7,1076651027,2829312,0,0,31265612000,31265818000,-1,0,0,0,41943520,0,0,1280,3064438784
1,2,20,7,25602,0,0,0,31265820000,31265824000,-1,0,0,0,0,0,0,0,0
1,2,20,7,25607,0,0,0,31265826000,31273244000,-1,0,0,0,0,0,0,0,0
0,1,20,15,2,0,15,0,31277356000,31277510000,-1,0,0,0,0,0,0,0,0
1,1,20,15,20483,0,0,0,31277515000,31277524000,-1,0,0,0,0,0,0,0,0
1,1,20,15,1088704512,3066196212,0,0,31277526000,31277533000,-1,3066200064,3065053184,0,16777440,41943520,0,1,0
1,1,20,15,2147766273,0,0,0,31277534000,31277626000,-1,0,0,0,0,0,0,0,0
1,1,20,15,2147766276,3000,0,0,31277628000,31279504000,-1,0,0,0,0,0,0,0,0
1,1,20,15,2147766277,3064434148,0,0,31279507000,31279510000,6,0,0,0,0,0,0,0,0
1,1,20,15,20483,0,0,0,31279511000,31279514000,-1,0,0,0,0,0,0,0,0
2,1,20,15,0,0,0,0,31279516000,31279609000,-1,0,0,0,0,0,0,0,0
1,2,20,7,1076651027,2829356,0,0,31279617000,31279796000,-1,0,0,0,41943520,0,0,1280,3065053184
1,2,20,7,25602,0,0,0,31279798000,31279802000,-1,0,0,0,0,0,0,0,0
1,2,20,7,25607,0,0,0,31279803000,31289906000,-1,0,0,0,0,0,0,0,0
0,1,20,15,2,0,15,0,31293375000,31293537000,-1,0,0,0,0,0,0,0,0
1,1,20,15,20483,0,0,0,31293542000,31293551000,-1,0,0,0,0,0,0,0,0
1,1,20,15,1088704512,3066196212,0,0,31293554000,31293560000,-1,3066200064,3064438784,0,16777440,41943520,0,1,0
1,1,20,15,2147766273,0,0,0,31293562000,31293658000,-1,0,0,0,0,0,0,0,0
1,1,20,15,2147766276,3000,0,0,31293660000,31295535000,-1,0,0,0,0,0,0,0,0
1,1,20,15,2147766277,3064434148,0,0,31295537000,31295541000,6,0,0,0,0,0,0,0,0
1,1,20,15,20483,0,0,0,31295542000,31295545000,-1,0,0,0,0,0,0,0,0
2,1,20,15,0,0,0,0,31295548000,31295632000,-1,0,0,0,0,0,0,0,0
1,2,20,7,1076651027,2829312,0,0,31295639000,31295819000,-1,0,0,0,41943520,0,0,1280,3064438784
1,2,20,7,25602,0,0,0,31295820000,31295824000,-1,0,0,0,0,0,0,0,0
1,2,20,7,25607,0,0,0,31295825000,31306618000,-1,0,0,0,0,0,0,0,0
0,1,20,15,2,0,15,0,31307319000,31307463000,-1,0,0,0,0,0,0,0,0
1,1,20,15,20483,0,0,0,31307469000,31307478000,-1,0,0,0,0,0,0,0,0
1,1,20,15,1088704512,3066196212,0,0,31307480000,31307486000,-1,3066200064,3065053184,0,16777440,41943520,0,1,0
1,1,20,15,2147766273,0,0,0,31307524000,31307618000,-1,0,0,0,0,0,0,0,0
1,1,20,15,2147766276,3000,0,0,31307620000,31309502000,-1,0,0,0,0,0,0,0,0
1,1,20,15,2147766277,3064434148,0,0,31309505000,31309508000,6,0,0,0,0,0,0,0,0
1,1,20,15,20483,0,0,0,31309509000,31309512000,-1,0,0,0,0,0,0,0,0
2,1,20,15,0,0,0,0,31309515000,31309607000,-1,0,0,0,0,0,0,0,0
1,2,20,7,1076651027,2829356,0,0,31309615000,31309795000,-1,0,0,0,41943520,0,0,1280,3065053184
1,2,20,7,25602,0,0,0,31309796000,31309800000,-1,0,0,0,0,0,0,0,0
1,2,20,7,25607,0,0,0,31309801000,31323222000,-1,0,0,0,0,0,0,0,0
0,1,20,15,2,0,15,0,31335101000,31335266000,-1,0,0,0,0,0,0,0,0
1,1,20,15,20483,0,0,0,31335271000,31335281000,-1,0,0,0,0,0,0,0,0
1,1,20,15,1088704512,3066196212,0,0,31335283000,31335290000,-1,3066200064,3064438784,0,16777440,41943520,0,1,0
1,1,20,15,2147766273,0,0,0,31335292000,31335391000,-1,0,0,0,0,0,0,0,0
1,1,20,15,2147766276,3000,0,0,31335393000,31337267000,-1,0,0,0,0,0,0,0,0
1,1,20,15,2147766277,3064434148,0,0,31337269000,31337272000,6,0,0,0,0,0,0,0,0
1,1,20,15,20483,0,0,0,31337273000,31337275000,-1,0,0,0,0,0,0,0,0
2,1,20,15,0,0,0,0,31337277000,31337366000,-1,0,0,0,0,0,0,0,0
1,2,20,7,1076651027,2829312,0,0,31337373000,31337554000,-1,0,0,0,41943520,0,0,1280,3064438784
1,2,20,7,25602,0,0,0,31337555000,31337559000,-1,0,0,0,0,0,0,0,0
1,2,20,7,25607,0,0,0,31337560000,31339873000,-1,0,0,0,0,0,0,0,0
0,1,20,15,2,0,15,0,31349037000,31349201000,-1,0,0,0,0,0,0,0,0
1,1,20,15,20483,0,0,0,31349207000,31349217000,-1,0,0,0,0,0,0,0,0
1,1,20,15,1088704512,3066196212,0,0,31349220000,31349226000,-1,3066200064,3065053184,0,16777440,41943520,0,1,0
1,1,20,15,2147766273,0,0,0,31349227000,31349327000,-1,0,0,0,0,0,0,0,0
1,1,20,15,2147766276,3000,0,0,31349329000,31351198000,-1,0,0,0,0,0,0,0,0
1,1,20,15,2147766277,3064434148,0,0,31351201000,31351206000,6,0,0,0,0,0,0,0,0
1,1,20,15,20483,0,0,0,31351207000,31351209000,-1,0,0,0,0,0,0,0,0
2,1,20,15,0,0,0,0,31351211000,31351304000,-1,0,0,0,0,0,0,0,0
1,2,20,7,1076651027,2829356,0,0,31351312000,31351491000,-1,0,0,0,41943520,0,0,1280,3065053184
1,2,20,7,25602,0,0,0,31351493000,31351496000,-1,0,0,0,0,0,0,0,0
1,2,20,7,25607,0,0,0,31351497000,31356529000,-1,0,0,0,0,0,0,0,0
0,1,20,15,2,0,15,0,31363020000,31363177000,-1,0,0,0,0,0,0,0,0
1,1,20,15,20483,0,0,0,31363183000,31363192000,-1,0,0,0,0,0,0,0,0
1,1,20,15,1088704512,3066196212,0,0,31363194000,31363201000,-1,3066200064,3064438784,0,16777440,41943520,0,1,0
1,1,20,15,2147766273,0,0,0,31363202000,31363298000,-1,0,0,0,0,0,0,0,0
1,1,20,15,2147766276,3000,0,0,31363300000,31365171000,-1,0,0,0,0,0,0,0,0
1,1,20,15,2147766277,3064434148,0,0,31365173000,31365176000,6,0,0,0,0,0,0,0,0
1,1,20,15,20483,0,0,0,31365177000,31365180000,-1,0,0,0,0,0,0,0,0
2,1,20,15,0,0,0,0,31365182000,31365268000,-1,0,0,0,0,0,0,0,0
1,2,20,7,1076651027,2829312,0,0,31365275000,31365454000,-1,0,0,0,41943520,0,0,1280,3064438784
1,2,20,7,25602,0,0,0,31365455000,31365459000,-1,0,0,0,0,0,0,0,0
1,2,20,7,25607,0,0,0,31365460000,31373191000,-1,0,0,0,0,0,0,0,0
0,1,20,15,2,0,15,0,31376951000,31377109000,-1,0,0,0,0,0,0,0,0
1,1,20,15,20483,0,0,0,31377114000,31377124000,-1,0,0,0,0,0,0,0,0
1,1,20,15,1088704512,3066196212,0,0,31377126000,31377133000,-1,3066200064,3065053184,0,16777440,41943520,0,1,0
1,1,20,15,2147766273,0,0,0,31377135000,31377228000,-1,0,0,0,0,0,0,0,0
1,1,20,15,2147766276,3000,0,0,31377230000,31379096000,-1,0,0,0,0,0,0,0,0
1,1,20,15,2147766277,3064434148,0,0,31379100000,31379103000,6,0,0,0,0,0,0,0,0
1,1,20,15,20483,0,0,0,31379138000,31379142000,-1,0,0,0,0,0,0,0,0
2,1,20,15,0,0,0,0,31379144000,31379244000,-1,0,0,0,0,0,0,0,0
1,2,20,7,1076651027,2829356,0,0,31379254000,31379435000,-1,0,0,0,41943520,0,0,1280,3065053184
1,2,20,7,25602,0,0,0,31379436000,31379440000,-1,0,0,0,0,0,0,0,0
1,2,20,7,25607,0,0,0,31379441000,31389848000,-1,0,0,0,0,0,0,0,0
0,1,20,15,2,0,15,0,31393433000,31393600000,-1,0,0,0,0,0,0,0,0
1,1,20,15,20483,0,0,0,31393605000,31393616000,-1,0,0,0,0,0,0,0,0
1,1,20,15,1088704512,3066196212,0,0,31393619000,31393626000,-1,3066200064,3064438784,0,16777440,41943520,0,1,0
1,1,20,15,2147766273,0,0,0,31393628000,31393733000,-1,0,0,0,0,0,0,0,0
1,1,20,15,2147766276,3000,0,0,31393735000,31395605000,-1,0,0,0,0,0,0,0,0
1,1,20,15,2147766277,3064434148,0,0,31395608000,31395611000,6,0,0,0,0,0,0,0,0
1,1,20,15,20483,0,0,0,31395612000,31395616000,-1,0,0,0,0,0,0,0,0
2,1,20,15,0,0,0,0,31395618000,31395714000,-1,0,0,0,0,0,0,0,0
1,2,20,7,1076651027,2829312,0,0,31395722000,31395902000,-1,0,0,0,41943520,0,0,1280,3064438784
1,2,20,7,25602,0,0,0,31395904000,31395908000,-1,0,0,0,0,0,0,0,0
1,2,20,7,25607,0,0,0,31395909000,31406505000,-1,0,0,0,0,0,0,0,0
0,1,20,15,2,0,15,0,31413351000,31413513000,-1,0,0,0,0,0,0,0,0
1,1,20,15,20483,0,0,0,31413518000,31413528000,-1,0,0,0,0,0,0,0,0
1,1,20,15,1088704512,3066196212,0,0,31413530000,31413536000,-1,3066200064,3065053184,0,16777440,41943520,0,1,0
1,1,20,15,2147766273,0,0,0,31413538000,31413638000,-1,0,0,0,0,0,0,0,0
1,1,20,15,2147766276,3000,0,0,31413640000,31415513000,-1,0,0,0,0,0,0,0,0
1,1,20,15,2147766277,3064434148,0,0,31415516000,31415520000,6,0,0,0,0,0,0,0,0
1,1,20,15,20483,0,0,0,31415521000,31415523000,-1,0,0,0,0,0,0,0,0
2,1,20,15,0,0,0,0,31415525000,31415612000,-1,0,0,0,0,0,0,0,0
1,2,20,7,1076651027,2829356,0,0,31415620000,31415800000,-1,0,0,0,41943520,0,0,1280,3065053184
1,2,20,7,25602,0,0,0,31415801000,31415805000,-1,0,0,0,0,0,0,0,0
1,2,20,7,25607,0,0,0,31415806000,31423160000,-1,0,0,0,0,0,0,0,0
0,1,20,15,2,0,15,0,31427324000,31427481000,-1,0,0,0,0,0,0,0,0
1,1,20,15,20483,0,0,0,31427488000,31427496000,-1,0,0,0,0,0,0,0,0
1,1,20,15,1088704512,3066196212,0,0,31427498000,31427504000,-1,3066200064,3064438784,0,16777440,41943520,0,1,0
1,1,20,15,2147766273,0,0,0,31427506000,31427601000,-1,0,0,0,0,0,0,0,0
1,1,20,15,2147766276,3000,0,0,31427603000,31429476000,-1,0,0,0,0,0,0,0,0
1,1,20,15,2147766277,3064434148,0,0,31429479000,31429482000,6,0,0,0,0,0,0,0,0
1,1,20,15,20483,0,0,0,31429483000,31429486000,-1,0,0,0,0,0,0,0,0
2,1,20,15,0,0,0,0,31429487000,31429573000,-1,0,0,0,0,0,0,0,0
1,2,20,7,1076651027,2829312,0,0,31429581000,31429761000,-1,0,0,0,41943520,0,0,1280,3064438784
1,2,20,7,25602,0,0,0,31429762000,31429766000,-1,0,0,0,0,0,0,0,0
1,2,20,7,25607,0,0,0,31429767000,31439818000,-1,0,0,0,0,0,0,0,0
0,1,20,15,2,0,15,0,31441278000,31441441000,-1,0,0,0,0,0,0,0,0
1,1,20,15,20483,0,0,0,31441448000,31441459000,-1,0,0,0,0,0,0,0,0
1,1,20,15,1088704512,3066196212,0,0,31441461000,31441467000,-1,3066200064,3065053184,0,16777440,41943520,0,1,0
1,1,20,15,2147766273,0,0,0,31441469000,31441569000,-1,0,0,0,0,0,0,0,0
1,1,20,15,2147766276,3000,0,0,31441570000,31443435000,-1,0,0,0,0,0,0,0,0
1,1,20,15,2147766277,3064434148,0,0,31443438000,31443442000,6,0,0,0,0,0,0,0,0
1,1,20,15,20483,0,0,0,31443443000,31443446000,-1,0,0,0,0,0,0,0,0
2,1,20,15,0,0,0,0,31443448000,31443546000,-1,0,0,0,0,0,0,0,0
1,2,20,7,1076651027,2829356,0,0,31443592000,31443771000,-1,0,0,0,41943520,0,0,1280,3065053184
1,2,20,7,25602,0,0,0,31443773000,31443777000,-1,0,0,0,0,0,0,0,0
1,2,20,7,25607,0,0,0,31443779000,31456476000,-1,0,0,0,0,0,0,0,0
0,1,20,15,2,0,15,0,31463425000,31463582000,-1,0,0,0,0,0,0,0,0
1,1,20,15,20483,0,0,0,31463587000,31463598000,-1,0,0,0,0,0,0,0,0
1,1,20,15,1088704512,3066196212,0,0,31463599000,31463606000,-1,3066200064,3064438784,0,16777440,41943520,0,1,0
1,1,20,15,2147766273,0,0,0,31463608000,31463697000,-1,0,0,0,0,0,0,0,0
1,1,20,15,2147766276,3000,0,0,31463698000,31465573000,-1,0,0,0,0,0,0,0,0
1,1,20,15,2147766277,3064434148,0,0,31465576000,31465579000,6,0,0,0,0,0,0,0,0
1,1,20,15,20483,0,0,0,31465580000,31465583000,-1,0,0,0,0,0,0,0,0
2,1,20,15,0,0,0,0,31465584000,31465670000,-1,0,0,0,0,0,0,0,0
1,2,20,7,1076651027,2829312,0,0,31465677000,31465880000,-1,0,0,0,41943520,0,0,1280,3064438784
1,2,20,7,25602,0,0,0,31465882000,31465886000,-1,0,0,0,0,0,0,0,0
1,2,20,7,25607,0,0,0,31465887000,31473133000,-1,0,0,0,0,0,0,0,0
0,1,20,15,2,0,15,0,31477365000,31477529000,-1,0,0,0,0,0,0,0,0
1,1,20,15,20483,0,0,0,31477536000,31477547000,-1,0,0,0,0,0,0,0,0
1,1,20,15,1088704512,3066196212,0,0,31477549000,31477555000,-1,3066200064,3065053184,0,16777440,41943520,0,1,0
1,1,20,15,2147766273,0,0,0,31477557000,31477656000,-1,0,0,0,0,0,0,0,0
1,1,20,15,2147766276,3000,0,0,31477658000,31479532000,-1,0,0,0,0,0,0,0,0
1,1,20,15,2147766277,3064434148,0,0,31479534000,31479537000,6,0,0,0,0,0,0,0,0
1,1,20,15,20483,0,0,0,31479539000,31479541000,-1,0,0,0,0,0,0,0,0
2,1,20,15,0,0,0,0,31479543000,31479633000,-1,0,0,0,0,0,0,0,0
1,2,20,7,1076651027,2829356,0,0,31479641000,31479820000,-1,0,0,0,41943520,0,0,1280,3065053184
1,2,20,7,25602,0,0,0,31479822000,31479825000,-1,0,0,0,0,0,0,0,0
1,2,20,7,25607,0,0,0,31479827000,31489786000,-1,0,0,0,0,0,0,0,0
0,1,20,15,2,0,15,0,31491327000,31491484000,-1,0,0,0,0,0,0,0,0
1,1,20,15,20483,0,0,0,31491490000,31491499000,-1,0,0,0,0,0,0,0,0
1,1,20,15,1088704512,3066196212,0,0,31491502000,31491508000,-1,3066200064,3064438784,0,16777440,41943520,0,1,0
1,1,20,15,2147766273,0,0,0,31491509000,31491607000,-1,0,0,0,0,0,0,0,0
1,1,20,15,2147766276,3000,0,0,31491609000,31493482000,-1,0,0,0,0,0,0,0,0
1,1,20,15,2147766277,3064434148,0,0,31493485000,31493488000,6,0,0,0,0,0,0,0,0
1,1,20,15,20483,0,0,0,31493489000,31493492000,-1,0,0,0,0,0,0,0,0
2,1,20,15,0,0,0,0,31493494000,31493581000,-1,0,0,0,0,0,0,0,0
1,2,20,7,1076651027,2829312,0,0,31493588000,31493767000,-1,0,0,0,41943520,0,0,1280,3064438784
1,2,20,7,25602,0,0,0,31493768000,31493772000,-1,0,0,0,0,0,0,0,0
1,2,20,7,25607,0,0,0,31493773000,31506462000,-1,0,0,0,0,0,0,0,0
0,1,20,15,2,0,15,0,31506486000,31506635000,-1,0,0,0,0,0,0,0,0
1,1,20,15,20483,0,0,0,31506639000,31506646000,-1,0,0,0,0,0,0,0,0
1,1,20,15,1088704512,3066196212,0,0,31506648000,31506654000,-1,3066200064,3065053184,0,16777440,41943520,0,1,0
1,1,20,15,2147766273,0,0,0,31506656000,31506745000,-1,0,0,0,0,0,0,0,0
1,1,20,15,2147766276,3000,0,0,31506747000,31508622000,-1,0,0,0,0,0,0,0,0
1,1,20,15,2147766277,3064434148,0,0,31508625000,31508628000,6,0,0,0,0,0,0,0,0
1,1,20,15,20483,0,0,0,31508629000,31508632000,-1,0,0,0,0,0,0,0,0
2,1,20,15,0,0,0,0,31508634000,31508719000,-1,0,0,0,0,0,0,0,0
1,2,20,7,1076651027,2829356,0,0,31508727000,31508905000,-1,0,0,0,41943520,0,0,1280,3065053184
1,2,20,7,25602,0,0,0,31508906000,31508909000,-1,0,0,0,0,0,0,0,0
1,2,20,7,25607,0,0,0,31508910000,31523104000,-1,0,0,0,0,0,0,0,0
0,1,20,15,2,0,15,0,31535041000,31535212000,-1,0,0,0,0,0,0,0,0
1,1,20,15,20483,0,0,0,31535218000,31535229000,-1,0,0,0,0,0,0,0,0
1,1,20,15,1088704512,3066196212,0,0,31535231000,31535237000,-1,3066200064,3064438784,0,16777440,41943520,0,1,0
1,1,20,15,2147766273,0,0,0,31535239000,31535339000,-1,0,0,0,0,0,0,0,0
1,1,20,15,2147766276,3000,0,0,31535340000,31537217000,-1,0,0,0,0,0,0,0,0
1,1,20,15,2147766277,3064434148,0,0,31537219000,31537222000,6,0,0,0,0,0,0,0,0
1,1,20,15,20483,0,0,0,31537223000,31537226000,-1,0,0,0,0,0,0,0,0
2,1,20,15,0,0,0,0,31537228000,31537316000,-1,0,0,0,0,0,0,0,0
1,2,20,7,1076651027,2829312,0,0,31537323000,31537503000,-1,0,0,0,41943520,0,0,1280,3064438784
1,2,20,7,25602,0,0,0,31537504000,31537508000,-1,0,0,0,0,0,0,0,0
1,2,20,7,25607,0,0,0,31537509000,31539757000,-1,0,0,0,0,0,0,0,0
0,1,20,15,2,0,15,0,31549089000,31549249000,-1,0,0,0,0,0,0,0,0
1,1,20,15,20483,0,0,0,31549254000,31549265000,-1,0,0,0,0,0,0,0,0
1,1,20,15,1088704512,3066196212,0,0,31549267000,31549274000,-1,3066200064,3065053184,0,16777440,41943520,0,1,0
1,1,20,15,2147766273,0,0,0,31549275000,31549374000,-1,0,0,0,0,0,0,0,0
1,1,20,15,2147766276,3000,0,0,31549376000,31551244000,-1,0,0,0,0,0,0,0,0
1,1,20,15,2147766277,3064434148,0,0,31551247000,31551251000,6,0,0,0,0,0,0,0,0
1,1,20,15,20483,0,0,0,31551253000,31551255000,-1,0,0,0,0,0,0,0,0
2,1,20,15,0,0,0,0,31551257000,31551356000,-1,0,0,0,0,0,0,0,0
1,2,20,7,1076651027,2829356,0,0,31551363000,31551543000,-1,0,0,0,41943520,0,0,1280,3065053184
1,2,20,7,25602,0,0,0,31551545000,31551548000,-1,0,0,0,0,0,0,0,0
1,2,20,7,25607,0,0,0,31551550000,31556414000,-1,0,0,0,0,0,0,0,0
0,1,20,15,2,0,15,0,31563113000,31563274000,-1,0,0,0,0,0,0,0,0
1,1,20,15,20483,0,0,0,31563280000,31563290000,-1,0,0,0,0,0,0,0,0
1,1,20,15,1088704512,3066196212,0,0,31563293000,31563299000,-1,3066200064,3064438784,0,16777440,41943520,0,1,0
1,1,20,15,2147766273,0,0,0,31563300000,31563400000,-1,0,0,0,0,0,0,0,0
1,1,20,15,2147766276,3000,0,0,31563401000,31565277000,-1,0,0,0,0,0,0,0,0
1,1,20,15,2147766277,3064434148,0,0,31565280000,31565283000,6,0,0,0,0,0,0,0,0
1,1,20,15,20483,0,0,0,31565284000,31565287000,-1,0,0,0,0,0,0,0,0
2,1,20,15,0,0,0,0,31565289000,31565378000,-1,0,0,0,0,0,0,0,0
1,2,20,7,1076651027,2829312,0,0,31565385000,31565563000,-1,0,0,0,41943520,0,0,1280,3064438784
1,2,20,7,25602,0,0,0,31565565000,31565568000,-1,0,0,0,0,0,0,0,0
1,2,20,7,25607,0,0,0,31565569000,31573072000,-1,0,0,0,0,0,0,0,0
0,1,20,15,2,0,15,0,31577107000,31577264000,-1,0,0,0,0,0,0,0,0
1,1,20,15,20483,0,0,0,31577270000,31577281000,-1,0,0,0,0,0,0,0,0
1,1,20,15,1088704512,3066196212,0,0,31577283000,31577289000,-1,3066200064,3065053184,0,16777440,41943520,0,1,0
1,1,20,15,2147766273,0,0,0,31577291000,31577387000,-1,0,0,0,0,0,0,0,0
1,1,20,15,2147766276,3000,0,0,31577389000,31579252000,-1,0,0,0,0,0,0,0,0
1,1,20,15,2147766277,3064434148,0,0,31579255000,31579259000,6,0,0,0,0,0,0,0,0
1,1,20,15,20483,0,0,0,31579260000,31579263000,-1,0,0,0,0,0,0,0,0
2,1,20,15,0,0,0,0,31579265000,31579361000,-1,0,0,0,0,0,0,0,0
1,2,20,7,1076651027,2829356,0,0,31579369000,31579551000,-1,0,0,0,41943520,0,0,1280,3065053184
1,2,20,7,25602,0,0,0,31579553000,31579556000,-1,0,0,0,0,0,0,0,0
1,2,20,7,25607,0,0,0,31579558000,31589733000,-1,0,0,0,0,0,0,0,0
0,1,20,15,2,0,15,0,31593378000,31593536000,-1,0,0,0,0,0,0,0,0
1,1,20,15,20483,0,0,0,31593542000,31593553000,-1,0,0,0,0,0,0,0,0
1,1,20,15,1088704512,3066196212,0,0,31593595000,31593602000,-1,3066200064,3064438784,0,16777440,41943520,0,1,0
1,1,20,15,2147766273,0,0,0,31593604000,31593700000,-1,0,0,0,0,0,0,0,0
1,1,20,15,2147766276,3000,0,0,31593702000,31595568000,-1,0,0,0,0,0,0,0,0
1,1,20,15,2147766277,3064434148,0,0,31595572000,31595575000,6,0,0,0,0,0,0,0,0
1,1,20,15,20483,0,0,0,31595576000,31595580000,-1,0,0,0,0,0,0,0,0
2,1,20,15,0,0,0,0,31595582000,31595676000,-1,0,0,0,0,0,0,0,0
1,2,20,7,1076651027,2829312,0,0,31595686000,31595866000,-1,0,0,0,41943520,0,0,1280,3064438784
1,2,20,7,25602,0,0,0,31595867000,31595870000,-1,0,0,0,0,0,0,0,0
1,2,20,7,25607,0,0,0,31595872000,31606387000,-1,0,0,0,0,0,0,0,0
0,1,20,15,2,0,15,0,31613424000,31613580000,-1,0,0,0,0,0,0,0,0
1,1,20,15,20483,0,0,0,31613585000,31613594000,-1,0,0,0,0,0,0,0,0
1,1,20,15,1088704512,3066196212,0,0,31613596000,31613602000,-1,3066200064,3065053184,0,16777440,41943520,0,1,0
1,1,20,15,2147766273,0,0,0,31613604000,31613693000,-1,0,0,0,0,0,0,0,0
1,1,20,15,2147766276,3000,0,0,31613695000,31615566000,-1,0,0,0,0,0,0,0,0
1,1,20,15,2147766277,3064434148,0,0,31615569000,31615572000,6,0,0,0,0,0,0,0,0
1,1,20,15,20483,0,0,0,31615573000,31615576000,-1,0,0,0,0,0,0,0,0
2,1,20,15,0,0,0,0,31615578000,31615664000,-1,0,0,0,0,0,0,0,0
1,2,20,7,1076651027,2829356,0,0,31615670000,31615851000,-1,0,0,0,41943520,0,0,1280,3065053184
1,2,20,7,25602,0,0,0,31615852000,31615855000,-1,0,0,0,0,0,0,0,0
1,2,20,7,25607,0,0,0,31615856000,31623048000,-1,0,0,0,0,0,0,0,0
0,1,20,15,2,0,15,0,31627317000,31627479000,-1,0,0,0,0,0,0,0,0
1,1,20,15,20483,0,0,0,31627484000,31627495000,-1,0,0,0,0,0,0,0,0
1,1,20,15,1088704512,3066196212,0,0,31627497000,31627503000,-1,3066200064,3064438784,0,16777440,41943520,0,1,0
1,1,20,15,2147766273,0,0,0,31627505000,31627605000,-1,0,0,0,0,0,0,0,0
1,1,20,15,2147766276,3000,0,0,31627607000,31629479000,-1,0,0,0,0,0,0,0,0
1,1,20,15,2147766277,3064434148,0,0,31629481000,31629484000,6,0,0,0,0,0,0,0,0
1,1,20,15,20483,0,0,0,31629485000,31629488000,-1,0,0,0,0,0,0,0,0
2,1,20,15,0,0,0,0,31629490000,31629575000,-1,0,0,0,0,0,0,0,0
1,2,20,7,1076651027,2829312,0,0,31629582000,31629761000,-1,0,0,0,41943520,0,0,1280,3064438784
1,2,20,7,25602,0,0,0,31629762000,31629766000,-1,0,0,0,0,0,0,0,0
1,2,20,7,25607,0,0,0,31629767000,31639701000,-1,0,0,0,0,0,0,0,0
0,1,20,15,2,0,15,0,31641330000,31641494000,-1,0,0,0,0,0,0,0,0
1,1,20,15,20483,0,0,0,31641500000,31641509000,-1,0,0,0,0,0,0,0,0
1,1,20,15,1088704512,3066196212,0,0,31641510000,31641517000,-1,3066200064,3065053184,0,16777440,41943520,0,1,0
1,1,20,15,2147766273,0,0,0,31641519000,31641620000,-1,0,0,0,0,0,0,0,0
1,1,20,15,2147766276,3000,0,0,31641621000,31643487000,-1,0,0,0,0,0,0,0,0
1,1,20,15,2147766277,3064434148,0,0,31643490000,31643494000,6,0,0,0,0,0,0,0,0
1,1,20,15,20483,0,0,0,31643496000,31643499000,-1,0,0,0,0,0,0,0,0
2,1,20,15,0,0,0,0,31643501000,31643597000,-1,0,0,0,0,0,0,0,0
1,2,20,7,1076651027,2829356,0,0,31643605000,31643785000,-1,0,0,0,41943520,0,0,1280,3065053184
1,2,20,7,25602,0,0,0,31643786000,31643790000,-1,0,0,0,0,0,0,0,0
1,2,20,7,25607,0,0,0,31643791000,31656364000,-1,0,0,0,0,0,0,0,0
0,1,20,15,2,0,15,0,31663443000,31663605000,-1,0,0,0,0,0,0,0,0
1,1,20,15,20483,0,0,0,31663612000,31663621000,-1,0,0,0,0,0,0,0,0
1,1,20,15,1088704512,3066196212,0,0,31663624000,31663630000,-1,3066200064,3064438784,0,16777440,41943520,0,1,0
1,1,20,15,2147766273,0,0,0,31663631000,31663730000,-1,0,0,0,0,0,0,0,0
1,1,20,15,2147766276,3000,0,0,31663732000,31665608000,-1,0,0,0,0,0,0,0,0
1,1,20,15,2147766277,3064434148,0,0,31665644000,31665648000,6,0,0,0,0,0,0,0,0
1,1,20,15,20483,0,0,0,31665650000,31665653000,-1,0,0,0,0,0,0,0,0
2,1,20,15,0,0,0,0,31665655000,31665750000,-1,0,0,0,0,0,0,0,0
1,2,20,7,1076651027,2829312,0,0,31665784000,31665965000,-1,0,0,0,41943520,0,0,1280,3064438784
1,2,20,7,25602,0,0,0,31665967000,31665970000,-1,0,0,0,0,0,0,0,0
1,2,20,7,25607,0,0,0,31665972000,31673017000,-1,0,0,0,0,0,0,0,0
0,1,20,15,2,0,15,0,31677463000,31677631000,-1,0,0,0,0,0,0,0,0
1,1,20,15,20483,0,0,0,31677637000,31677647000,-1,0,0,0,0,0,0,0,0
1,1,20,15,1088704512,3066196212,0,0,31677649000,31677656000,-1,3066200064,3065053184,0,16777440,41943520,0,1,0
1,1,20,15,2147766273,0,0,0,31677657000,31677764000,-1,0,0,0,0,0,0,0,0
1,1,20,15,2147766276,3000,0,0,31677766000,31679638000,-1,0,0,0,0,0,0,0,0
1,1,20,15,2147766277,3064434148,0,0,31679640000,31679643000,6,0,0,0,0,0,0,0,0
1,1,20,15,20483,0,0,0,31679645000,31679647000,-1,0,0,0,0,0,0,0,0
2,1,20,15,0,0,0,0,31679649000,31679737000,-1,0,0,0,0,0,0,0,0
1,2,20,7,1076651027,2829356,0,0,31679744000,31679924000,-1,0,0,0,41943520,0,0,1280,3065053184
1,2,20,7,25602,0,0,0,31679925000,31679929000,-1,0,0,0,0,0,0,0,0
1,2,20,7,25607,0,0,0,31679930000,31689674000,-1,0,0,0,0,0,0,0,0
0,1,20,15,2,0,15,0,31691451000,31691612000,-1,0,0,0,0,0,0,0,0
1,1,20,15,20483,0,0,0,31691618000,31691629000,-1,0,0,0,0,0,0,0,0
1,1,20,15,1088704512,3066196212,0,0,31691631000,31691637000,-1,3066200064,3064438784,0,16777440,41943520,0,1,0
1,1,20,15,2147766273,0,0,0,31691638000,31691736000,-1,0,0,0,0,0,0,0,0
1,1,20,15,2147766276,3000,0,0,31691738000,31693615000,-1,0,0,0,0,0,0,0,0
1,1,20,15,2147766277,3064434148,0,0,31693619000,31693622000,6,0,0,0,0,0,0,0,0
1,1,20,15,20483,0,0,0,31693623000,31693626000,-1,0,0,0,0,0,0,0,0
2,1,20,15,0,0,0,0,31693628000,31693717000,-1,0,0,0,0,0,0,0,0
1,2,20,7,1076651027,2829312,0,0,31693725000,31693904000,-1,0,0,0,41943520,0,0,1280,3064438784
1,2,20,7,25602,0,0,0,31693906000,31693909000,-1,0,0,0,0,0,0,0,0
1,2,20,7,25607,0,0,0,31693911000,31706333000,-1,0,0,0,0,0,0,0,0
0,1,20,15,2,0,15,0,31713347000,31713503000,-1,0,0,0,0,0,0,0,0
1,1,20,15,20483,0,0,0,31713508000,31713518000,-1,0,0,0,0,0,0,0,0
1,1,20,15,1088704512,3066196212,0,0,31713520000,31713527000,-1,3066200064,3065053184,0,16777440,41943520,0,1,0
1,1,20,15,2147766273,0,0,0,31713529000,31713623000,-1,0,0,0,0,0,0,0,0
1,1,20,15,2147766276,3000,0,0,31713625000,31715491000,-1,0,0,0,0,0,0,0,0
1,1,20,15,2147766277,3064434148,0,0,31715494000,31715499000,6,0,0,0,0,0,0,0,0
1,1,20,15,20483,0,0,0,31715500000,31715503000,-1,0,0,0,0,0,0,0,0
2,1,20,15,0,0,0,0,31715505000,31715601000,-1,0,0,0,0,0,0,0,0
1,2,20,7,1076651027,2829356,0,0,31715609000,31715789000,-1,0,0,0,41943520,0,0,1280,3065053184
1,2,20,7,25602,0,0,0,31715790000,31715793000,-1,0,0,0,0,0,0,0,0
1,2,20,7,25607,0,0,0,31715794000,31722990000,-1,0,0,0,0,0,0,0,0
0,1,20,15,2,0,15,0,31733410000,31733574000,-1,0,0,0,0,0,0,0,0
1,1,20,15,20483,0,0,0,31733579000,31733590000,-1,0,0,0,0,0,0,0,0
1,1,20,15,1088704512,3066196212,0,0,31733592000,31733598000,-1,3066200064,3064438784,0,16777440,41943520,0,1,0
1,1,20,15,2147766273,0,0,0,31733599000,31733690000,-1,0,0,0,0,0,0,0,0
1,1,20,15,2147766276,3000,0,0,31733692000,31735566000,-1,0,0,0,0,0,0,0,0
1,1,20,15,2147766277,3064434148,0,0,31735569000,31735572000,6,0,0,0,0,0,0,0,0
1,1,20,15,20483,0,0,0,31735573000,31735576000,-1,0,0,0,0,0,0,0,0
2,1,20,15,0,0,0,0,31735613000,31735707000,-1,0,0,0,0,0,0,0,0
1,2,20,7,1076651027,2829312,0,0,31735715000,31735894000,-1,0,0,0,41943520,0,0,1280,3064438784
1,2,20,7,25602,0,0,0,31735896000,31735899000,-1,0,0,0,0,0,0,0,0
1,2,20,7,25607,0,0,0,31735900000,31739643000,-1,0,0,0,0,0,0,0,0
0,1,20,15,2,0,15,0,31749043000,31749212000,-1,0,0,0,0,0,0,0,0
1,1,20,15,20483,0,0,0,31749218000,31749229000,-1,0,0,0,0,0,0,0,0
1,1,20,15,1088704512,3066196212,0,0,31749231000,31749238000,-1,3066200064,3065053184,0,16777440,41943520,0,1,0
1,1,20,15,2147766273,0,0,0,31749240000,31749345000,-1,0,0,0,0,0,0,0,0
1,1,20,15,2147766276,3000,0,0,31749348000,31751205000,-1,0,0,0,0,0,0,0,0
1,1,20,15,2147766277,3064434148,0,0,31751209000,31751213000,6,0,0,0,0,0,0,0,0
1,1,20,15,20483,0,0,0,31751214000,31751218000,-1,0,0,0,0,0,0,0,0
2,1,20,15,0,0,0,0,31751220000,31751322000,-1,0,0,0,0,0,0,0,0
1,2,20,7,1076651027,2829356,0,0,31751331000,31751512000,-1,0,0,0,41943520,0,0,1280,3065053184
1,2,20,7,25602,0,0,0,31751513000,31751517000,-1,0,0,0,0,0,0,0,0
1,2,20,7,25607,0,0,0,31751518000,31756299000,-1,0,0,0,0,0,0,0,0
0,1,20,15,2,0,15,0,31763066000,31763225000,-1,0,0,0,0,0,0,0,0
1,1,20,15,20483,0,0,0,31763231000,31763241000,-1,0,0,0,0,0,0,0,0
1,1,20,15,1088704512,3066196212,0,0,31763244000,31763250000,-1,3066200064,3064438784,0,16777440,41943520,0,1,0
1,1,20,15,2147766273,0,0,0,31763252000,31763347000,-1,0,0,0,0,0,0,0,0
1,1,20,15,2147766276,3000,0,0,31763349000,31765225000,-1,0,0,0,0,0,0,0,0
1,1,20,15,2147766277,3064434148,0,0,31765227000,31765230000,6,0,0,0,0,0,0,0,0
1,1,20,15,20483,0,0,0,31765231000,31765234000,-1,0,0,0,0,0,0,0,0
2,1,20,15,0,0,0,0,31765236000,31765323000,-1,0,0,0,0,0,0,0,0
1,2,20,7,1076651027,2829312,0,0,31765329000,31765509000,-1,0,0,0,41943520,0,0,1280,3064438784
1,2,20,7,25602,0,0,0,31765510000,31765514000,-1,0,0,0,0,0,0,0,0
1,2,20,7,25607,0,0,0,31765515000,31772961000,-1,0,0,0,0,0,0,0,0
0,1,20,15,2,0,15,0,31777047000,31777206000,-1,0,0,0,0,0,0,0,0
1,1,20,15,20483,0,0,0,31777211000,31777221000,-1,0,0,0,0,0,0,0,0
1,1,20,15,1088704512,3066196212,0,0,31777224000,31777230000,-1,3066200064,3065053184,0,16777440,41943520,0,1,0
1,1,20,15,2147766273,0,0,0,31777232000,31777330000,-1,0,0,0,0,0,0,0,0
1,1,20,15,2147766276,3000,0,0,31777331000,31779197000,-1,0,0,0,0,0,0,0,0
1,1,20,15,2147766277,3064434148,0,0,31779200000,31779204000,6,0,0,0,0,0,0,0,0
1,1,20,15,20483,0,0,0,31779205000,31779209000,-1,0,0,0,0,0,0,0,0
2,1,20,15,0,0,0,0,31779211000,31779307000,-1,0,0,0,0,0,0,0,0
1,2,20,7,1076651027,2829356,0,0,31779316000,31779496000,-1,0,0,0,41943520,0,0,1280,3065053184
1,2,20,7,25602,0,0,0,31779497000,31779501000,-1,0,0,0,0,0,0,0,0
1,2,20,7,25607,0,0,0,31779502000,31789616000,-1,0,0,0,0,0,0,0,0
0,1,20,15,2,0,15,0,31793418000,31793578000,-1,0,0,0,0,0,0,0,0
1,1,20,15,20483,0,0,0,31793583000,31793593000,-1,0,0,0,0,0,0,0,0
1,1,20,15,1088704512,3066196212,0,0,31793595000,31793600000,-1,3066200064,3064438784,0,16777440,41943520,0,1,0
1,1,20,15,2147766273,0,0,0,31793602000,31793696000,-1,0,0,0,0,0,0,0,0
1,1,20,15,2147766276,3000,0,0,31793697000,31795564000,-1,0,0,0,0,0,0,0,0
1,1,20,15,2147766277,3064434148,0,0,31795567000,31795570000,6,0,0,0,0,0,0,0,0
1,1,20,15,20483,0,0,0,31795571000,31795575000,-1,0,0,0,0,0,0,0,0
2,1,20,15,0,0,0,0,31795577000,31795675000,-1,0,0,0,0,0,0,0,0
1,2,20,7,1076651027,2829312,0,0,31795684000,31795864000,-1,0,0,0,41943520,0,0,1280,3064438784
1,2,20,7,25602,0,0,0,31795865000,31795869000,-1,0,0,0,0,0,0,0,0
1,2,20,7,25607,0,0,0,31795903000,31806277000,-1,0,0,0,0,0,0,0,0
0,1,20,15,2,0,15,0,31813452000,31813616000,-1,0,0,0,0,0,0,0,0
1,1,20,15,20483,0,0,0,31813622000,31813632000,-1,0,0,0,0,0,0,0,0
1,1,20,15,1088704512,3066196212,0,0,31813635000,31813641000,-1,3066200064,3065053184,0,16777440,41943520,0,1,0
1,1,20,15,2147766273,0,0,0,31813643000,31813743000,-1,0,0,0,0,0,0,0,0
1,1,20,15,2147766276,3000,0,0,31813745000,31815618000,-1,0,0,0,0,0,0,0,0
1,1,20,15,2147766277,3064434148,0,0,31815621000,31815624000,6,0,0,0,0,0,0,0,0
1,1,20,15,20483,0,0,0,31815625000,31815627000,-1,0,0,0,0,0,0,0,0
2,1,20,15,0,0,0,0,31815629000,31815715000,-1,0,0,0,0,0,0,0,0
1,2,20,7,1076651027,2829356,0,0,31815723000,31815903000,-1,0,0,0,41943520,0,0,1280,3065053184
1,2,20,7,25602,0,0,0,31815905000,31815908000,-1,0,0,0,0,0,0,0,0
1,2,20,7,25607,0,0,0,31815909000,31822932000,-1,0,0,0,0,0,0,0,0
0,1,20,15,2,0,15,0,31827374000,31827528000,-1,0,0,0,0,0,0,0,0
1,1,20,15,20483,0,0,0,31827533000,31827543000,-1,0,0,0,0,0,0,0,0
1,1,20,15,1088704512,3066196212,0,0,31827545000,31827551000,-1,3066200064,3064438784,0,16777440,41943520,0,1,0
1,1,20,15,2147766273,0,0,0,31827553000,31827644000,-1,0,0,0,0,0,0,0,0
1,1,20,15,2147766276,3000,0,0,31827646000,31829518000,-1,0,0,0,0,0,0,0,0
1,1,20,15,2147766277,3064434148,0,0,31829520000,31829523000,6,0,0,0,0,0,0,0,0
1,1,20,15,20483,0,0,0,31829525000,31829527000,-1,0,0,0,0,0,0,0,0
2,1,20,15,0,0,0,0,31829529000,31829618000,-1,0,0,0,0,0,0,0,0
1,2,20,7,1076651027,2829312,0,0,31829625000,31829805000,-1,0,0,0,41943520,0,0,1280,3064438784
1,2,20,7,25602,0,0,0,31829806000,31829810000,-1,0,0,0,0,0,0,0,0
1,2,20,7,25607,0,0,0,31829811000,31839586000,-1,0,0,0,0,0,0,0,0
0,1,20,15,2,0,15,0,31841320000,31841476000,-1,0,0,0,0,0,0,0,0
1,1,20,15,20483,0,0,0,31841481000,31841490000,-1,0,0,0,0,0,0,0,0
1,1,20,15,1088704512,3066196212,0,0,31841492000,31841498000,-1,3066200064,3065053184,0,16777440,41943520,0,1,0
1,1,20,15,2147766273,0,0,0,31841500000,31841592000,-1,0,0,0,0,0,0,0,0
1,1,20,15,2147766276,3000,0,0,31841594000,31843464000,-1,0,0,0,0,0,0,0,0
1,1,20,15,2147766277,3064434148,0,0,31843467000,31843471000,6,0,0,0,0,0,0,0,0
1,1,20,15,20483,0,0,0,31843473000,31843476000,-1,0,0,0,0,0,0,0,0
2,1,20,15,0,0,0,0,31843478000,31843576000,-1,0,0,0,0,0,0,0,0
1,2,20,7,1076651027,2829356,0,0,31843585000,31843767000,-1,0,0,0,41943520,0,0,1280,3065053184
1,2,20,7,25602,0,0,0,31843768000,31843771000,-1,0,0,0,0,0,0,0,0
1,2,20,7,25607,0,0,0,31843773000,31856249000,-1,0,0,0,0,0,0,0,0
0,1,20,15,2,0,15,0,31863369000,31863533000,-1,0,0,0,0,0,0,0,0
1,1,20,15,20483,0,0,0,31863537000,31863548000,-1,0,0,0,0,0,0,0,0
1,1,20,15,1088704512,3066196212,0,0,31863550000,31863557000,-1,3066200064,3064438784,0,16777440,41943520,0,1,0
1,1,20,15,2147766273,0,0,0,31863559000,31863659000,-1,0,0,0,0,0,0,0,0
1,1,20,15,2147766276,3000,0,0,31863661000,31865535000,-1,0,0,0,0,0,0,0,0
1,1,20,15,2147766277,3064434148,0,0,31865538000,31865541000,6,0,0,0,0,0,0,0,0
1,1,20,15,20483,0,0,0,31865542000,31865545000,-1,0,0,0,0,0,0,0,0
2,1,20,15,0,0,0,0,31865547000,31865637000,-1,0,0,0,0,0,0,0,0
1,2,20,7,1076651027,2829312,0,0,31865643000,31865850000,-1,0,0,0,41943520,0,0,1280,3064438784
1,2,20,7,25602,0,0,0,31865852000,31865856000,-1,0,0,0,0,0,0,0,0
1,2,20,7,25607,0,0,0,31865857000,31872898000,-1,0,0,0,0,0,0,0,0
0,1,20,15,2,0,15,0,31877393000,31877562000,-1,0,0,0,0,0,0,0,0
1,1,20,15,20483,0,0,0,31877608000,31877618000,-1,0,0,0,0,0,0,0,0
1,1,20,15,1088704512,3066196212,0,0,31877621000,31877627000,-1,3066200064,3065053184,0,16777440,41943520,0,1,0
1,1,20,15,2147766273,0,0,0,31877629000,31877739000,-1,0,0,0,0,0,0,0,0
1,1,20,15,2147766276,3000,0,0,31877741000,31879618000,-1,0,0,0,0,0,0,0,0
1,1,20,15,2147766277,3064434148,0,0,31879622000,31879625000,6,0,0,0,0,0,0,0,0
1,1,20,15,20483,0,0,0,31879626000,31879629000,-1,0,0,0,0,0,0,0,0
2,1,20,15,0,0,0,0,31879631000,31879726000,-1,0,0,0,0,0,0,0,0
1,2,20,7,1076651027,2829356,0,0,31879736000,31879916000,-1,0,0,0,41943520,0,0,1280,3065053184
1,2,20,7,25602,0,0,0,31879917000,31879921000,-1,0,0,0,0,0,0,0,0
1,2,20,7,25607,0,0,0,31879922000,31889561000,-1,0,0,0,0,0,0,0,0
0,1,20,15,2,0,15,0,31903303000,31903463000,-1,0,0,0,0,0,0,0,0
1,1,20,15,20483,0,0,0,31903469000,31903480000,-1,0,0,0,0,0,0,0,0
1,1,20,15,1088704512,3066196212,0,0,31903482000,31903488000,-1,3066200064,3064438784,0,16777440,41943520,0,1,0
1,1,20,15,2147766273,0,0,0,31903490000,31903586000,-1,0,0,0,0,0,0,0,0
1,1,20,15,2147766276,3000,0,0,31903588000,31905462000,-1,0,0,0,0,0,0,0,0
1,1,20,15,2147766277,3064434148,0,0,31905465000,31905468000,6,0,0,0,0,0,0,0,0
1,1,20,15,20483,0,0,0,31905470000,31905472000,-1,0,0,0,0,0,0,0,0
2,1,20,15,0,0,0,0,31905474000,31905563000,-1,0,0,0,0,0,0,0,0
1,2,20,7,1076651027,2829312,0,0,31905571000,31905776000,-1,0,0,0,41943520,0,0,1280,3064438784
1,2,20,7,25602,0,0,0,31905778000,31905782000,-1,0,0,0,0,0,0,0,0
1,2,20,7,25607,0,0,0,31905783000,31906214000,-1,0,0,0,0,0,0,0,0
0,1,20,15,2,0,15,0,31917273000,31917438000,-1,0,0,0,0,0,0,0,0
1,1,20,15,20483,0,0,0,31917444000,31917454000,-1,0,0,0,0,0,0,0,0
1,1,20,15,1088704512,3066196212,0,0,31917456000,31917462000,-1,3066200064,3065053184,0,16777440,41943520,0,1,0
1,1,20,15,2147766273,0,0,0,31917464000,31917570000,-1,0,0,0,0,0,0,0,0
1,1,20,15,2147766276,3000,0,0,31917572000,31919445000,-1,0,0,0,0,0,0,0,0
1,1,20,15,2147766277,3064434148,0,0,31919447000,31919451000,6,0,0,0,0,0,0,0,0
1,1,20,15,20483,0,0,0,31919452000,31919455000,-1,0,0,0,0,0,0,0,0
2,1,20,15,0,0,0,0,31919456000,31919544000,-1,0,0,0,0,0,0,0,0
1,2,20,7,1076651027,2829356,0,0,31919551000,31919731000,-1,0,0,0,41943520,0,0,1280,3065053184
1,2,20,7,25602,0,0,0,31919732000,31919735000,-1,0,0,0,0,0,0,0,0
1,2,20,7,25607,0,0,0,31919736000,31922873000,-1,0,0,0,0,0,0,0,0
0,1,20,15,2,0,15,0,31931245000,31931403000,-1,0,0,0,0,0,0,0,0
1,1,20,15,20483,0,0,0,31931409000,31931419000,-1,0,0,0,0,0,0,0,0
1,1,20,15,1088704512,3066196212,0,0,31931422000,31931428000,-1,3066200064,3064438784,0,16777440,41943520,0,1,0
1,1,20,15,2147766273,0,0,0,31931429000,31931524000,-1,0,0,0,0,0,0,0,0
1,1,20,15,2147766276,3000,0,0,31931525000,31933405000,-1,0,0,0,0,0,0,0,0
1,1,20,15,2147766277,3064434148,0,0,31933408000,31933412000,6,0,0,0,0,0,0,0,0
1,1,20,15,20483,0,0,0,31933413000,31933415000,-1,0,0,0,0,0,0,0,0
2,1,20,15,0,0,0,0,31933417000,31933511000,-1,0,0,0,0,0,0,0,0
1,2,20,7,1076651027,2829312,0,0,31933519000,31933699000,-1,0,0,0,41943520,0,0,1280,3064438784
1,2,20,7,25602,0,0,0,31933700000,31933704000,-1,0,0,0,0,0,0,0,0
1,2,20,7,25607,0,0,0,31933705000,31939526000,-1,0,0,0,0,0,0,0,0
0,1,20,15,2,0,15,0,31945239000,31945399000,-1,0,0,0,0,0,0,0,0
1,1,20,15,20483,0,0,0,31945404000,31945415000,-1,0,0,0,0,0,0,0,0
1,1,20,15,1088704512,3066196212,0,0,31945417000,31945424000,-1,3066200064,3065053184,0,16777440,41943520,0,1,0
1,1,20,15,2147766273,0,0,0,31945426000,31945522000,-1,0,0,0,0,0,0,0,0
1,1,20,15,2147766276,3000,0,0,31945571000,31947388000,-1,0,0,0,0,0,0,0,0
1,1,20,15,2147766277,3064434148,0,0,31947392000,31947396000,6,0,0,0,0,0,0,0,0
1,1,20,15,20483,0,0,0,31947397000,31947400000,-1,0,0,0,0,0,0,0,0
2,1,20,15,0,0,0,0,31947402000,31947501000,-1,0,0,0,0,0,0,0,0
1,2,20,7,1076651027,2829356,0,0,31947511000,31947692000,-1,0,0,0,41943520,0,0,1280,3065053184
1,2,20,7,25602,0,0,0,31947693000,31947696000,-1,0,0,0,0,0,0,0,0
1,2,20,7,25607,0,0,0,31947697000,31956191000,-1,0,0,0,0,0,0,0,0
0,1,20,15,2,0,15,0,31965087000,31965247000,-1,0,0,0,0,0,0,0,0
1,1,20,15,20483,0,0,0,31965253000,31965263000,-1,0,0,0,0,0,0,0,0
1,1,20,15,1088704512,3066196212,0,0,31965265000,31965271000,-1,3066200064,3064438784,0,16777440,41943520,0,1,0
1,1,20,15,2147766273,0,0,0,31965273000,31965367000,-1,0,0,0,0,0,0,0,0
1,1,20,15,2147766276,3000,0,0,31965369000,31967245000,-1,0,0,0,0,0,0,0,0
1,1,20,15,2147766277,3064434148,0,0,31967248000,31967251000,6,0,0,0,0,0,0,0,0
1,1,20,15,20483,0,0,0,31967252000,31967254000,-1,0,0,0,0,0,0,0,0
2,1,20,15,0,0,0,0,31967256000,31967340000,-1,0,0,0,0,0,0,0,0
1,2,20,7,1076651027,2829312,0,0,31967348000,31967528000,-1,0,0,0,41943520,0,0,1280,3064438784
1,2,20,7,25602,0,0,0,31967530000,31967533000,-1,0,0,0,0,0,0,0,0
1,2,20,7,25607,0,0,0,31967535000,31972844000,-1,0,0,0,0,0,0,0,0
0,1,20,15,2,0,15,0,31979001000,31979161000,-1,0,0,0,0,0,0,0,0
1,1,20,15,20483,0,0,0,31979169000,31979179000,-1,0,0,0,0,0,0,0,0
1,1,20,15,1088704512,3066196212,0,0,31979182000,31979188000,-1,3066200064,3065053184,0,16777440,41943520,0,1,0
1,1,20,15,2147766273,0,0,0,31979190000,31979288000,-1,0,0,0,0,0,0,0,0
1,1,20,15,2147766276,3000,0,0,31979290000,31981158000,-1,0,0,0,0,0,0,0,0
1,1,20,15,2147766277,3064434148,0,0,31981161000,31981165000,6,0,0,0,0,0,0,0,0
1,1,20,15,20483,0,0,0,31981166000,31981169000,-1,0,0,0,0,0,0,0,0
2,1,20,15,0,0,0,0,31981171000,31981264000,-1,0,0,0,0,0,0,0,0
1,2,20,7,1076651027,2829356,0,0,31981272000,31981453000,-1,0,0,0,41943520,0,0,1280,3065053184
1,2,20,7,25602,0,0,0,31981455000,31981458000,-1,0,0,0,0,0,0,0,0
1,2,20,7,25607,0,0,0,31981459000,31989497000,-1,0,0,0,0,0,0,0,0
0,1,20,15,2,0,15,0,31993028000,31993191000,-1,0,0,0,0,0,0,0,0
1,1,20,15,20483,0,0,0,31993196000,31993206000,-1,0,0,0,0,0,0,0,0
1,1,20,15,1088704512,3066196212,0,0,31993207000,31993214000,-1,3066200064,3064438784,0,16777440,41943520,0,1,0
1,1,20,15,2147766273,0,0,0,31993216000,31993315000,-1,0,0,0,0,0,0,0,0
1,1,20,15,2147766276,3000,0,0,31993317000,31995181000,-1,0,0,0,0,0,0,0,0
1,1,20,15,2147766277,3064434148,0,0,31995185000,31995188000,6,0,0,0,0,0,0,0,0
1,1,20,15,20483,0,0,0,31995189000,31995192000,-1,0,0,0,0,0,0,0,0
2,1,20,15,0,0,0,0,31995194000,31995289000,-1,0,0,0,0,0,0,0,0
1,2,20,7,1076651027,2829312,0,0,31995297000,31995477000,-1,0,0,0,41943520,0,0,1280,3064438784
1,2,20,7,25602,0,0,0,31995479000,31995482000,-1,0,0,0,0,0,0,0,0
1,2,20,7,25607,0,0,0,31995483000,32006160000,-1,0,0,0,0,0,0,0,0
0,1,20,15,2,0,15,0,32013347000,32013507000,-1,0,0,0,0,0,0,0,0
1,1,20,15,20483,0,0,0,32013515000,32013526000,-1,0,0,0,0,0,0,0,0
1,1,20,15,1088704512,3066196212,0,0,32013528000,32013534000,-1,3066200064,3065053184,0,16777440,41943520,0,1,0
1,1,20,15,2147766273,0,0,0,32013536000,32013632000,-1,0,0,0,0,0,0,0,0
1,1,20,15,2147766276,3000,0,0,32013634000,32015508000,-1,0,0,0,0,0,0,0,0
1,1,20,15,2147766277,3064434148,0,0,32015510000,32015513000,6,0,0,0,0,0,0,0,0
1,1,20,15,20483,0,0,0,32015551000,32015555000,-1,0,0,0,0,0,0,0,0
2,1,20,15,0,0,0,0,32015557000,32015649000,-1,0,0,0,0,0,0,0,0
1,2,20,7,1076651027,2829356,0,0,32015657000,32015837000,-1,0,0,0,41943520,0,0,1280,3065053184
1,2,20,7,25602,0,0,0,32015838000,32015842000,-1,0,0,0,0,0,0,0,0
1,2,20,7,25607,0,0,0,32015843000,32022819000,-1,0,0,0,0,0,0,0,0
0,1,20,15,2,0,15,0,32027378000,32027537000,-1,0,0,0,0,0,0,0,0
1,1,20,15,20483,0,0,0,32027543000,32027553000,-1,0,0,0,0,0,0,0,0
1,1,20,15,1088704512,3066196212,0,0,32027555000,32027562000,-1,3066200064,3064438784,0,16777440,41943520,0,1,0
1,1,20,15,2147766273,0,0,0,32027563000,32027656000,-1,0,0,0,0,0,0,0,0
1,1,20,15,2147766276,3000,0,0,32027658000,32029531000,-1,0,0,0,0,0,0,0,0
1,1,20,15,2147766277,3064434148,0,0,32029533000,32029537000,6,0,0,0,0,0,0,0,0
1,1,20,15,20483,0,0,0,32029539000,32029542000,-1,0,0,0,0,0,0,0,0
2,1,20,15,0,0,0,0,32029544000,32029631000,-1,0,0,0,0,0,0,0,0
1,2,20,7,1076651027,2829312,0,0,32029638000,32029817000,-1,0,0,0,41943520,0,0,1280,3064438784
1,2,20,7,25602,0,0,0,32029818000,32029823000,-1,0,0,0,0,0,0,0,0
1,2,20,7,25607,0,0,0,32029824000,32039474000,-1,0,0,0,0,0,0,0,0
0,1,20,15,2,0,15,0,32041305000,32041468000,-1,0,0,0,0,0,0,0,0
1,1,20,15,20483,0,0,0,32041474000,32041483000,-1,0,0,0,0,0,0,0,0
1,1,20,15,1088704512,3066196212,0,0,32041485000,32041491000,-1,3066200064,3065053184,0,16777440,41943520,0,1,0
1,1,20,15,2147766273,0,0,0,32041493000,32041596000,-1,0,0,0,0,0,0,0,0
1,1,20,15,2147766276,3000,0,0,32041599000,32043462000,-1,0,0,0,0,0,0,0,0
1,1,20,15,2147766277,3064434148,0,0,32043466000,32043470000,6,0,0,0,0,0,0,0,0
1,1,20,15,20483,0,0,0,32043472000,32043475000,-1,0,0,0,0,0,0,0,0
2,1,20,15,0,0,0,0,32043477000,32043573000,-1,0,0,0,0,0,0,0,0
1,2,20,7,1076651027,2829356,0,0,32043582000,32043763000,-1,0,0,0,41943520,0,0,1280,3065053184
1,2,20,7,25602,0,0,0,32043764000,32043768000,-1,0,0,0,0,0,0,0,0
1,2,20,7,25607,0,0,0,32043769000,32056132000,-1,0,0,0,0,0,0,0,0
0,1,20,15,2,0,15,0,32063436000,32063599000,-1,0,0,0,0,0,0,0,0
1,1,20,15,20483,0,0,0,32063606000,32063616000,-1,0,0,0,0,0,0,0,0
1,1,20,15,1088704512,3066196212,0,0,32063618000,32063625000,-1,3066200064,3064438784,0,16777440,41943520,0,1,0
1,1,20,15,2147766273,0,0,0,32063627000,32063729000,-1,0,0,0,0,0,0,0,0
1,1,20,15,2147766276,3000,0,0,32063731000,32065604000,-1,0,0,0,0,0,0,0,0
1,1,20,15,2147766277,3064434148,0,0,32065606000,32065609000,6,0,0,0,0,0,0,0,0
1,1,20,15,20483,0,0,0,32065610000,32065613000,-1,0,0,0,0,0,0,0,0
2,1,20,15,0,0,0,0,32065615000,32065701000,-1,0,0,0,0,0,0,0,0
1,2,20,7,1076651027,2829312,0,0,32065710000,32065916000,-1,0,0,0,41943520,0,0,1280,3064438784
1,2,20,7,25602,0,0,0,32065918000,32065922000,-1,0,0,0,0,0,0,0,0
1,2,20,7,25607,0,0,0,32065923000,32072789000,-1,0,0,0,0,0,0,0,0
0,1,20,15,2,0,15,0,32077434000,32077598000,-1,0,0,0,0,0,0,0,0
1,1,20,15,20483,0,0,0,32077604000,32077615000,-1,0,0,0,0,0,0,0,0
1,1,20,15,1088704512,3066196212,0,0,32077618000,32077624000,-1,3066200064,3065053184,0,16777440,41943520,0,1,0
1,1,20,15,2147766273,0,0,0,32077626000,32077728000,-1,0,0,0,0,0,0,0,0
1,1,20,15,2147766276,3000,0,0,32077730000,32079606000,-1,0,0,0,0,0,0,0,0
1,1,20,15,2147766277,3064434148,0,0,32079609000,32079612000,6,0,0,0,0,0,0,0,0
1,1,20,15,20483,0,0,0,32079613000,32079616000,-1,0,0,0,0,0,0,0,0
2,1,20,15,0,0,0,0,32079618000,32079712000,-1,0,0,0,0,0,0,0,0
1,2,20,7,1076651027,2829356,0,0,32079720000,32079900000,-1,0,0,0,41943520,0,0,1280,3065053184
1,2,20,7,25602,0,0,0,32079938000,32079942000,-1,0,0,0,0,0,0,0,0
1,2,20,7,25607,0,0,0,32079944000,32089445000,-1,0,0,0,0,0,0,0,0
0,1,20,15,2,0,15,0,32103312000,32103473000,-1,0,0,0,0,0,0,0,0
1,1,20,15,20483,0,0,0,32103478000,32103487000,-1,0,0,0,0,0,0,0,0
1,1,20,15,1088704512,3066196212,0,0,32103489000,32103496000,-1,3066200064,3064438784,0,16777440,41943520,0,1,0
1,1,20,15,2147766273,0,0,0,32103497000,32103589000,-1,0,0,0,0,0,0,0,0
1,1,20,15,2147766276,3000,0,0,32103591000,32105465000,-1,0,0,0,0,0,0,0,0
1,1,20,15,2147766277,3064434148,0,0,32105467000,32105470000,6,0,0,0,0,0,0,0,0
1,1,20,15,20483,0,0,0,32105471000,32105474000,-1,0,0,0,0,0,0,0,0
2,1,20,15,0,0,0,0,32105476000,32105562000,-1,0,0,0,0,0,0,0,0
1,2,20,7,1076651027,2829312,0,0,32105569000,32105773000,-1,0,0,0,41943520,0,0,1280,3064438784
1,2,20,7,25602,0,0,0,32105774000,32105778000,-1,0,0,0,0,0,0,0,0
1,2,20,7,25607,0,0,0,32105779000,32106098000,-1,0,0,0,0,0,0,0,0
0,1,20,15,2,0,15,0,32117292000,32117459000,-1,0,0,0,0,0,0,0,0
1,1,20,15,20483,0,0,0,32117466000,32117475000,-1,0,0,0,0,0,0,0,0
1,1,20,15,1088704512,3066196212,0,0,32117478000,32117484000,-1,3066200064,3065053184,0,16777440,41943520,0,1,0
1,1,20,15,2147766273,0,0,0,32117485000,32117584000,-1,0,0,0,0,0,0,0,0
1,1,20,15,2147766276,3000,0,0,32117586000,32119462000,-1,0,0,0,0,0,0,0,0
1,1,20,15,2147766277,3064434148,0,0,32119465000,32119468000,6,0,0,0,0,0,0,0,0
1,1,20,15,20483,0,0,0,32119469000,32119472000,-1,0,0,0,0,0,0,0,0
2,1,20,15,0,0,0,0,32119474000,32119560000,-1,0,0,0,0,0,0,0,0
1,2,20,7,1076651027,2829356,0,0,32119567000,32119747000,-1,0,0,0,41943520,0,0,1280,3065053184
1,2,20,7,25602,0,0,0,32119748000,32119752000,-1,0,0,0,0,0,0,0,0
1,2,20,7,25607,0,0,0,32119753000,32122759000,-1,0,0,0,0,0,0,0,0
0,1,20,15,2,0,15,0,32131219000,32131376000,-1,0,0,0,0,0,0,0,0
1,1,20,15,20483,0,0,0,32131382000,32131393000,-1,0,0,0,0,0,0,0,0
1,1,20,15,1088704512,3066196212,0,0,32131395000,32131400000,-1,3066200064,3064438784,0,16777440,41943520,0,1,0
1,1,20,15,2147766273,0,0,0,32131402000,32131496000,-1,0,0,0,0,0,0,0,0
1,1,20,15,2147766276,3000,0,0,32131498000,32133369000,-1,0,0,0,0,0,0,0,0
1,1,20,15,2147766277,3064434148,0,0,32133371000,32133374000,6,0,0,0,0,0,0,0,0
1,1,20,15,20483,0,0,0,32133375000,32133378000,-1,0,0,0,0,0,0,0,0
2,1,20,15,0,0,0,0,32133380000,32133465000,-1,0,0,0,0,0,0,0,0
1,2,20,7,1076651027,2829312,0,0,32133473000,32133652000,-1,0,0,0,41943520,0,0,1280,3064438784
1,2,20,7,25602,0,0,0,32133654000,32133657000,-1,0,0,0,0,0,0,0,0
1,2,20,7,25607,0,0,0,32133658000,32139411000,-1,0,0,0,0,0,0,0,0
0,1,20,15,2,0,15,0,32145216000,32145378000,-1,0,0,0,0,0,0,0,0
1,1,20,15,20483,0,0,0,32145385000,32145395000,-1,0,0,0,0,0,0,0,0
1,1,20,15,1088704512,3066196212,0,0,32145397000,32145405000,-1,3066200064,3065053184,0,16777440,41943520,0,1,0
1,1,20,15,2147766273,0,0,0,32145407000,32145509000,-1,0,0,0,0,0,0,0,0
1,1,20,15,2147766276,3000,0,0,32145511000,32147375000,-1,0,0,0,0,0,0,0,0
1,1,20,15,2147766277,3064434148,0,0,32147379000,32147383000,6,0,0,0,0,0,0,0,0
1,1,20,15,20483,0,0,0,32147384000,32147386000,-1,0,0,0,0,0,0,0,0
2,1,20,15,0,0,0,0,32147389000,32147486000,-1,0,0,0,0,0,0,0,0
1,2,20,7,1076651027,2829356,0,0,32147494000,32147675000,-1,0,0,0,41943520,0,0,1280,3065053184
1,2,20,7,25602,0,0,0,32147676000,32147680000,-1,0,0,0,0,0,0,0,0
1,2,20,7,25607,0,0,0,32147681000,32156072000,-1,0,0,0,0,0,0,0,0
0,1,20,15,2,0,15,0,32165072000,32165240000,-1,0,0,0,0,0,0,0,0
1,1,20,15,20483,0,0,0,32165287000,32165298000,-1,0,0,0,0,0,0,0,0
1,1,20,15,1088704512,3066196212,0,0,32165300000,32165307000,-1,3066200064,3064438784,0,16777440,41943520,0,1,0
1,1,20,15,2147766273,0,0,0,32165309000,32165415000,-1,0,0,0,0,0,0,0,0
1,1,20,15,2147766276,3000,0,0,32165417000,32167292000,-1,0,0,0,0,0,0,0,0
1,1,20,15,2147766277,3064434148,0,0,32167294000,32167298000,6,0,0,0,0,0,0,0,0
1,1,20,15,20483,0,0,0,32167299000,32167302000,-1,0,0,0,0,0,0,0,0
2,1,20,15,0,0,0,0,32167303000,32167391000,-1,0,0,0,0,0,0,0,0
1,2,20,7,1076651027,2829312,0,0,32167399000,32167579000,-1,0,0,0,41943520,0,0,1280,3064438784
1,2,20,7,25602,0,0,0,32167581000,32167584000,-1,0,0,0,0,0,0,0,0
1,2,20,7,25607,0,0,0,32167586000,32172727000,-1,0,0,0,0,0,0,0,0
0,1,20,15,2,0,15,0,32179112000,32179279000,-1,0,0,0,0,0,0,0,0
1,1,20,15,20483,0,0,0,32179285000,32179296000,-1,0,0,0,0,0,0,0,0
1,1,20,15,1088704512,3066196212,0,0,32179298000,32179304000,-1,3066200064,3065053184,0,16777440,41943520,0,1,0
1,1,20,15,2147766273,0,0,0,32179305000,32179407000,-1,0,0,0,0,0,0,0,0
1,1,20,15,2147766276,3000,0,0,32179409000,32181283000,-1,0,0,0,0,0,0,0,0
1,1,20,15,2147766277,3064434148,0,0,32181286000,32181290000,6,0,0,0,0,0,0,0,0
1,1,20,15,20483,0,0,0,32181291000,32181293000,-1,0,0,0,0,0,0,0,0
2,1,20,15,0,0,0,0,32181295000,32181385000,-1,0,0,0,0,0,0,0,0
1,2,20,7,1076651027,2829356,0,0,32181393000,32181573000,-1,0,0,0,41943520,0,0,1280,3065053184
1,2,20,7,25602,0,0,0,32181575000,32181579000,-1,0,0,0,0,0,0,0,0
1,2,20,7,25607,0,0,0,32181580000,32189383000,-1,0,0,0,0,0,0,0,0
0,1,20,15,2,0,15,0,32193077000,32193239000,-1,0,0,0,0,0,0,0,0
1,1,20,15,20483,0,0,0,32193245000,32193255000,-1,0,0,0,0,0,0,0,0
1,1,20,15,1088704512,3066196212,0,0,32193257000,32193264000,-1,3066200064,3064438784,0,16777440,41943520,0,1,0
1,1,20,15,2147766273,0,0,0,32193266000,32193366000,-1,0,0,0,0,0,0,0,0
1,1,20,15,2147766276,3000,0,0,32193368000,32195231000,-1,0,0,0,0,0,0,0,0
1,1,20,15,2147766277,3064434148,0,0,32195235000,32195239000,6,0,0,0,0,0,0,0,0
1,1,20,15,20483,0,0,0,32195241000,32195244000,-1,0,0,0,0,0,0,0,0
2,1,20,15,0,0,0,0,32195246000,32195341000,-1,0,0,0,0,0,0,0,0
1,2,20,7,1076651027,2829312,0,0,32195349000,32195529000,-1,0,0,0,41943520,0,0,1280,3064438784
1,2,20,7,25602,0,0,0,32195531000,32195535000,-1,0,0,0,0,0,0,0,0
1,2,20,7,25607,0,0,0,32195536000,32206047000,-1,0,0,0,0,0,0,0,0
0,1,20,15,2,0,15,0,32213531000,32213691000,-1,0,0,0,0,0,0,0,0
1,1,20,15,20483,0,0,0,32213698000,32213707000,-1,0,0,0,0,0,0,0,0
1,1,20,15,1088704512,3066196212,0,0,32213709000,32213716000,-1,3066200064,3065053184,0,16777440,41943520,0,1,0
1,1,20,15,2147766273,0,0,0,32213717000,32213815000,-1,0,0,0,0,0,0,0,0
1,1,20,15,2147766276,3000,0,0,32213817000,32215690000,-1,0,0,0,0,0,0,0,0
1,1,20,15,2147766277,3064434148,0,0,32215691000,32215694000,6,0,0,0,0,0,0,0,0
1,1,20,15,20483,0,0,0,32215696000,32215698000,-1,0,0,0,0,0,0,0,0
2,1,20,15,0,0,0,0,32215700000,32215786000,-1,0,0,0,0,0,0,0,0
1,2,20,7,1076651027,2829356,0,0,32215794000,32215973000,-1,0,0,0,41943520,0,0,1280,3065053184
1,2,20,7,25602,0,0,0,32215975000,32215978000,-1,0,0,0,0,0,0,0,0
1,2,20,7,25607,0,0,0,32215980000,32222699000,-1,0,0,0,0,0,0,0,0
0,1,20,15,2,0,15,0,32227467000,32227626000,-1,0,0,0,0,0,0,0,0
1,1,20,15,20483,0,0,0,32227632000,32227642000,-1,0,0,0,0,0,0,0,0
1,1,20,15,1088704512,3066196212,0,0,32227644000,32227651000,-1,3066200064,3064438784,0,16777440,41943520,0,1,0
1,1,20,15,2147766273,0,0,0,32227693000,32227796000,-1,0,0,0,0,0,0,0,0
1,1,20,15,2147766276,3000,0,0,32227798000,32229672000,-1,0,0,0,0,0,0,0,0
1,1,20,15,2147766277,3064434148,0,0,32229674000,32229677000,6,0,0,0,0,0,0,0,0
1,1,20,15,20483,0,0,0,32229679000,32229681000,-1,0,0,0,0,0,0,0,0
2,1,20,15,0,0,0,0,32229683000,32229773000,-1,0,0,0,0,0,0,0,0
1,2,20,7,1076651027,2829312,0,0,32229780000,32229959000,-1,0,0,0,41943520,0,0,1280,3064438784
1,2,20,7,25602,0,0,0,32229961000,32229964000,-1,0,0,0,0,0,0,0,0
1,2,20,7,25607,0,0,0,32229965000,32239356000,-1,0,0,0,0,0,0,0,0
0,1,20,15,2,0,15,0,32241512000,32241671000,-1,0,0,0,0,0,0,0,0
1,1,20,15,20483,0,0,0,32241676000,32241685000,-1,0,0,0,0,0,0,0,0
1,1,20,15,1088704512,3066196212,0,0,32241687000,32241693000,-1,3066200064,3065053184,0,16777440,41943520,0,1,0
1,1,20,15,2147766273,0,0,0,32241695000,32241825000,-1,0,0,0,0,0,0,0,0
1,1,20,15,2147766276,3000,0,0,32241828000,32243694000,-1,0,0,0,0,0,0,0,0
1,1,20,15,2147766277,3064434148,0,0,32243698000,32243702000,6,0,0,0,0,0,0,0,0
1,1,20,15,20483,0,0,0,32243703000,32243706000,-1,0,0,0,0,0,0,0,0
2,1,20,15,0,0,0,0,32243708000,32243802000,-1,0,0,0,0,0,0,0,0
1,2,20,7,1076651027,2829356,0,0,32243810000,32243990000,-1,0,0,0,41943520,0,0,1280,3065053184
1,2,20,7,25602,0,0,0,32243991000,32243995000,-1,0,0,0,0,0,0,0,0
1,2,20,7,25607,0,0,0,32243996000,32256018000,-1,0,0,0,0,0,0,0,0
0,1,20,15,2,0,15,0,32263416000,32263577000,-1,0,0,0,0,0,0,0,0
1,1,20,15,20483,0,0,0,32263584000,32263595000,-1,0,0,0,0,0,0,0,0
1,1,20,15,1088704512,3066196212,0,0,32263597000,32263603000,-1,3066200064,3064438784,0,16777440,41943520,0,1,0
1,1,20,15,2147766273,0,0,0,32263604000,32263702000,-1,0,0,0,0,0,0,0,0
1,1,20,15,2147766276,3000,0,0,32263705000,32265578000,-1,0,0,0,0,0,0,0,0
1,1,20,15,2147766277,3064434148,0,0,32265581000,32265585000,6,0,0,0,0,0,0,0,0
1,1,20,15,20483,0,0,0,32265586000,32265590000,-1,0,0,0,0,0,0,0,0
2,1,20,15,0,0,0,0,32265592000,32265686000,-1,0,0,0,0,0,0,0,0
1,2,20,7,1076651027,2829312,0,0,32265694000,32265898000,-1,0,0,0,41943520,0,0,1280,3064438784
1,2,20,7,25602,0,0,0,32265899000,32265903000,-1,0,0,0,0,0,0,0,0
1,2,20,7,25607,0,0,0,32265904000,32272676000,-1,0,0,0,0,0,0,0,0
0,1,20,15,2,0,15,0,32283353000,32283514000,-1,0,0,0,0,0,0,0,0
1,1,20,15,20483,0,0,0,32283520000,32283529000,-1,0,0,0,0,0,0,0,0
1,1,20,15,1088704512,3066196212,0,0,32283531000,32283537000,-1,3066200064,3065053184,0,16777440,41943520,0,1,0
1,1,20,15,2147766273,0,0,0,32283538000,32283634000,-1,0,0,0,0,0,0,0,0
1,1,20,15,2147766276,3000,0,0,32283636000,32285509000,-1,0,0,0,0,0,0,0,0
1,1,20,15,2147766277,3064434148,0,0,32285511000,32285514000,6,0,0,0,0,0,0,0,0
1,1,20,15,20483,0,0,0,32285516000,32285518000,-1,0,0,0,0,0,0,0,0
2,1,20,15,0,0,0,0,32285520000,32285611000,-1,0,0,0,0,0,0,0,0
1,2,20,7,1076651027,2829356,0,0,32285618000,32285798000,-1,0,0,0,41943520,0,0,1280,3065053184
1,2,20,7,25602,0,0,0,32285800000,32285804000,-1,0,0,0,0,0,0,0,0
1,2,20,7,25607,0,0,0,32285805000,32289326000,-1,0,0,0,0,0,0,0,0
0,1,20,15,2,0,15,0,32297336000,32297501000,-1,0,0,0,0,0,0,0,0
1,1,20,15,20483,0,0,0,32297507000,32297517000,-1,0,0,0,0,0,0,0,0
1,1,20,15,1088704512,3066196212,0,0,32297519000,32297525000,-1,3066200064,3064438784,0,16777440,41943520,0,1,0
1,1,20,15,2147766273,0,0,0,32297527000,32297630000,-1,0,0,0,0,0,0,0,0
1,1,20,15,2147766276,3000,0,0,32297632000,32299501000,-1,0,0,0,0,0,0,0,0
1,1,20,15,2147766277,3064434148,0,0,32299504000,32299508000,6,0,0,0,0,0,0,0,0
1,1,20,15,20483,0,0,0,32299544000,32299549000,-1,0,0,0,0,0,0,0,0
2,1,20,15,0,0,0,0,32299550000,32299652000,-1,0,0,0,0,0,0,0,0
1,2,20,7,1076651027,2829312,0,0,32299661000,32299840000,-1,0,0,0,41943520,0,0,1280,3064438784
1,2,20,7,25602,0,0,0,32299841000,32299845000,-1,0,0,0,0,0,0,0,0
1,2,20,7,25607,0,0,0,32299847000,32305988000,-1,0,0,0,0,0,0,0,0
0,1,20,15,2,0,15,0,32313399000,32313558000,-1,0,0,0,0,0,0,0,0
1,1,20,15,20483,0,0,0,32313564000,32313574000,-1,0,0,0,0,0,0,0,0
1,1,20,15,1088704512,3066196212,0,0,32313576000,32313583000,-1,3066200064,3065053184,0,16777440,41943520,0,1,0
1,1,20,15,2147766273,0,0,0,32313584000,32313682000,-1,0,0,0,0,0,0,0,0
1,1,20,15,2147766276,3000,0,0,32313684000,32315551000,-1,0,0,0,0,0,0,0,0
1,1,20,15,2147766277,3064434148,0,0,32315554000,32315557000,6,0,0,0,0,0,0,0,0
1,1,20,15,20483,0,0,0,32315558000,32315561000,-1,0,0,0,0,0,0,0,0
2,1,20,15,0,0,0,0,32315563000,32315659000,-1,0,0,0,0,0,0,0,0
1,2,20,7,1076651027,2829356,0,0,32315667000,32315849000,-1,0,0,0,41943520,0,0,1280,3065053184
1,2,20,7,25602,0,0,0,32315850000,32315854000,-1,0,0,0,0,0,0,0,0
1,2,20,7,25607,0,0,0,32315855000,32322643000,-1,0,0,0,0,0,0,0,0
0,1,20,15,2,0,15,0,32333462000,32333622000,-1,0,0,0,0,0,0,0,0
1,1,20,15,20483,0,0,0,32333629000,32333640000,-1,0,0,0,0,0,0,0,0
1,1,20,15,1088704512,3066196212,0,0,32333642000,32333648000,-1,3066200064,3064438784,0,16777440,41943520,0,1,0
1,1,20,15,2147766273,0,0,0,32333650000,32333748000,-1,0,0,0,0,0,0,0,0
1,1,20,15,2147766276,3000,0,0,32333750000,32335621000,-1,0,0,0,0,0,0,0,0
1,1,20,15,2147766277,3064434148,0,0,32335623000,32335626000,6,0,0,0,0,0,0,0,0
1,1,20,15,20483,0,0,0,32335627000,32335630000,-1,0,0,0,0,0,0,0,0
2,1,20,15,0,0,0,0,32335631000,32335718000,-1,0,0,0,0,0,0,0,0
1,2,20,7,1076651027,2829312,0,0,32335726000,32335904000,-1,0,0,0,41943520,0,0,1280,3064438784
1,2,20,7,25602,0,0,0,32335906000,32335910000,-1,0,0,0,0,0,0,0,0
1,2,20,7,25607,0,0,0,32335911000,32339297000,-1,0,0,0,0,0,0,0,0
0,1,20,15,2,0,15,0,32347377000,32347531000,-1,0,0,0,0,0,0,0,0
1,1,20,15,20483,0,0,0,32347537000,32347547000,-1,0,0,0,0,0,0,0,0
1,1,20,15,1088704512,3066196212,0,0,32347549000,32347555000,-1,3066200064,3065053184,0,16777440,41943520,0,1,0
1,1,20,15,2147766273,0,0,0,32347557000,32347648000,-1,0,0,0,0,0,0,0,0
1,1,20,15,2147766276,3000,0,0,32347650000,32349523000,-1,0,0,0,0,0,0,0,0
1,1,20,15,2147766277,3064434148,0,0,32349525000,32349528000,6,0,0,0,0,0,0,0,0
1,1,20,15,20483,0,0,0,32349529000,32349531000,-1,0,0,0,0,0,0,0,0
2,1,20,15,0,0,0,0,32349533000,32349621000,-1,0,0,0,0,0,0,0,0
1,2,20,7,1076651027,2829356,0,0,32349628000,32349808000,-1,0,0,0,41943520,0,0,1280,3065053184
1,2,20,7,25602,0,0,0,32349809000,32349813000,-1,0,0,0,0,0,0,0,0
1,2,20,7,25607,0,0,0,32349814000,32355955000,-1,0,0,0,0,0,0,0,0
0,1,20,15,2,0,15,0,32361336000,32361494000,-1,0,0,0,0,0,0,0,0
1,1,20,15,20483,0,0,0,32361500000,32361511000,-1,0,0,0,0,0,0,0,0
1,1,20,15,1088704512,3066196212,0,0,32361513000,32361520000,-1,3066200064,3064438784,0,16777440,41943520,0,1,0
1,1,20,15,2147766273,0,0,0,32361521000,32361614000,-1,0,0,0,0,0,0,0,0
1,1,20,15,2147766276,3000,0,0,32361616000,32363480000,-1,0,0,0,0,0,0,0,0
1,1,20,15,2147766277,3064434148,0,0,32363485000,32363488000,6,0,0,0,0,0,0,0,0
1,1,20,15,20483,0,0,0,32363489000,32363492000,-1,0,0,0,0,0,0,0,0
2,1,20,15,0,0,0,0,32363494000,32363587000,-1,0,0,0,0,0,0,0,0
1,2,20,7,1076651027,2829312,0,0,32363634000,32363814000,-1,0,0,0,41943520,0,0,1280,3064438784
1,2,20,7,25602,0,0,0,32363815000,32363819000,-1,0,0,0,0,0,0,0,0
1,2,20,7,25607,0,0,0,32363820000,32372621000,-1,0,0,0,0,0,0,0,0
0,1,20,15,2,0,15,0,32385088000,32385254000,-1,0,0,0,0,0,0,0,0
1,1,20,15,20483,0,0,0,32385259000,32385269000,-1,0,0,0,0,0,0,0,0
1,1,20,15,1088704512,3066196212,0,0,32385271000,32385278000,-1,3066200064,3065053184,0,16777440,41943520,0,1,0
1,1,20,15,2147766273,0,0,0,32385279000,32385379000,-1,0,0,0,0,0,0,0,0
1,1,20,15,2147766276,3000,0,0,32385381000,32387245000,-1,0,0,0,0,0,0,0,0
1,1,20,15,2147766277,3064434148,0,0,32387247000,32387251000,6,0,0,0,0,0,0,0,0
1,1,20,15,20483,0,0,0,32387252000,32387255000,-1,0,0,0,0,0,0,0,0
2,1,20,15,0,0,0,0,32387257000,32387351000,-1,0,0,0,0,0,0,0,0
1,2,20,7,1076651027,2829356,0,0,32387359000,32387539000,-1,0,0,0,41943520,0,0,1280,3065053184
1,2,20,7,25602,0,0,0,32387541000,32387544000,-1,0,0,0,0,0,0,0,0
1,2,20,7,25607,0,0,0,32387546000,32389270000,-1,0,0,0,0,0,0,0,0
0,1,20,15,2,0,15,0,32399037000,32399201000,-1,0,0,0,0,0,0,0,0
1,1,20,15,20483,0,0,0,32399208000,32399218000,-1,0,0,0,0,0,0,0,0
1,1,20,15,1088704512,3066196212,0,0,32399220000,32399226000,-1,3066200064,3064438784,0,16777440,41943520,0,1,0
1,1,20,15,2147766273,0,0,0,32399228000,32399328000,-1,0,0,0,0,0,0,0,0
1,1,20,15,2147766276,3000,0,0,32399329000,32401202000,-1,0,0,0,0,0,0,0,0
1,1,20,15,2147766277,3064434148,0,0,32401205000,32401209000,6,0,0,0,0,0,0,0,0
1,1,20,15,20483,0,0,0,32401210000,32401213000,-1,0,0,0,0,0,0,0,0
2,1,20,15,0,0,0,0,32401215000,32401308000,-1,0,0,0,0,0,0,0,0
1,2,20,7,1076651027,2829312,0,0,32401315000,32401497000,-1,0,0,0,41943520,0,0,1280,3064438784
1,2,20,7,25602,0,0,0,32401498000,32401502000,-1,0,0,0,0,0,0,0,0
1,2,20,7,25607,0,0,0,32401503000,32405926000,-1,0,0,0,0,0,0,0,0
0,1,20,15,2,0,15,0,32413038000,32413203000,-1,0,0,0,0,0,0,0,0
1,1,20,15,20483,0,0,0,32413210000,32413221000,-1,0,0,0,0,0,0,0,0
1,1,20,15,1088704512,3066196212,0,0,32413224000,32413231000,-1,3066200064,3065053184,0,16777440,41943520,0,1,0
1,1,20,15,2147766273,0,0,0,32413233000,32413337000,-1,0,0,0,0,0,0,0,0
1,1,20,15,2147766276,3000,0,0,32413339000,32415211000,-1,0,0,0,0,0,0,0,0
1,1,20,15,2147766277,3064434148,0,0,32415214000,32415217000,6,0,0,0,0,0,0,0,0
1,1,20,15,20483,0,0,0,32415218000,32415221000,-1,0,0,0,0,0,0,0,0
2,1,20,15,0,0,0,0,32415223000,32415313000,-1,0,0,0,0,0,0,0,0
1,2,20,7,1076651027,2829356,0,0,32415319000,32415497000,-1,0,0,0,41943520,0,0,1280,3065053184
1,2,20,7,25602,0,0,0,32415499000,32415503000,-1,0,0,0,0,0,0,0,0
1,2,20,7,25607,0,0,0,32415504000,32422585000,-1,0,0,0,0,0,0,0,0
0,1,20,15,2,0,15,0,32426980000,32427141000,-1,0,0,0,0,0,0,0,0
1,1,20,15,20483,0,0,0,32427147000,32427157000,-1,0,0,0,0,0,0,0,0
1,1,20,15,1088704512,3066196212,0,0,32427159000,32427165000,-1,3066200064,3064438784,0,16777440,41943520,0,1,0
1,1,20,15,2147766273,0,0,0,32427167000,32427266000,-1,0,0,0,0,0,0,0,0
1,1,20,15,2147766276,3000,0,0,32427268000,32429143000,-1,0,0,0,0,0,0,0,0
1,1,20,15,2147766277,3064434148,0,0,32429146000,32429149000,6,0,0,0,0,0,0,0,0
1,1,20,15,20483,0,0,0,32429150000,32429153000,-1,0,0,0,0,0,0,0,0
2,1,20,15,0,0,0,0,32429155000,32429239000,-1,0,0,0,0,0,0,0,0
1,2,20,7,1076651027,2829312,0,0,32429246000,32429427000,-1,0,0,0,41943520,0,0,1280,3064438784
1,2,20,7,25602,0,0,0,32429429000,32429432000,-1,0,0,0,0,0,0,0,0
1,2,20,7,25607,0,0,0,32429433000,32439243000,-1,0,0,0,0,0,0,0,0
0,1,20,15,2,0,15,0,32441116000,32441282000,-1,0,0,0,0,0,0,0,0
1,1,20,15,20483,0,0,0,32441289000,32441300000,-1,0,0,0,0,0,0,0,0
1,1,20,15,1088704512,3066196212,0,0,32441302000,32441309000,-1,3066200064,3065053184,0,16777440,41943520,0,1,0
1,1,20,15,2147766273,0,0,0,32441311000,32441411000,-1,0,0,0,0,0,0,0,0
1,1,20,15,2147766276,3000,0,0,32441412000,32443278000,-1,0,0,0,0,0,0,0,0
1,1,20,15,2147766277,3064434148,0,0,32443282000,32443286000,6,0,0,0,0,0,0,0,0
1,1,20,15,20483,0,0,0,32443287000,32443290000,-1,0,0,0,0,0,0,0,0
2,1,20,15,0,0,0,0,32443292000,32443385000,-1,0,0,0,0,0,0,0,0
1,2,20,7,1076651027,2829356,0,0,32443394000,32443576000,-1,0,0,0,41943520,0,0,1280,3065053184
1,2,20,7,25602,0,0,0,32443577000,32443580000,-1,0,0,0,0,0,0,0,0
1,2,20,7,25607,0,0,0,32443581000,32455906000,-1,0,0,0,0,0,0,0,0
0,1,20,15,2,0,15,0,32463408000,32463568000,-1,0,0,0,0,0,0,0,0
1,1,20,15,20483,0,0,0,32463574000,32463584000,-1,0,0,0,0,0,0,0,0
1,1,20,15,1088704512,3066196212,0,0,32463587000,32463593000,-1,3066200064,3064438784,0,16777440,41943520,0,1,0
1,1,20,15,2147766273,0,0,0,32463596000,32463691000,-1,0,0,0,0,0,0,0,0
1,1,20,15,2147766276,3000,0,0,32463693000,32465571000,-1,0,0,0,0,0,0,0,0
1,1,20,15,2147766277,3064434148,0,0,32465574000,32465577000,6,0,0,0,0,0,0,0,0
1,1,20,15,20483,0,0,0,32465578000,32465581000,-1,0,0,0,0,0,0,0,0
2,1,20,15,0,0,0,0,32465583000,32465673000,-1,0,0,0,0,0,0,0,0
1,2,20,7,1076651027,2829312,0,0,32465681000,32465887000,-1,0,0,0,41943520,0,0,1280,3064438784
1,2,20,7,25602,0,0,0,32465889000,32465893000,-1,0,0,0,0,0,0,0,0
1,2,20,7,25607,0,0,0,32465894000,32472556000,-1,0,0,0,0,0,0,0,0
0,1,20,15,2,0,15,0,32483477000,32483642000,-1,0,0,0,0,0,0,0,0
1,1,20,15,20483,0,0,0,32483648000,32483658000,-1,0,0,0,0,0,0,0,0
1,1,20,15,1088704512,3066196212,0,0,32483660000,32483666000,-1,3066200064,3065053184,0,16777440,41943520,0,1,0
1,1,20,15,2147766273,0,0,0,32483668000,32483766000,-1,0,0,0,0,0,0,0,0
1,1,20,15,2147766276,3000,0,0,32483768000,32485638000,-1,0,0,0,0,0,0,0,0
1,1,20,15,2147766277,3064434148,0,0,32485641000,32485643000,6,0,0,0,0,0,0,0,0
1,1,20,15,20483,0,0,0,32485645000,32485647000,-1,0,0,0,0,0,0,0,0
2,1,20,15,0,0,0,0,32485649000,32485737000,-1,0,0,0,0,0,0,0,0
1,2,20,7,1076651027,2829356,0,0,32485745000,32485924000,-1,0,0,0,41943520,0,0,1280,3065053184
1,2,20,7,25602,0,0,0,32485926000,32485930000,-1,0,0,0,0,0,0,0,0
1,2,20,7,25607,0,0,0,32485931000,32489213000,-1,0,0,0,0,0,0,0,0
0,1,20,15,2,0,15,0,32497405000,32497560000,-1,0,0,0,0,0,0,0,0
1,1,20,15,20483,0,0,0,32497565000,32497576000,-1,0,0,0,0,0,0,0,0
1,1,20,15,1088704512,3066196212,0,0,32497578000,32497584000,-1,3066200064,3064438784,0,16777440,41943520,0,1,0
1,1,20,15,2147766273,0,0,0,32497586000,32497683000,-1,0,0,0,0,0,0,0,0
1,1,20,15,2147766276,3000,0,0,32497685000,32499552000,-1,0,0,0,0,0,0,0,0
1,1,20,15,2147766277,3064434148,0,0,32499555000,32499558000,6,0,0,0,0,0,0,0,0
1,1,20,15,20483,0,0,0,32499559000,32499563000,-1,0,0,0,0,0,0,0,0
2,1,20,15,0,0,0,0,32499565000,32499663000,-1,0,0,0,0,0,0,0,0
1,2,20,7,1076651027,2829312,0,0,32499672000,32499853000,-1,0,0,0,41943520,0,0,1280,3064438784
1,2,20,7,25602,0,0,0,32499854000,32499858000,-1,0,0,0,0,0,0,0,0
1,2,20,7,25607,0,0,0,32499859000,32505871000,-1,0,0,0,0,0,0,0,0
0,1,20,15,2,0,15,0,32513450000,32513616000,-1,0,0,0,0,0,0,0,0
1,1,20,15,20483,0,0,0,32513621000,32513631000,-1,0,0,0,0,0,0,0,0
1,1,20,15,1088704512,3066196212,0,0,32513672000,32513680000,-1,3066200064,3065053184,0,16777440,41943520,0,1,0
1,1,20,15,2147766273,0,0,0,32513681000,32513816000,-1,0,0,0,0,0,0,0,0
1,1,20,15,2147766276,3000,0,0,32513819000,32515684000,-1,0,0,0,0,0,0,0,0
1,1,20,15,2147766277,3064434148,0,0,32515687000,32515691000,6,0,0,0,0,0,0,0,0
1,1,20,15,20483,0,0,0,32515692000,32515695000,-1,0,0,0,0,0,0,0,0
2,1,20,15,0,0,0,0,32515697000,32515793000,-1,0,0,0,0,0,0,0,0
1,2,20,7,1076651027,2829356,0,0,32515801000,32515982000,-1,0,0,0,41943520,0,0,1280,3065053184
1,2,20,7,25602,0,0,0,32515983000,32515987000,-1,0,0,0,0,0,0,0,0
1,2,20,7,25607,0,0,0,32515989000,32522528000,-1,0,0,0,0,0,0,0,0
0,1,20,15,2,0,15,0,32533405000,32533574000,-1,0,0,0,0,0,0,0,0
1,1,20,15,20483,0,0,0,32533580000,32533591000,-1,0,0,0,0,0,0,0,0
1,1,20,15,1088704512,3066196212,0,0,32533593000,32533600000,-1,3066200064,3064438784,0,16777440,41943520,0,1,0
1,1,20,15,2147766273,0,0,0,32533601000,32533706000,-1,0,0,0,0,0,0,0,0
1,1,20,15,2147766276,3000,0,0,32533708000,32535581000,-1,0,0,0,0,0,0,0,0
1,1,20,15,2147766277,3064434148,0,0,32535583000,32535586000,6,0,0,0,0,0,0,0,0
1,1,20,15,20483,0,0,0,32535588000,32535590000,-1,0,0,0,0,0,0,0,0
2,1,20,15,0,0,0,0,32535592000,32535679000,-1,0,0,0,0,0,0,0,0
1,2,20,7,1076651027,2829312,0,0,32535687000,32535866000,-1,0,0,0,41943520,0,0,1280,3064438784
1,2,20,7,25602,0,0,0,32535867000,32535871000,-1,0,0,0,0,0,0,0,0
1,2,20,7,25607,0,0,0,32535872000,32539181000,-1,0,0,0,0,0,0,0,0
0,1,20,15,2,0,15,0,32547413000,32547569000,-1,0,0,0,0,0,0,0,0
1,1,20,15,20483,0,0,0,32547574000,32547585000,-1,0,0,0,0,0,0,0,0
1,1,20,15,1088704512,3066196212,0,0,32547587000,32547593000,-1,3066200064,3065053184,0,16777440,41943520,0,1,0
1,1,20,15,2147766273,0,0,0,32547595000,32547687000,-1,0,0,0,0,0,0,0,0
1,1,20,15,2147766276,3000,0,0,32547690000,32549562000,-1,0,0,0,0,0,0,0,0
1,1,20,15,2147766277,3064434148,0,0,32549565000,32549568000,6,0,0,0,0,0,0,0,0
1,1,20,15,20483,0,0,0,32549570000,32549572000,-1,0,0,0,0,0,0,0,0
2,1,20,15,0,0,0,0,32549574000,32549662000,-1,0,0,0,0,0,0,0,0
1,2,20,7,1076651027,2829356,0,0,32549669000,32549849000,-1,0,0,0,41943520,0,0,1280,3065053184
1,2,20,7,25602,0,0,0,32549851000,32549855000,-1,0,0,0,0,0,0,0,0
1,2,20,7,25607,0,0,0,32549856000,32555843000,-1,0,0,0,0,0,0,0,0
0,1,20,15,2,0,15,0,32561383000,32561543000,-1,0,0,0,0,0,0,0,0
1,1,20,15,20483,0,0,0,32561549000,32561558000,-1,0,0,0,0,0,0,0,0
1,1,20,15,1088704512,3066196212,0,0,32561560000,32561567000,-1,3066200064,3064438784,0,16777440,41943520,0,1,0
1,1,20,15,2147766273,0,0,0,32561569000,32561667000,-1,0,0,0,0,0,0,0,0
1,1,20,15,2147766276,3000,0,0,32561669000,32563537000,-1,0,0,0,0,0,0,0,0
1,1,20,15,2147766277,3064434148,0,0,32563540000,32563543000,6,0,0,0,0,0,0,0,0
1,1,20,15,20483,0,0,0,32563544000,32563547000,-1,0,0,0,0,0,0,0,0
2,1,20,15,0,0,0,0,32563549000,32563643000,-1,0,0,0,0,0,0,0,0
1,2,20,7,1076651027,2829312,0,0,32563651000,32563831000,-1,0,0,0,41943520,0,0,1280,3064438784
1,2,20,7,25602,0,0,0,32563833000,32563836000,-1,0,0,0,0,0,0,0,0
1,2,20,7,25607,0,0,0,32563838000,32572504000,-1,0,0,0,0,0,0,0,0
0,1,20,15,2,0,15,0,32585097000,32585263000,-1,0,0,0,0,0,0,0,0
1,1,20,15,20483,0,0,0,32585269000,32585280000,-1,0,0,0,0,0,0,0,0
1,1,20,15,1088704512,3066196212,0,0,32585282000,32585288000,-1,3066200064,3065053184,0,16777440,41943520,0,1,0
1,1,20,15,2147766273,0,0,0,32585290000,32585385000,-1,0,0,0,0,0,0,0,0
1,1,20,15,2147766276,3000,0,0,32585387000,32587253000,-1,0,0,0,0,0,0,0,0
1,1,20,15,2147766277,3064434148,0,0,32587291000,32587295000,6,0,0,0,0,0,0,0,0
1,1,20,15,20483,0,0,0,32587296000,32587299000,-1,0,0,0,0,0,0,0,0
2,1,20,15,0,0,0,0,32587301000,32587397000,-1,0,0,0,0,0,0,0,0
1,2,20,7,1076651027,2829356,0,0,32587405000,32587585000,-1,0,0,0,41943520,0,0,1280,3065053184
1,2,20,7,25602,0,0,0,32587587000,32587590000,-1,0,0,0,0,0,0,0,0
1,2,20,7,25607,0,0,0,32587591000,32589156000,-1,0,0,0,0,0,0,0,0
0,1,20,15,2,0,15,0,32599109000,32599265000,-1,0,0,0,0,0,0,0,0
1,1,20,15,20483,0,0,0,32599270000,32599281000,-1,0,0,0,0,0,0,0,0
1,1,20,15,1088704512,3066196212,0,0,32599283000,32599290000,-1,3066200064,3064438784,0,16777440,41943520,0,1,0
1,1,20,15,2147766273,0,0,0,32599292000,32599384000,-1,0,0,0,0,0,0,0,0
1,1,20,15,2147766276,3000,0,0,32599386000,32601258000,-1,0,0,0,0,0,0,0,0
1,1,20,15,2147766277,3064434148,0,0,32601261000,32601265000,6,0,0,0,0,0,0,0,0
1,1,20,15,20483,0,0,0,32601266000,32601269000,-1,0,0,0,0,0,0,0,0
2,1,20,15,0,0,0,0,32601271000,32601363000,-1,0,0,0,0,0,0,0,0
1,2,20,7,1076651027,2829312,0,0,32601371000,32601551000,-1,0,0,0,41943520,0,0,1280,3064438784
1,2,20,7,25602,0,0,0,32601553000,32601556000,-1,0,0,0,0,0,0,0,0
1,2,20,7,25607,0,0,0,32601558000,32605808000,-1,0,0,0,0,0,0,0,0
0,1,20,15,2,0,15,0,32613029000,32613189000,-1,0,0,0,0,0,0,0,0
1,1,20,15,20483,0,0,0,32613194000,32613203000,-1,0,0,0,0,0,0,0,0
1,1,20,15,1088704512,3066196212,0,0,32613205000,32613212000,-1,3066200064,3065053184,0,16777440,41943520,0,1,0
1,1,20,15,2147766273,0,0,0,32613213000,32613311000,-1,0,0,0,0,0,0,0,0
1,1,20,15,2147766276,3000,0,0,32613313000,32615188000,-1,0,0,0,0,0,0,0,0
1,1,20,15,2147766277,3064434148,0,0,32615191000,32615194000,6,0,0,0,0,0,0,0,0
1,1,20,15,20483,0,0,0,32615195000,32615198000,-1,0,0,0,0,0,0,0,0
2,1,20,15,0,0,0,0,32615200000,32615285000,-1,0,0,0,0,0,0,0,0
1,2,20,7,1076651027,2829356,0,0,32615294000,32615475000,-1,0,0,0,41943520,0,0,1280,3065053184
1,2,20,7,25602,0,0,0,32615476000,32615479000,-1,0,0,0,0,0,0,0,0
1,2,20,7,25607,0,0,0,32615481000,32622467000,-1,0,0,0,0,0,0,0,0
0,1,20,15,2,0,15,0,32626999000,32627162000,-1,0,0,0,0,0,0,0,0
1,1,20,15,20483,0,0,0,32627168000,32627178000,-1,0,0,0,0,0,0,0,0
1,1,20,15,1088704512,3066196212,0,0,32627181000,32627188000,-1,3066200064,3064438784,0,16777440,41943520,0,1,0
1,1,20,15,2147766273,0,0,0,32627189000,32627288000,-1,0,0,0,0,0,0,0,0
1,1,20,15,2147766276,3000,0,0,32627290000,32629167000,-1,0,0,0,0,0,0,0,0
1,1,20,15,2147766277,3064434148,0,0,32629169000,32629173000,6,0,0,0,0,0,0,0,0
1,1,20,15,20483,0,0,0,32629174000,32629177000,-1,0,0,0,0,0,0,0,0
2,1,20,15,0,0,0,0,32629179000,32629272000,-1,0,0,0,0,0,0,0,0
1,2,20,7,1076651027,2829312,0,0,32629280000,32629460000,-1,0,0,0,41943520,0,0,1280,3064438784
1,2,20,7,25602,0,0,0,32629462000,32629466000,-1,0,0,0,0,0,0,0,0
1,2,20,7,25607,0,0,0,32629467000,32639128000,-1,0,0,0,0,0,0,0,0
0,1,20,15,2,0,15,0,32653365000,32653530000,-1,0,0,0,0,0,0,0,0
1,1,20,15,20483,0,0,0,32653536000,32653548000,-1,0,0,0,0,0,0,0,0
1,1,20,15,1088704512,3066196212,0,0,32653550000,32653556000,-1,3066200064,3065053184,0,16777440,41943520,0,1,0
1,1,20,15,2147766273,0,0,0,32653558000,32653656000,-1,0,0,0,0,0,0,0,0
1,1,20,15,2147766276,3000,0,0,32653658000,32655532000,-1,0,0,0,0,0,0,0,0
1,1,20,15,2147766277,3064434148,0,0,32655535000,32655537000,6,0,0,0,0,0,0,0,0
1,1,20,15,20483,0,0,0,32655538000,32655541000,-1,0,0,0,0,0,0,0,0
2,1,20,15,0,0,0,0,32655579000,32655672000,-1,0,0,0,0,0,0,0,0
1,2,20,7,1076651027,2829356,0,0,32655681000,32655861000,-1,0,0,0,41943520,0,0,1280,3065053184
1,2,20,7,25602,0,0,0,32655863000,32655867000,-1,0,0,0,0,0,0,0,0
1,2,20,7,25607,0,0,0,32655868000,32672467000,-1,0,0,0,0,0,0,0,0
0,1,20,15,2,0,15,0,32672485000,32672629000,-1,0,0,0,0,0,0,0,0
1,1,20,15,20483,0,0,0,32672634000,32672642000,-1,0,0,0,0,0,0,0,0
1,1,20,15,1088704512,3066196212,0,0,32672644000,32672650000,-1,3066200064,3064438784,0,16777440,41943520,0,1,0
1,1,20,15,2147766273,0,0,0,32672651000,32672736000,-1,0,0,0,0,0,0,0,0
1,1,20,15,2147766276,3000,0,0,32672738000,32674601000,-1,0,0,0,0,0,0,0,0
1,1,20,15,2147766277,3064434148,0,0,32674604000,32674607000,6,0,0,0,0,0,0,0,0
1,1,20,15,20483,0,0,0,32674608000,32674610000,-1,0,0,0,0,0,0,0,0
2,1,20,15,0,0,0,0,32674613000,32674700000,-1,0,0,0,0,0,0,0,0
1,2,20,7,1076651027,2829312,0,0,32674708000,32674887000,-1,0,0,0,41943520,0,0,1280,3064438784
1,2,20,7,25602,0,0,0,32674889000,32674892000,-1,0,0,0,0,0,0,0,0
1,2,20,7,25607,0,0,0,32674893000,32689114000,-1,0,0,0,0,0,0,0,0
0,1,20,15,2,0,15,0,32689137000,32689278000,-1,0,0,0,0,0,0,0,0
1,1,20,15,20483,0,0,0,32689282000,32689290000,-1,0,0,0,0,0,0,0,0
1,1,20,15,1088704512,3066196212,0,0,32689292000,32689298000,-1,3066200064,3065053184,0,16777440,41943520,0,1,0
1,1,20,15,2147766273,0,0,0,32689300000,32689386000,-1,0,0,0,0,0,0,0,0
1,1,20,15,2147766276,3000,0,0,32689387000,32691254000,-1,0,0,0,0,0,0,0,0
1,1,20,15,2147766277,3064434148,0,0,32691257000,32691260000,6,0,0,0,0,0,0,0,0
1,1,20,15,20483,0,0,0,32691262000,32691264000,-1,0,0,0,0,0,0,0,0
2,1,20,15,0,0,0,0,32691266000,32691366000,-1,0,0,0,0,0,0,0,0
1,2,20,7,1076651027,2829356,0,0,32691374000,32691555000,-1,0,0,0,41943520,0,0,1280,3065053184
1,2,20,7,25602,0,0,0,32691557000,32691560000,-1,0,0,0,0,0,0,0,0
1,2,20,7,25607,0,0,0,32691562000,32705807000,-1,0,0,0,0,0,0,0,0
0,1,20,15,2,0,15,0,32705827000,32705975000,-1,0,0,0,0,0,0,0,0
1,1,20,15,20483,0,0,0,32705980000,32705987000,-1,0,0,0,0,0,0,0,0
1,1,20,15,1088704512,3066196212,0,0,32705989000,32705995000,-1,3066200064,3064438784,0,16777440,41943520,0,1,0
1,1,20,15,2147766273,0,0,0,32705997000,32706092000,-1,0,0,0,0,0,0,0,0
1,1,20,15,2147766276,3000,0,0,32706094000,32707959000,-1,0,0,0,0,0,0,0,0
1,1,20,15,2147766277,3064434148,0,0,32707961000,32707965000,6,0,0,0,0,0,0,0,0
1,1,20,15,20483,0,0,0,32707966000,32707969000,-1,0,0,0,0,0,0,0,0
2,1,20,15,0,0,0,0,32707971000,32708056000,-1,0,0,0,0,0,0,0,0
1,2,20,7,1076651027,2829312,0,0,32708063000,32708241000,-1,0,0,0,41943520,0,0,1280,3064438784
1,2,20,7,25602,0,0,0,32708242000,32708245000,-1,0,0,0,0,0,0,0,0
1,2,20,7,25607,0,0,0,32708246000,32722434000,-1,0,0,0,0,0,0,0,0
0,1,20,15,2,0,15,0,32722452000,32722599000,-1,0,0,0,0,0,0,0,0
1,1,20,15,20483,0,0,0,32722603000,32722611000,-1,0,0,0,0,0,0,0,0
1,1,20,15,1088704512,3066196212,0,0,32722613000,32722619000,-1,3066200064,3065053184,0,16777440,41943520,0,1,0
1,1,20,15,2147766273,0,0,0,32722621000,32722711000,-1,0,0,0,0,0,0,0,0
1,1,20,15,2147766276,3000,0,0,32722713000,32724578000,-1,0,0,0,0,0,0,0,0
1,1,20,15,2147766277,3064434148,0,0,32724581000,32724585000,6,0,0,0,0,0,0,0,0
1,1,20,15,20483,0,0,0,32724586000,32724588000,-1,0,0,0,0,0,0,0,0
2,1,20,15,0,0,0,0,32724590000,32724671000,-1,0,0,0,0,0,0,0,0
1,2,20,7,1076651027,2829356,0,0,32724678000,32724858000,-1,0,0,0,41943520,0,0,1280,3065053184
1,2,20,7,25602,0,0,0,32724859000,32724862000,-1,0,0,0,0,0,0,0,0
1,2,20,7,25607,0,0,0,32724898000,32739090000,-1,0,0,0,0,0,0,0,0
0,1,20,15,2,0,15,0,32739110000,32739255000,-1,0,0,0,0,0,0,0,0
1,1,20,15,20483,0,0,0,32739260000,32739268000,-1,0,0,0,0,0,0,0,0
1,1,20,15,1088704512,3066196212,0,0,32739270000,32739276000,-1,3066200064,3064438784,0,16777440,41943520,0,1,0
1,1,20,15,2147766273,0,0,0,32739278000,32739369000,-1,0,0,0,0,0,0,0,0
1,1,20,15,2147766276,3000,0,0,32739370000,32741230000,-1,0,0,0,0,0,0,0,0
1,1,20,15,2147766277,3064434148,0,0,32741233000,32741237000,6,0,0,0,0,0,0,0,0
1,1,20,15,20483,0,0,0,32741238000,32741241000,-1,0,0,0,0,0,0,0,0
2,1,20,15,0,0,0,0,32741243000,32741335000,-1,0,0,0,0,0,0,0,0
1,2,20,7,1076651027,2829312,0,0,32741344000,32741524000,-1,0,0,0,41943520,0,0,1280,3064438784
1,2,20,7,25602,0,0,0,32741526000,32741529000,-1,0,0,0,0,0,0,0,0
1,2,20,7,25607,0,0,0,32741530000,32755733000,-1,0,0,0,0,0,0,0,0
0,1,20,15,2,0,15,0,32755751000,32755889000,-1,0,0,0,0,0,0,0,0
1,1,20,15,20483,0,0,0,32755893000,32755900000,-1,0,0,0,0,0,0,0,0
1,1,20,15,1088704512,3066196212,0,0,32755902000,32755907000,-1,3066200064,3065053184,0,16777440,41943520,0,1,0
1,1,20,15,2147766273,0,0,0,32755909000,32755996000,-1,0,0,0,0,0,0,0,0
1,1,20,15,2147766276,3000,0,0,32755998000,32757863000,-1,0,0,0,0,0,0,0,0
1,1,20,15,2147766277,3064434148,0,0,32757866000,32757869000,6,0,0,0,0,0,0,0,0
1,1,20,15,20483,0,0,0,32757870000,32757873000,-1,0,0,0,0,0,0,0,0
2,1,20,15,0,0,0,0,32757875000,32757955000,-1,0,0,0,0,0,0,0,0
1,2,20,7,1076651027,2829356,0,0,32757962000,32758140000,-1,0,0,0,41943520,0,0,1280,3065053184
1,2,20,7,25602,0,0,0,32758141000,32758144000,-1,0,0,0,0,0,0,0,0
1,2,20,7,25607,0,0,0,32758146000,32772390000,-1,0,0,0,0,0,0,0,0
0,1,20,15,2,0,15,0,32772409000,32772555000,-1,0,0,0,0,0,0,0,0
1,1,20,15,20483,0,0,0,32772560000,32772567000,-1,0,0,0,0,0,0,0,0
1,1,20,15,1088704512,3066196212,0,0,32772569000,32772575000,-1,3066200064,3064438784,0,16777440,41943520,0,1,0
1,1,20,15,2147766273,0,0,0,32772577000,32772665000,-1,0,0,0,0,0,0,0,0
1,1,20,15,2147766276,3000,0,0,32772666000,32774530000,-1,0,0,0,0,0,0,0,0
1,1,20,15,2147766277,3064434148,0,0,32774533000,32774536000,6,0,0,0,0,0,0,0,0
1,1,20,15,20483,0,0,0,32774537000,32774540000,-1,0,0,0,0,0,0,0,0
2,1,20,15,0,0,0,0,32774542000,32774624000,-1,0,0,0,0,0,0,0,0
1,2,20,7,1076651027,2829312,0,0,32774631000,32774811000,-1,0,0,0,41943520,0,0,1280,3064438784
1,2,20,7,25602,0,0,0,32774812000,32774816000,-1,0,0,0,0,0,0,0,0
1,2,20,7,25607,0,0,0,32774817000,32789047000,-1,0,0,0,0,0,0,0,0
0,1,20,15,2,0,15,0,32789065000,32789215000,-1,0,0,0,0,0,0,0,0
1,1,20,15,20483,0,0,0,32789219000,32789227000,-1,0,0,0,0,0,0,0,0
1,1,20,15,1088704512,3066196212,0,0,32789229000,32789235000,-1,3066200064,3065053184,0,16777440,41943520,0,1,0
1,1,20,15,2147766273,0,0,0,32789236000,32789329000,-1,0,0,0,0,0,0,0,0
1,1,20,15,2147766276,3000,0,0,32789331000,32791761000,-1,0,0,0,0,0,0,0,0
1,1,20,15,2147766277,3064434148,0,0,32791765000,32791769000,6,0,0,0,0,0,0,0,0
1,1,20,15,20483,0,0,0,32791770000,32791773000,-1,0,0,0,0,0,0,0,0
2,1,20,15,0,0,0,0,32791776000,32791878000,-1,0,0,0,0,0,0,0,0
1,2,20,7,1076651027,2829356,0,0,32791888000,32792067000,-1,0,0,0,41943520,0,0,1280,3065053184
1,2,20,7,25602,0,0,0,32792069000,32792072000,-1,0,0,0,0,0,0,0,0
1,2,20,7,25607,0,0,0,32792073000,32805704000,-1,0,0,0,0,0,0,0,0
0,1,20,15,2,0,15,0,32805722000,32805871000,-1,0,0,0,0,0,0,0,0
1,1,20,15,20483,0,0,0,32805911000,32805919000,-1,0,0,0,0,0,0,0,0
1,1,20,15,1088704512,3066196212,0,0,32805921000,32805927000,-1,3066200064,3064438784,0,16777440,41943520,0,1,0
1,1,20,15,2147766273,0,0,0,32805928000,32806025000,-1,0,0,0,0,0,0,0,0
1,1,20,15,2147766276,3000,0,0,32806026000,32807893000,-1,0,0,0,0,0,0,0,0
1,1,20,15,2147766277,3064434148,0,0,32807896000,32807899000,6,0,0,0,0,0,0,0,0
1,1,20,15,20483,0,0,0,32807901000,32807903000,-1,0,0,0,0,0,0,0,0
2,1,20,15,0,0,0,0,32807905000,32807991000,-1,0,0,0,0,0,0,0,0
1,2,20,7,1076651027,2829312,0,0,32807999000,32808179000,-1,0,0,0,41943520,0,0,1280,3064438784
1,2,20,7,25602,0,0,0,32808180000,32808183000,-1,0,0,0,0,0,0,0,0
1,2,20,7,25607,0,0,0,32808184000,32822368000,-1,0,0,0,0,0,0,0,0
0,1,20,15,2,0,15,0,32822384000,32822528000,-1,0,0,0,0,0,0,0,0
1,1,20,15,20483,0,0,0,32822531000,32822538000,-1,0,0,0,0,0,0,0,0
1,1,20,15,1088704512,3066196212,0,0,32822540000,32822546000,-1,3066200064,3065053184,0,16777440,41943520,0,1,0
1,1,20,15,2147766273,0,0,0,32822547000,32822638000,-1,0,0,0,0,0,0,0,0
1,1,20,15,2147766276,3000,0,0,32822639000,32824509000,-1,0,0,0,0,0,0,0,0
1,1,20,15,2147766277,3064434148,0,0,32824511000,32824515000,6,0,0,0,0,0,0,0,0
1,1,20,15,20483,0,0,0,32824516000,32824518000,-1,0,0,0,0,0,0,0,0
2,1,20,15,0,0,0,0,32824520000,32824603000,-1,0,0,0,0,0,0,0,0
1,2,20,7,1076651027,2829356,0,0,32824611000,32824791000,-1,0,0,0,41943520,0,0,1280,3065053184
1,2,20,7,25602,0,0,0,32824792000,32824796000,-1,0,0,0,0,0,0,0,0
1,2,20,7,25607,0,0,0,32824797000,32839036000,-1,0,0,0,0,0,0,0,0
0,1,20,15,2,0,15,0,32839059000,32839207000,-1,0,0,0,0,0,0,0,0
1,1,20,15,20483,0,0,0,32839212000,32839221000,-1,0,0,0,0,0,0,0,0
1,1,20,15,1088704512,3066196212,0,0,32839222000,32839228000,-1,3066200064,3064438784,0,16777440,41943520,0,1,0
1,1,20,15,2147766273,0,0,0,32839230000,32839324000,-1,0,0,0,0,0,0,0,0
1,1,20,15,2147766276,3000,0,0,32839326000,32841192000,-1,0,0,0,0,0,0,0,0
1,1,20,15,2147766277,3064434148,0,0,32841196000,32841199000,6,0,0,0,0,0,0,0,0
1,1,20,15,20483,0,0,0,32841201000,32841203000,-1,0,0,0,0,0,0,0,0
2,1,20,15,0,0,0,0,32841205000,32841305000,-1,0,0,0,0,0,0,0,0
1,2,20,7,1076651027,2829312,0,0,32841313000,32841492000,-1,0,0,0,41943520,0,0,1280,3064438784
1,2,20,7,25602,0,0,0,32841494000,32841498000,-1,0,0,0,0,0,0,0,0
1,2,20,7,25607,0,0,0,32841499000,32855704000,-1,0,0,0,0,0,0,0,0
0,1,20,15,2,0,15,0,32855723000,32855865000,-1,0,0,0,0,0,0,0,0
1,1,20,15,20483,0,0,0,32855869000,32855877000,-1,0,0,0,0,0,0,0,0
1,1,20,15,1088704512,3066196212,0,0,32855878000,32855884000,-1,3066200064,3065053184,0,16777440,41943520,0,1,0
1,1,20,15,2147766273,0,0,0,32855886000,32855977000,-1,0,0,0,0,0,0,0,0
1,1,20,15,2147766276,3000,0,0,32855980000,32857841000,-1,0,0,0,0,0,0,0,0
1,1,20,15,2147766277,3064434148,0,0,32857843000,32857846000,6,0,0,0,0,0,0,0,0
1,1,20,15,20483,0,0,0,32857847000,32857850000,-1,0,0,0,0,0,0,0,0
2,1,20,15,0,0,0,0,32857852000,32857937000,-1,0,0,0,0,0,0,0,0
1,2,20,7,1076651027,2829356,0,0,32857944000,32858123000,-1,0,0,0,41943520,0,0,1280,3065053184
1,2,20,7,25602,0,0,0,32858124000,32858128000,-1,0,0,0,0,0,0,0,0
1,2,20,7,25607,0,0,0,32858129000,32872339000,-1,0,0,0,0,0,0,0,0
0,1,20,15,2,0,15,0,32872358000,32872508000,-1,0,0,0,0,0,0,0,0
1,1,20,15,20483,0,0,0,32872512000,32872520000,-1,0,0,0,0,0,0,0,0
1,1,20,15,1088704512,3066196212,0,0,32872522000,32872528000,-1,3066200064,3064438784,0,16777440,41943520,0,1,0
1,1,20,15,2147766273,0,0,0,32872529000,32872622000,-1,0,0,0,0,0,0,0,0
1,1,20,15,2147766276,3000,0,0,32872667000,32874488000,-1,0,0,0,0,0,0,0,0
1,1,20,15,2147766277,3064434148,0,0,32874490000,32874494000,6,0,0,0,0,0,0,0,0
1,1,20,15,20483,0,0,0,32874495000,32874498000,-1,0,0,0,0,0,0,0,0
2,1,20,15,0,0,0,0,32874500000,32874590000,-1,0,0,0,0,0,0,0,0
1,2,20,7,1076651027,2829312,0,0,32874598000,32874778000,-1,0,0,0,41943520,0,0,1280,3064438784
1,2,20,7,25602,0,0,0,32874780000,32874783000,-1,0,0,0,0,0,0,0,0
1,2,20,7,25607,0,0,0,32874784000,32888999000,-1,0,0,0,0,0,0,0,0
0,1,20,15,2,0,15,0,32889021000,32889165000,-1,0,0,0,0,0,0,0,0
1,1,20,15,20483,0,0,0,32889168000,32889176000,-1,0,0,0,0,0,0,0,0
1,1,20,15,1088704512,3066196212,0,0,32889177000,32889183000,-1,3066200064,3065053184,0,16777440,41943520,0,1,0
1,1,20,15,2147766273,0,0,0,32889185000,32889271000,-1,0,0,0,0,0,0,0,0
1,1,20,15,2147766276,3000,0,0,32889273000,32891135000,-1,0,0,0,0,0,0,0,0
1,1,20,15,2147766277,3064434148,0,0,32891138000,32891142000,6,0,0,0,0,0,0,0,0
1,1,20,15,20483,0,0,0,32891143000,32891146000,-1,0,0,0,0,0,0,0,0
2,1,20,15,0,0,0,0,32891148000,32891256000,-1,0,0,0,0,0,0,0,0
1,2,20,7,1076651027,2829356,0,0,32891264000,32891445000,-1,0,0,0,41943520,0,0,1280,3065053184
1,2,20,7,25602,0,0,0,32891446000,32891450000,-1,0,0,0,0,0,0,0,0
1,2,20,7,25607,0,0,0,32891451000,32905670000,-1,0,0,0,0,0,0,0,0
0,1,20,15,2,0,15,0,32905689000,32905849000,-1,0,0,0,0,0,0,0,0
1,1,20,15,20483,0,0,0,32905853000,32905860000,-1,0,0,0,0,0,0,0,0
1,1,20,15,1088704512,3066196212,0,0,32905862000,32905867000,-1,3066200064,3064438784,0,16777440,41943520,0,1,0
1,1,20,15,2147766273,0,0,0,32905869000,32905956000,-1,0,0,0,0,0,0,0,0
1,1,20,15,2147766276,3000,0,0,32905959000,32907823000,-1,0,0,0,0,0,0,0,0
1,1,20,15,2147766277,3064434148,0,0,32907826000,32907829000,6,0,0,0,0,0,0,0,0
1,1,20,15,20483,0,0,0,32907830000,32907833000,-1,0,0,0,0,0,0,0,0
2,1,20,15,0,0,0,0,32907835000,32907917000,-1,0,0,0,0,0,0,0,0
1,2,20,7,1076651027,2829312,0,0,32907925000,32908105000,-1,0,0,0,41943520,0,0,1280,3064438784
1,2,20,7,25602,0,0,0,32908106000,32908110000,-1,0,0,0,0,0,0,0,0
1,2,20,7,25607,0,0,0,32908111000,32922302000,-1,0,0,0,0,0,0,0,0
0,1,20,15,2,0,15,0,32922322000,32922467000,-1,0,0,0,0,0,0,0,0
1,1,20,15,20483,0,0,0,32922471000,32922480000,-1,0,0,0,0,0,0,0,0
1,1,20,15,1088704512,3066196212,0,0,32922482000,32922487000,-1,3066200064,3065053184,0,16777440,41943520,0,1,0
1,1,20,15,2147766273,0,0,0,32922489000,32922575000,-1,0,0,0,0,0,0,0,0
1,1,20,15,2147766276,3000,0,0,32922577000,32924442000,-1,0,0,0,0,0,0,0,0
1,1,20,15,2147766277,3064434148,0,0,32924444000,32924447000,6,0,0,0,0,0,0,0,0
1,1,20,15,20483,0,0,0,32924448000,32924451000,-1,0,0,0,0,0,0,0,0
2,1,20,15,0,0,0,0,32924453000,32924535000,-1,0,0,0,0,0,0,0,0
1,2,20,7,1076651027,2829356,0,0,32924542000,32924721000,-1,0,0,0,41943520,0,0,1280,3065053184
1,2,20,7,25602,0,0,0,32924723000,32924726000,-1,0,0,0,0,0,0,0,0
1,2,20,7,25607,0,0,0,32924727000,32938975000,-1,0,0,0,0,0,0,0,0
0,1,20,15,2,0,15,0,32938995000,32939138000,-1,0,0,0,0,0,0,0,0
1,1,20,15,20483,0,0,0,32939142000,32939150000,-1,0,0,0,0,0,0,0,0
1,1,20,15,1088704512,3066196212,0,0,32939152000,32939158000,-1,3066200064,3064438784,0,16777440,41943520,0,1,0
1,1,20,15,2147766273,0,0,0,32939159000,32939252000,-1,0,0,0,0,0,0,0,0
1,1,20,15,2147766276,3000,0,0,32939254000,32941121000,-1,0,0,0,0,0,0,0,0
1,1,20,15,2147766277,3064434148,0,0,32941124000,32941128000,6,0,0,0,0,0,0,0,0
1,1,20,15,20483,0,0,0,32941129000,32941131000,-1,0,0,0,0,0,0,0,0
2,1,20,15,0,0,0,0,32941169000,32941266000,-1,0,0,0,0,0,0,0,0
1,2,20,7,1076651027,2829312,0,0,32941274000,32941455000,-1,0,0,0,41943520,0,0,1280,3064438784
1,2,20,7,25602,0,0,0,32941457000,32941460000,-1,0,0,0,0,0,0,0,0
1,2,20,7,25607,0,0,0,32941461000,32955616000,-1,0,0,0,0,0,0,0,0
0,1,20,15,2,0,15,0,32955634000,32955785000,-1,0,0,0,0,0,0,0,0
1,1,20,15,20483,0,0,0,32955789000,32955797000,-1,0,0,0,0,0,0,0,0
1,1,20,15,1088704512,3066196212,0,0,32955799000,32955804000,-1,3066200064,3065053184,0,16777440,41943520,0,1,0
1,1,20,15,2147766273,0,0,0,32955806000,32955895000,-1,0,0,0,0,0,0,0,0
1,1,20,15,2147766276,3000,0,0,32955898000,32957763000,-1,0,0,0,0,0,0,0,0
1,1,20,15,2147766277,3064434148,0,0,32957765000,32957768000,6,0,0,0,0,0,0,0,0
1,1,20,15,20483,0,0,0,32957769000,32957772000,-1,0,0,0,0,0,0,0,0
2,1,20,15,0,0,0,0,32957774000,32957856000,-1,0,0,0,0,0,0,0,0
1,2,20,7,1076651027,2829356,0,0,32957863000,32958042000,-1,0,0,0,41943520,0,0,1280,3065053184
1,2,20,7,25602,0,0,0,32958044000,32958047000,-1,0,0,0,0,0,0,0,0
1,2,20,7,25607,0,0,0,32958048000,32972291000,-1,0,0,0,0,0,0,0,0
0,1,20,15,2,0,15,0,32972308000,32972453000,-1,0,0,0,0,0,0,0,0
1,1,20,15,20483,0,0,0,32972457000,32972464000,-1,0,0,0,0,0,0,0,0
1,1,20,15,1088704512,3066196212,0,0,32972466000,32972472000,-1,3066200064,3064438784,0,16777440,41943520,0,1,0
1,1,20,15,2147766273,0,0,0,32972474000,32972565000,-1,0,0,0,0,0,0,0,0
1,1,20,15,2147766276,3000,0,0,32972568000,32974432000,-1,0,0,0,0,0,0,0,0
1,1,20,15,2147766277,3064434148,0,0,32974434000,32974437000,6,0,0,0,0,0,0,0,0
1,1,20,15,20483,0,0,0,32974439000,32974441000,-1,0,0,0,0,0,0,0,0
2,1,20,15,0,0,0,0,32974443000,32974525000,-1,0,0,0,0,0,0,0,0
1,2,20,7,1076651027,2829312,0,0,32974533000,32974712000,-1,0,0,0,41943520,0,0,1280,3064438784
1,2,20,7,25602,0,0,0,32974713000,32974717000,-1,0,0,0,0,0,0,0,0
1,2,20,7,25607,0,0,0,32974718000,32988930000,-1,0,0,0,0,0,0,0,0
0,1,20,15,2,0,15,0,32988948000,32989095000,-1,0,0,0,0,0,0,0,0
1,1,20,15,20483,0,0,0,32989099000,32989108000,-1,0,0,0,0,0,0,0,0
1,1,20,15,1088704512,3066196212,0,0,32989110000,32989116000,-1,3066200064,3065053184,0,16777440,41943520,0,1,0
1,1,20,15,2147766273,0,0,0,32989117000,32989204000,-1,0,0,0,0,0,0,0,0
1,1,20,15,2147766276,3000,0,0,32989206000,32991072000,-1,0,0,0,0,0,0,0,0
1,1,20,15,2147766277,3064434148,0,0,32991075000,32991079000,6,0,0,0,0,0,0,0,0
1,1,20,15,20483,0,0,0,32991081000,32991083000,-1,0,0,0,0,0,0,0,0
2,1,20,15,0,0,0,0,32991085000,32991173000,-1,0,0,0,0,0,0,0,0
1,2,20,7,1076651027,2829356,0,0,32991182000,32991361000,-1,0,0,0,41943520,0,0,1280,3065053184
1,2,20,7,25602,0,0,0,32991363000,32991365000,-1,0,0,0,0,0,0,0,0
1,2,20,7,25607,0,0,0,32991366000,33005593000,-1,0,0,0,0,0,0,0,0
0,1,20,15,2,0,15,0,33005610000,33005758000,-1,0,0,0,0,0,0,0,0
1,1,20,15,20483,0,0,0,33005762000,33005769000,-1,0,0,0,0,0,0,0,0
1,1,20,15,1088704512,3066196212,0,0,33005770000,33005776000,-1,3066200064,3064438784,0,16777440,41943520,0,1,0
1,1,20,15,2147766273,0,0,0,33005777000,33005862000,-1,0,0,0,0,0,0,0,0
1,1,20,15,2147766276,3000,0,0,33005864000,33007730000,-1,0,0,0,0,0,0,0,0
1,1,20,15,2147766277,3064434148,0,0,33007733000,33007736000,6,0,0,0,0,0,0,0,0
1,1,20,15,20483,0,0,0,33007737000,33007740000,-1,0,0,0,0,0,0,0,0
2,1,20,15,0,0,0,0,33007741000,33007822000,-1,0,0,0,0,0,0,0,0
1,2,20,7,1076651027,2829312,0,0,33007830000,33008008000,-1,0,0,0,41943520,0,0,1280,3064438784
1,2,20,7,25602,0,0,0,33008041000,33008046000,-1,0,0,0,0,0,0,0,0
1,2,20,7,25607,0,0,0,33008048000,33022251000,-1,0,0,0,0,0,0,0,0
0,1,20,15,2,0,15,0,33022269000,33022417000,-1,0,0,0,0,0,0,0,0
1,1,20,15,20483,0,0,0,33022421000,33022429000,-1,0,0,0,0,0,0,0,0
1,1,20,15,1088704512,3066196212,0,0,33022431000,33022436000,-1,3066200064,3065053184,0,16777440,41943520,0,1,0
1,1,20,15,2147766273,0,0,0,33022438000,33022527000,-1,0,0,0,0,0,0,0,0
1,1,20,15,2147766276,3000,0,0,33022529000,33024394000,-1,0,0,0,0,0,0,0,0
1,1,20,15,2147766277,3064434148,0,0,33024396000,33024400000,6,0,0,0,0,0,0,0,0
1,1,20,15,20483,0,0,0,33024401000,33024403000,-1,0,0,0,0,0,0,0,0
2,1,20,15,0,0,0,0,33024405000,33024489000,-1,0,0,0,0,0,0,0,0
1,2,20,7,1076651027,2829356,0,0,33024496000,33024674000,-1,0,0,0,41943520,0,0,1280,3065053184
1,2,20,7,25602,0,0,0,33024676000,33024679000,-1,0,0,0,0,0,0,0,0
1,2,20,7,25607,0,0,0,33024680000,33038920000,-1,0,0,0,0,0,0,0,0
0,1,20,15,2,0,15,0,33038944000,33039098000,-1,0,0,0,0,0,0,0,0
1,1,20,15,20483,0,0,0,33039103000,33039111000,-1,0,0,0,0,0,0,0,0
1,1,20,15,1088704512,3066196212,0,0,33039113000,33039118000,-1,3066200064,3064438784,0,16777440,41943520,0,1,0
1,1,20,15,2147766273,0,0,0,33039121000,33039215000,-1,0,0,0,0,0,0,0,0
1,1,20,15,2147766276,3000,0,0,33039217000,33041079000,-1,0,0,0,0,0,0,0,0
1,1,20,15,2147766277,3064434148,0,0,33041084000,33041088000,6,0,0,0,0,0,0,0,0
1,1,20,15,20483,0,0,0,33041089000,33041092000,-1,0,0,0,0,0,0,0,0
2,1,20,15,0,0,0,0,33041094000,33041202000,-1,0,0,0,0,0,0,0,0
1,2,20,7,1076651027,2829312,0,0,33041209000,33041390000,-1,0,0,0,41943520,0,0,1280,3064438784
1,2,20,7,25602,0,0,0,33041391000,33041395000,-1,0,0,0,0,0,0,0,0
1,2,20,7,25607,0,0,0,33041397000,33055592000,-1,0,0,0,0,0,0,0,0
0,1,20,15,2,0,15,0,33055610000,33055762000,-1,0,0,0,0,0,0,0,0
1,1,20,15,20483,0,0,0,33055767000,33055775000,-1,0,0,0,0,0,0,0,0
1,1,20,15,1088704512,3066196212,0,0,33055776000,33055782000,-1,3066200064,3065053184,0,16777440,41943520,0,1,0
1,1,20,15,2147766273,0,0,0,33055784000,33055884000,-1,0,0,0,0,0,0,0,0
1,1,20,15,2147766276,3000,0,0,33055885000,33057775000,-1,0,0,0,0,0,0,0,0
1,1,20,15,2147766277,3064434148,0,0,33057777000,33057780000,6,0,0,0,0,0,0,0,0
1,1,20,15,20483,0,0,0,33057782000,33057784000,-1,0,0,0,0,0,0,0,0
2,1,20,15,0,0,0,0,33057786000,33057874000,-1,0,0,0,0,0,0,0,0
1,2,20,7,1076651027,2829356,0,0,33057882000,33058061000,-1,0,0,0,41943520,0,0,1280,3065053184
1,2,20,7,25602,0,0,0,33058063000,33058067000,-1,0,0,0,0,0,0,0,0
1,2,20,7,25607,0,0,0,33058068000,33072217000,-1,0,0,0,0,0,0,0,0
0,1,20,15,2,0,15,0,33072234000,33072380000,-1,0,0,0,0,0,0,0,0
1,1,20,15,20483,0,0,0,33072384000,33072391000,-1,0,0,0,0,0,0,0,0
1,1,20,15,1088704512,3066196212,0,0,33072393000,33072398000,-1,3066200064,3064438784,0,16777440,41943520,0,1,0
1,1,20,15,2147766273,0,0,0,33072400000,33072491000,-1,0,0,0,0,0,0,0,0
1,1,20,15,2147766276,3000,0,0,33072492000,33074352000,-1,0,0,0,0,0,0,0,0
1,1,20,15,2147766277,3064434148,0,0,33074354000,33074357000,6,0,0,0,0,0,0,0,0
1,1,20,15,20483,0,0,0,33074359000,33074361000,-1,0,0,0,0,0,0,0,0
2,1,20,15,0,0,0,0,33074364000,33074448000,-1,0,0,0,0,0,0,0,0
1,2,20,7,1076651027,2829312,0,0,33074456000,33074636000,-1,0,0,0,41943520,0,0,1280,3064438784
1,2,20,7,25602,0,0,0,33074637000,33074640000,-1,0,0,0,0,0,0,0,0
1,2,20,7,25607,0,0,0,33074641000,33088888000,-1,0,0,0,0,0,0,0,0
0,1,20,15,2,0,15,0,33088911000,33089059000,-1,0,0,0,0,0,0,0,0
1,1,20,15,20483,0,0,0,33089099000,33089108000,-1,0,0,0,0,0,0,0,0
1,1,20,15,1088704512,3066196212,0,0,33089110000,33089116000,-1,3066200064,3065053184,0,16777440,41943520,0,1,0
1,1,20,15,2147766273,0,0,0,33089118000,33089215000,-1,0,0,0,0,0,0,0,0
1,1,20,15,2147766276,3000,0,0,33089217000,33091082000,-1,0,0,0,0,0,0,0,0
1,1,20,15,2147766277,3064434148,0,0,33091086000,33091090000,6,0,0,0,0,0,0,0,0
1,1,20,15,20483,0,0,0,33091092000,33091094000,-1,0,0,0,0,0,0,0,0
2,1,20,15,0,0,0,0,33091096000,33091208000,-1,0,0,0,0,0,0,0,0
1,2,20,7,1076651027,2829356,0,0,33091216000,33091396000,-1,0,0,0,41943520,0,0,1280,3065053184
1,2,20,7,25602,0,0,0,33091398000,33091402000,-1,0,0,0,0,0,0,0,0
1,2,20,7,25607,0,0,0,33091403000,33105559000,-1,0,0,0,0,0,0,0,0
0,1,20,15,2,0,15,0,33105579000,33105757000,-1,0,0,0,0,0,0,0,0
1,1,20,15,20483,0,0,0,33105762000,33105770000,-1,0,0,0,0,0,0,0,0
1,1,20,15,1088704512,3066196212,0,0,33105772000,33105778000,-1,3066200064,3064438784,0,16777440,41943520,0,1,0
1,1,20,15,2147766273,0,0,0,33105780000,33105874000,-1,0,0,0,0,0,0,0,0
1,1,20,15,2147766276,3000,0,0,33105876000,33107740000,-1,0,0,0,0,0,0,0,0
1,1,20,15,2147766277,3064434148,0,0,33107742000,33107745000,6,0,0,0,0,0,0,0,0
1,1,20,15,20483,0,0,0,33107746000,33107749000,-1,0,0,0,0,0,0,0,0
2,1,20,15,0,0,0,0,33107751000,33107836000,-1,0,0,0,0,0,0,0,0
1,2,20,7,1076651027,2829312,0,0,33107843000,33108022000,-1,0,0,0,41943520,0,0,1280,3064438784
1,2,20,7,25602,0,0,0,33108023000,33108027000,-1,0,0,0,0,0,0,0,0
1,2,20,7,25607,0,0,0,33108028000,33122202000,-1,0,0,0,0,0,0,0,0
0,1,20,15,2,0,15,0,33122222000,33122371000,-1,0,0,0,0,0,0,0,0
1,1,20,15,20483,0,0,0,33122375000,33122382000,-1,0,0,0,0,0,0,0,0
1,1,20,15,1088704512,3066196212,0,0,33122384000,33122390000,-1,3066200064,3065053184,0,16777440,41943520,0,1,0
1,1,20,15,2147766273,0,0,0,33122392000,33122483000,-1,0,0,0,0,0,0,0,0
1,1,20,15,2147766276,3000,0,0,33122485000,33124350000,-1,0,0,0,0,0,0,0,0
1,1,20,15,2147766277,3064434148,0,0,33124352000,33124355000,6,0,0,0,0,0,0,0,0
1,1,20,15,20483,0,0,0,33124356000,33124358000,-1,0,0,0,0,0,0,0,0
2,1,20,15,0,0,0,0,33124360000,33124442000,-1,0,0,0,0,0,0,0,0
1,2,20,7,1076651027,2829356,0,0,33124450000,33124629000,-1,0,0,0,41943520,0,0,1280,3065053184
1,2,20,7,25602,0,0,0,33124631000,33124634000,-1,0,0,0,0,0,0,0,0
1,2,20,7,25607,0,0,0,33124635000,33138859000,-1,0,0,0,0,0,0,0,0
0,1,20,15,2,0,15,0,33138878000,33139021000,-1,0,0,0,0,0,0,0,0
1,1,20,15,20483,0,0,0,33139025000,33139033000,-1,0,0,0,0,0,0,0,0
1,1,20,15,1088704512,3066196212,0,0,33139035000,33139041000,-1,3066200064,3064438784,0,16777440,41943520,0,1,0
1,1,20,15,2147766273,0,0,0,33139042000,33139128000,-1,0,0,0,0,0,0,0,0
1,1,20,15,2147766276,3000,0,0,33139130000,33140997000,-1,0,0,0,0,0,0,0,0
1,1,20,15,2147766277,3064434148,0,0,33140999000,33141002000,6,0,0,0,0,0,0,0,0
1,1,20,15,20483,0,0,0,33141004000,33141007000,-1,0,0,0,0,0,0,0,0
2,1,20,15,0,0,0,0,33141009000,33141099000,-1,0,0,0,0,0,0,0,0
1,2,20,7,1076651027,2829312,0,0,33141106000,33141286000,-1,0,0,0,41943520,0,0,1280,3064438784
1,2,20,7,25602,0,0,0,33141288000,33141291000,-1,0,0,0,0,0,0,0,0
1,2,20,7,25607,0,0,0,33141292000,33155501000,-1,0,0,0,0,0,0,0,0
0,1,20,15,2,0,15,0,33155519000,33155669000,-1,0,0,0,0,0,0,0,0
1,1,20,15,20483,0,0,0,33155673000,33155681000,-1,0,0,0,0,0,0,0,0
1,1,20,15,1088704512,3066196212,0,0,33155682000,33155687000,-1,3066200064,3065053184,0,16777440,41943520,0,1,0
1,1,20,15,2147766273,0,0,0,33155725000,33155818000,-1,0,0,0,0,0,0,0,0
1,1,20,15,2147766276,3000,0,0,33155821000,33157687000,-1,0,0,0,0,0,0,0,0
1,1,20,15,2147766277,3064434148,0,0,33157690000,33157693000,6,0,0,0,0,0,0,0,0
1,1,20,15,20483,0,0,0,33157694000,33157697000,-1,0,0,0,0,0,0,0,0
2,1,20,15,0,0,0,0,33157698000,33157782000,-1,0,0,0,0,0,0,0,0
1,2,20,7,1076651027,2829356,0,0,33157788000,33157968000,-1,0,0,0,41943520,0,0,1280,3065053184
1,2,20,7,25602,0,0,0,33157969000,33157972000,-1,0,0,0,0,0,0,0,0
1,2,20,7,25607,0,0,0,33157973000,33172173000,-1,0,0,0,0,0,0,0,0
0,1,20,15,2,0,15,0,33172191000,33172341000,-1,0,0,0,0,0,0,0,0
1,1,20,15,20483,0,0,0,33172346000,33172353000,-1,0,0,0,0,0,0,0,0
1,1,20,15,1088704512,3066196212,0,0,33172355000,33172361000,-1,3066200064,3064438784,0,16777440,41943520,0,1,0
1,1,20,15,2147766273,0,0,0,33172363000,33172455000,-1,0,0,0,0,0,0,0,0
1,1,20,15,2147766276,3000,0,0,33172456000,33174321000,-1,0,0,0,0,0,0,0,0
1,1,20,15,2147766277,3064434148,0,0,33174323000,33174326000,6,0,0,0,0,0,0,0,0
1,1,20,15,20483,0,0,0,33174327000,33174330000,-1,0,0,0,0,0,0,0,0
2,1,20,15,0,0,0,0,33174332000,33174412000,-1,0,0,0,0,0,0,0,0
1,2,20,7,1076651027,2829312,0,0,33174420000,33174599000,-1,0,0,0,41943520,0,0,1280,3064438784
1,2,20,7,25602,0,0,0,33174600000,33174604000,-1,0,0,0,0,0,0,0,0
1,2,20,7,25607,0,0,0,33174605000,33188817000,-1,0,0,0,0,0,0,0,0
0,1,20,15,2,0,15,0,33188834000,33188984000,-1,0,0,0,0,0,0,0,0
1,1,20,15,20483,0,0,0,33188988000,33188996000,-1,0,0,0,0,0,0,0,0
1,1,20,15,1088704512,3066196212,0,0,33188999000,33189004000,-1,3066200064,3065053184,0,16777440,41943520,0,1,0
1,1,20,15,2147766273,0,0,0,33189006000,33189094000,-1,0,0,0,0,0,0,0,0
1,1,20,15,2147766276,3000,0,0,33189096000,33190952000,-1,0,0,0,0,0,0,0,0
1,1,20,15,2147766277,3064434148,0,0,33190955000,33190959000,6,0,0,0,0,0,0,0,0
1,1,20,15,20483,0,0,0,33190960000,33190963000,-1,0,0,0,0,0,0,0,0
2,1,20,15,0,0,0,0,33190965000,33191056000,-1,0,0,0,0,0,0,0,0
1,2,20,7,1076651027,2829356,0,0,33191065000,33191245000,-1,0,0,0,41943520,0,0,1280,3065053184
1,2,20,7,25602,0,0,0,33191246000,33191250000,-1,0,0,0,0,0,0,0,0
1,2,20,7,25607,0,0,0,33191251000,33205474000,-1,0,0,0,0,0,0,0,0
0,1,20,15,2,0,15,0,33205496000,33205643000,-1,0,0,0,0,0,0,0,0
1,1,20,15,20483,0,0,0,33205647000,33205655000,-1,0,0,0,0,0,0,0,0
1,1,20,15,1088704512,3066196212,0,0,33205656000,33205662000,-1,3066200064,3064438784,0,16777440,41943520,0,1,0
1,1,20,15,2147766273,0,0,0,33205664000,33205750000,-1,0,0,0,0,0,0,0,0
1,1,20,15,2147766276,3000,0,0,33205752000,33207619000,-1,0,0,0,0,0,0,0,0
1,1,20,15,2147766277,3064434148,0,0,33207622000,33207625000,6,0,0,0,0,0,0,0,0
1,1,20,15,20483,0,0,0,33207626000,33207629000,-1,0,0,0,0,0,0,0,0
2,1,20,15,0,0,0,0,33207631000,33207715000,-1,0,0,0,0,0,0,0,0
1,2,20,7,1076651027,2829312,0,0,33207721000,33207899000,-1,0,0,0,41943520,0,0,1280,3064438784
1,2,20,7,25602,0,0,0,33207901000,33207904000,-1,0,0,0,0,0,0,0,0
1,2,20,7,25607,0,0,0,33207906000,33222125000,-1,0,0,0,0,0,0,0,0
0,1,20,15,2,0,15,0,33225074000,33225236000,-1,0,0,0,0,0,0,0,0
1,1,20,15,20483,0,0,0,33225242000,33225253000,-1,0,0,0,0,0,0,0,0
1,1,20,15,1088704512,3066196212,0,0,33225255000,33225260000,-1,3066200064,3065053184,0,16777440,41943520,0,1,0
1,1,20,15,2147766273,0,0,0,33225262000,33225359000,-1,0,0,0,0,0,0,0,0
1,1,20,15,2147766276,3000,0,0,33225361000,33227224000,-1,0,0,0,0,0,0,0,0
1,1,20,15,2147766277,3064434148,0,0,33227226000,33227229000,6,0,0,0,0,0,0,0,0
1,1,20,15,20483,0,0,0,33227266000,33227271000,-1,0,0,0,0,0,0,0,0
2,1,20,15,0,0,0,0,33227272000,33227371000,-1,0,0,0,0,0,0,0,0
1,2,20,7,1076651027,2829356,0,0,33227381000,33227561000,-1,0,0,0,41943520,0,0,1280,3065053184
1,2,20,7,25602,0,0,0,33227563000,33227567000,-1,0,0,0,0,0,0,0,0
1,2,20,7,25607,0,0,0,33227568000,33238818000,-1,0,0,0,0,0,0,0,0
0,1,20,15,2,0,15,0,33239100000,33239253000,-1,0,0,0,0,0,0,0,0
1,1,20,15,20483,0,0,0,33239257000,33239267000,-1,0,0,0,0,0,0,0,0
1,1,20,15,1088704512,3066196212,0,0,33239269000,33239276000,-1,3066200064,3064438784,0,16777440,41943520,0,1,0
1,1,20,15,2147766273,0,0,0,33239277000,33239373000,-1,0,0,0,0,0,0,0,0
1,1,20,15,2147766276,3000,0,0,33239375000,33241245000,-1,0,0,0,0,0,0,0,0
1,1,20,15,2147766277,3064434148,0,0,33241249000,33241252000,6,0,0,0,0,0,0,0,0
1,1,20,15,20483,0,0,0,33241254000,33241257000,-1,0,0,0,0,0,0,0,0
2,1,20,15,0,0,0,0,33241258000,33241352000,-1,0,0,0,0,0,0,0,0
1,2,20,7,1076651027,2829312,0,0,33241359000,33241539000,-1,0,0,0,41943520,0,0,1280,3064438784
1,2,20,7,25602,0,0,0,33241541000,33241545000,-1,0,0,0,0,0,0,0,0
1,2,20,7,25607,0,0,0,33241546000,33255470000,-1,0,0,0,0,0,0,0,0
0,1,20,15,2,0,15,0,33255489000,33255636000,-1,0,0,0,0,0,0,0,0
1,1,20,15,20483,0,0,0,33255640000,33255649000,-1,0,0,0,0,0,0,0,0
1,1,20,15,1088704512,3066196212,0,0,33255651000,33255657000,-1,3066200064,3065053184,0,16777440,41943520,0,1,0
1,1,20,15,2147766273,0,0,0,33255659000,33255748000,-1,0,0,0,0,0,0,0,0
1,1,20,15,2147766276,3000,0,0,33255750000,33257616000,-1,0,0,0,0,0,0,0,0
1,1,20,15,2147766277,3064434148,0,0,33257619000,33257622000,6,0,0,0,0,0,0,0,0
1,1,20,15,20483,0,0,0,33257623000,33257626000,-1,0,0,0,0,0,0,0,0
2,1,20,15,0,0,0,0,33257628000,33257709000,-1,0,0,0,0,0,0,0,0
1,2,20,7,1076651027,2829356,0,0,33257717000,33257918000,-1,0,0,0,41943520,0,0,1280,3065053184
1,2,20,7,25602,0,0,0,33257920000,33257924000,-1,0,0,0,0,0,0,0,0
1,2,20,7,25607,0,0,0,33257925000,33272122000,-1,0,0,0,0,0,0,0,0
0,1,20,15,2,0,15,0,33272140000,33272287000,-1,0,0,0,0,0,0,0,0
1,1,20,15,20483,0,0,0,33272291000,33272300000,-1,0,0,0,0,0,0,0,0
1,1,20,15,1088704512,3066196212,0,0,33272302000,33272307000,-1,3066200064,3064438784,0,16777440,41943520,0,1,0
1,1,20,15,2147766273,0,0,0,33272309000,33272398000,-1,0,0,0,0,0,0,0,0
1,1,20,15,2147766276,3000,0,0,33272400000,33274260000,-1,0,0,0,0,0,0,0,0
1,1,20,15,2147766277,3064434148,0,0,33274264000,33274268000,6,0,0,0,0,0,0,0,0
1,1,20,15,20483,0,0,0,33274269000,33274272000,-1,0,0,0,0,0,0,0,0
2,1,20,15,0,0,0,0,33274274000,33274358000,-1,0,0,0,0,0,0,0,0
1,2,20,7,1076651027,2829312,0,0,33274366000,33274544000,-1,0,0,0,41943520,0,0,1280,3064438784
1,2,20,7,25602,0,0,0,33274546000,33274549000,-1,0,0,0,0,0,0,0,0
1,2,20,7,25607,0,0,0,33274550000,33288770000,-1,0,0,0,0,0,0,0,0
0,1,20,15,2,0,15,0,33288795000,33288950000,-1,0,0,0,0,0,0,0,0
1,1,20,15,20483,0,0,0,33288954000,33288963000,-1,0,0,0,0,0,0,0,0
1,1,20,15,1088704512,3066196212,0,0,33288964000,33288971000,-1,3066200064,3065053184,0,16777440,41943520,0,1,0
1,1,20,15,2147766273,0,0,0,33288972000,33289068000,-1,0,0,0,0,0,0,0,0
1,1,20,15,2147766276,3000,0,0,33289070000,33290936000,-1,0,0,0,0,0,0,0,0
1,1,20,15,2147766277,3064434148,0,0,33290939000,33290943000,6,0,0,0,0,0,0,0,0
1,1,20,15,20483,0,0,0,33290944000,33290947000,-1,0,0,0,0,0,0,0,0
2,1,20,15,0,0,0,0,33290949000,33291053000,-1,0,0,0,0,0,0,0,0
1,2,20,7,1076651027,2829356,0,0,33291098000,33291279000,-1,0,0,0,41943520,0,0,1280,3065053184
1,2,20,7,25602,0,0,0,33291281000,33291284000,-1,0,0,0,0,0,0,0,0
1,2,20,7,25607,0,0,0,33291285000,33305445000,-1,0,0,0,0,0,0,0,0
0,1,20,15,2,0,15,0,33305464000,33305616000,-1,0,0,0,0,0,0,0,0
1,1,20,15,20483,0,0,0,33305620000,33305628000,-1,0,0,0,0,0,0,0,0
1,1,20,15,1088704512,3066196212,0,0,33305630000,33305636000,-1,3066200064,3064438784,0,16777440,41943520,0,1,0
1,1,20,15,2147766273,0,0,0,33305637000,33305759000,-1,0,0,0,0,0,0,0,0
1,1,20,15,2147766276,3000,0,0,33305761000,33307621000,-1,0,0,0,0,0,0,0,0
1,1,20,15,2147766277,3064434148,0,0,33307624000,33307627000,6,0,0,0,0,0,0,0,0
1,1,20,15,20483,0,0,0,33307628000,33307630000,-1,0,0,0,0,0,0,0,0
2,1,20,15,0,0,0,0,33307632000,33307723000,-1,0,0,0,0,0,0,0,0
1,2,20,7,1076651027,2829312,0,0,33307731000,33307910000,-1,0,0,0,41943520,0,0,1280,3064438784
1,2,20,7,25602,0,0,0,33307911000,33307915000,-1,0,0,0,0,0,0,0,0
1,2,20,7,25607,0,0,0,33307916000,33322090000,-1,0,0,0,0,0,0,0,0
0,1,20,15,2,0,15,0,33322109000,33322258000,-1,0,0,0,0,0,0,0,0
1,1,20,15,20483,0,0,0,33322262000,33322270000,-1,0,0,0,0,0,0,0,0
1,1,20,15,1088704512,3066196212,0,0,33322272000,33322279000,-1,3066200064,3065053184,0,16777440,41943520,0,1,0
1,1,20,15,2147766273,0,0,0,33322281000,33322372000,-1,0,0,0,0,0,0,0,0
1,1,20,15,2147766276,3000,0,0,33322374000,33324239000,-1,0,0,0,0,0,0,0,0
1,1,20,15,2147766277,3064434148,0,0,33324241000,33324244000,6,0,0,0,0,0,0,0,0
1,1,20,15,20483,0,0,0,33324245000,33324248000,-1,0,0,0,0,0,0,0,0
2,1,20,15,0,0,0,0,33324250000,33324332000,-1,0,0,0,0,0,0,0,0
1,2,20,7,1076651027,2829356,0,0,33324340000,33324519000,-1,0,0,0,41943520,0,0,1280,3065053184
1,2,20,7,25602,0,0,0,33324520000,33324524000,-1,0,0,0,0,0,0,0,0
1,2,20,7,25607,0,0,0,33324525000,33338742000,-1,0,0,0,0,0,0,0,0
0,1,20,15,2,0,15,0,33338765000,33338912000,-1,0,0,0,0,0,0,0,0
1,1,20,15,20483,0,0,0,33338917000,33338926000,-1,0,0,0,0,0,0,0,0
1,1,20,15,1088704512,3066196212,0,0,33338928000,33338933000,-1,3066200064,3064438784,0,16777440,41943520,0,1,0
1,1,20,15,2147766273,0,0,0,33338935000,33339023000,-1,0,0,0,0,0,0,0,0
1,1,20,15,2147766276,3000,0,0,33339025000,33340887000,-1,0,0,0,0,0,0,0,0
1,1,20,15,2147766277,3064434148,0,0,33340891000,33340894000,6,0,0,0,0,0,0,0,0
1,1,20,15,20483,0,0,0,33340895000,33340898000,-1,0,0,0,0,0,0,0,0
2,1,20,15,0,0,0,0,33340901000,33341010000,-1,0,0,0,0,0,0,0,0
1,2,20,7,1076651027,2829312,0,0,33341019000,33341199000,-1,0,0,0,41943520,0,0,1280,3064438784
1,2,20,7,25602,0,0,0,33341201000,33341204000,-1,0,0,0,0,0,0,0,0
1,2,20,7,25607,0,0,0,33341206000,33355410000,-1,0,0,0,0,0,0,0,0
0,1,20,15,2,0,15,0,33355426000,33355575000,-1,0,0,0,0,0,0,0,0
1,1,20,15,20483,0,0,0,33355580000,33355588000,-1,0,0,0,0,0,0,0,0
1,1,20,15,1088704512,3066196212,0,0,33355589000,33355595000,-1,3066200064,3065053184,0,16777440,41943520,0,1,0
1,1,20,15,2147766273,0,0,0,33355597000,33355689000,-1,0,0,0,0,0,0,0,0
1,1,20,15,2147766276,3000,0,0,33355691000,33357560000,-1,0,0,0,0,0,0,0,0
1,1,20,15,2147766277,3064434148,0,0,33357562000,33357565000,6,0,0,0,0,0,0,0,0
1,1,20,15,20483,0,0,0,33357567000,33357569000,-1,0,0,0,0,0,0,0,0
2,1,20,15,0,0,0,0,33357571000,33357654000,-1,0,0,0,0,0,0,0,0
1,2,20,7,1076651027,2829356,0,0,33357661000,33357839000,-1,0,0,0,41943520,0,0,1280,3065053184
1,2,20,7,25602,0,0,0,33357841000,33357844000,-1,0,0,0,0,0,0,0,0
1,2,20,7,25607,0,0,0,33357845000,33372044000,-1,0,0,0,0,0,0,0,0
0,1,20,15,2,0,15,0,33372103000,33372250000,-1,0,0,0,0,0,0,0,0
1,1,20,15,20483,0,0,0,33372255000,33372263000,-1,0,0,0,0,0,0,0,0
1,1,20,15,1088704512,3066196212,0,0,33372265000,33372271000,-1,3066200064,3064438784,0,16777440,41943520,0,1,0
1,1,20,15,2147766273,0,0,0,33372273000,33372363000,-1,0,0,0,0,0,0,0,0
1,1,20,15,2147766276,3000,0,0,33372366000,33374230000,-1,0,0,0,0,0,0,0,0
1,1,20,15,2147766277,3064434148,0,0,33374233000,33374236000,6,0,0,0,0,0,0,0,0
1,1,20,15,20483,0,0,0,33374237000,33374240000,-1,0,0,0,0,0,0,0,0
2,1,20,15,0,0,0,0,33374242000,33374324000,-1,0,0,0,0,0,0,0,0
1,2,20,7,1076651027,2829312,0,0,33374332000,33374512000,-1,0,0,0,41943520,0,0,1280,3064438784
1,2,20,7,25602,0,0,0,33374513000,33374516000,-1,0,0,0,0,0,0,0,0
1,2,20,7,25607,0,0,0,33374517000,33388714000,-1,0,0,0,0,0,0,0,0
0,1,20,15,2,0,15,0,33388731000,33388871000,-1,0,0,0,0,0,0,0,0
1,1,20,15,20483,0,0,0,33388876000,33388884000,-1,0,0,0,0,0,0,0,0
1,1,20,15,1088704512,3066196212,0,0,33388886000,33388891000,-1,3066200064,3065053184,0,16777440,41943520,0,1,0
1,1,20,15,2147766273,0,0,0,33388893000,33388978000,-1,0,0,0,0,0,0,0,0
1,1,20,15,2147766276,3000,0,0,33388980000,33390849000,-1,0,0,0,0,0,0,0,0
1,1,20,15,2147766277,3064434148,0,0,33390852000,33390856000,6,0,0,0,0,0,0,0,0
1,1,20,15,20483,0,0,0,33390857000,33390860000,-1,0,0,0,0,0,0,0,0
2,1,20,15,0,0,0,0,33390862000,33390952000,-1,0,0,0,0,0,0,0,0
1,2,20,7,1076651027,2829356,0,0,33390960000,33391141000,-1,0,0,0,41943520,0,0,1280,3065053184
1,2,20,7,25602,0,0,0,33391142000,33391146000,-1,0,0,0,0,0,0,0,0
1,2,20,7,25607,0,0,0,33391147000,33405358000,-1,0,0,0,0,0,0,0,0
0,1,20,15,2,0,15,0,33405381000,33405527000,-1,0,0,0,0,0,0,0,0
1,1,20,15,20483,0,0,0,33405531000,33405538000,-1,0,0,0,0,0,0,0,0
1,1,20,15,1088704512,3066196212,0,0,33405540000,33405546000,-1,3066200064,3064438784,0,16777440,41943520,0,1,0
1,1,20,15,2147766273,0,0,0,33405548000,33405635000,-1,0,0,0,0,0,0,0,0
1,1,20,15,2147766276,3000,0,0,33405637000,33407505000,-1,0,0,0,0,0,0,0,0
1,1,20,15,2147766277,3064434148,0,0,33407507000,33407511000,6,0,0,0,0,0,0,0,0
1,1,20,15,20483,0,0,0,33407512000,33407514000,-1,0,0,0,0,0,0,0,0
2,1,20,15,0,0,0,0,33407516000,33407598000,-1,0,0,0,0,0,0,0,0
1,2,20,7,1076651027,2829312,0,0,33407605000,33407784000,-1,0,0,0,41943520,0,0,1280,3064438784
1,2,20,7,25602,0,0,0,33407785000,33407788000,-1,0,0,0,0,0,0,0,0
1,2,20,7,25607,0,0,0,33407790000,33422016000,-1,0,0,0,0,0,0,0,0
0,1,20,15,2,0,15,0,33425162000,33425325000,-1,0,0,0,0,0,0,0,0
1,1,20,15,20483,0,0,0,33425332000,33425342000,-1,0,0,0,0,0,0,0,0
1,1,20,15,1088704512,3066196212,0,0,33425345000,33425350000,-1,3066200064,3065053184,0,16777440,41943520,0,1,0
1,1,20,15,2147766273,0,0,0,33425352000,33425450000,-1,0,0,0,0,0,0,0,0
1,1,20,15,2147766276,3000,0,0,33425451000,33427314000,-1,0,0,0,0,0,0,0,0
1,1,20,15,2147766277,3064434148,0,0,33427317000,33427321000,6,0,0,0,0,0,0,0,0
1,1,20,15,20483,0,0,0,33427322000,33427324000,-1,0,0,0,0,0,0,0,0
2,1,20,15,0,0,0,0,33427326000,33427418000,-1,0,0,0,0,0,0,0,0
1,2,20,7,1076651027,2829356,0,0,33427426000,33427607000,-1,0,0,0,41943520,0,0,1280,3065053184
1,2,20,7,25602,0,0,0,33427608000,33427612000,-1,0,0,0,0,0,0,0,0
1,2,20,7,25607,0,0,0,33427613000,33438690000,-1,0,0,0,0,0,0,0,0
0,1,20,15,2,0,15,0,33439159000,33439315000,-1,0,0,0,0,0,0,0,0
1,1,20,15,20483,0,0,0,33439320000,33439330000,-1,0,0,0,0,0,0,0,0
1,1,20,15,1088704512,3066196212,0,0,33439369000,33439376000,-1,3066200064,3064438784,0,16777440,41943520,0,1,0
1,1,20,15,2147766273,0,0,0,33439378000,33439483000,-1,0,0,0,0,0,0,0,0
1,1,20,15,2147766276,3000,0,0,33439485000,33441356000,-1,0,0,0,0,0,0,0,0
1,1,20,15,2147766277,3064434148,0,0,33441359000,33441363000,6,0,0,0,0,0,0,0,0
1,1,20,15,20483,0,0,0,33441364000,33441367000,-1,0,0,0,0,0,0,0,0
2,1,20,15,0,0,0,0,33441369000,33441464000,-1,0,0,0,0,0,0,0,0
1,2,20,7,1076651027,2829312,0,0,33441471000,33441653000,-1,0,0,0,41943520,0,0,1280,3064438784
1,2,20,7,25602,0,0,0,33441654000,33441657000,-1,0,0,0,0,0,0,0,0
1,2,20,7,25607,0,0,0,33441658000,33455361000,-1,0,0,0,0,0,0,0,0
0,1,20,15,2,0,15,0,33455380000,33455532000,-1,0,0,0,0,0,0,0,0
1,1,20,15,20483,0,0,0,33455536000,33455544000,-1,0,0,0,0,0,0,0,0
1,1,20,15,1088704512,3066196212,0,0,33455546000,33455552000,-1,3066200064,3065053184,0,16777440,41943520,0,1,0
1,1,20,15,2147766273,0,0,0,33455553000,33455650000,-1,0,0,0,0,0,0,0,0
1,1,20,15,2147766276,3000,0,0,33455652000,33457522000,-1,0,0,0,0,0,0,0,0
1,1,20,15,2147766277,3064434148,0,0,33457525000,33457527000,6,0,0,0,0,0,0,0,0
1,1,20,15,20483,0,0,0,33457528000,33457531000,-1,0,0,0,0,0,0,0,0
2,1,20,15,0,0,0,0,33457533000,33457617000,-1,0,0,0,0,0,0,0,0
1,2,20,7,1076651027,2829356,0,0,33457626000,33457831000,-1,0,0,0,41943520,0,0,1280,3065053184
1,2,20,7,25602,0,0,0,33457833000,33457836000,-1,0,0,0,0,0,0,0,0
1,2,20,7,25607,0,0,0,33457837000,33472007000,-1,0,0,0,0,0,0,0,0
0,1,20,15,2,0,15,0,33472026000,33472174000,-1,0,0,0,0,0,0,0,0
1,1,20,15,20483,0,0,0,33472179000,33472187000,-1,0,0,0,0,0,0,0,0
1,1,20,15,1088704512,3066196212,0,0,33472188000,33472195000,-1,3066200064,3064438784,0,16777440,41943520,0,1,0
1,1,20,15,2147766273,0,0,0,33472196000,33472286000,-1,0,0,0,0,0,0,0,0
1,1,20,15,2147766276,3000,0,0,33472287000,33474150000,-1,0,0,0,0,0,0,0,0
1,1,20,15,2147766277,3064434148,0,0,33474152000,33474156000,6,0,0,0,0,0,0,0,0
1,1,20,15,20483,0,0,0,33474157000,33474160000,-1,0,0,0,0,0,0,0,0
2,1,20,15,0,0,0,0,33474162000,33474251000,-1,0,0,0,0,0,0,0,0
1,2,20,7,1076651027,2829312,0,0,33474258000,33474437000,-1,0,0,0,41943520,0,0,1280,3064438784
1,2,20,7,25602,0,0,0,33474439000,33474442000,-1,0,0,0,0,0,0,0,0
1,2,20,7,25607,0,0,0,33474443000,33488654000,-1,0,0,0,0,0,0,0,0
0,1,20,15,2,0,15,0,33488679000,33488824000,-1,0,0,0,0,0,0,0,0
1,1,20,15,20483,0,0,0,33488828000,33488836000,-1,0,0,0,0,0,0,0,0
1,1,20,15,1088704512,3066196212,0,0,33488838000,33488843000,-1,3066200064,3065053184,0,16777440,41943520,0,1,0
1,1,20,15,2147766273,0,0,0,33488845000,33488933000,-1,0,0,0,0,0,0,0,0
1,1,20,15,2147766276,3000,0,0,33488935000,33490798000,-1,0,0,0,0,0,0,0,0
1,1,20,15,2147766277,3064434148,0,0,33490801000,33490805000,6,0,0,0,0,0,0,0,0
1,1,20,15,20483,0,0,0,33490806000,33490809000,-1,0,0,0,0,0,0,0,0
2,1,20,15,0,0,0,0,33490812000,33490922000,-1,0,0,0,0,0,0,0,0
1,2,20,7,1076651027,2829356,0,0,33490929000,33491109000,-1,0,0,0,41943520,0,0,1280,3065053184
1,2,20,7,25602,0,0,0,33491112000,33491115000,-1,0,0,0,0,0,0,0,0
1,2,20,7,25607,0,0,0,33491116000,33505325000,-1,0,0,0,0,0,0,0,0
0,1,20,15,2,0,15,0,33505345000,33505492000,-1,0,0,0,0,0,0,0,0
1,1,20,15,20483,0,0,0,33505497000,33505504000,-1,0,0,0,0,0,0,0,0
1,1,20,15,1088704512,3066196212,0,0,33505506000,33505512000,-1,3066200064,3064438784,0,16777440,41943520,0,1,0
1,1,20,15,2147766273,0,0,0,33505513000,33505604000,-1,0,0,0,0,0,0,0,0
1,1,20,15,2147766276,3000,0,0,33505606000,33507466000,-1,0,0,0,0,0,0,0,0
1,1,20,15,2147766277,3064434148,0,0,33507504000,33507508000,6,0,0,0,0,0,0,0,0
1,1,20,15,20483,0,0,0,33507509000,33507513000,-1,0,0,0,0,0,0,0,0
2,1,20,15,0,0,0,0,33507515000,33507612000,-1,0,0,0,0,0,0,0,0
1,2,20,7,1076651027,2829312,0,0,33507621000,33507800000,-1,0,0,0,41943520,0,0,1280,3064438784
1,2,20,7,25602,0,0,0,33507801000,33507804000,-1,0,0,0,0,0,0,0,0
1,2,20,7,25607,0,0,0,33507805000,33521959000,-1,0,0,0,0,0,0,0,0
0,1,20,15,2,0,15,0,33521977000,33522123000,-1,0,0,0,0,0,0,0,0
1,1,20,15,20483,0,0,0,33522127000,33522134000,-1,0,0,0,0,0,0,0,0
1,1,20,15,1088704512,3066196212,0,0,33522136000,33522142000,-1,3066200064,3065053184,0,16777440,41943520,0,1,0
1,1,20,15,2147766273,0,0,0,33522144000,33522234000,-1,0,0,0,0,0,0,0,0
1,1,20,15,2147766276,3000,0,0,33522236000,33524099000,-1,0,0,0,0,0,0,0,0
1,1,20,15,2147766277,3064434148,0,0,33524102000,33524106000,6,0,0,0,0,0,0,0,0
1,1,20,15,20483,0,0,0,33524107000,33524110000,-1,0,0,0,0,0,0,0,0
2,1,20,15,0,0,0,0,33524112000,33524192000,-1,0,0,0,0,0,0,0,0
1,2,20,7,1076651027,2829356,0,0,33524200000,33524378000,-1,0,0,0,41943520,0,0,1280,3065053184
1,2,20,7,25602,0,0,0,33524380000,33524383000,-1,0,0,0,0,0,0,0,0
1,2,20,7,25607,0,0,0,33524384000,33538630000,-1,0,0,0,0,0,0,0,0
0,1,20,15,2,0,15,0,33538650000,33538803000,-1,0,0,0,0,0,0,0,0
1,1,20,15,20483,0,0,0,33538807000,33538816000,-1,0,0,0,0,0,0,0,0
1,1,20,15,1088704512,3066196212,0,0,33538817000,33538824000,-1,3066200064,3064438784,0,16777440,41943520,0,1,0
1,1,20,15,2147766273,0,0,0,33538826000,33538920000,-1,0,0,0,0,0,0,0,0
1,1,20,15,2147766276,3000,0,0,33538922000,33540792000,-1,0,0,0,0,0,0,0,0
1,1,20,15,2147766277,3064434148,0,0,33540796000,33540800000,6,0,0,0,0,0,0,0,0
1,1,20,15,20483,0,0,0,33540801000,33540804000,-1,0,0,0,0,0,0,0,0
2,1,20,15,0,0,0,0,33540805000,33540893000,-1,0,0,0,0,0,0,0,0
1,2,20,7,1076651027,2829312,0,0,33540901000,33541081000,-1,0,0,0,41943520,0,0,1280,3064438784
1,2,20,7,25602,0,0,0,33541083000,33541085000,-1,0,0,0,0,0,0,0,0
1,2,20,7,25607,0,0,0,33541087000,33555273000,-1,0,0,0,0,0,0,0,0
0,1,20,15,2,0,15,0,33555290000,33555439000,-1,0,0,0,0,0,0,0,0
1,1,20,15,20483,0,0,0,33555443000,33555451000,-1,0,0,0,0,0,0,0,0
1,1,20,15,1088704512,3066196212,0,0,33555454000,33555460000,-1,3066200064,3065053184,0,16777440,41943520,0,1,0
1,1,20,15,2147766273,0,0,0,33555461000,33555553000,-1,0,0,0,0,0,0,0,0
1,1,20,15,2147766276,3000,0,0,33555554000,33557418000,-1,0,0,0,0,0,0,0,0
1,1,20,15,2147766277,3064434148,0,0,33557420000,33557424000,6,0,0,0,0,0,0,0,0
1,1,20,15,20483,0,0,0,33557425000,33557427000,-1,0,0,0,0,0,0,0,0
2,1,20,15,0,0,0,0,33557429000,33557511000,-1,0,0,0,0,0,0,0,0
1,2,20,7,1076651027,2829356,0,0,33557519000,33557697000,-1,0,0,0,41943520,0,0,1280,3065053184
1,2,20,7,25602,0,0,0,33557699000,33557702000,-1,0,0,0,0,0,0,0,0
1,2,20,7,25607,0,0,0,33557704000,33571943000,-1,0,0,0,0,0,0,0,0
0,1,20,15,2,0,15,0,33571963000,33572103000,-1,0,0,0,0,0,0,0,0
1,1,20,15,20483,0,0,0,33572107000,33572114000,-1,0,0,0,0,0,0,0,0
1,1,20,15,1088704512,3066196212,0,0,33572116000,33572122000,-1,3066200064,3064438784,0,16777440,41943520,0,1,0
1,1,20,15,2147766273,0,0,0,33572124000,33572213000,-1,0,0,0,0,0,0,0,0
1,1,20,15,2147766276,3000,0,0,33572216000,33574078000,-1,0,0,0,0,0,0,0,0
1,1,20,15,2147766277,3064434148,0,0,33574081000,33574084000,6,0,0,0,0,0,0,0,0
1,1,20,15,20483,0,0,0,33574085000,33574088000,-1,0,0,0,0,0,0,0,0
2,1,20,15,0,0,0,0,33574125000,33574216000,-1,0,0,0,0,0,0,0,0
1,2,20,7,1076651027,2829312,0,0,33574225000,33574403000,-1,0,0,0,41943520,0,0,1280,3064438784
1,2,20,7,25602,0,0,0,33574405000,33574408000,-1,0,0,0,0,0,0,0,0
1,2,20,7,25607,0,0,0,33574409000,33588586000,-1,0,0,0,0,0,0,0,0
0,1,20,15,2,0,15,0,33588607000,33588749000,-1,0,0,0,0,0,0,0,0
1,1,20,15,20483,0,0,0,33588753000,33588761000,-1,0,0,0,0,0,0,0,0
1,1,20,15,1088704512,3066196212,0,0,33588762000,33588768000,-1,3066200064,3065053184,0,16777440,41943520,0,1,0
1,1,20,15,2147766273,0,0,0,33588769000,33588856000,-1,0,0,0,0,0,0,0,0
1,1,20,15,2147766276,3000,0,0,33588857000,33590725000,-1,0,0,0,0,0,0,0,0
1,1,20,15,2147766277,3064434148,0,0,33590728000,33590732000,6,0,0,0,0,0,0,0,0
1,1,20,15,20483,0,0,0,33590733000,33590736000,-1,0,0,0,0,0,0,0,0
2,1,20,15,0,0,0,0,33590738000,33590838000,-1,0,0,0,0,0,0,0,0
1,2,20,7,1076651027,2829356,0,0,33590845000,33591025000,-1,0,0,0,41943520,0,0,1280,3065053184
1,2,20,7,25602,0,0,0,33591026000,33591029000,-1,0,0,0,0,0,0,0,0
1,2,20,7,25607,0,0,0,33591031000,33605272000,-1,0,0,0,0,0,0,0,0
0,1,20,15,2,0,15,0,33605291000,33605438000,-1,0,0,0,0,0,0,0,0
1,1,20,15,20483,0,0,0,33605441000,33605449000,-1,0,0,0,0,0,0,0,0
1,1,20,15,1088704512,3066196212,0,0,33605451000,33605456000,-1,3066200064,3064438784,0,16777440,41943520,0,1,0
1,1,20,15,2147766273,0,0,0,33605457000,33605549000,-1,0,0,0,0,0,0,0,0
1,1,20,15,2147766276,3000,0,0,33605551000,33607418000,-1,0,0,0,0,0,0,0,0
1,1,20,15,2147766277,3064434148,0,0,33607421000,33607425000,6,0,0,0,0,0,0,0,0
1,1,20,15,20483,0,0,0,33607426000,33607428000,-1,0,0,0,0,0,0,0,0
2,1,20,15,0,0,0,0,33607430000,33607513000,-1,0,0,0,0,0,0,0,0
1,2,20,7,1076651027,2829312,0,0,33607522000,33607701000,-1,0,0,0,41943520,0,0,1280,3064438784
1,2,20,7,25602,0,0,0,33607702000,33607706000,-1,0,0,0,0,0,0,0,0
1,2,20,7,25607,0,0,0,33607707000,33621906000,-1,0,0,0,0,0,0,0,0
0,1,20,15,2,0,15,0,33621923000,33622069000,-1,0,0,0,0,0,0,0,0
1,1,20,15,20483,0,0,0,33622073000,33622081000,-1,0,0,0,0,0,0,0,0
1,1,20,15,1088704512,3066196212,0,0,33622083000,33622088000,-1,3066200064,3065053184,0,16777440,41943520,0,1,0
1,1,20,15,2147766273,0,0,0,33622090000,33622175000,-1,0,0,0,0,0,0,0,0
1,1,20,15,2147766276,3000,0,0,33622176000,33624047000,-1,0,0,0,0,0,0,0,0
1,1,20,15,2147766277,3064434148,0,0,33624050000,33624053000,6,0,0,0,0,0,0,0,0
1,1,20,15,20483,0,0,0,33624054000,33624057000,-1,0,0,0,0,0,0,0,0
2,1,20,15,0,0,0,0,33624059000,33624145000,-1,0,0,0,0,0,0,0,0
1,2,20,7,1076651027,2829356,0,0,33624153000,33624333000,-1,0,0,0,41943520,0,0,1280,3065053184
1,2,20,7,25602,0,0,0,33624335000,33624338000,-1,0,0,0,0,0,0,0,0
1,2,20,7,25607,0,0,0,33624339000,33638586000,-1,0,0,0,0,0,0,0,0
0,1,20,15,2,0,15,0,33638605000,33638754000,-1,0,0,0,0,0,0,0,0
1,1,20,15,20483,0,0,0,33638758000,33638766000,-1,0,0,0,0,0,0,0,0
1,1,20,15,1088704512,3066196212,0,0,33638767000,33638773000,-1,3066200064,3064438784,0,16777440,41943520,0,1,0
1,1,20,15,2147766273,0,0,0,33638775000,33638868000,-1,0,0,0,0,0,0,0,0
1,1,20,15,2147766276,3000,0,0,33638870000,33640732000,-1,0,0,0,0,0,0,0,0
1,1,20,15,2147766277,3064434148,0,0,33640736000,33640740000,6,0,0,0,0,0,0,0,0
1,1,20,15,20483,0,0,0,33640741000,33640744000,-1,0,0,0,0,0,0,0,0
2,1,20,15,0,0,0,0,33640746000,33640849000,-1,0,0,0,0,0,0,0,0
1,2,20,7,1076651027,2829312,0,0,33640858000,33641036000,-1,0,0,0,41943520,0,0,1280,3064438784
1,2,20,7,25602,0,0,0,33641037000,33641041000,-1,0,0,0,0,0,0,0,0
1,2,20,7,25607,0,0,0,33641076000,33655253000,-1,0,0,0,0,0,0,0,0
0,1,20,15,2,0,15,0,33655277000,33655423000,-1,0,0,0,0,0,0,0,0
1,1,20,15,20483,0,0,0,33655427000,33655434000,-1,0,0,0,0,0,0,0,0
1,1,20,15,1088704512,3066196212,0,0,33655436000,33655442000,-1,3066200064,3065053184,0,16777440,41943520,0,1,0
1,1,20,15,2147766273,0,0,0,33655443000,33655537000,-1,0,0,0,0,0,0,0,0
1,1,20,15,2147766276,3000,0,0,33655540000,33657408000,-1,0,0,0,0,0,0,0,0
1,1,20,15,2147766277,3064434148,0,0,33657411000,33657414000,6,0,0,0,0,0,0,0,0
1,1,20,15,20483,0,0,0,33657415000,33657418000,-1,0,0,0,0,0,0,0,0
2,1,20,15,0,0,0,0,33657420000,33657505000,-1,0,0,0,0,0,0,0,0
1,2,20,7,1076651027,2829356,0,0,33657513000,33657691000,-1,0,0,0,41943520,0,0,1280,3065053184
1,2,20,7,25602,0,0,0,33657693000,33657696000,-1,0,0,0,0,0,0,0,0
1,2,20,7,25607,0,0,0,33657697000,33671863000,-1,0,0,0,0,0,0,0,0
0,1,20,15,2,0,15,0,33673424000,33673587000,-1,0,0,0,0,0,0,0,0
1,1,20,15,20483,0,0,0,33673593000,33673604000,-1,0,0,0,0,0,0,0,0
1,1,20,15,1088704512,3066196212,0,0,33673606000,33673613000,-1,3066200064,3064438784,0,16777440,41943520,0,1,0
1,1,20,15,2147766273,0,0,0,33673615000,33673711000,-1,0,0,0,0,0,0,0,0
1,1,20,15,2147766276,3000,0,0,33673755000,33675575000,-1,0,0,0,0,0,0,0,0
1,1,20,15,2147766277,3064434148,0,0,33675578000,33675581000,6,0,0,0,0,0,0,0,0
1,1,20,15,20483,0,0,0,33675582000,33675585000,-1,0,0,0,0,0,0,0,0
2,1,20,15,0,0,0,0,33675587000,33675676000,-1,0,0,0,0,0,0,0,0
1,2,20,7,1076651027,2829312,0,0,33675684000,33675863000,-1,0,0,0,41943520,0,0,1280,3064438784
1,2,20,7,25602,0,0,0,33675865000,33675868000,-1,0,0,0,0,0,0,0,0
1,2,20,7,25607,0,0,0,33675870000,33688555000,-1,0,0,0,0,0,0,0,0
0,1,20,15,2,0,15,0,33688576000,33688726000,-1,0,0,0,0,0,0,0,0
1,1,20,15,20483,0,0,0,33688730000,33688738000,-1,0,0,0,0,0,0,0,0
1,1,20,15,1088704512,3066196212,0,0,33688740000,33688746000,-1,3066200064,3065053184,0,16777440,41943520,0,1,0
1,1,20,15,2147766273,0,0,0,33688748000,33688845000,-1,0,0,0,0,0,0,0,0
1,1,20,15,2147766276,3000,0,0,33688846000,33690714000,-1,0,0,0,0,0,0,0,0
1,1,20,15,2147766277,3064434148,0,0,33690717000,33690720000,6,0,0,0,0,0,0,0,0
1,1,20,15,20483,0,0,0,33690721000,33690724000,-1,0,0,0,0,0,0,0,0
2,1,20,15,0,0,0,0,33690726000,33690823000,-1,0,0,0,0,0,0,0,0
1,2,20,7,1076651027,2829356,0,0,33690831000,33691011000,-1,0,0,0,41943520,0,0,1280,3065053184
1,2,20,7,25602,0,0,0,33691012000,33691016000,-1,0,0,0,0,0,0,0,0
1,2,20,7,25607,0,0,0,33691017000,33705212000,-1,0,0,0,0,0,0,0,0
0,1,20,15,2,0,15,0,33705231000,33705377000,-1,0,0,0,0,0,0,0,0
1,1,20,15,20483,0,0,0,33705380000,33705388000,-1,0,0,0,0,0,0,0,0
1,1,20,15,1088704512,3066196212,0,0,33705389000,33705395000,-1,3066200064,3064438784,0,16777440,41943520,0,1,0
1,1,20,15,2147766273,0,0,0,33705397000,33705488000,-1,0,0,0,0,0,0,0,0
1,1,20,15,2147766276,3000,0,0,33705490000,33707353000,-1,0,0,0,0,0,0,0,0
1,1,20,15,2147766277,3064434148,0,0,33707356000,33707358000,6,0,0,0,0,0,0,0,0
1,1,20,15,20483,0,0,0,33707359000,33707362000,-1,0,0,0,0,0,0,0,0
2,1,20,15,0,0,0,0,33707364000,33707449000,-1,0,0,0,0,0,0,0,0
1,2,20,7,1076651027,2829312,0,0,33707458000,33707636000,-1,0,0,0,41943520,0,0,1280,3064438784
1,2,20,7,25602,0,0,0,33707638000,33707641000,-1,0,0,0,0,0,0,0,0
1,2,20,7,25607,0,0,0,33707642000,33721858000,-1,0,0,0,0,0,0,0,0
0,1,20,15,2,0,15,0,33721878000,33722020000,-1,0,0,0,0,0,0,0,0
1,1,20,15,20483,0,0,0,33722024000,33722032000,-1,0,0,0,0,0,0,0,0
1,1,20,15,1088704512,3066196212,0,0,33722073000,33722080000,-1,3066200064,3065053184,0,16777440,41943520,0,1,0
1,1,20,15,2147766273,0,0,0,33722081000,33722176000,-1,0,0,0,0,0,0,0,0
1,1,20,15,2147766276,3000,0,0,33722178000,33724046000,-1,0,0,0,0,0,0,0,0
1,1,20,15,2147766277,3064434148,0,0,33724049000,33724053000,6,0,0,0,0,0,0,0,0
1,1,20,15,20483,0,0,0,33724054000,33724057000,-1,0,0,0,0,0,0,0,0
2,1,20,15,0,0,0,0,33724059000,33724146000,-1,0,0,0,0,0,0,0,0
1,2,20,7,1076651027,2829356,0,0,33724155000,33724334000,-1,0,0,0,41943520,0,0,1280,3065053184
1,2,20,7,25602,0,0,0,33724336000,33724339000,-1,0,0,0,0,0,0,0,0
1,2,20,7,25607,0,0,0,33724340000,33738502000,-1,0,0,0,0,0,0,0,0
0,1,20,15,2,0,15,0,33738528000,33738677000,-1,0,0,0,0,0,0,0,0
1,1,20,15,20483,0,0,0,33738681000,33738690000,-1,0,0,0,0,0,0,0,0
1,1,20,15,1088704512,3066196212,0,0,33738692000,33738698000,-1,3066200064,3064438784,0,16777440,41943520,0,1,0
1,1,20,15,2147766273,0,0,0,33738699000,33738793000,-1,0,0,0,0,0,0,0,0
1,1,20,15,2147766276,3000,0,0,33738795000,33740665000,-1,0,0,0,0,0,0,0,0
1,1,20,15,2147766277,3064434148,0,0,33740667000,33740670000,6,0,0,0,0,0,0,0,0
1,1,20,15,20483,0,0,0,33740672000,33740675000,-1,0,0,0,0,0,0,0,0
2,1,20,15,0,0,0,0,33740677000,33740776000,-1,0,0,0,0,0,0,0,0
1,2,20,7,1076651027,2829312,0,0,33740783000,33740962000,-1,0,0,0,41943520,0,0,1280,3064438784
1,2,20,7,25602,0,0,0,33740964000,33740968000,-1,0,0,0,0,0,0,0,0
1,2,20,7,25607,0,0,0,33740969000,33755171000,-1,0,0,0,0,0,0,0,0
0,1,20,15,2,0,15,0,33755189000,33755333000,-1,0,0,0,0,0,0,0,0
1,1,20,15,20483,0,0,0,33755337000,33755344000,-1,0,0,0,0,0,0,0,0
1,1,20,15,1088704512,3066196212,0,0,33755346000,33755351000,-1,3066200064,3065053184,0,16777440,41943520,0,1,0
1,1,20,15,2147766273,0,0,0,33755353000,33755441000,-1,0,0,0,0,0,0,0,0
1,1,20,15,2147766276,3000,0,0,33755442000,33757307000,-1,0,0,0,0,0,0,0,0
1,1,20,15,2147766277,3064434148,0,0,33757309000,33757312000,6,0,0,0,0,0,0,0,0
1,1,20,15,20483,0,0,0,33757313000,33757316000,-1,0,0,0,0,0,0,0,0
2,1,20,15,0,0,0,0,33757318000,33757398000,-1,0,0,0,0,0,0,0,0
1,2,20,7,1076651027,2829356,0,0,33757405000,33757584000,-1,0,0,0,41943520,0,0,1280,3065053184
1,2,20,7,25602,0,0,0,33757585000,33757589000,-1,0,0,0,0,0,0,0,0
1,2,20,7,25607,0,0,0,33757590000,33771816000,-1,0,0,0,0,0,0,0,0
0,1,20,15,2,0,15,0,33771833000,33771984000,-1,0,0,0,0,0,0,0,0
1,1,20,15,20483,0,0,0,33771988000,33771996000,-1,0,0,0,0,0,0,0,0
1,1,20,15,1088704512,3066196212,0,0,33771998000,33772004000,-1,3066200064,3064438784,0,16777440,41943520,0,1,0
1,1,20,15,2147766273,0,0,0,33772006000,33772095000,-1,0,0,0,0,0,0,0,0
1,1,20,15,2147766276,3000,0,0,33772097000,33773963000,-1,0,0,0,0,0,0,0,0
1,1,20,15,2147766277,3064434148,0,0,33773965000,33773969000,6,0,0,0,0,0,0,0,0
1,1,20,15,20483,0,0,0,33773970000,33773972000,-1,0,0,0,0,0,0,0,0
2,1,20,15,0,0,0,0,33773974000,33774058000,-1,0,0,0,0,0,0,0,0
1,2,20,7,1076651027,2829312,0,0,33774065000,33774244000,-1,0,0,0,41943520,0,0,1280,3064438784
1,2,20,7,25602,0,0,0,33774245000,33774248000,-1,0,0,0,0,0,0,0,0
1,2,20,7,25607,0,0,0,33774249000,33788482000,-1,0,0,0,0,0,0,0,0
0,1,20,15,2,0,15,0,33788505000,33788650000,-1,0,0,0,0,0,0,0,0
1,1,20,15,20483,0,0,0,33788655000,33788664000,-1,0,0,0,0,0,0,0,0
1,1,20,15,1088704512,3066196212,0,0,33788665000,33788671000,-1,3066200064,3065053184,0,16777440,41943520,0,1,0
1,1,20,15,2147766273,0,0,0,33788673000,33788765000,-1,0,0,0,0,0,0,0,0
1,1,20,15,2147766276,3000,0,0,33788807000,33790635000,-1,0,0,0,0,0,0,0,0
1,1,20,15,2147766277,3064434148,0,0,33790638000,33790642000,6,0,0,0,0,0,0,0,0
1,1,20,15,20483,0,0,0,33790643000,33790646000,-1,0,0,0,0,0,0,0,0
2,1,20,15,0,0,0,0,33790648000,33790765000,-1,0,0,0,0,0,0,0,0
1,2,20,7,1076651027,2829356,0,0,33790773000,33790955000,-1,0,0,0,41943520,0,0,1280,3065053184
1,2,20,7,25602,0,0,0,33790956000,33790960000,-1,0,0,0,0,0,0,0,0
1,2,20,7,25607,0,0,0,33790961000,33805151000,-1,0,0,0,0,0,0,0,0
0,1,20,15,2,0,15,0,33805169000,33805308000,-1,0,0,0,0,0,0,0,0
1,1,20,15,20483,0,0,0,33805311000,33805319000,-1,0,0,0,0,0,0,0,0
1,1,20,15,1088704512,3066196212,0,0,33805320000,33805326000,-1,3066200064,3064438784,0,16777440,41943520,0,1,0
1,1,20,15,2147766273,0,0,0,33805328000,33805412000,-1,0,0,0,0,0,0,0,0
1,1,20,15,2147766276,3000,0,0,33805413000,33807282000,-1,0,0,0,0,0,0,0,0
1,1,20,15,2147766277,3064434148,0,0,33807285000,33807288000,6,0,0,0,0,0,0,0,0
1,1,20,15,20483,0,0,0,33807289000,33807292000,-1,0,0,0,0,0,0,0,0
2,1,20,15,0,0,0,0,33807294000,33807373000,-1,0,0,0,0,0,0,0,0
1,2,20,7,1076651027,2829312,0,0,33807381000,33807559000,-1,0,0,0,41943520,0,0,1280,3064438784
1,2,20,7,25602,0,0,0,33807560000,33807564000,-1,0,0,0,0,0,0,0,0
1,2,20,7,25607,0,0,0,33807565000,33821786000,-1,0,0,0,0,0,0,0,0
0,1,20,15,2,0,15,0,33821803000,33821948000,-1,0,0,0,0,0,0,0,0
1,1,20,15,20483,0,0,0,33821952000,33821960000,-1,0,0,0,0,0,0,0,0
1,1,20,15,1088704512,3066196212,0,0,33821962000,33821968000,-1,3066200064,3065053184,0,16777440,41943520,0,1,0
1,1,20,15,2147766273,0,0,0,33821969000,33822055000,-1,0,0,0,0,0,0,0,0
1,1,20,15,2147766276,3000,0,0,33822056000,33823922000,-1,0,0,0,0,0,0,0,0
1,1,20,15,2147766277,3064434148,0,0,33823925000,33823927000,6,0,0,0,0,0,0,0,0
1,1,20,15,20483,0,0,0,33823929000,33823931000,-1,0,0,0,0,0,0,0,0
2,1,20,15,0,0,0,0,33823933000,33824014000,-1,0,0,0,0,0,0,0,0
1,2,20,7,1076651027,2829356,0,0,33824021000,33824200000,-1,0,0,0,41943520,0,0,1280,3065053184
1,2,20,7,25602,0,0,0,33824202000,33824205000,-1,0,0,0,0,0,0,0,0
1,2,20,7,25607,0,0,0,33824206000,33838461000,-1,0,0,0,0,0,0,0,0
0,1,20,15,2,0,15,0,33838482000,33838624000,-1,0,0,0,0,0,0,0,0
1,1,20,15,20483,0,0,0,33838629000,33838636000,-1,0,0,0,0,0,0,0,0
1,1,20,15,1088704512,3066196212,0,0,33838638000,33838644000,-1,3066200064,3064438784,0,16777440,41943520,0,1,0
1,1,20,15,2147766273,0,0,0,33838646000,33838731000,-1,0,0,0,0,0,0,0,0
1,1,20,15,2147766276,3000,0,0,33838732000,33841965000,-1,0,0,0,0,0,0,0,0
1,1,20,15,2147766277,3064434148,0,0,33841968000,33841971000,6,0,0,0,0,0,0,0,0
1,1,20,15,20483,0,0,0,33841973000,33841976000,-1,0,0,0,0,0,0,0,0
2,1,20,15,0,0,0,0,33841978000,33842096000,-1,0,0,0,0,0,0,0,0
1,2,20,7,1076651027,2829312,0,0,33842105000,33842286000,-1,0,0,0,41943520,0,0,1280,3064438784
1,2,20,7,25602,0,0,0,33842288000,33842292000,-1,0,0,0,0,0,0,0,0
1,2,20,7,25607,0,0,0,33842293000,33855116000,-1,0,0,0,0,0,0,0,0
0,1,20,15,2,0,15,0,33855587000,33855737000,-1,0,0,0,0,0,0,0,0
1,1,20,15,20483,0,0,0,33855742000,33855751000,-1,0,0,0,0,0,0,0,0
1,1,20,15,1088704512,3066196212,0,0,33855753000,33855759000,-1,3066200064,3065053184,0,16777440,41943520,0,1,0
1,1,20,15,2147766273,0,0,0,33855761000,33855848000,-1,0,0,0,0,0,0,0,0
1,1,20,15,2147766276,3000,0,0,33855850000,33857745000,-1,0,0,0,0,0,0,0,0
1,1,20,15,2147766277,3064434148,0,0,33857748000,33857751000,6,0,0,0,0,0,0,0,0
1,1,20,15,20483,0,0,0,33857752000,33857755000,-1,0,0,0,0,0,0,0,0
2,1,20,15,0,0,0,0,33857791000,33857886000,-1,0,0,0,0,0,0,0,0
1,2,20,7,1076651027,2829356,0,0,33857895000,33858076000,-1,0,0,0,41943520,0,0,1280,3065053184
1,2,20,7,25602,0,0,0,33858078000,33858082000,-1,0,0,0,0,0,0,0,0
1,2,20,7,25607,0,0,0,33858083000,33871778000,-1,0,0,0,0,0,0,0,0
0,1,20,15,2,0,15,0,33871797000,33871944000,-1,0,0,0,0,0,0,0,0
1,1,20,15,20483,0,0,0,33871948000,33871956000,-1,0,0,0,0,0,0,0,0
1,1,20,15,1088704512,3066196212,0,0,33871957000,33871963000,-1,3066200064,3064438784,0,16777440,41943520,0,1,0
1,1,20,15,2147766273,0,0,0,33871965000,33872054000,-1,0,0,0,0,0,0,0,0
1,1,20,15,2147766276,3000,0,0,33872056000,33873917000,-1,0,0,0,0,0,0,0,0
1,1,20,15,2147766277,3064434148,0,0,33873919000,33873923000,6,0,0,0,0,0,0,0,0
1,1,20,15,20483,0,0,0,33873924000,33873927000,-1,0,0,0,0,0,0,0,0
2,1,20,15,0,0,0,0,33873929000,33874016000,-1,0,0,0,0,0,0,0,0
1,2,20,7,1076651027,2829312,0,0,33874023000,33874202000,-1,0,0,0,41943520,0,0,1280,3064438784
1,2,20,7,25602,0,0,0,33874203000,33874207000,-1,0,0,0,0,0,0,0,0
1,2,20,7,25607,0,0,0,33874208000,33888438000,-1,0,0,0,0,0,0,0,0
0,1,20,15,2,0,15,0,33888457000,33888603000,-1,0,0,0,0,0,0,0,0
1,1,20,15,20483,0,0,0,33888607000,33888615000,-1,0,0,0,0,0,0,0,0
1,1,20,15,1088704512,3066196212,0,0,33888617000,33888622000,-1,3066200064,3065053184,0,16777440,41943520,0,1,0
1,1,20,15,2147766273,0,0,0,33888624000,33888711000,-1,0,0,0,0,0,0,0,0
1,1,20,15,2147766276,3000,0,0,33888713000,33890579000,-1,0,0,0,0,0,0,0,0
1,1,20,15,2147766277,3064434148,0,0,33890582000,33890585000,6,0,0,0,0,0,0,0,0
1,1,20,15,20483,0,0,0,33890587000,33890589000,-1,0,0,0,0,0,0,0,0
2,1,20,15,0,0,0,0,33890591000,33890685000,-1,0,0,0,0,0,0,0,0
1,2,20,7,1076651027,2829356,0,0,33890694000,33890873000,-1,0,0,0,41943520,0,0,1280,3065053184
1,2,20,7,25602,0,0,0,33890874000,33890877000,-1,0,0,0,0,0,0,0,0
1,2,20,7,25607,0,0,0,33890878000,33905076000,-1,0,0,0,0,0,0,0,0
0,1,20,15,2,0,15,0,33905094000,33905241000,-1,0,0,0,0,0,0,0,0
1,1,20,15,20483,0,0,0,33905245000,33905253000,-1,0,0,0,0,0,0,0,0
1,1,20,15,1088704512,3066196212,0,0,33905255000,33905261000,-1,3066200064,3064438784,0,16777440,41943520,0,1,0
1,1,20,15,2147766273,0,0,0,33905262000,33905353000,-1,0,0,0,0,0,0,0,0
1,1,20,15,2147766276,3000,0,0,33905355000,33907218000,-1,0,0,0,0,0,0,0,0
1,1,20,15,2147766277,3064434148,0,0,33907222000,33907225000,6,0,0,0,0,0,0,0,0
1,1,20,15,20483,0,0,0,33907226000,33907229000,-1,0,0,0,0,0,0,0,0
2,1,20,15,0,0,0,0,33907230000,33907316000,-1,0,0,0,0,0,0,0,0
1,2,20,7,1076651027,2829312,0,0,33907325000,33907503000,-1,0,0,0,41943520,0,0,1280,3064438784
1,2,20,7,25602,0,0,0,33907504000,33907508000,-1,0,0,0,0,0,0,0,0
1,2,20,7,25607,0,0,0,33907509000,33921748000,-1,0,0,0,0,0,0,0,0
0,1,20,15,2,0,15,0,33921766000,33921918000,-1,0,0,0,0,0,0,0,0
1,1,20,15,20483,0,0,0,33921922000,33921930000,-1,0,0,0,0,0,0,0,0
1,1,20,15,1088704512,3066196212,0,0,33921932000,33921938000,-1,3066200064,3065053184,0,16777440,41943520,0,1,0
1,1,20,15,2147766273,0,0,0,33921939000,33922033000,-1,0,0,0,0,0,0,0,0
1,1,20,15,2147766276,3000,0,0,33922035000,33923901000,-1,0,0,0,0,0,0,0,0
1,1,20,15,2147766277,3064434148,0,0,33923904000,33923907000,6,0,0,0,0,0,0,0,0
1,1,20,15,20483,0,0,0,33923908000,33923910000,-1,0,0,0,0,0,0,0,0
2,1,20,15,0,0,0,0,33923912000,33923993000,-1,0,0,0,0,0,0,0,0
1,2,20,7,1076651027,2829356,0,0,33924000000,33924179000,-1,0,0,0,41943520,0,0,1280,3065053184
1,2,20,7,25602,0,0,0,33924216000,33924220000,-1,0,0,0,0,0,0,0,0
1,2,20,7,25607,0,0,0,33924221000,33938400000,-1,0,0,0,0,0,0,0,0
0,1,20,15,2,0,15,0,33938419000,33938568000,-1,0,0,0,0,0,0,0,0
1,1,20,15,20483,0,0,0,33938572000,33938580000,-1,0,0,0,0,0,0,0,0
1,1,20,15,1088704512,3066196212,0,0,33938582000,33938588000,-1,3066200064,3064438784,0,16777440,41943520,0,1,0
1,1,20,15,2147766273,0,0,0,33938590000,33938681000,-1,0,0,0,0,0,0,0,0
1,1,20,15,2147766276,3000,0,0,33938682000,33940542000,-1,0,0,0,0,0,0,0,0
1,1,20,15,2147766277,3064434148,0,0,33940546000,33940550000,6,0,0,0,0,0,0,0,0
1,1,20,15,20483,0,0,0,33940551000,33940555000,-1,0,0,0,0,0,0,0,0
2,1,20,15,0,0,0,0,33940556000,33940653000,-1,0,0,0,0,0,0,0,0
1,2,20,7,1076651027,2829312,0,0,33940661000,33940841000,-1,0,0,0,41943520,0,0,1280,3064438784
1,2,20,7,25602,0,0,0,33940842000,33940845000,-1,0,0,0,0,0,0,0,0
1,2,20,7,25607,0,0,0,33940846000,33955041000,-1,0,0,0,0,0,0,0,0
0,1,20,15,2,0,15,0,33955062000,33955205000,-1,0,0,0,0,0,0,0,0
1,1,20,15,20483,0,0,0,33955209000,33955216000,-1,0,0,0,0,0,0,0,0
1,1,20,15,1088704512,3066196212,0,0,33955218000,33955223000,-1,3066200064,3065053184,0,16777440,41943520,0,1,0
1,1,20,15,2147766273,0,0,0,33955225000,33955309000,-1,0,0,0,0,0,0,0,0
1,1,20,15,2147766276,3000,0,0,33955311000,33957181000,-1,0,0,0,0,0,0,0,0
1,1,20,15,2147766277,3064434148,0,0,33957184000,33957187000,6,0,0,0,0,0,0,0,0
1,1,20,15,20483,0,0,0,33957188000,33957191000,-1,0,0,0,0,0,0,0,0
2,1,20,15,0,0,0,0,33957193000,33957275000,-1,0,0,0,0,0,0,0,0
1,2,20,7,1076651027,2829356,0,0,33957283000,33957462000,-1,0,0,0,41943520,0,0,1280,3065053184
1,2,20,7,25602,0,0,0,33957463000,33957467000,-1,0,0,0,0,0,0,0,0
1,2,20,7,25607,0,0,0,33957468000,33971691000,-1,0,0,0,0,0,0,0,0
0,1,20,15,2,0,15,0,33973434000,33973595000,-1,0,0,0,0,0,0,0,0
1,1,20,15,20483,0,0,0,33973600000,33973610000,-1,0,0,0,0,0,0,0,0
1,1,20,15,1088704512,3066196212,0,0,33973612000,33973619000,-1,3066200064,3064438784,0,16777440,41943520,0,1,0
1,1,20,15,2147766273,0,0,0,33973620000,33973723000,-1,0,0,0,0,0,0,0,0
1,1,20,15,2147766276,3000,0,0,33973725000,33975599000,-1,0,0,0,0,0,0,0,0
1,1,20,15,2147766277,3064434148,0,0,33975602000,33975606000,6,0,0,0,0,0,0,0,0
1,1,20,15,20483,0,0,0,33975607000,33975610000,-1,0,0,0,0,0,0,0,0
2,1,20,15,0,0,0,0,33975611000,33975702000,-1,0,0,0,0,0,0,0,0
1,2,20,7,1076651027,2829312,0,0,33975708000,33975887000,-1,0,0,0,41943520,0,0,1280,3064438784
1,2,20,7,25602,0,0,0,33975888000,33975892000,-1,0,0,0,0,0,0,0,0
1,2,20,7,25607,0,0,0,33975893000,33988384000,-1,0,0,0,0,0,0,0,0
0,1,20,15,2,0,15,0,33988404000,33988552000,-1,0,0,0,0,0,0,0,0
1,1,20,15,20483,0,0,0,33988556000,33988564000,-1,0,0,0,0,0,0,0,0
1,1,20,15,1088704512,3066196212,0,0,33988567000,33988572000,-1,3066200064,3065053184,0,16777440,41943520,0,1,0
1,1,20,15,2147766273,0,0,0,33988574000,33988665000,-1,0,0,0,0,0,0,0,0
1,1,20,15,2147766276,3000,0,0,33988667000,33990535000,-1,0,0,0,0,0,0,0,0
1,1,20,15,2147766277,3064434148,0,0,33990538000,33990541000,6,0,0,0,0,0,0,0,0
1,1,20,15,20483,0,0,0,33990542000,33990545000,-1,0,0,0,0,0,0,0,0
2,1,20,15,0,0,0,0,33990547000,33990634000,-1,0,0,0,0,0,0,0,0
1,2,20,7,1076651027,2829356,0,0,33990641000,33990820000,-1,0,0,0,41943520,0,0,1280,3065053184
1,2,20,7,25602,0,0,0,33990822000,33990825000,-1,0,0,0,0,0,0,0,0
1,2,20,7,25607,0,0,0,33990826000,34005019000,-1,0,0,0,0,0,0,0,0
0,1,20,15,2,0,15,0,34005055000,34005199000,-1,0,0,0,0,0,0,0,0
1,1,20,15,20483,0,0,0,34005236000,34005245000,-1,0,0,0,0,0,0,0,0
1,1,20,15,1088704512,3066196212,0,0,34005247000,34005253000,-1,3066200064,3064438784,0,16777440,41943520,0,1,0
1,1,20,15,2147766273,0,0,0,34005255000,34005350000,-1,0,0,0,0,0,0,0,0
1,1,20,15,2147766276,3000,0,0,34005352000,34007225000,-1,0,0,0,0,0,0,0,0
1,1,20,15,2147766277,3064434148,0,0,34007228000,34007233000,6,0,0,0,0,0,0,0,0
1,1,20,15,20483,0,0,0,34007234000,34007237000,-1,0,0,0,0,0,0,0,0
2,1,20,15,0,0,0,0,34007239000,34007330000,-1,0,0,0,0,0,0,0,0
1,2,20,7,1076651027,2829312,0,0,34007349000,34007529000,-1,0,0,0,41943520,0,0,1280,3064438784
1,2,20,7,25602,0,0,0,34007532000,34007535000,-1,0,0,0,0,0,0,0,0
1,2,20,7,25607,0,0,0,34007536000,34021669000,-1,0,0,0,0,0,0,0,0
# captured=2651 dropped=0
