operation,kind,phase,fd,command,argument,rc,errno,begin_ns,end_ns,status,input_addr,output_a,output_b,input_wh,output_wh,queue_drop_flags,h_first_or_pitch,bitmap_addr
0,1,23,10,2,0,10,0,42612372000,42612550000,-1,0,0,0,0,0,0,0,0
1,1,23,10,20483,0,0,0,42612556000,42612568000,-1,0,0,0,0,0,0,0,0
1,1,23,10,1088704512,3066196212,0,0,42612570000,42612577000,-1,3066200064,3065053184,0,41943520,41943520,0,1,0
1,1,23,10,2147766273,0,0,0,42612579000,42612772000,-1,0,0,0,0,0,0,0,0
1,1,23,10,2147766276,3000,0,0,42612774000,42616993000,-1,0,0,0,0,0,0,0,0
1,1,23,10,2147766277,3064434148,0,0,42616997000,42617000000,6,0,0,0,0,0,0,0,0
1,1,23,10,20483,0,0,0,42617001000,42617004000,-1,0,0,0,0,0,0,0,0
2,1,23,10,0,0,0,0,42617006000,42617089000,-1,0,0,0,0,0,0,0,0
1,2,23,7,1076651027,2829356,0,0,42617109000,42617289000,-1,0,0,0,41943520,0,0,1280,3065053184
1,2,23,7,25602,0,0,0,42617291000,42617294000,-1,0,0,0,0,0,0,0,0
1,2,23,7,25607,0,0,0,42617295000,42633387000,-1,0,0,0,0,0,0,0,0
0,1,23,15,2,0,15,0,42664564000,42664722000,-1,0,0,0,0,0,0,0,0
1,1,23,15,20483,0,0,0,42664728000,42664739000,-1,0,0,0,0,0,0,0,0
1,1,23,15,1088704512,3066196212,0,0,42664741000,42664747000,-1,3066200064,3064438784,0,16777440,41943520,0,1,0
1,1,23,15,2147766273,0,0,0,42664749000,42664841000,-1,0,0,0,0,0,0,0,0
1,1,23,15,2147766276,3000,0,0,42664843000,42666717000,-1,0,0,0,0,0,0,0,0
1,1,23,15,2147766277,3064434148,0,0,42666719000,42666722000,6,0,0,0,0,0,0,0,0
1,1,23,15,20483,0,0,0,42666723000,42666726000,-1,0,0,0,0,0,0,0,0
2,1,23,15,0,0,0,0,42666728000,42666810000,-1,0,0,0,0,0,0,0,0
1,2,23,7,1076651027,2829312,0,0,42666817000,42666997000,-1,0,0,0,41943520,0,0,1280,3064438784
1,2,23,7,25602,0,0,0,42666998000,42667002000,-1,0,0,0,0,0,0,0,0
1,2,23,7,25607,0,0,0,42667003000,42683351000,-1,0,0,0,0,0,0,0,0
0,1,23,15,2,0,15,0,42683368000,42683515000,-1,0,0,0,0,0,0,0,0
1,1,23,15,20483,0,0,0,42683519000,42683526000,-1,0,0,0,0,0,0,0,0
1,1,23,15,1088704512,3066196212,0,0,42683528000,42683533000,-1,3066200064,3065053184,0,16777440,41943520,0,1,0
1,1,23,15,2147766273,0,0,0,42683535000,42683622000,-1,0,0,0,0,0,0,0,0
1,1,23,15,2147766276,3000,0,0,42683624000,42685489000,-1,0,0,0,0,0,0,0,0
1,1,23,15,2147766277,3064434148,0,0,42685491000,42685495000,6,0,0,0,0,0,0,0,0
1,1,23,15,20483,0,0,0,42685496000,42685498000,-1,0,0,0,0,0,0,0,0
2,1,23,15,0,0,0,0,42685500000,42685583000,-1,0,0,0,0,0,0,0,0
1,2,23,7,1076651027,2829356,0,0,42685592000,42685772000,-1,0,0,0,41943520,0,0,1280,3065053184
1,2,23,7,25602,0,0,0,42685774000,42685777000,-1,0,0,0,0,0,0,0,0
1,2,23,7,25607,0,0,0,42685778000,42700062000,-1,0,0,0,0,0,0,0,0
0,1,23,15,2,0,15,0,42700084000,42700232000,-1,0,0,0,0,0,0,0,0
1,1,23,15,20483,0,0,0,42700236000,42700246000,-1,0,0,0,0,0,0,0,0
1,1,23,15,1088704512,3066196212,0,0,42700247000,42700253000,-1,3066200064,3064438784,0,16777440,41943520,0,1,0
1,1,23,15,2147766273,0,0,0,42700255000,42700346000,-1,0,0,0,0,0,0,0,0
1,1,23,15,2147766276,3000,0,0,42700347000,42702213000,-1,0,0,0,0,0,0,0,0
1,1,23,15,2147766277,3064434148,0,0,42702217000,42702222000,6,0,0,0,0,0,0,0,0
1,1,23,15,20483,0,0,0,42702223000,42702226000,-1,0,0,0,0,0,0,0,0
2,1,23,15,0,0,0,0,42702264000,42702378000,-1,0,0,0,0,0,0,0,0
1,2,23,7,1076651027,2829312,0,0,42702386000,42702567000,-1,0,0,0,41943520,0,0,1280,3064438784
1,2,23,7,25602,0,0,0,42702568000,42702572000,-1,0,0,0,0,0,0,0,0
1,2,23,7,25607,0,0,0,42702573000,42716675000,-1,0,0,0,0,0,0,0,0
0,1,23,15,2,0,15,0,42716695000,42716842000,-1,0,0,0,0,0,0,0,0
1,1,23,15,20483,0,0,0,42716845000,42716853000,-1,0,0,0,0,0,0,0,0
1,1,23,15,1088704512,3066196212,0,0,42716855000,42716861000,-1,3066200064,3065053184,0,16777440,41943520,0,1,0
1,1,23,15,2147766273,0,0,0,42716862000,42716949000,-1,0,0,0,0,0,0,0,0
1,1,23,15,2147766276,3000,0,0,42716951000,42718816000,-1,0,0,0,0,0,0,0,0
1,1,23,15,2147766277,3064434148,0,0,42718818000,42718821000,6,0,0,0,0,0,0,0,0
1,1,23,15,20483,0,0,0,42718822000,42718825000,-1,0,0,0,0,0,0,0,0
2,1,23,15,0,0,0,0,42718828000,42718911000,-1,0,0,0,0,0,0,0,0
1,2,23,7,1076651027,2829356,0,0,42718919000,42719097000,-1,0,0,0,41943520,0,0,1280,3065053184
1,2,23,7,25602,0,0,0,42719098000,42719101000,-1,0,0,0,0,0,0,0,0
1,2,23,7,25607,0,0,0,42719102000,42733314000,-1,0,0,0,0,0,0,0,0
0,1,23,15,2,0,15,0,42733333000,42733474000,-1,0,0,0,0,0,0,0,0
1,1,23,15,20483,0,0,0,42733478000,42733486000,-1,0,0,0,0,0,0,0,0
1,1,23,15,1088704512,3066196212,0,0,42733488000,42733494000,-1,3066200064,3064438784,0,16777440,41943520,0,1,0
1,1,23,15,2147766273,0,0,0,42733495000,42733582000,-1,0,0,0,0,0,0,0,0
1,1,23,15,2147766276,3000,0,0,42733584000,42735449000,-1,0,0,0,0,0,0,0,0
1,1,23,15,2147766277,3064434148,0,0,42735452000,42735455000,6,0,0,0,0,0,0,0,0
1,1,23,15,20483,0,0,0,42735456000,42735459000,-1,0,0,0,0,0,0,0,0
2,1,23,15,0,0,0,0,42735461000,42735543000,-1,0,0,0,0,0,0,0,0
1,2,23,7,1076651027,2829312,0,0,42735551000,42735730000,-1,0,0,0,41943520,0,0,1280,3064438784
1,2,23,7,25602,0,0,0,42735732000,42735735000,-1,0,0,0,0,0,0,0,0
1,2,23,7,25607,0,0,0,42735736000,42749976000,-1,0,0,0,0,0,0,0,0
0,1,23,15,2,0,15,0,42749992000,42750179000,-1,0,0,0,0,0,0,0,0
1,1,23,15,20483,0,0,0,42750184000,42750192000,-1,0,0,0,0,0,0,0,0
1,1,23,15,1088704512,3066196212,0,0,42750193000,42750199000,-1,3066200064,3065053184,0,16777440,41943520,0,1,0
1,1,23,15,2147766273,0,0,0,42750201000,42750289000,-1,0,0,0,0,0,0,0,0
1,1,23,15,2147766276,3000,0,0,42750291000,42752153000,-1,0,0,0,0,0,0,0,0
1,1,23,15,2147766277,3064434148,0,0,42752155000,42752159000,6,0,0,0,0,0,0,0,0
1,1,23,15,20483,0,0,0,42752160000,42752162000,-1,0,0,0,0,0,0,0,0
2,1,23,15,0,0,0,0,42752164000,42752248000,-1,0,0,0,0,0,0,0,0
1,2,23,7,1076651027,2829356,0,0,42752257000,42752435000,-1,0,0,0,41943520,0,0,1280,3065053184
1,2,23,7,25602,0,0,0,42752436000,42752440000,-1,0,0,0,0,0,0,0,0
1,2,23,7,25607,0,0,0,42752441000,42766631000,-1,0,0,0,0,0,0,0,0
0,1,23,15,2,0,15,0,42766649000,42766792000,-1,0,0,0,0,0,0,0,0
1,1,23,15,20483,0,0,0,42766795000,42766803000,-1,0,0,0,0,0,0,0,0
1,1,23,15,1088704512,3066196212,0,0,42766805000,42766811000,-1,3066200064,3064438784,0,16777440,41943520,0,1,0
1,1,23,15,2147766273,0,0,0,42766813000,42766900000,-1,0,0,0,0,0,0,0,0
1,1,23,15,2147766276,3000,0,0,42766902000,42768762000,-1,0,0,0,0,0,0,0,0
1,1,23,15,2147766277,3064434148,0,0,42768765000,42768768000,6,0,0,0,0,0,0,0,0
1,1,23,15,20483,0,0,0,42768769000,42768772000,-1,0,0,0,0,0,0,0,0
2,1,23,15,0,0,0,0,42768773000,42768858000,-1,0,0,0,0,0,0,0,0
1,2,23,7,1076651027,2829312,0,0,42768866000,42769045000,-1,0,0,0,41943520,0,0,1280,3064438784
1,2,23,7,25602,0,0,0,42769047000,42769050000,-1,0,0,0,0,0,0,0,0
1,2,23,7,25607,0,0,0,42769087000,42783293000,-1,0,0,0,0,0,0,0,0
0,1,23,15,2,0,15,0,42783312000,42783462000,-1,0,0,0,0,0,0,0,0
1,1,23,15,20483,0,0,0,42783466000,42783473000,-1,0,0,0,0,0,0,0,0
1,1,23,15,1088704512,3066196212,0,0,42783475000,42783481000,-1,3066200064,3065053184,0,16777440,41943520,0,1,0
1,1,23,15,2147766273,0,0,0,42783483000,42783574000,-1,0,0,0,0,0,0,0,0
1,1,23,15,2147766276,3000,0,0,42783576000,42785440000,-1,0,0,0,0,0,0,0,0
1,1,23,15,2147766277,3064434148,0,0,42785442000,42785445000,6,0,0,0,0,0,0,0,0
1,1,23,15,20483,0,0,0,42785446000,42785449000,-1,0,0,0,0,0,0,0,0
2,1,23,15,0,0,0,0,42785451000,42785537000,-1,0,0,0,0,0,0,0,0
1,2,23,7,1076651027,2829356,0,0,42785546000,42785725000,-1,0,0,0,41943520,0,0,1280,3065053184
1,2,23,7,25602,0,0,0,42785726000,42785730000,-1,0,0,0,0,0,0,0,0
1,2,23,7,25607,0,0,0,42785731000,42799960000,-1,0,0,0,0,0,0,0,0
0,1,23,15,2,0,15,0,42799979000,42800173000,-1,0,0,0,0,0,0,0,0
1,1,23,15,20483,0,0,0,42800177000,42800185000,-1,0,0,0,0,0,0,0,0
1,1,23,15,1088704512,3066196212,0,0,42800187000,42800193000,-1,3066200064,3064438784,0,16777440,41943520,0,1,0
1,1,23,15,2147766273,0,0,0,42800195000,42800287000,-1,0,0,0,0,0,0,0,0
1,1,23,15,2147766276,3000,0,0,42800289000,42802153000,-1,0,0,0,0,0,0,0,0
1,1,23,15,2147766277,3064434148,0,0,42802157000,42802159000,6,0,0,0,0,0,0,0,0
1,1,23,15,20483,0,0,0,42802161000,42802163000,-1,0,0,0,0,0,0,0,0
2,1,23,15,0,0,0,0,42802165000,42802250000,-1,0,0,0,0,0,0,0,0
1,2,23,7,1076651027,2829312,0,0,42802258000,42802437000,-1,0,0,0,41943520,0,0,1280,3064438784
1,2,23,7,25602,0,0,0,42802439000,42802442000,-1,0,0,0,0,0,0,0,0
1,2,23,7,25607,0,0,0,42802443000,42816606000,-1,0,0,0,0,0,0,0,0
0,1,23,15,2,0,15,0,42816625000,42816772000,-1,0,0,0,0,0,0,0,0
1,1,23,15,20483,0,0,0,42816776000,42816785000,-1,0,0,0,0,0,0,0,0
1,1,23,15,1088704512,3066196212,0,0,42816786000,42816793000,-1,3066200064,3065053184,0,16777440,41943520,0,1,0
1,1,23,15,2147766273,0,0,0,42816794000,42816882000,-1,0,0,0,0,0,0,0,0
1,1,23,15,2147766276,3000,0,0,42816884000,42818750000,-1,0,0,0,0,0,0,0,0
1,1,23,15,2147766277,3064434148,0,0,42818753000,42818756000,6,0,0,0,0,0,0,0,0
1,1,23,15,20483,0,0,0,42818757000,42818760000,-1,0,0,0,0,0,0,0,0
2,1,23,15,0,0,0,0,42818762000,42818844000,-1,0,0,0,0,0,0,0,0
1,2,23,7,1076651027,2829356,0,0,42818851000,42819030000,-1,0,0,0,41943520,0,0,1280,3065053184
1,2,23,7,25602,0,0,0,42819031000,42819034000,-1,0,0,0,0,0,0,0,0
1,2,23,7,25607,0,0,0,42819036000,42833260000,-1,0,0,0,0,0,0,0,0
0,1,23,15,2,0,15,0,42833277000,42833420000,-1,0,0,0,0,0,0,0,0
1,1,23,15,20483,0,0,0,42833424000,42833432000,-1,0,0,0,0,0,0,0,0
1,1,23,15,1088704512,3066196212,0,0,42833434000,42833440000,-1,3066200064,3064438784,0,16777440,41943520,0,1,0
1,1,23,15,2147766273,0,0,0,42833442000,42833526000,-1,0,0,0,0,0,0,0,0
1,1,23,15,2147766276,3000,0,0,42833527000,42835391000,-1,0,0,0,0,0,0,0,0
1,1,23,15,2147766277,3064434148,0,0,42835394000,42835397000,6,0,0,0,0,0,0,0,0
1,1,23,15,20483,0,0,0,42835398000,42835401000,-1,0,0,0,0,0,0,0,0
2,1,23,15,0,0,0,0,42835403000,42835485000,-1,0,0,0,0,0,0,0,0
1,2,23,7,1076651027,2829312,0,0,42835493000,42835672000,-1,0,0,0,41943520,0,0,1280,3064438784
1,2,23,7,25602,0,0,0,42835673000,42835676000,-1,0,0,0,0,0,0,0,0
1,2,23,7,25607,0,0,0,42835677000,42849924000,-1,0,0,0,0,0,0,0,0
0,1,23,15,2,0,15,0,42849946000,42850141000,-1,0,0,0,0,0,0,0,0
1,1,23,15,20483,0,0,0,42850146000,42850153000,-1,0,0,0,0,0,0,0,0
1,1,23,15,1088704512,3066196212,0,0,42850189000,42850196000,-1,3066200064,3065053184,0,16777440,41943520,0,1,0
1,1,23,15,2147766273,0,0,0,42850198000,42850291000,-1,0,0,0,0,0,0,0,0
1,1,23,15,2147766276,3000,0,0,42850293000,42852156000,-1,0,0,0,0,0,0,0,0
1,1,23,15,2147766277,3064434148,0,0,42852160000,42852164000,6,0,0,0,0,0,0,0,0
1,1,23,15,20483,0,0,0,42852165000,42852168000,-1,0,0,0,0,0,0,0,0
2,1,23,15,0,0,0,0,42852170000,42852278000,-1,0,0,0,0,0,0,0,0
1,2,23,7,1076651027,2829356,0,0,42852286000,42852468000,-1,0,0,0,41943520,0,0,1280,3065053184
1,2,23,7,25602,0,0,0,42852470000,42852473000,-1,0,0,0,0,0,0,0,0
1,2,23,7,25607,0,0,0,42852474000,42866613000,-1,0,0,0,0,0,0,0,0
0,1,23,15,2,0,15,0,42866633000,42866780000,-1,0,0,0,0,0,0,0,0
1,1,23,15,20483,0,0,0,42866784000,42866792000,-1,0,0,0,0,0,0,0,0
1,1,23,15,1088704512,3066196212,0,0,42866794000,42866799000,-1,3066200064,3064438784,0,16777440,41943520,0,1,0
1,1,23,15,2147766273,0,0,0,42866801000,42866891000,-1,0,0,0,0,0,0,0,0
1,1,23,15,2147766276,3000,0,0,42866893000,42868761000,-1,0,0,0,0,0,0,0,0
1,1,23,15,2147766277,3064434148,0,0,42868764000,42868767000,6,0,0,0,0,0,0,0,0
1,1,23,15,20483,0,0,0,42868768000,42868770000,-1,0,0,0,0,0,0,0,0
2,1,23,15,0,0,0,0,42868772000,42868853000,-1,0,0,0,0,0,0,0,0
1,2,23,7,1076651027,2829312,0,0,42868861000,42869040000,-1,0,0,0,41943520,0,0,1280,3064438784
1,2,23,7,25602,0,0,0,42869042000,42869045000,-1,0,0,0,0,0,0,0,0
1,2,23,7,25607,0,0,0,42869046000,42883230000,-1,0,0,0,0,0,0,0,0
0,1,23,15,2,0,15,0,42883250000,42883400000,-1,0,0,0,0,0,0,0,0
1,1,23,15,20483,0,0,0,42883404000,42883413000,-1,0,0,0,0,0,0,0,0
1,1,23,15,1088704512,3066196212,0,0,42883415000,42883420000,-1,3066200064,3065053184,0,16777440,41943520,0,1,0
1,1,23,15,2147766273,0,0,0,42883422000,42883514000,-1,0,0,0,0,0,0,0,0
1,1,23,15,2147766276,3000,0,0,42883515000,42885376000,-1,0,0,0,0,0,0,0,0
1,1,23,15,2147766277,3064434148,0,0,42885380000,42885383000,6,0,0,0,0,0,0,0,0
1,1,23,15,20483,0,0,0,42885385000,42885387000,-1,0,0,0,0,0,0,0,0
2,1,23,15,0,0,0,0,42885389000,42885476000,-1,0,0,0,0,0,0,0,0
1,2,23,7,1076651027,2829356,0,0,42885483000,42885663000,-1,0,0,0,41943520,0,0,1280,3065053184
1,2,23,7,25602,0,0,0,42885664000,42885667000,-1,0,0,0,0,0,0,0,0
1,2,23,7,25607,0,0,0,42885668000,42899892000,-1,0,0,0,0,0,0,0,0
0,1,23,15,2,0,15,0,42899909000,42900101000,-1,0,0,0,0,0,0,0,0
1,1,23,15,20483,0,0,0,42900105000,42900113000,-1,0,0,0,0,0,0,0,0
1,1,23,15,1088704512,3066196212,0,0,42900114000,42900121000,-1,3066200064,3064438784,0,16777440,41943520,0,1,0
1,1,23,15,2147766273,0,0,0,42900122000,42900212000,-1,0,0,0,0,0,0,0,0
1,1,23,15,2147766276,3000,0,0,42900214000,42902074000,-1,0,0,0,0,0,0,0,0
1,1,23,15,2147766277,3064434148,0,0,42902078000,42902081000,6,0,0,0,0,0,0,0,0
1,1,23,15,20483,0,0,0,42902082000,42902085000,-1,0,0,0,0,0,0,0,0
2,1,23,15,0,0,0,0,42902087000,42902173000,-1,0,0,0,0,0,0,0,0
1,2,23,7,1076651027,2829312,0,0,42902181000,42902361000,-1,0,0,0,41943520,0,0,1280,3064438784
1,2,23,7,25602,0,0,0,42902363000,42902366000,-1,0,0,0,0,0,0,0,0
1,2,23,7,25607,0,0,0,42902367000,42916548000,-1,0,0,0,0,0,0,0,0
0,1,23,15,2,0,15,0,42916565000,42916714000,-1,0,0,0,0,0,0,0,0
1,1,23,15,20483,0,0,0,42916718000,42916725000,-1,0,0,0,0,0,0,0,0
1,1,23,15,1088704512,3066196212,0,0,42916728000,42916733000,-1,3066200064,3065053184,0,16777440,41943520,0,1,0
1,1,23,15,2147766273,0,0,0,42916734000,42916824000,-1,0,0,0,0,0,0,0,0
1,1,23,15,2147766276,3000,0,0,42916869000,42918697000,-1,0,0,0,0,0,0,0,0
1,1,23,15,2147766277,3064434148,0,0,42918699000,42918702000,6,0,0,0,0,0,0,0,0
1,1,23,15,20483,0,0,0,42918703000,42918706000,-1,0,0,0,0,0,0,0,0
2,1,23,15,0,0,0,0,42918708000,42918813000,-1,0,0,0,0,0,0,0,0
1,2,23,7,1076651027,2829356,0,0,42918822000,42919001000,-1,0,0,0,41943520,0,0,1280,3065053184
1,2,23,7,25602,0,0,0,42919002000,42919005000,-1,0,0,0,0,0,0,0,0
1,2,23,7,25607,0,0,0,42919006000,42933213000,-1,0,0,0,0,0,0,0,0
0,1,23,15,2,0,15,0,42933232000,42933378000,-1,0,0,0,0,0,0,0,0
1,1,23,15,20483,0,0,0,42933382000,42933391000,-1,0,0,0,0,0,0,0,0
1,1,23,15,1088704512,3066196212,0,0,42933393000,42933399000,-1,3066200064,3064438784,0,16777440,41943520,0,1,0
1,1,23,15,2147766273,0,0,0,42933400000,42933487000,-1,0,0,0,0,0,0,0,0
1,1,23,15,2147766276,3000,0,0,42933488000,42935353000,-1,0,0,0,0,0,0,0,0
1,1,23,15,2147766277,3064434148,0,0,42935356000,42935359000,6,0,0,0,0,0,0,0,0
1,1,23,15,20483,0,0,0,42935360000,42935363000,-1,0,0,0,0,0,0,0,0
2,1,23,15,0,0,0,0,42935365000,42935447000,-1,0,0,0,0,0,0,0,0
1,2,23,7,1076651027,2829312,0,0,42935455000,42935633000,-1,0,0,0,41943520,0,0,1280,3064438784
1,2,23,7,25602,0,0,0,42935634000,42935637000,-1,0,0,0,0,0,0,0,0
1,2,23,7,25607,0,0,0,42935638000,42949856000,-1,0,0,0,0,0,0,0,0
0,1,23,15,2,0,15,0,42949873000,42950065000,-1,0,0,0,0,0,0,0,0
1,1,23,15,20483,0,0,0,42950069000,42950077000,-1,0,0,0,0,0,0,0,0
1,1,23,15,1088704512,3066196212,0,0,42950079000,42950085000,-1,3066200064,3065053184,0,16777440,41943520,0,1,0
1,1,23,15,2147766273,0,0,0,42950086000,42950177000,-1,0,0,0,0,0,0,0,0
1,1,23,15,2147766276,3000,0,0,42950179000,42952046000,-1,0,0,0,0,0,0,0,0
1,1,23,15,2147766277,3064434148,0,0,42952049000,42952052000,6,0,0,0,0,0,0,0,0
1,1,23,15,20483,0,0,0,42952053000,42952055000,-1,0,0,0,0,0,0,0,0
2,1,23,15,0,0,0,0,42952057000,42952141000,-1,0,0,0,0,0,0,0,0
1,2,23,7,1076651027,2829356,0,0,42952150000,42952329000,-1,0,0,0,41943520,0,0,1280,3065053184
1,2,23,7,25602,0,0,0,42952330000,42952333000,-1,0,0,0,0,0,0,0,0
1,2,23,7,25607,0,0,0,42952335000,42966516000,-1,0,0,0,0,0,0,0,0
0,1,23,15,2,0,15,0,42966533000,42966677000,-1,0,0,0,0,0,0,0,0
1,1,23,15,20483,0,0,0,42966681000,42966689000,-1,0,0,0,0,0,0,0,0
1,1,23,15,1088704512,3066196212,0,0,42966691000,42966696000,-1,3066200064,3064438784,0,16777440,41943520,0,1,0
1,1,23,15,2147766273,0,0,0,42966698000,42966787000,-1,0,0,0,0,0,0,0,0
1,1,23,15,2147766276,3000,0,0,42966789000,42968655000,-1,0,0,0,0,0,0,0,0
1,1,23,15,2147766277,3064434148,0,0,42968658000,42968661000,6,0,0,0,0,0,0,0,0
1,1,23,15,20483,0,0,0,42968663000,42968665000,-1,0,0,0,0,0,0,0,0
2,1,23,15,0,0,0,0,42968667000,42968750000,-1,0,0,0,0,0,0,0,0
1,2,23,7,1076651027,2829312,0,0,42968758000,42968937000,-1,0,0,0,41943520,0,0,1280,3064438784
1,2,23,7,25602,0,0,0,42968938000,42968941000,-1,0,0,0,0,0,0,0,0
1,2,23,7,25607,0,0,0,42968942000,42983174000,-1,0,0,0,0,0,0,0,0
0,1,23,15,2,0,15,0,42983192000,42983334000,-1,0,0,0,0,0,0,0,0
1,1,23,15,20483,0,0,0,42983338000,42983346000,-1,0,0,0,0,0,0,0,0
1,1,23,15,1088704512,3066196212,0,0,42983348000,42983354000,-1,3066200064,3065053184,0,16777440,41943520,0,1,0
1,1,23,15,2147766273,0,0,0,42983356000,42983440000,-1,0,0,0,0,0,0,0,0
1,1,23,15,2147766276,3000,0,0,42983442000,42985309000,-1,0,0,0,0,0,0,0,0
1,1,23,15,2147766277,3064434148,0,0,42985312000,42985315000,6,0,0,0,0,0,0,0,0
1,1,23,15,20483,0,0,0,42985316000,42985319000,-1,0,0,0,0,0,0,0,0
2,1,23,15,0,0,0,0,42985355000,42985447000,-1,0,0,0,0,0,0,0,0
1,2,23,7,1076651027,2829356,0,0,42985455000,42985634000,-1,0,0,0,41943520,0,0,1280,3065053184
1,2,23,7,25602,0,0,0,42985636000,42985639000,-1,0,0,0,0,0,0,0,0
1,2,23,7,25607,0,0,0,42985640000,42999832000,-1,0,0,0,0,0,0,0,0
0,1,23,15,2,0,15,0,42999850000,43000068000,-1,0,0,0,0,0,0,0,0
1,1,23,15,20483,0,0,0,43000074000,43000082000,-1,0,0,0,0,0,0,0,0
1,1,23,15,1088704512,3066196212,0,0,43000084000,43000090000,-1,3066200064,3064438784,0,16777440,41943520,0,1,0
1,1,23,15,2147766273,0,0,0,43000091000,43000189000,-1,0,0,0,0,0,0,0,0
1,1,23,15,2147766276,3000,0,0,43000192000,43002049000,-1,0,0,0,0,0,0,0,0
1,1,23,15,2147766277,3064434148,0,0,43002052000,43002056000,6,0,0,0,0,0,0,0,0
1,1,23,15,20483,0,0,0,43002057000,43002059000,-1,0,0,0,0,0,0,0,0
2,1,23,15,0,0,0,0,43002062000,43002150000,-1,0,0,0,0,0,0,0,0
1,2,23,7,1076651027,2829312,0,0,43002160000,43002339000,-1,0,0,0,41943520,0,0,1280,3064438784
1,2,23,7,25602,0,0,0,43002341000,43002344000,-1,0,0,0,0,0,0,0,0
1,2,23,7,25607,0,0,0,43002345000,43016491000,-1,0,0,0,0,0,0,0,0
0,1,23,15,2,0,15,0,43016507000,43016653000,-1,0,0,0,0,0,0,0,0
1,1,23,15,20483,0,0,0,43016657000,43016664000,-1,0,0,0,0,0,0,0,0
1,1,23,15,1088704512,3066196212,0,0,43016666000,43016672000,-1,3066200064,3065053184,0,16777440,41943520,0,1,0
1,1,23,15,2147766273,0,0,0,43016673000,43016760000,-1,0,0,0,0,0,0,0,0
1,1,23,15,2147766276,3000,0,0,43016762000,43018623000,-1,0,0,0,0,0,0,0,0
1,1,23,15,2147766277,3064434148,0,0,43018626000,43018629000,6,0,0,0,0,0,0,0,0
1,1,23,15,20483,0,0,0,43018630000,43018633000,-1,0,0,0,0,0,0,0,0
2,1,23,15,0,0,0,0,43018635000,43018721000,-1,0,0,0,0,0,0,0,0
1,2,23,7,1076651027,2829356,0,0,43018730000,43018910000,-1,0,0,0,41943520,0,0,1280,3065053184
1,2,23,7,25602,0,0,0,43018911000,43018914000,-1,0,0,0,0,0,0,0,0
1,2,23,7,25607,0,0,0,43018915000,43033145000,-1,0,0,0,0,0,0,0,0
0,1,23,15,2,0,15,0,43033162000,43033308000,-1,0,0,0,0,0,0,0,0
1,1,23,15,20483,0,0,0,43033313000,43033321000,-1,0,0,0,0,0,0,0,0
1,1,23,15,1088704512,3066196212,0,0,43033322000,43033328000,-1,3066200064,3064438784,0,16777440,41943520,0,1,0
1,1,23,15,2147766273,0,0,0,43033330000,43033417000,-1,0,0,0,0,0,0,0,0
1,1,23,15,2147766276,3000,0,0,43033419000,43035280000,-1,0,0,0,0,0,0,0,0
1,1,23,15,2147766277,3064434148,0,0,43035283000,43035286000,6,0,0,0,0,0,0,0,0
1,1,23,15,20483,0,0,0,43035287000,43035290000,-1,0,0,0,0,0,0,0,0
2,1,23,15,0,0,0,0,43035292000,43035377000,-1,0,0,0,0,0,0,0,0
1,2,23,7,1076651027,2829312,0,0,43035386000,43035565000,-1,0,0,0,41943520,0,0,1280,3064438784
1,2,23,7,25602,0,0,0,43035566000,43035569000,-1,0,0,0,0,0,0,0,0
1,2,23,7,25607,0,0,0,43035570000,43049816000,-1,0,0,0,0,0,0,0,0
0,1,23,15,2,0,15,0,43049836000,43049979000,-1,0,0,0,0,0,0,0,0
1,1,23,15,20483,0,0,0,43049983000,43049991000,-1,0,0,0,0,0,0,0,0
1,1,23,15,1088704512,3066196212,0,0,43049992000,43049998000,-1,3066200064,3065053184,0,16777440,41943520,0,1,0
1,1,23,15,2147766273,0,0,0,43050044000,43050138000,-1,0,0,0,0,0,0,0,0
1,1,23,15,2147766276,3000,0,0,43050140000,43052007000,-1,0,0,0,0,0,0,0,0
1,1,23,15,2147766277,3064434148,0,0,43052009000,43052013000,6,0,0,0,0,0,0,0,0
1,1,23,15,20483,0,0,0,43052014000,43052017000,-1,0,0,0,0,0,0,0,0
2,1,23,15,0,0,0,0,43052019000,43052106000,-1,0,0,0,0,0,0,0,0
1,2,23,7,1076651027,2829356,0,0,43052114000,43052311000,-1,0,0,0,41943520,0,0,1280,3065053184
1,2,23,7,25602,0,0,0,43052348000,43052353000,-1,0,0,0,0,0,0,0,0
1,2,23,7,25607,0,0,0,43052355000,43066458000,-1,0,0,0,0,0,0,0,0
0,1,23,15,2,0,15,0,43066476000,43066629000,-1,0,0,0,0,0,0,0,0
1,1,23,15,20483,0,0,0,43066633000,43066641000,-1,0,0,0,0,0,0,0,0
1,1,23,15,1088704512,3066196212,0,0,43066642000,43066649000,-1,3066200064,3064438784,0,16777440,41943520,0,1,0
1,1,23,15,2147766273,0,0,0,43066650000,43066739000,-1,0,0,0,0,0,0,0,0
1,1,23,15,2147766276,3000,0,0,43066741000,43068610000,-1,0,0,0,0,0,0,0,0
1,1,23,15,2147766277,3064434148,0,0,43068612000,43068615000,6,0,0,0,0,0,0,0,0
1,1,23,15,20483,0,0,0,43068616000,43068619000,-1,0,0,0,0,0,0,0,0
2,1,23,15,0,0,0,0,43068621000,43068704000,-1,0,0,0,0,0,0,0,0
1,2,23,7,1076651027,2829312,0,0,43068711000,43068889000,-1,0,0,0,41943520,0,0,1280,3064438784
1,2,23,7,25602,0,0,0,43068890000,43068893000,-1,0,0,0,0,0,0,0,0
1,2,23,7,25607,0,0,0,43068894000,43083118000,-1,0,0,0,0,0,0,0,0
0,1,23,15,2,0,15,0,43083138000,43083282000,-1,0,0,0,0,0,0,0,0
1,1,23,15,20483,0,0,0,43083285000,43083293000,-1,0,0,0,0,0,0,0,0
1,1,23,15,1088704512,3066196212,0,0,43083295000,43083301000,-1,3066200064,3065053184,0,16777440,41943520,0,1,0
1,1,23,15,2147766273,0,0,0,43083302000,43083386000,-1,0,0,0,0,0,0,0,0
1,1,23,15,2147766276,3000,0,0,43083388000,43085255000,-1,0,0,0,0,0,0,0,0
1,1,23,15,2147766277,3064434148,0,0,43085257000,43085260000,6,0,0,0,0,0,0,0,0
1,1,23,15,20483,0,0,0,43085261000,43085264000,-1,0,0,0,0,0,0,0,0
2,1,23,15,0,0,0,0,43085266000,43085347000,-1,0,0,0,0,0,0,0,0
1,2,23,7,1076651027,2829356,0,0,43085354000,43085533000,-1,0,0,0,41943520,0,0,1280,3065053184
1,2,23,7,25602,0,0,0,43085534000,43085537000,-1,0,0,0,0,0,0,0,0
1,2,23,7,25607,0,0,0,43085538000,43099773000,-1,0,0,0,0,0,0,0,0
0,1,23,15,2,0,15,0,43099790000,43099939000,-1,0,0,0,0,0,0,0,0
1,1,23,15,20483,0,0,0,43099943000,43099950000,-1,0,0,0,0,0,0,0,0
1,1,23,15,1088704512,3066196212,0,0,43099952000,43099958000,-1,3066200064,3064438784,0,16777440,41943520,0,1,0
1,1,23,15,2147766273,0,0,0,43099959000,43100102000,-1,0,0,0,0,0,0,0,0
1,1,23,15,2147766276,3000,0,0,43100104000,43101970000,-1,0,0,0,0,0,0,0,0
1,1,23,15,2147766277,3064434148,0,0,43101974000,43101977000,6,0,0,0,0,0,0,0,0
1,1,23,15,20483,0,0,0,43101978000,43101981000,-1,0,0,0,0,0,0,0,0
2,1,23,15,0,0,0,0,43101983000,43102079000,-1,0,0,0,0,0,0,0,0
1,2,23,7,1076651027,2829312,0,0,43102087000,43102267000,-1,0,0,0,41943520,0,0,1280,3064438784
1,2,23,7,25602,0,0,0,43102268000,43102271000,-1,0,0,0,0,0,0,0,0
1,2,23,7,25607,0,0,0,43102272000,43116430000,-1,0,0,0,0,0,0,0,0
0,1,23,15,2,0,15,0,43116446000,43116591000,-1,0,0,0,0,0,0,0,0
1,1,23,15,20483,0,0,0,43116595000,43116603000,-1,0,0,0,0,0,0,0,0
1,1,23,15,1088704512,3066196212,0,0,43116606000,43116611000,-1,3066200064,3065053184,0,16777440,41943520,0,1,0
1,1,23,15,2147766273,0,0,0,43116613000,43116703000,-1,0,0,0,0,0,0,0,0
1,1,23,15,2147766276,3000,0,0,43116704000,43118568000,-1,0,0,0,0,0,0,0,0
1,1,23,15,2147766277,3064434148,0,0,43118571000,43118574000,6,0,0,0,0,0,0,0,0
1,1,23,15,20483,0,0,0,43118575000,43118578000,-1,0,0,0,0,0,0,0,0
2,1,23,15,0,0,0,0,43118580000,43118662000,-1,0,0,0,0,0,0,0,0
1,2,23,7,1076651027,2829356,0,0,43118670000,43118850000,-1,0,0,0,41943520,0,0,1280,3065053184
1,2,23,7,25602,0,0,0,43118851000,43118854000,-1,0,0,0,0,0,0,0,0
1,2,23,7,25607,0,0,0,43118856000,43133090000,-1,0,0,0,0,0,0,0,0
0,1,23,15,2,0,15,0,43133107000,43133254000,-1,0,0,0,0,0,0,0,0
1,1,23,15,20483,0,0,0,43133294000,43133303000,-1,0,0,0,0,0,0,0,0
1,1,23,15,1088704512,3066196212,0,0,43133305000,43133310000,-1,3066200064,3064438784,0,16777440,41943520,0,1,0
1,1,23,15,2147766273,0,0,0,43133311000,43133431000,-1,0,0,0,0,0,0,0,0
1,1,23,15,2147766276,3000,0,0,43133433000,43135295000,-1,0,0,0,0,0,0,0,0
1,1,23,15,2147766277,3064434148,0,0,43135297000,43135301000,6,0,0,0,0,0,0,0,0
1,1,23,15,20483,0,0,0,43135302000,43135305000,-1,0,0,0,0,0,0,0,0
2,1,23,15,0,0,0,0,43135307000,43135395000,-1,0,0,0,0,0,0,0,0
1,2,23,7,1076651027,2829312,0,0,43135404000,43135583000,-1,0,0,0,41943520,0,0,1280,3064438784
1,2,23,7,25602,0,0,0,43135584000,43135587000,-1,0,0,0,0,0,0,0,0
1,2,23,7,25607,0,0,0,43135588000,43149732000,-1,0,0,0,0,0,0,0,0
0,1,23,15,2,0,15,0,43157830000,43157989000,-1,0,0,0,0,0,0,0,0
1,1,23,15,20483,0,0,0,43157996000,43158006000,-1,0,0,0,0,0,0,0,0
1,1,23,15,1088704512,3066196212,0,0,43158008000,43158015000,-1,3066200064,3065053184,0,16777440,41943520,0,1,0
1,1,23,15,2147766273,0,0,0,43158017000,43158113000,-1,0,0,0,0,0,0,0,0
1,1,23,15,2147766276,3000,0,0,43158115000,43159990000,-1,0,0,0,0,0,0,0,0
1,1,23,15,2147766277,3064434148,0,0,43159993000,43159996000,6,0,0,0,0,0,0,0,0
1,1,23,15,20483,0,0,0,43159997000,43160045000,-1,0,0,0,0,0,0,0,0
2,1,23,15,0,0,0,0,43160047000,43160138000,-1,0,0,0,0,0,0,0,0
1,2,23,7,1076651027,2829356,0,0,43160147000,43160329000,-1,0,0,0,41943520,0,0,1280,3065053184
1,2,23,7,25602,0,0,0,43160330000,43160334000,-1,0,0,0,0,0,0,0,0
1,2,23,7,25607,0,0,0,43160335000,43166391000,-1,0,0,0,0,0,0,0,0
0,1,23,15,2,0,15,0,43171908000,43172066000,-1,0,0,0,0,0,0,0,0
1,1,23,15,20483,0,0,0,43172072000,43172082000,-1,0,0,0,0,0,0,0,0
1,1,23,15,1088704512,3066196212,0,0,43172084000,43172090000,-1,3066200064,3064438784,0,16777440,41943520,0,1,0
1,1,23,15,2147766273,0,0,0,43172091000,43172185000,-1,0,0,0,0,0,0,0,0
1,1,23,15,2147766276,3000,0,0,43172188000,43174173000,-1,0,0,0,0,0,0,0,0
1,1,23,15,2147766277,3064434148,0,0,43174176000,43174179000,6,0,0,0,0,0,0,0,0
1,1,23,15,20483,0,0,0,43174181000,43174184000,-1,0,0,0,0,0,0,0,0
2,1,23,15,0,0,0,0,43174186000,43174290000,-1,0,0,0,0,0,0,0,0
1,2,23,7,1076651027,2829312,0,0,43174298000,43174477000,-1,0,0,0,41943520,0,0,1280,3064438784
1,2,23,7,25602,0,0,0,43174479000,43174482000,-1,0,0,0,0,0,0,0,0
1,2,23,7,25607,0,0,0,43174484000,43183048000,-1,0,0,0,0,0,0,0,0
0,1,23,15,2,0,15,0,43187851000,43188012000,-1,0,0,0,0,0,0,0,0
1,1,23,15,20483,0,0,0,43188017000,43188026000,-1,0,0,0,0,0,0,0,0
1,1,23,15,1088704512,3066196212,0,0,43188028000,43188035000,-1,3066200064,3065053184,0,16777440,41943520,0,1,0
1,1,23,15,2147766273,0,0,0,43188036000,43188129000,-1,0,0,0,0,0,0,0,0
1,1,23,15,2147766276,3000,0,0,43188131000,43190052000,-1,0,0,0,0,0,0,0,0
1,1,23,15,2147766277,3064434148,0,0,43190056000,43190059000,6,0,0,0,0,0,0,0,0
1,1,23,15,20483,0,0,0,43190060000,43190064000,-1,0,0,0,0,0,0,0,0
2,1,23,15,0,0,0,0,43190065000,43190163000,-1,0,0,0,0,0,0,0,0
1,2,23,7,1076651027,2829356,0,0,43190171000,43190351000,-1,0,0,0,41943520,0,0,1280,3065053184
1,2,23,7,25602,0,0,0,43190353000,43190357000,-1,0,0,0,0,0,0,0,0
1,2,23,7,25607,0,0,0,43190358000,43199703000,-1,0,0,0,0,0,0,0,0
0,1,23,15,2,0,15,0,43201925000,43202078000,-1,0,0,0,0,0,0,0,0
1,1,23,15,20483,0,0,0,43202084000,43202092000,-1,0,0,0,0,0,0,0,0
1,1,23,15,1088704512,3066196212,0,0,43202095000,43202101000,-1,3066200064,3064438784,0,16777440,41943520,0,1,0
1,1,23,15,2147766273,0,0,0,43202142000,43202241000,-1,0,0,0,0,0,0,0,0
1,1,23,15,2147766276,3000,0,0,43202243000,43204108000,-1,0,0,0,0,0,0,0,0
1,1,23,15,2147766277,3064434148,0,0,43204112000,43204115000,6,0,0,0,0,0,0,0,0
1,1,23,15,20483,0,0,0,43204116000,43204119000,-1,0,0,0,0,0,0,0,0
2,1,23,15,0,0,0,0,43204121000,43204228000,-1,0,0,0,0,0,0,0,0
1,2,23,7,1076651027,2829312,0,0,43204236000,43204417000,-1,0,0,0,41943520,0,0,1280,3064438784
1,2,23,7,25602,0,0,0,43204418000,43204422000,-1,0,0,0,0,0,0,0,0
1,2,23,7,25607,0,0,0,43204423000,43216373000,-1,0,0,0,0,0,0,0,0
0,1,23,15,2,0,15,0,43216949000,43217106000,-1,0,0,0,0,0,0,0,0
1,1,23,15,20483,0,0,0,43217112000,43217121000,-1,0,0,0,0,0,0,0,0
1,1,23,15,1088704512,3066196212,0,0,43217123000,43217130000,-1,3066200064,3065053184,0,16777440,41943520,0,1,0
1,1,23,15,2147766273,0,0,0,43217131000,43217224000,-1,0,0,0,0,0,0,0,0
1,1,23,15,2147766276,3000,0,0,43217226000,43219111000,-1,0,0,0,0,0,0,0,0
1,1,23,15,2147766277,3064434148,0,0,43219114000,43219117000,6,0,0,0,0,0,0,0,0
1,1,23,15,20483,0,0,0,43219119000,43219122000,-1,0,0,0,0,0,0,0,0
2,1,23,15,0,0,0,0,43219124000,43219216000,-1,0,0,0,0,0,0,0,0
1,2,23,7,1076651027,2829356,0,0,43219223000,43219402000,-1,0,0,0,41943520,0,0,1280,3065053184
1,2,23,7,25602,0,0,0,43219404000,43219407000,-1,0,0,0,0,0,0,0,0
1,2,23,7,25607,0,0,0,43219409000,43233083000,-1,0,0,0,0,0,0,0,0
0,1,23,15,2,0,15,0,43233790000,43233940000,-1,0,0,0,0,0,0,0,0
1,1,23,15,20483,0,0,0,43233946000,43233955000,-1,0,0,0,0,0,0,0,0
1,1,23,15,1088704512,3066196212,0,0,43233957000,43233963000,-1,3066200064,3064438784,0,16777440,41943520,0,1,0
1,1,23,15,2147766273,0,0,0,43233964000,43234054000,-1,0,0,0,0,0,0,0,0
1,1,23,15,2147766276,3000,0,0,43234056000,43235933000,-1,0,0,0,0,0,0,0,0
1,1,23,15,2147766277,3064434148,0,0,43235936000,43235939000,6,0,0,0,0,0,0,0,0
1,1,23,15,20483,0,0,0,43235941000,43235944000,-1,0,0,0,0,0,0,0,0
2,1,23,15,0,0,0,0,43235946000,43236040000,-1,0,0,0,0,0,0,0,0
1,2,23,7,1076651027,2829312,0,0,43236048000,43236228000,-1,0,0,0,41943520,0,0,1280,3064438784
1,2,23,7,25602,0,0,0,43236230000,43236233000,-1,0,0,0,0,0,0,0,0
1,2,23,7,25607,0,0,0,43236235000,43249679000,-1,0,0,0,0,0,0,0,0
0,1,23,15,2,0,15,0,43251233000,43251402000,-1,0,0,0,0,0,0,0,0
1,1,23,15,20483,0,0,0,43251409000,43251419000,-1,0,0,0,0,0,0,0,0
1,1,23,15,1088704512,3066196212,0,0,43251421000,43251428000,-1,3066200064,3065053184,0,16777440,41943520,0,1,0
1,1,23,15,2147766273,0,0,0,43251429000,43251538000,-1,0,0,0,0,0,0,0,0
1,1,23,15,2147766276,3000,0,0,43251540000,43253419000,-1,0,0,0,0,0,0,0,0
1,1,23,15,2147766277,3064434148,0,0,43253422000,43253426000,6,0,0,0,0,0,0,0,0
1,1,23,15,20483,0,0,0,43253427000,43253430000,-1,0,0,0,0,0,0,0,0
2,1,23,15,0,0,0,0,43253433000,43253524000,-1,0,0,0,0,0,0,0,0
1,2,23,7,1076651027,2829356,0,0,43253532000,43253714000,-1,0,0,0,41943520,0,0,1280,3065053184
1,2,23,7,25602,0,0,0,43253715000,43253719000,-1,0,0,0,0,0,0,0,0
1,2,23,7,25607,0,0,0,43253720000,43266339000,-1,0,0,0,0,0,0,0,0
0,1,23,15,2,0,15,0,43268609000,43268768000,-1,0,0,0,0,0,0,0,0
1,1,23,15,20483,0,0,0,43268774000,43268785000,-1,0,0,0,0,0,0,0,0
1,1,23,15,1088704512,3066196212,0,0,43268787000,43268793000,-1,3066200064,3064438784,0,16777440,41943520,0,1,0
1,1,23,15,2147766273,0,0,0,43268794000,43268885000,-1,0,0,0,0,0,0,0,0
1,1,23,15,2147766276,3000,0,0,43268887000,43270748000,-1,0,0,0,0,0,0,0,0
1,1,23,15,2147766277,3064434148,0,0,43270753000,43270758000,6,0,0,0,0,0,0,0,0
1,1,23,15,20483,0,0,0,43270795000,43270799000,-1,0,0,0,0,0,0,0,0
2,1,23,15,0,0,0,0,43270801000,43270907000,-1,0,0,0,0,0,0,0,0
1,2,23,7,1076651027,2829312,0,0,43270917000,43271096000,-1,0,0,0,41943520,0,0,1280,3064438784
1,2,23,7,25602,0,0,0,43271098000,43271101000,-1,0,0,0,0,0,0,0,0
1,2,23,7,25607,0,0,0,43271102000,43282997000,-1,0,0,0,0,0,0,0,0
0,1,23,15,2,0,15,0,43286034000,43286196000,-1,0,0,0,0,0,0,0,0
1,1,23,15,20483,0,0,0,43286202000,43286212000,-1,0,0,0,0,0,0,0,0
1,1,23,15,1088704512,3066196212,0,0,43286213000,43286220000,-1,3066200064,3065053184,0,16777440,41943520,0,1,0
1,1,23,15,2147766273,0,0,0,43286222000,43286320000,-1,0,0,0,0,0,0,0,0
1,1,23,15,2147766276,3000,0,0,43286322000,43288200000,-1,0,0,0,0,0,0,0,0
1,1,23,15,2147766277,3064434148,0,0,43288203000,43288206000,6,0,0,0,0,0,0,0,0
1,1,23,15,20483,0,0,0,43288208000,43288211000,-1,0,0,0,0,0,0,0,0
2,1,23,15,0,0,0,0,43288213000,43288305000,-1,0,0,0,0,0,0,0,0
1,2,23,7,1076651027,2829356,0,0,43288312000,43288492000,-1,0,0,0,41943520,0,0,1280,3065053184
1,2,23,7,25602,0,0,0,43288493000,43288497000,-1,0,0,0,0,0,0,0,0
1,2,23,7,25607,0,0,0,43288498000,43299654000,-1,0,0,0,0,0,0,0,0
0,1,23,15,2,0,15,0,43305202000,43305376000,-1,0,0,0,0,0,0,0,0
1,1,23,15,20483,0,0,0,43305383000,43305394000,-1,0,0,0,0,0,0,0,0
1,1,23,15,1088704512,3066196212,0,0,43305396000,43305403000,-1,3066200064,3064438784,0,16777440,41943520,0,1,0
1,1,23,15,2147766273,0,0,0,43305404000,43305508000,-1,0,0,0,0,0,0,0,0
1,1,23,15,2147766276,3000,0,0,43305510000,43307560000,-1,0,0,0,0,0,0,0,0
1,1,23,15,2147766277,3064434148,0,0,43307564000,43307567000,6,0,0,0,0,0,0,0,0
1,1,23,15,20483,0,0,0,43307568000,43307572000,-1,0,0,0,0,0,0,0,0
2,1,23,15,0,0,0,0,43307573000,43307675000,-1,0,0,0,0,0,0,0,0
1,2,23,7,1076651027,2829312,0,0,43307684000,43307865000,-1,0,0,0,41943520,0,0,1280,3064438784
1,2,23,7,25602,0,0,0,43307866000,43307870000,-1,0,0,0,0,0,0,0,0
1,2,23,7,25607,0,0,0,43307871000,43316310000,-1,0,0,0,0,0,0,0,0
0,1,23,15,2,0,15,0,43321287000,43321458000,-1,0,0,0,0,0,0,0,0
1,1,23,15,20483,0,0,0,43321465000,43321475000,-1,0,0,0,0,0,0,0,0
1,1,23,15,1088704512,3066196212,0,0,43321478000,43321484000,-1,3066200064,3065053184,0,16777440,41943520,0,1,0
1,1,23,15,2147766273,0,0,0,43321486000,43321594000,-1,0,0,0,0,0,0,0,0
1,1,23,15,2147766276,3000,0,0,43321596000,43323472000,-1,0,0,0,0,0,0,0,0
1,1,23,15,2147766277,3064434148,0,0,43323474000,43323477000,6,0,0,0,0,0,0,0,0
1,1,23,15,20483,0,0,0,43323478000,43323482000,-1,0,0,0,0,0,0,0,0
2,1,23,15,0,0,0,0,43323484000,43323568000,-1,0,0,0,0,0,0,0,0
1,2,23,7,1076651027,2829356,0,0,43323576000,43323757000,-1,0,0,0,41943520,0,0,1280,3065053184
1,2,23,7,25602,0,0,0,43323758000,43323762000,-1,0,0,0,0,0,0,0,0
1,2,23,7,25607,0,0,0,43323764000,43332962000,-1,0,0,0,0,0,0,0,0
0,1,23,15,2,0,15,0,43335359000,43335515000,-1,0,0,0,0,0,0,0,0
1,1,23,15,20483,0,0,0,43335520000,43335530000,-1,0,0,0,0,0,0,0,0
1,1,23,15,1088704512,3066196212,0,0,43335532000,43335538000,-1,3066200064,3064438784,0,16777440,41943520,0,1,0
1,1,23,15,2147766273,0,0,0,43335540000,43335634000,-1,0,0,0,0,0,0,0,0
1,1,23,15,2147766276,3000,0,0,43335636000,43337507000,-1,0,0,0,0,0,0,0,0
1,1,23,15,2147766277,3064434148,0,0,43337510000,43337514000,6,0,0,0,0,0,0,0,0
1,1,23,15,20483,0,0,0,43337515000,43337518000,-1,0,0,0,0,0,0,0,0
2,1,23,15,0,0,0,0,43337520000,43337625000,-1,0,0,0,0,0,0,0,0
1,2,23,7,1076651027,2829312,0,0,43337673000,43337854000,-1,0,0,0,41943520,0,0,1280,3064438784
1,2,23,7,25602,0,0,0,43337855000,43337859000,-1,0,0,0,0,0,0,0,0
1,2,23,7,25607,0,0,0,43337860000,43349627000,-1,0,0,0,0,0,0,0,0
0,1,23,15,2,0,15,0,43350333000,43350482000,-1,0,0,0,0,0,0,0,0
1,1,23,15,20483,0,0,0,43350487000,43350496000,-1,0,0,0,0,0,0,0,0
1,1,23,15,1088704512,3066196212,0,0,43350499000,43350505000,-1,3066200064,3065053184,0,16777440,41943520,0,1,0
1,1,23,15,2147766273,0,0,0,43350507000,43350596000,-1,0,0,0,0,0,0,0,0
1,1,23,15,2147766276,3000,0,0,43350598000,43352474000,-1,0,0,0,0,0,0,0,0
1,1,23,15,2147766277,3064434148,0,0,43352478000,43352481000,6,0,0,0,0,0,0,0,0
1,1,23,15,20483,0,0,0,43352482000,43352485000,-1,0,0,0,0,0,0,0,0
2,1,23,15,0,0,0,0,43352487000,43352579000,-1,0,0,0,0,0,0,0,0
1,2,23,7,1076651027,2829356,0,0,43352588000,43352768000,-1,0,0,0,41943520,0,0,1280,3065053184
1,2,23,7,25602,0,0,0,43352769000,43352773000,-1,0,0,0,0,0,0,0,0
1,2,23,7,25607,0,0,0,43352774000,43366282000,-1,0,0,0,0,0,0,0,0
0,1,23,15,2,0,15,0,43367270000,43367424000,-1,0,0,0,0,0,0,0,0
1,1,23,15,20483,0,0,0,43367430000,43367439000,-1,0,0,0,0,0,0,0,0
1,1,23,15,1088704512,3066196212,0,0,43367441000,43367448000,-1,3066200064,3064438784,0,16777440,41943520,0,1,0
1,1,23,15,2147766273,0,0,0,43367449000,43367540000,-1,0,0,0,0,0,0,0,0
1,1,23,15,2147766276,3000,0,0,43367542000,43369424000,-1,0,0,0,0,0,0,0,0
1,1,23,15,2147766277,3064434148,0,0,43369428000,43369432000,6,0,0,0,0,0,0,0,0
1,1,23,15,20483,0,0,0,43369433000,43369437000,-1,0,0,0,0,0,0,0,0
2,1,23,15,0,0,0,0,43369439000,43369532000,-1,0,0,0,0,0,0,0,0
1,2,23,7,1076651027,2829312,0,0,43369541000,43369721000,-1,0,0,0,41943520,0,0,1280,3064438784
1,2,23,7,25602,0,0,0,43369722000,43369726000,-1,0,0,0,0,0,0,0,0
1,2,23,7,25607,0,0,0,43369727000,43382938000,-1,0,0,0,0,0,0,0,0
0,1,23,15,2,0,15,0,43384616000,43384786000,-1,0,0,0,0,0,0,0,0
1,1,23,15,20483,0,0,0,43384793000,43384803000,-1,0,0,0,0,0,0,0,0
1,1,23,15,1088704512,3066196212,0,0,43384805000,43384811000,-1,3066200064,3065053184,0,16777440,41943520,0,1,0
1,1,23,15,2147766273,0,0,0,43384813000,43384918000,-1,0,0,0,0,0,0,0,0
1,1,23,15,2147766276,3000,0,0,43384921000,43386799000,-1,0,0,0,0,0,0,0,0
1,1,23,15,2147766277,3064434148,0,0,43386802000,43386806000,6,0,0,0,0,0,0,0,0
1,1,23,15,20483,0,0,0,43386807000,43386810000,-1,0,0,0,0,0,0,0,0
2,1,23,15,0,0,0,0,43386812000,43386909000,-1,0,0,0,0,0,0,0,0
1,2,23,7,1076651027,2829356,0,0,43386919000,43387098000,-1,0,0,0,41943520,0,0,1280,3065053184
1,2,23,7,25602,0,0,0,43387099000,43387103000,-1,0,0,0,0,0,0,0,0
1,2,23,7,25607,0,0,0,43387104000,43399593000,-1,0,0,0,0,0,0,0,0
0,1,23,15,2,0,15,0,43402058000,43402224000,-1,0,0,0,0,0,0,0,0
1,1,23,15,20483,0,0,0,43402231000,43402241000,-1,0,0,0,0,0,0,0,0
1,1,23,15,1088704512,3066196212,0,0,43402243000,43402249000,-1,3066200064,3064438784,0,16777440,41943520,0,1,0
1,1,23,15,2147766273,0,0,0,43402251000,43402349000,-1,0,0,0,0,0,0,0,0
1,1,23,15,2147766276,3000,0,0,43402352000,43404234000,-1,0,0,0,0,0,0,0,0
1,1,23,15,2147766277,3064434148,0,0,43404238000,43404241000,6,0,0,0,0,0,0,0,0
1,1,23,15,20483,0,0,0,43404243000,43404246000,-1,0,0,0,0,0,0,0,0
2,1,23,15,0,0,0,0,43404248000,43404339000,-1,0,0,0,0,0,0,0,0
1,2,23,7,1076651027,2829312,0,0,43404348000,43404528000,-1,0,0,0,41943520,0,0,1280,3064438784
1,2,23,7,25602,0,0,0,43404529000,43404533000,-1,0,0,0,0,0,0,0,0
1,2,23,7,25607,0,0,0,43404534000,43416253000,-1,0,0,0,0,0,0,0,0
0,1,23,15,2,0,15,0,43419466000,43419630000,-1,0,0,0,0,0,0,0,0
1,1,23,15,20483,0,0,0,43419636000,43419647000,-1,0,0,0,0,0,0,0,0
1,1,23,15,1088704512,3066196212,0,0,43419649000,43419655000,-1,3066200064,3065053184,0,16777440,41943520,0,1,0
1,1,23,15,2147766273,0,0,0,43419656000,43419755000,-1,0,0,0,0,0,0,0,0
1,1,23,15,2147766276,3000,0,0,43419757000,43421620000,-1,0,0,0,0,0,0,0,0
1,1,23,15,2147766277,3064434148,0,0,43421625000,43421629000,6,0,0,0,0,0,0,0,0
1,1,23,15,20483,0,0,0,43421631000,43421635000,-1,0,0,0,0,0,0,0,0
2,1,23,15,0,0,0,0,43421636000,43421737000,-1,0,0,0,0,0,0,0,0
1,2,23,7,1076651027,2829356,0,0,43421746000,43421926000,-1,0,0,0,41943520,0,0,1280,3065053184
1,2,23,7,25602,0,0,0,43421928000,43421932000,-1,0,0,0,0,0,0,0,0
1,2,23,7,25607,0,0,0,43421933000,43432910000,-1,0,0,0,0,0,0,0,0
0,1,23,15,2,0,15,0,43436878000,43437035000,-1,0,0,0,0,0,0,0,0
1,1,23,15,20483,0,0,0,43437040000,43437051000,-1,0,0,0,0,0,0,0,0
1,1,23,15,1088704512,3066196212,0,0,43437054000,43437059000,-1,3066200064,3064438784,0,16777440,41943520,0,1,0
1,1,23,15,2147766273,0,0,0,43437061000,43437151000,-1,0,0,0,0,0,0,0,0
1,1,23,15,2147766276,3000,0,0,43437153000,43439036000,-1,0,0,0,0,0,0,0,0
1,1,23,15,2147766277,3064434148,0,0,43439040000,43439043000,6,0,0,0,0,0,0,0,0
1,1,23,15,20483,0,0,0,43439044000,43439047000,-1,0,0,0,0,0,0,0,0
2,1,23,15,0,0,0,0,43439049000,43439142000,-1,0,0,0,0,0,0,0,0
1,2,23,7,1076651027,2829312,0,0,43439150000,43439330000,-1,0,0,0,41943520,0,0,1280,3064438784
1,2,23,7,25602,0,0,0,43439332000,43439336000,-1,0,0,0,0,0,0,0,0
1,2,23,7,25607,0,0,0,43439337000,43449563000,-1,0,0,0,0,0,0,0,0
0,1,23,15,2,0,15,0,43454264000,43454428000,-1,0,0,0,0,0,0,0,0
1,1,23,15,20483,0,0,0,43454434000,43454445000,-1,0,0,0,0,0,0,0,0
1,1,23,15,1088704512,3066196212,0,0,43454447000,43454453000,-1,3066200064,3065053184,0,16777440,41943520,0,1,0
1,1,23,15,2147766273,0,0,0,43454455000,43454552000,-1,0,0,0,0,0,0,0,0
1,1,23,15,2147766276,3000,0,0,43454555000,43456431000,-1,0,0,0,0,0,0,0,0
1,1,23,15,2147766277,3064434148,0,0,43456434000,43456436000,6,0,0,0,0,0,0,0,0
1,1,23,15,20483,0,0,0,43456438000,43456440000,-1,0,0,0,0,0,0,0,0
2,1,23,15,0,0,0,0,43456442000,43456527000,-1,0,0,0,0,0,0,0,0
1,2,23,7,1076651027,2829356,0,0,43456535000,43456714000,-1,0,0,0,41943520,0,0,1280,3065053184
1,2,23,7,25602,0,0,0,43456715000,43456718000,-1,0,0,0,0,0,0,0,0
1,2,23,7,25607,0,0,0,43456719000,43466222000,-1,0,0,0,0,0,0,0,0
0,1,23,15,2,0,15,0,43468286000,43468446000,-1,0,0,0,0,0,0,0,0
1,1,23,15,20483,0,0,0,43468451000,43468460000,-1,0,0,0,0,0,0,0,0
1,1,23,15,1088704512,3066196212,0,0,43468462000,43468469000,-1,3066200064,3064438784,0,16777440,41943520,0,1,0
1,1,23,15,2147766273,0,0,0,43468471000,43468566000,-1,0,0,0,0,0,0,0,0
1,1,23,15,2147766276,3000,0,0,43468568000,43470438000,-1,0,0,0,0,0,0,0,0
1,1,23,15,2147766277,3064434148,0,0,43470442000,43470446000,6,0,0,0,0,0,0,0,0
1,1,23,15,20483,0,0,0,43470447000,43470450000,-1,0,0,0,0,0,0,0,0
2,1,23,15,0,0,0,0,43470452000,43470558000,-1,0,0,0,0,0,0,0,0
1,2,23,7,1076651027,2829312,0,0,43470567000,43470749000,-1,0,0,0,41943520,0,0,1280,3064438784
1,2,23,7,25602,0,0,0,43470750000,43470754000,-1,0,0,0,0,0,0,0,0
1,2,23,7,25607,0,0,0,43470755000,43482885000,-1,0,0,0,0,0,0,0,0
0,1,23,15,2,0,15,0,43483726000,43483872000,-1,0,0,0,0,0,0,0,0
1,1,23,15,20483,0,0,0,43483877000,43483887000,-1,0,0,0,0,0,0,0,0
1,1,23,15,1088704512,3066196212,0,0,43483927000,43483934000,-1,3066200064,3065053184,0,16777440,41943520,0,1,0
1,1,23,15,2147766273,0,0,0,43483936000,43484034000,-1,0,0,0,0,0,0,0,0
1,1,23,15,2147766276,3000,0,0,43484036000,43485916000,-1,0,0,0,0,0,0,0,0
1,1,23,15,2147766277,3064434148,0,0,43485920000,43485923000,6,0,0,0,0,0,0,0,0
1,1,23,15,20483,0,0,0,43485924000,43485927000,-1,0,0,0,0,0,0,0,0
2,1,23,15,0,0,0,0,43485929000,43486025000,-1,0,0,0,0,0,0,0,0
1,2,23,7,1076651027,2829356,0,0,43486033000,43486213000,-1,0,0,0,41943520,0,0,1280,3065053184
1,2,23,7,25602,0,0,0,43486214000,43486218000,-1,0,0,0,0,0,0,0,0
1,2,23,7,25607,0,0,0,43486219000,43499540000,-1,0,0,0,0,0,0,0,0
0,1,23,15,2,0,15,0,43502336000,43502501000,-1,0,0,0,0,0,0,0,0
1,1,23,15,20483,0,0,0,43502508000,43502518000,-1,0,0,0,0,0,0,0,0
1,1,23,15,1088704512,3066196212,0,0,43502520000,43502526000,-1,3066200064,3064438784,0,16777440,41943520,0,1,0
1,1,23,15,2147766273,0,0,0,43502528000,43502626000,-1,0,0,0,0,0,0,0,0
1,1,23,15,2147766276,3000,0,0,43502628000,43504506000,-1,0,0,0,0,0,0,0,0
1,1,23,15,2147766277,3064434148,0,0,43504509000,43504512000,6,0,0,0,0,0,0,0,0
1,1,23,15,20483,0,0,0,43504513000,43504517000,-1,0,0,0,0,0,0,0,0
2,1,23,15,0,0,0,0,43504519000,43504649000,-1,0,0,0,0,0,0,0,0
1,2,23,7,1076651027,2829312,0,0,43504659000,43504841000,-1,0,0,0,41943520,0,0,1280,3064438784
1,2,23,7,25602,0,0,0,43504842000,43504846000,-1,0,0,0,0,0,0,0,0
1,2,23,7,25607,0,0,0,43504847000,43516190000,-1,0,0,0,0,0,0,0,0
0,1,23,15,2,0,15,0,43518345000,43518506000,-1,0,0,0,0,0,0,0,0
1,1,23,15,20483,0,0,0,43518511000,43518522000,-1,0,0,0,0,0,0,0,0
1,1,23,15,1088704512,3066196212,0,0,43518523000,43518530000,-1,3066200064,3065053184,0,16777440,41943520,0,1,0
1,1,23,15,2147766273,0,0,0,43518531000,43518627000,-1,0,0,0,0,0,0,0,0
1,1,23,15,2147766276,3000,0,0,43518628000,43520527000,-1,0,0,0,0,0,0,0,0
1,1,23,15,2147766277,3064434148,0,0,43520530000,43520534000,6,0,0,0,0,0,0,0,0
1,1,23,15,20483,0,0,0,43520536000,43520539000,-1,0,0,0,0,0,0,0,0
2,1,23,15,0,0,0,0,43520541000,43520637000,-1,0,0,0,0,0,0,0,0
1,2,23,7,1076651027,2829356,0,0,43520646000,43520826000,-1,0,0,0,41943520,0,0,1280,3065053184
1,2,23,7,25602,0,0,0,43520827000,43520831000,-1,0,0,0,0,0,0,0,0
1,2,23,7,25607,0,0,0,43520832000,43532851000,-1,0,0,0,0,0,0,0,0
0,1,23,15,2,0,15,0,43535419000,43535580000,-1,0,0,0,0,0,0,0,0
1,1,23,15,20483,0,0,0,43535587000,43535597000,-1,0,0,0,0,0,0,0,0
1,1,23,15,1088704512,3066196212,0,0,43535599000,43535606000,-1,3066200064,3064438784,0,16777440,41943520,0,1,0
1,1,23,15,2147766273,0,0,0,43535607000,43535703000,-1,0,0,0,0,0,0,0,0
1,1,23,15,2147766276,3000,0,0,43535704000,43537582000,-1,0,0,0,0,0,0,0,0
1,1,23,15,2147766277,3064434148,0,0,43537585000,43537589000,6,0,0,0,0,0,0,0,0
1,1,23,15,20483,0,0,0,43537590000,43537593000,-1,0,0,0,0,0,0,0,0
2,1,23,15,0,0,0,0,43537595000,43537690000,-1,0,0,0,0,0,0,0,0
1,2,23,7,1076651027,2829312,0,0,43537698000,43537878000,-1,0,0,0,41943520,0,0,1280,3064438784
1,2,23,7,25602,0,0,0,43537879000,43537883000,-1,0,0,0,0,0,0,0,0
1,2,23,7,25607,0,0,0,43537884000,43549505000,-1,0,0,0,0,0,0,0,0
0,1,23,15,2,0,15,0,43552916000,43553080000,-1,0,0,0,0,0,0,0,0
1,1,23,15,20483,0,0,0,43553086000,43553097000,-1,0,0,0,0,0,0,0,0
1,1,23,15,1088704512,3066196212,0,0,43553099000,43553105000,-1,3066200064,3065053184,0,16777440,41943520,0,1,0
1,1,23,15,2147766273,0,0,0,43553106000,43553205000,-1,0,0,0,0,0,0,0,0
1,1,23,15,2147766276,3000,0,0,43553207000,43555088000,-1,0,0,0,0,0,0,0,0
1,1,23,15,2147766277,3064434148,0,0,43555127000,43555131000,6,0,0,0,0,0,0,0,0
1,1,23,15,20483,0,0,0,43555132000,43555136000,-1,0,0,0,0,0,0,0,0
2,1,23,15,0,0,0,0,43555138000,43555235000,-1,0,0,0,0,0,0,0,0
1,2,23,7,1076651027,2829356,0,0,43555244000,43555424000,-1,0,0,0,41943520,0,0,1280,3065053184
1,2,23,7,25602,0,0,0,43555425000,43555428000,-1,0,0,0,0,0,0,0,0
1,2,23,7,25607,0,0,0,43555429000,43566165000,-1,0,0,0,0,0,0,0,0
0,1,23,15,2,0,15,0,43570346000,43570510000,-1,0,0,0,0,0,0,0,0
1,1,23,15,20483,0,0,0,43570516000,43570528000,-1,0,0,0,0,0,0,0,0
1,1,23,15,1088704512,3066196212,0,0,43570530000,43570537000,-1,3066200064,3064438784,0,16777440,41943520,0,1,0
1,1,23,15,2147766273,0,0,0,43570538000,43570639000,-1,0,0,0,0,0,0,0,0
1,1,23,15,2147766276,3000,0,0,43570642000,43572519000,-1,0,0,0,0,0,0,0,0
1,1,23,15,2147766277,3064434148,0,0,43572522000,43572526000,6,0,0,0,0,0,0,0,0
1,1,23,15,20483,0,0,0,43572527000,43572530000,-1,0,0,0,0,0,0,0,0
2,1,23,15,0,0,0,0,43572532000,43572625000,-1,0,0,0,0,0,0,0,0
1,2,23,7,1076651027,2829312,0,0,43572633000,43572814000,-1,0,0,0,41943520,0,0,1280,3064438784
1,2,23,7,25602,0,0,0,43572816000,43572820000,-1,0,0,0,0,0,0,0,0
1,2,23,7,25607,0,0,0,43572821000,43582823000,-1,0,0,0,0,0,0,0,0
0,1,23,15,2,0,15,0,43587623000,43587783000,-1,0,0,0,0,0,0,0,0
1,1,23,15,20483,0,0,0,43587788000,43587800000,-1,0,0,0,0,0,0,0,0
1,1,23,15,1088704512,3066196212,0,0,43587802000,43587808000,-1,3066200064,3065053184,0,16777440,41943520,0,1,0
1,1,23,15,2147766273,0,0,0,43587810000,43587906000,-1,0,0,0,0,0,0,0,0
1,1,23,15,2147766276,3000,0,0,43587908000,43589790000,-1,0,0,0,0,0,0,0,0
1,1,23,15,2147766277,3064434148,0,0,43589794000,43589798000,6,0,0,0,0,0,0,0,0
1,1,23,15,20483,0,0,0,43589799000,43589802000,-1,0,0,0,0,0,0,0,0
2,1,23,15,0,0,0,0,43589804000,43589897000,-1,0,0,0,0,0,0,0,0
1,2,23,7,1076651027,2829356,0,0,43589906000,43590129000,-1,0,0,0,41943520,0,0,1280,3065053184
1,2,23,7,25602,0,0,0,43590132000,43590136000,-1,0,0,0,0,0,0,0,0
1,2,23,7,25607,0,0,0,43590137000,43599478000,-1,0,0,0,0,0,0,0,0
0,1,23,15,2,0,15,0,43605027000,43605188000,-1,0,0,0,0,0,0,0,0
1,1,23,15,20483,0,0,0,43605193000,43605204000,-1,0,0,0,0,0,0,0,0
1,1,23,15,1088704512,3066196212,0,0,43605206000,43605213000,-1,3066200064,3064438784,0,16777440,41943520,0,1,0
1,1,23,15,2147766273,0,0,0,43605215000,43605314000,-1,0,0,0,0,0,0,0,0
1,1,23,15,2147766276,3000,0,0,43605315000,43607191000,-1,0,0,0,0,0,0,0,0
1,1,23,15,2147766277,3064434148,0,0,43607193000,43607196000,6,0,0,0,0,0,0,0,0
1,1,23,15,20483,0,0,0,43607197000,43607200000,-1,0,0,0,0,0,0,0,0
2,1,23,15,0,0,0,0,43607202000,43607289000,-1,0,0,0,0,0,0,0,0
1,2,23,7,1076651027,2829312,0,0,43607296000,43607476000,-1,0,0,0,41943520,0,0,1280,3064438784
1,2,23,7,25602,0,0,0,43607477000,43607481000,-1,0,0,0,0,0,0,0,0
1,2,23,7,25607,0,0,0,43607482000,43616132000,-1,0,0,0,0,0,0,0,0
0,1,23,15,2,0,15,0,43619064000,43619224000,-1,0,0,0,0,0,0,0,0
1,1,23,15,20483,0,0,0,43619229000,43619239000,-1,0,0,0,0,0,0,0,0
1,1,23,15,1088704512,3066196212,0,0,43619241000,43619247000,-1,3066200064,3065053184,0,16777440,41943520,0,1,0
1,1,23,15,2147766273,0,0,0,43619249000,43619347000,-1,0,0,0,0,0,0,0,0
1,1,23,15,2147766276,3000,0,0,43619349000,43621218000,-1,0,0,0,0,0,0,0,0
1,1,23,15,2147766277,3064434148,0,0,43621221000,43621224000,6,0,0,0,0,0,0,0,0
1,1,23,15,20483,0,0,0,43621226000,43621229000,-1,0,0,0,0,0,0,0,0
2,1,23,15,0,0,0,0,43621231000,43621341000,-1,0,0,0,0,0,0,0,0
1,2,23,7,1076651027,2829356,0,0,43621387000,43621568000,-1,0,0,0,41943520,0,0,1280,3065053184
1,2,23,7,25602,0,0,0,43621569000,43621573000,-1,0,0,0,0,0,0,0,0
1,2,23,7,25607,0,0,0,43621575000,43632788000,-1,0,0,0,0,0,0,0,0
0,1,23,15,2,0,15,0,43634592000,43634750000,-1,0,0,0,0,0,0,0,0
1,1,23,15,20483,0,0,0,43634756000,43634766000,-1,0,0,0,0,0,0,0,0
1,1,23,15,1088704512,3066196212,0,0,43634768000,43634774000,-1,3066200064,3064438784,0,16777440,41943520,0,1,0
1,1,23,15,2147766273,0,0,0,43634776000,43634869000,-1,0,0,0,0,0,0,0,0
1,1,23,15,2147766276,3000,0,0,43634871000,43636754000,-1,0,0,0,0,0,0,0,0
1,1,23,15,2147766277,3064434148,0,0,43636757000,43636761000,6,0,0,0,0,0,0,0,0
1,1,23,15,20483,0,0,0,43636763000,43636765000,-1,0,0,0,0,0,0,0,0
2,1,23,15,0,0,0,0,43636767000,43636860000,-1,0,0,0,0,0,0,0,0
1,2,23,7,1076651027,2829312,0,0,43636868000,43637048000,-1,0,0,0,41943520,0,0,1280,3064438784
1,2,23,7,25602,0,0,0,43637050000,43637053000,-1,0,0,0,0,0,0,0,0
1,2,23,7,25607,0,0,0,43637054000,43649451000,-1,0,0,0,0,0,0,0,0
0,1,23,15,2,0,15,0,43667574000,43667741000,-1,0,0,0,0,0,0,0,0
1,1,23,15,20483,0,0,0,43667747000,43667757000,-1,0,0,0,0,0,0,0,0
1,1,23,15,1088704512,3066196212,0,0,43667760000,43667766000,-1,3066200064,3065053184,0,16777440,41943520,0,1,0
1,1,23,15,2147766273,0,0,0,43667768000,43667869000,-1,0,0,0,0,0,0,0,0
1,1,23,15,2147766276,3000,0,0,43667871000,43669757000,-1,0,0,0,0,0,0,0,0
1,1,23,15,2147766277,3064434148,0,0,43669760000,43669764000,6,0,0,0,0,0,0,0,0
1,1,23,15,20483,0,0,0,43669765000,43669768000,-1,0,0,0,0,0,0,0,0
2,1,23,15,0,0,0,0,43669770000,43669865000,-1,0,0,0,0,0,0,0,0
1,2,23,7,1076651027,2829356,0,0,43669873000,43670111000,-1,0,0,0,41943520,0,0,1280,3065053184
1,2,23,7,25602,0,0,0,43670114000,43670118000,-1,0,0,0,0,0,0,0,0
1,2,23,7,25607,0,0,0,43670119000,43682829000,-1,0,0,0,0,0,0,0,0
0,1,23,15,2,0,15,0,43683541000,43683686000,-1,0,0,0,0,0,0,0,0
1,1,23,15,20483,0,0,0,43683691000,43683701000,-1,0,0,0,0,0,0,0,0
1,1,23,15,1088704512,3066196212,0,0,43683702000,43683708000,-1,3066200064,3064438784,0,16777440,41943520,0,1,0
1,1,23,15,2147766273,0,0,0,43683710000,43683798000,-1,0,0,0,0,0,0,0,0
1,1,23,15,2147766276,3000,0,0,43683800000,43685668000,-1,0,0,0,0,0,0,0,0
1,1,23,15,2147766277,3064434148,0,0,43685670000,43685674000,6,0,0,0,0,0,0,0,0
1,1,23,15,20483,0,0,0,43685675000,43685678000,-1,0,0,0,0,0,0,0,0
2,1,23,15,0,0,0,0,43685680000,43685786000,-1,0,0,0,0,0,0,0,0
1,2,23,7,1076651027,2829312,0,0,43685794000,43685974000,-1,0,0,0,41943520,0,0,1280,3064438784
1,2,23,7,25602,0,0,0,43685975000,43685978000,-1,0,0,0,0,0,0,0,0
1,2,23,7,25607,0,0,0,43685979000,43699449000,-1,0,0,0,0,0,0,0,0
0,1,23,15,2,0,15,0,43699473000,43699622000,-1,0,0,0,0,0,0,0,0
1,1,23,15,20483,0,0,0,43699627000,43699635000,-1,0,0,0,0,0,0,0,0
1,1,23,15,1088704512,3066196212,0,0,43699637000,43699643000,-1,3066200064,3065053184,0,16777440,41943520,0,1,0
1,1,23,15,2147766273,0,0,0,43699645000,43699736000,-1,0,0,0,0,0,0,0,0
1,1,23,15,2147766276,3000,0,0,43699738000,43701607000,-1,0,0,0,0,0,0,0,0
1,1,23,15,2147766277,3064434148,0,0,43701611000,43701615000,6,0,0,0,0,0,0,0,0
1,1,23,15,20483,0,0,0,43701616000,43701619000,-1,0,0,0,0,0,0,0,0
2,1,23,15,0,0,0,0,43701621000,43701708000,-1,0,0,0,0,0,0,0,0
1,2,23,7,1076651027,2829356,0,0,43701716000,43701930000,-1,0,0,0,41943520,0,0,1280,3065053184
1,2,23,7,25602,0,0,0,43701932000,43701936000,-1,0,0,0,0,0,0,0,0
1,2,23,7,25607,0,0,0,43701971000,43716082000,-1,0,0,0,0,0,0,0,0
0,1,23,15,2,0,15,0,43717120000,43717280000,-1,0,0,0,0,0,0,0,0
1,1,23,15,20483,0,0,0,43717286000,43717295000,-1,0,0,0,0,0,0,0,0
1,1,23,15,1088704512,3066196212,0,0,43717298000,43717304000,-1,3066200064,3064438784,0,16777440,41943520,0,1,0
1,1,23,15,2147766273,0,0,0,43717306000,43717401000,-1,0,0,0,0,0,0,0,0
1,1,23,15,2147766276,3000,0,0,43717403000,43719393000,-1,0,0,0,0,0,0,0,0
1,1,23,15,2147766277,3064434148,0,0,43719396000,43719399000,6,0,0,0,0,0,0,0,0
1,1,23,15,20483,0,0,0,43719400000,43719404000,-1,0,0,0,0,0,0,0,0
2,1,23,15,0,0,0,0,43719406000,43719512000,-1,0,0,0,0,0,0,0,0
1,2,23,7,1076651027,2829312,0,0,43719520000,43719700000,-1,0,0,0,41943520,0,0,1280,3064438784
1,2,23,7,25602,0,0,0,43719701000,43719705000,-1,0,0,0,0,0,0,0,0
1,2,23,7,25607,0,0,0,43719706000,43732763000,-1,0,0,0,0,0,0,0,0
0,1,23,15,2,0,15,0,43733113000,43733263000,-1,0,0,0,0,0,0,0,0
1,1,23,15,20483,0,0,0,43733268000,43733277000,-1,0,0,0,0,0,0,0,0
1,1,23,15,1088704512,3066196212,0,0,43733279000,43733285000,-1,3066200064,3065053184,0,16777440,41943520,0,1,0
1,1,23,15,2147766273,0,0,0,43733287000,43733377000,-1,0,0,0,0,0,0,0,0
1,1,23,15,2147766276,3000,0,0,43733379000,43735250000,-1,0,0,0,0,0,0,0,0
1,1,23,15,2147766277,3064434148,0,0,43735252000,43735255000,6,0,0,0,0,0,0,0,0
1,1,23,15,20483,0,0,0,43735256000,43735259000,-1,0,0,0,0,0,0,0,0
2,1,23,15,0,0,0,0,43735261000,43735348000,-1,0,0,0,0,0,0,0,0
1,2,23,7,1076651027,2829356,0,0,43735357000,43735537000,-1,0,0,0,41943520,0,0,1280,3065053184
1,2,23,7,25602,0,0,0,43735538000,43735541000,-1,0,0,0,0,0,0,0,0
1,2,23,7,25607,0,0,0,43735543000,43749402000,-1,0,0,0,0,0,0,0,0
0,1,23,15,2,0,15,0,43749420000,43749566000,-1,0,0,0,0,0,0,0,0
1,1,23,15,20483,0,0,0,43749570000,43749577000,-1,0,0,0,0,0,0,0,0
1,1,23,15,1088704512,3066196212,0,0,43749579000,43749585000,-1,3066200064,3064438784,0,16777440,41943520,0,1,0
1,1,23,15,2147766273,0,0,0,43749587000,43749675000,-1,0,0,0,0,0,0,0,0
1,1,23,15,2147766276,3000,0,0,43749677000,43751536000,-1,0,0,0,0,0,0,0,0
1,1,23,15,2147766277,3064434148,0,0,43751540000,43751543000,6,0,0,0,0,0,0,0,0
1,1,23,15,20483,0,0,0,43751545000,43751548000,-1,0,0,0,0,0,0,0,0
2,1,23,15,0,0,0,0,43751550000,43751641000,-1,0,0,0,0,0,0,0,0
1,2,23,7,1076651027,2829312,0,0,43751650000,43751830000,-1,0,0,0,41943520,0,0,1280,3064438784
1,2,23,7,25602,0,0,0,43751831000,43751834000,-1,0,0,0,0,0,0,0,0
1,2,23,7,25607,0,0,0,43751836000,43766058000,-1,0,0,0,0,0,0,0,0
0,1,23,15,2,0,15,0,43766075000,43766218000,-1,0,0,0,0,0,0,0,0
1,1,23,15,20483,0,0,0,43766222000,43766229000,-1,0,0,0,0,0,0,0,0
1,1,23,15,1088704512,3066196212,0,0,43766231000,43766237000,-1,3066200064,3065053184,0,16777440,41943520,0,1,0
1,1,23,15,2147766273,0,0,0,43766238000,43766324000,-1,0,0,0,0,0,0,0,0
1,1,23,15,2147766276,3000,0,0,43766326000,43768194000,-1,0,0,0,0,0,0,0,0
1,1,23,15,2147766277,3064434148,0,0,43768196000,43768199000,6,0,0,0,0,0,0,0,0
1,1,23,15,20483,0,0,0,43768200000,43768203000,-1,0,0,0,0,0,0,0,0
2,1,23,15,0,0,0,0,43768205000,43768286000,-1,0,0,0,0,0,0,0,0
1,2,23,7,1076651027,2829356,0,0,43768294000,43768473000,-1,0,0,0,41943520,0,0,1280,3065053184
1,2,23,7,25602,0,0,0,43768474000,43768477000,-1,0,0,0,0,0,0,0,0
1,2,23,7,25607,0,0,0,43768478000,43782720000,-1,0,0,0,0,0,0,0,0
0,1,23,15,2,0,15,0,43782744000,43782890000,-1,0,0,0,0,0,0,0,0
1,1,23,15,20483,0,0,0,43782894000,43782901000,-1,0,0,0,0,0,0,0,0
1,1,23,15,1088704512,3066196212,0,0,43782939000,43782945000,-1,3066200064,3064438784,0,16777440,41943520,0,1,0
1,1,23,15,2147766273,0,0,0,43782946000,43783079000,-1,0,0,0,0,0,0,0,0
1,1,23,15,2147766276,3000,0,0,43783081000,43784943000,-1,0,0,0,0,0,0,0,0
1,1,23,15,2147766277,3064434148,0,0,43784946000,43784949000,6,0,0,0,0,0,0,0,0
1,1,23,15,20483,0,0,0,43784951000,43784953000,-1,0,0,0,0,0,0,0,0
2,1,23,15,0,0,0,0,43784955000,43785057000,-1,0,0,0,0,0,0,0,0
1,2,23,7,1076651027,2829312,0,0,43785065000,43785246000,-1,0,0,0,41943520,0,0,1280,3064438784
1,2,23,7,25602,0,0,0,43785247000,43785250000,-1,0,0,0,0,0,0,0,0
1,2,23,7,25607,0,0,0,43785251000,43799399000,-1,0,0,0,0,0,0,0,0
0,1,23,15,2,0,15,0,43799421000,43799569000,-1,0,0,0,0,0,0,0,0
1,1,23,15,20483,0,0,0,43799573000,43799581000,-1,0,0,0,0,0,0,0,0
1,1,23,15,1088704512,3066196212,0,0,43799583000,43799589000,-1,3066200064,3065053184,0,16777440,41943520,0,1,0
1,1,23,15,2147766273,0,0,0,43799590000,43799681000,-1,0,0,0,0,0,0,0,0
1,1,23,15,2147766276,3000,0,0,43799683000,43801553000,-1,0,0,0,0,0,0,0,0
1,1,23,15,2147766277,3064434148,0,0,43801556000,43801559000,6,0,0,0,0,0,0,0,0
1,1,23,15,20483,0,0,0,43801560000,43801563000,-1,0,0,0,0,0,0,0,0
2,1,23,15,0,0,0,0,43801565000,43801670000,-1,0,0,0,0,0,0,0,0
1,2,23,7,1076651027,2829356,0,0,43801676000,43801856000,-1,0,0,0,41943520,0,0,1280,3065053184
1,2,23,7,25602,0,0,0,43801858000,43801861000,-1,0,0,0,0,0,0,0,0
1,2,23,7,25607,0,0,0,43801862000,43816053000,-1,0,0,0,0,0,0,0,0
0,1,23,15,2,0,15,0,43816075000,43816220000,-1,0,0,0,0,0,0,0,0
1,1,23,15,20483,0,0,0,43816224000,43816232000,-1,0,0,0,0,0,0,0,0
1,1,23,15,1088704512,3066196212,0,0,43816234000,43816239000,-1,3066200064,3064438784,0,16777440,41943520,0,1,0
1,1,23,15,2147766273,0,0,0,43816241000,43816328000,-1,0,0,0,0,0,0,0,0
1,1,23,15,2147766276,3000,0,0,43816330000,43818195000,-1,0,0,0,0,0,0,0,0
1,1,23,15,2147766277,3064434148,0,0,43818198000,43818201000,6,0,0,0,0,0,0,0,0
1,1,23,15,20483,0,0,0,43818202000,43818205000,-1,0,0,0,0,0,0,0,0
2,1,23,15,0,0,0,0,43818207000,43818309000,-1,0,0,0,0,0,0,0,0
1,2,23,7,1076651027,2829312,0,0,43818317000,43818496000,-1,0,0,0,41943520,0,0,1280,3064438784
1,2,23,7,25602,0,0,0,43818498000,43818502000,-1,0,0,0,0,0,0,0,0
1,2,23,7,25607,0,0,0,43818503000,43832711000,-1,0,0,0,0,0,0,0,0
0,1,23,15,2,0,15,0,43832735000,43832892000,-1,0,0,0,0,0,0,0,0
1,1,23,15,20483,0,0,0,43832896000,43832904000,-1,0,0,0,0,0,0,0,0
1,1,23,15,1088704512,3066196212,0,0,43832906000,43832912000,-1,3066200064,3065053184,0,16777440,41943520,0,1,0
1,1,23,15,2147766273,0,0,0,43832913000,43833012000,-1,0,0,0,0,0,0,0,0
1,1,23,15,2147766276,3000,0,0,43833014000,43834881000,-1,0,0,0,0,0,0,0,0
1,1,23,15,2147766277,3064434148,0,0,43834884000,43834887000,6,0,0,0,0,0,0,0,0
1,1,23,15,20483,0,0,0,43834888000,43834891000,-1,0,0,0,0,0,0,0,0
2,1,23,15,0,0,0,0,43834893000,43834979000,-1,0,0,0,0,0,0,0,0
1,2,23,7,1076651027,2829356,0,0,43834986000,43835200000,-1,0,0,0,41943520,0,0,1280,3065053184
1,2,23,7,25602,0,0,0,43835201000,43835205000,-1,0,0,0,0,0,0,0,0
1,2,23,7,25607,0,0,0,43835206000,43849371000,-1,0,0,0,0,0,0,0,0
0,1,23,15,2,0,15,0,43849394000,43849551000,-1,0,0,0,0,0,0,0,0
1,1,23,15,20483,0,0,0,43849555000,43849565000,-1,0,0,0,0,0,0,0,0
1,1,23,15,1088704512,3066196212,0,0,43849567000,43849574000,-1,3066200064,3064438784,0,16777440,41943520,0,1,0
1,1,23,15,2147766273,0,0,0,43849575000,43849673000,-1,0,0,0,0,0,0,0,0
1,1,23,15,2147766276,3000,0,0,43849716000,43851565000,-1,0,0,0,0,0,0,0,0
1,1,23,15,2147766277,3064434148,0,0,43851568000,43851571000,6,0,0,0,0,0,0,0,0
1,1,23,15,20483,0,0,0,43851572000,43851575000,-1,0,0,0,0,0,0,0,0
2,1,23,15,0,0,0,0,43851578000,43851671000,-1,0,0,0,0,0,0,0,0
1,2,23,7,1076651027,2829312,0,0,43851679000,43851858000,-1,0,0,0,41943520,0,0,1280,3064438784
1,2,23,7,25602,0,0,0,43851859000,43851863000,-1,0,0,0,0,0,0,0,0
1,2,23,7,25607,0,0,0,43851864000,43866026000,-1,0,0,0,0,0,0,0,0
0,1,23,15,2,0,15,0,43866050000,43866197000,-1,0,0,0,0,0,0,0,0
1,1,23,15,20483,0,0,0,43866202000,43866210000,-1,0,0,0,0,0,0,0,0
1,1,23,15,1088704512,3066196212,0,0,43866212000,43866218000,-1,3066200064,3065053184,0,16777440,41943520,0,1,0
1,1,23,15,2147766273,0,0,0,43866219000,43866314000,-1,0,0,0,0,0,0,0,0
1,1,23,15,2147766276,3000,0,0,43866316000,43868184000,-1,0,0,0,0,0,0,0,0
1,1,23,15,2147766277,3064434148,0,0,43868186000,43868189000,6,0,0,0,0,0,0,0,0
1,1,23,15,20483,0,0,0,43868190000,43868193000,-1,0,0,0,0,0,0,0,0
2,1,23,15,0,0,0,0,43868195000,43868281000,-1,0,0,0,0,0,0,0,0
1,2,23,7,1076651027,2829356,0,0,43868287000,43868465000,-1,0,0,0,41943520,0,0,1280,3065053184
1,2,23,7,25602,0,0,0,43868467000,43868470000,-1,0,0,0,0,0,0,0,0
1,2,23,7,25607,0,0,0,43868471000,43882656000,-1,0,0,0,0,0,0,0,0
0,1,23,15,2,0,15,0,43882673000,43882819000,-1,0,0,0,0,0,0,0,0
1,1,23,15,20483,0,0,0,43882823000,43882831000,-1,0,0,0,0,0,0,0,0
1,1,23,15,1088704512,3066196212,0,0,43882833000,43882839000,-1,3066200064,3064438784,0,16777440,41943520,0,1,0
1,1,23,15,2147766273,0,0,0,43882841000,43882929000,-1,0,0,0,0,0,0,0,0
1,1,23,15,2147766276,3000,0,0,43882931000,43884794000,-1,0,0,0,0,0,0,0,0
1,1,23,15,2147766277,3064434148,0,0,43884797000,43884800000,6,0,0,0,0,0,0,0,0
1,1,23,15,20483,0,0,0,43884801000,43884803000,-1,0,0,0,0,0,0,0,0
2,1,23,15,0,0,0,0,43884805000,43884887000,-1,0,0,0,0,0,0,0,0
1,2,23,7,1076651027,2829312,0,0,43884895000,43885073000,-1,0,0,0,41943520,0,0,1280,3064438784
1,2,23,7,25602,0,0,0,43885074000,43885077000,-1,0,0,0,0,0,0,0,0
1,2,23,7,25607,0,0,0,43885079000,43899314000,-1,0,0,0,0,0,0,0,0
0,1,23,15,2,0,15,0,43899332000,43899469000,-1,0,0,0,0,0,0,0,0
1,1,23,15,20483,0,0,0,43899473000,43899480000,-1,0,0,0,0,0,0,0,0
1,1,23,15,1088704512,3066196212,0,0,43899482000,43899488000,-1,3066200064,3065053184,0,16777440,41943520,0,1,0
1,1,23,15,2147766273,0,0,0,43899490000,43899576000,-1,0,0,0,0,0,0,0,0
1,1,23,15,2147766276,3000,0,0,43899577000,43901436000,-1,0,0,0,0,0,0,0,0
1,1,23,15,2147766277,3064434148,0,0,43901441000,43901445000,6,0,0,0,0,0,0,0,0
1,1,23,15,20483,0,0,0,43901446000,43901449000,-1,0,0,0,0,0,0,0,0
2,1,23,15,0,0,0,0,43901451000,43901544000,-1,0,0,0,0,0,0,0,0
1,2,23,7,1076651027,2829356,0,0,43901554000,43901734000,-1,0,0,0,41943520,0,0,1280,3065053184
1,2,23,7,25602,0,0,0,43901736000,43901739000,-1,0,0,0,0,0,0,0,0
1,2,23,7,25607,0,0,0,43901740000,43915992000,-1,0,0,0,0,0,0,0,0
0,1,23,15,2,0,15,0,43916014000,43916161000,-1,0,0,0,0,0,0,0,0
1,1,23,15,20483,0,0,0,43916165000,43916173000,-1,0,0,0,0,0,0,0,0
1,1,23,15,1088704512,3066196212,0,0,43916174000,43916180000,-1,3066200064,3064438784,0,16777440,41943520,0,1,0
1,1,23,15,2147766273,0,0,0,43916181000,43916274000,-1,0,0,0,0,0,0,0,0
1,1,23,15,2147766276,3000,0,0,43916276000,43918141000,-1,0,0,0,0,0,0,0,0
1,1,23,15,2147766277,3064434148,0,0,43918144000,43918147000,6,0,0,0,0,0,0,0,0
1,1,23,15,20483,0,0,0,43918148000,43918151000,-1,0,0,0,0,0,0,0,0
2,1,23,15,0,0,0,0,43918190000,43918299000,-1,0,0,0,0,0,0,0,0
1,2,23,7,1076651027,2829312,0,0,43918308000,43918487000,-1,0,0,0,41943520,0,0,1280,3064438784
1,2,23,7,25602,0,0,0,43918489000,43918493000,-1,0,0,0,0,0,0,0,0
1,2,23,7,25607,0,0,0,43918494000,43932654000,-1,0,0,0,0,0,0,0,0
0,1,23,15,2,0,15,0,43932677000,43932826000,-1,0,0,0,0,0,0,0,0
1,1,23,15,20483,0,0,0,43932831000,43932838000,-1,0,0,0,0,0,0,0,0
1,1,23,15,1088704512,3066196212,0,0,43932841000,43932846000,-1,3066200064,3065053184,0,16777440,41943520,0,1,0
1,1,23,15,2147766273,0,0,0,43932848000,43932936000,-1,0,0,0,0,0,0,0,0
1,1,23,15,2147766276,3000,0,0,43932938000,43934804000,-1,0,0,0,0,0,0,0,0
1,1,23,15,2147766277,3064434148,0,0,43934807000,43934811000,6,0,0,0,0,0,0,0,0
1,1,23,15,20483,0,0,0,43934812000,43934815000,-1,0,0,0,0,0,0,0,0
2,1,23,15,0,0,0,0,43934817000,43934921000,-1,0,0,0,0,0,0,0,0
1,2,23,7,1076651027,2829356,0,0,43934929000,43935109000,-1,0,0,0,41943520,0,0,1280,3065053184
1,2,23,7,25602,0,0,0,43935111000,43935114000,-1,0,0,0,0,0,0,0,0
1,2,23,7,25607,0,0,0,43935116000,43949310000,-1,0,0,0,0,0,0,0,0
0,1,23,15,2,0,15,0,43949334000,43949484000,-1,0,0,0,0,0,0,0,0
1,1,23,15,20483,0,0,0,43949487000,43949496000,-1,0,0,0,0,0,0,0,0
1,1,23,15,1088704512,3066196212,0,0,43949498000,43949504000,-1,3066200064,3064438784,0,16777440,41943520,0,1,0
1,1,23,15,2147766273,0,0,0,43949505000,43949595000,-1,0,0,0,0,0,0,0,0
1,1,23,15,2147766276,3000,0,0,43949596000,43951464000,-1,0,0,0,0,0,0,0,0
1,1,23,15,2147766277,3064434148,0,0,43951466000,43951469000,6,0,0,0,0,0,0,0,0
1,1,23,15,20483,0,0,0,43951470000,43951473000,-1,0,0,0,0,0,0,0,0
2,1,23,15,0,0,0,0,43951475000,43951578000,-1,0,0,0,0,0,0,0,0
1,2,23,7,1076651027,2829312,0,0,43951587000,43951767000,-1,0,0,0,41943520,0,0,1280,3064438784
1,2,23,7,25602,0,0,0,43951769000,43951773000,-1,0,0,0,0,0,0,0,0
1,2,23,7,25607,0,0,0,43951774000,43965966000,-1,0,0,0,0,0,0,0,0
0,1,23,15,2,0,15,0,43965989000,43966130000,-1,0,0,0,0,0,0,0,0
1,1,23,15,20483,0,0,0,43966135000,43966142000,-1,0,0,0,0,0,0,0,0
1,1,23,15,1088704512,3066196212,0,0,43966144000,43966151000,-1,3066200064,3065053184,0,16777440,41943520,0,1,0
1,1,23,15,2147766273,0,0,0,43966152000,43966241000,-1,0,0,0,0,0,0,0,0
1,1,23,15,2147766276,3000,0,0,43966243000,43968116000,-1,0,0,0,0,0,0,0,0
1,1,23,15,2147766277,3064434148,0,0,43968119000,43968122000,6,0,0,0,0,0,0,0,0
1,1,23,15,20483,0,0,0,43968123000,43968126000,-1,0,0,0,0,0,0,0,0
2,1,23,15,0,0,0,0,43968128000,43968211000,-1,0,0,0,0,0,0,0,0
1,2,23,7,1076651027,2829356,0,0,43968219000,43968398000,-1,0,0,0,41943520,0,0,1280,3065053184
1,2,23,7,25602,0,0,0,43968399000,43968402000,-1,0,0,0,0,0,0,0,0
1,2,23,7,25607,0,0,0,43968404000,43982618000,-1,0,0,0,0,0,0,0,0
0,1,23,15,2,0,15,0,43982642000,43982793000,-1,0,0,0,0,0,0,0,0
1,1,23,15,20483,0,0,0,43982796000,43982804000,-1,0,0,0,0,0,0,0,0
1,1,23,15,1088704512,3066196212,0,0,43982806000,43982812000,-1,3066200064,3064438784,0,16777440,41943520,0,1,0
1,1,23,15,2147766273,0,0,0,43982814000,43982902000,-1,0,0,0,0,0,0,0,0
1,1,23,15,2147766276,3000,0,0,43982904000,43984771000,-1,0,0,0,0,0,0,0,0
1,1,23,15,2147766277,3064434148,0,0,43984774000,43984776000,6,0,0,0,0,0,0,0,0
1,1,23,15,20483,0,0,0,43984778000,43984781000,-1,0,0,0,0,0,0,0,0
2,1,23,15,0,0,0,0,43984783000,43984864000,-1,0,0,0,0,0,0,0,0
1,2,23,7,1076651027,2829312,0,0,43984872000,43985051000,-1,0,0,0,41943520,0,0,1280,3064438784
1,2,23,7,25602,0,0,0,43985089000,43985094000,-1,0,0,0,0,0,0,0,0
1,2,23,7,25607,0,0,0,43985096000,43999283000,-1,0,0,0,0,0,0,0,0
0,1,23,15,2,0,15,0,43999532000,43999683000,-1,0,0,0,0,0,0,0,0
1,1,23,15,20483,0,0,0,43999689000,43999697000,-1,0,0,0,0,0,0,0,0
1,1,23,15,1088704512,3066196212,0,0,43999699000,43999705000,-1,3066200064,3065053184,0,16777440,41943520,0,1,0
1,1,23,15,2147766273,0,0,0,43999707000,43999798000,-1,0,0,0,0,0,0,0,0
1,1,23,15,2147766276,3000,0,0,43999800000,44001668000,-1,0,0,0,0,0,0,0,0
1,1,23,15,2147766277,3064434148,0,0,44001671000,44001675000,6,0,0,0,0,0,0,0,0
1,1,23,15,20483,0,0,0,44001676000,44001679000,-1,0,0,0,0,0,0,0,0
2,1,23,15,0,0,0,0,44001681000,44001773000,-1,0,0,0,0,0,0,0,0
1,2,23,7,1076651027,2829356,0,0,44001780000,44001962000,-1,0,0,0,41943520,0,0,1280,3065053184
1,2,23,7,25602,0,0,0,44001963000,44001967000,-1,0,0,0,0,0,0,0,0
1,2,23,7,25607,0,0,0,44001968000,44015914000,-1,0,0,0,0,0,0,0,0
0,1,23,15,2,0,15,0,44015931000,44016076000,-1,0,0,0,0,0,0,0,0
1,1,23,15,20483,0,0,0,44016080000,44016088000,-1,0,0,0,0,0,0,0,0
1,1,23,15,1088704512,3066196212,0,0,44016090000,44016095000,-1,3066200064,3064438784,0,16777440,41943520,0,1,0
1,1,23,15,2147766273,0,0,0,44016097000,44016184000,-1,0,0,0,0,0,0,0,0
1,1,23,15,2147766276,3000,0,0,44016186000,44018052000,-1,0,0,0,0,0,0,0,0
1,1,23,15,2147766277,3064434148,0,0,44018054000,44018057000,6,0,0,0,0,0,0,0,0
1,1,23,15,20483,0,0,0,44018059000,44018061000,-1,0,0,0,0,0,0,0,0
2,1,23,15,0,0,0,0,44018063000,44018145000,-1,0,0,0,0,0,0,0,0
1,2,23,7,1076651027,2829312,0,0,44018152000,44018331000,-1,0,0,0,41943520,0,0,1280,3064438784
1,2,23,7,25602,0,0,0,44018332000,44018335000,-1,0,0,0,0,0,0,0,0
1,2,23,7,25607,0,0,0,44018336000,44032625000,-1,0,0,0,0,0,0,0,0
0,1,23,15,2,0,15,0,44032646000,44032795000,-1,0,0,0,0,0,0,0,0
1,1,23,15,20483,0,0,0,44032800000,44032808000,-1,0,0,0,0,0,0,0,0
1,1,23,15,1088704512,3066196212,0,0,44032809000,44032815000,-1,3066200064,3065053184,0,16777440,41943520,0,1,0
1,1,23,15,2147766273,0,0,0,44032816000,44032905000,-1,0,0,0,0,0,0,0,0
1,1,23,15,2147766276,3000,0,0,44032906000,44034775000,-1,0,0,0,0,0,0,0,0
1,1,23,15,2147766277,3064434148,0,0,44034778000,44034781000,6,0,0,0,0,0,0,0,0
1,1,23,15,20483,0,0,0,44034782000,44034785000,-1,0,0,0,0,0,0,0,0
2,1,23,15,0,0,0,0,44034787000,44034877000,-1,0,0,0,0,0,0,0,0
1,2,23,7,1076651027,2829356,0,0,44034885000,44035063000,-1,0,0,0,41943520,0,0,1280,3065053184
1,2,23,7,25602,0,0,0,44035064000,44035068000,-1,0,0,0,0,0,0,0,0
1,2,23,7,25607,0,0,0,44035069000,44049247000,-1,0,0,0,0,0,0,0,0
0,1,23,15,2,0,15,0,44049269000,44049415000,-1,0,0,0,0,0,0,0,0
1,1,23,15,20483,0,0,0,44049419000,44049427000,-1,0,0,0,0,0,0,0,0
1,1,23,15,1088704512,3066196212,0,0,44049429000,44049435000,-1,3066200064,3064438784,0,16777440,41943520,0,1,0
1,1,23,15,2147766273,0,0,0,44049437000,44049527000,-1,0,0,0,0,0,0,0,0
1,1,23,15,2147766276,3000,0,0,44049529000,44051391000,-1,0,0,0,0,0,0,0,0
1,1,23,15,2147766277,3064434148,0,0,44051395000,44051399000,6,0,0,0,0,0,0,0,0
1,1,23,15,20483,0,0,0,44051400000,44051403000,-1,0,0,0,0,0,0,0,0
2,1,23,15,0,0,0,0,44051405000,44051515000,-1,0,0,0,0,0,0,0,0
1,2,23,7,1076651027,2829312,0,0,44051526000,44051706000,-1,0,0,0,41943520,0,0,1280,3064438784
1,2,23,7,25602,0,0,0,44051708000,44051711000,-1,0,0,0,0,0,0,0,0
1,2,23,7,25607,0,0,0,44051712000,44065907000,-1,0,0,0,0,0,0,0,0
0,1,23,15,2,0,15,0,44065932000,44066076000,-1,0,0,0,0,0,0,0,0
1,1,23,15,20483,0,0,0,44066116000,44066125000,-1,0,0,0,0,0,0,0,0
1,1,23,15,1088704512,3066196212,0,0,44066127000,44066133000,-1,3066200064,3065053184,0,16777440,41943520,0,1,0
1,1,23,15,2147766273,0,0,0,44066135000,44066228000,-1,0,0,0,0,0,0,0,0
1,1,23,15,2147766276,3000,0,0,44066230000,44068097000,-1,0,0,0,0,0,0,0,0
1,1,23,15,2147766277,3064434148,0,0,44068100000,44068104000,6,0,0,0,0,0,0,0,0
1,1,23,15,20483,0,0,0,44068105000,44068108000,-1,0,0,0,0,0,0,0,0
2,1,23,15,0,0,0,0,44068110000,44068215000,-1,0,0,0,0,0,0,0,0
1,2,23,7,1076651027,2829356,0,0,44068223000,44068404000,-1,0,0,0,41943520,0,0,1280,3065053184
1,2,23,7,25602,0,0,0,44068406000,44068410000,-1,0,0,0,0,0,0,0,0
1,2,23,7,25607,0,0,0,44068411000,44082565000,-1,0,0,0,0,0,0,0,0
0,1,23,15,2,0,15,0,44082587000,44082737000,-1,0,0,0,0,0,0,0,0
1,1,23,15,20483,0,0,0,44082740000,44082750000,-1,0,0,0,0,0,0,0,0
1,1,23,15,1088704512,3066196212,0,0,44082752000,44082757000,-1,3066200064,3064438784,0,16777440,41943520,0,1,0
1,1,23,15,2147766273,0,0,0,44082759000,44082852000,-1,0,0,0,0,0,0,0,0
1,1,23,15,2147766276,3000,0,0,44082855000,44084807000,-1,0,0,0,0,0,0,0,0
1,1,23,15,2147766277,3064434148,0,0,44084810000,44084812000,6,0,0,0,0,0,0,0,0
1,1,23,15,20483,0,0,0,44084814000,44084817000,-1,0,0,0,0,0,0,0,0
2,1,23,15,0,0,0,0,44084819000,44084915000,-1,0,0,0,0,0,0,0,0
1,2,23,7,1076651027,2829312,0,0,44084922000,44085101000,-1,0,0,0,41943520,0,0,1280,3064438784
1,2,23,7,25602,0,0,0,44085103000,44085106000,-1,0,0,0,0,0,0,0,0
1,2,23,7,25607,0,0,0,44085107000,44099227000,-1,0,0,0,0,0,0,0,0
0,1,23,15,2,0,15,0,44099250000,44099401000,-1,0,0,0,0,0,0,0,0
1,1,23,15,20483,0,0,0,44099405000,44099414000,-1,0,0,0,0,0,0,0,0
1,1,23,15,1088704512,3066196212,0,0,44099416000,44099422000,-1,3066200064,3065053184,0,16777440,41943520,0,1,0
1,1,23,15,2147766273,0,0,0,44099423000,44099514000,-1,0,0,0,0,0,0,0,0
1,1,23,15,2147766276,3000,0,0,44099516000,44101404000,-1,0,0,0,0,0,0,0,0
1,1,23,15,2147766277,3064434148,0,0,44101408000,44101411000,6,0,0,0,0,0,0,0,0
1,1,23,15,20483,0,0,0,44101412000,44101415000,-1,0,0,0,0,0,0,0,0
2,1,23,15,0,0,0,0,44101417000,44101503000,-1,0,0,0,0,0,0,0,0
1,2,23,7,1076651027,2829356,0,0,44101512000,44101691000,-1,0,0,0,41943520,0,0,1280,3065053184
1,2,23,7,25602,0,0,0,44101693000,44101696000,-1,0,0,0,0,0,0,0,0
1,2,23,7,25607,0,0,0,44101697000,44115875000,-1,0,0,0,0,0,0,0,0
0,1,23,15,2,0,15,0,44115898000,44116041000,-1,0,0,0,0,0,0,0,0
1,1,23,15,20483,0,0,0,44116045000,44116054000,-1,0,0,0,0,0,0,0,0
1,1,23,15,1088704512,3066196212,0,0,44116056000,44116061000,-1,3066200064,3064438784,0,16777440,41943520,0,1,0
1,1,23,15,2147766273,0,0,0,44116063000,44116148000,-1,0,0,0,0,0,0,0,0
1,1,23,15,2147766276,3000,0,0,44116150000,44118019000,-1,0,0,0,0,0,0,0,0
1,1,23,15,2147766277,3064434148,0,0,44118022000,44118025000,6,0,0,0,0,0,0,0,0
1,1,23,15,20483,0,0,0,44118026000,44118029000,-1,0,0,0,0,0,0,0,0
2,1,23,15,0,0,0,0,44118031000,44118111000,-1,0,0,0,0,0,0,0,0
1,2,23,7,1076651027,2829312,0,0,44118119000,44118299000,-1,0,0,0,41943520,0,0,1280,3064438784
1,2,23,7,25602,0,0,0,44118301000,44118304000,-1,0,0,0,0,0,0,0,0
1,2,23,7,25607,0,0,0,44118306000,44132508000,-1,0,0,0,0,0,0,0,0
0,1,23,15,2,0,15,0,44134537000,44134709000,-1,0,0,0,0,0,0,0,0
1,1,23,15,20483,0,0,0,44134716000,44134726000,-1,0,0,0,0,0,0,0,0
1,1,23,15,1088704512,3066196212,0,0,44134728000,44134734000,-1,3066200064,3065053184,0,16777440,41943520,0,1,0
1,1,23,15,2147766273,0,0,0,44134774000,44134883000,-1,0,0,0,0,0,0,0,0
1,1,23,15,2147766276,3000,0,0,44134885000,44136762000,-1,0,0,0,0,0,0,0,0
1,1,23,15,2147766277,3064434148,0,0,44136764000,44136767000,6,0,0,0,0,0,0,0,0
1,1,23,15,20483,0,0,0,44136792000,44136795000,-1,0,0,0,0,0,0,0,0
2,1,23,15,0,0,0,0,44136798000,44136891000,-1,0,0,0,0,0,0,0,0
1,2,23,7,1076651027,2829356,0,0,44136900000,44137081000,-1,0,0,0,41943520,0,0,1280,3065053184
1,2,23,7,25602,0,0,0,44137082000,44137085000,-1,0,0,0,0,0,0,0,0
1,2,23,7,25607,0,0,0,44137087000,44149182000,-1,0,0,0,0,0,0,0,0
0,1,23,15,2,0,15,0,44149207000,44149358000,-1,0,0,0,0,0,0,0,0
1,1,23,15,20483,0,0,0,44149363000,44149370000,-1,0,0,0,0,0,0,0,0
1,1,23,15,1088704512,3066196212,0,0,44149372000,44149378000,-1,3066200064,3064438784,0,16777440,41943520,0,1,0
1,1,23,15,2147766273,0,0,0,44149380000,44149470000,-1,0,0,0,0,0,0,0,0
1,1,23,15,2147766276,3000,0,0,44149472000,44151340000,-1,0,0,0,0,0,0,0,0
1,1,23,15,2147766277,3064434148,0,0,44151344000,44151347000,6,0,0,0,0,0,0,0,0
1,1,23,15,20483,0,0,0,44151348000,44151352000,-1,0,0,0,0,0,0,0,0
2,1,23,15,0,0,0,0,44151354000,44151459000,-1,0,0,0,0,0,0,0,0
1,2,23,7,1076651027,2829312,0,0,44151466000,44151646000,-1,0,0,0,41943520,0,0,1280,3064438784
1,2,23,7,25602,0,0,0,44151648000,44151651000,-1,0,0,0,0,0,0,0,0
1,2,23,7,25607,0,0,0,44151652000,44165816000,-1,0,0,0,0,0,0,0,0
0,1,23,15,2,0,15,0,44179960000,44180167000,-1,0,0,0,0,0,0,0,0
1,1,23,15,20483,0,0,0,44180173000,44180183000,-1,0,0,0,0,0,0,0,0
1,1,23,15,1088704512,3066196212,0,0,44180185000,44180192000,-1,3066200064,3065053184,0,16777440,41943520,0,1,0
1,1,23,15,2147766273,0,0,0,44180193000,44180285000,-1,0,0,0,0,0,0,0,0
1,1,23,15,2147766276,3000,0,0,44180287000,44182163000,-1,0,0,0,0,0,0,0,0
1,1,23,15,2147766277,3064434148,0,0,44182166000,44182169000,6,0,0,0,0,0,0,0,0
1,1,23,15,20483,0,0,0,44182170000,44182173000,-1,0,0,0,0,0,0,0,0
2,1,23,15,0,0,0,0,44182175000,44182264000,-1,0,0,0,0,0,0,0,0
1,2,23,7,1076651027,2829356,0,0,44182271000,44182451000,-1,0,0,0,41943520,0,0,1280,3065053184
1,2,23,7,25602,0,0,0,44182454000,44182458000,-1,0,0,0,0,0,0,0,0
1,2,23,7,25607,0,0,0,44182459000,44199142000,-1,0,0,0,0,0,0,0,0
0,1,23,15,2,0,15,0,44199164000,44199314000,-1,0,0,0,0,0,0,0,0
1,1,23,15,20483,0,0,0,44199318000,44199326000,-1,0,0,0,0,0,0,0,0
1,1,23,15,1088704512,3066196212,0,0,44199328000,44199334000,-1,3066200064,3064438784,0,16777440,41943520,0,1,0
1,1,23,15,2147766273,0,0,0,44199335000,44199424000,-1,0,0,0,0,0,0,0,0
1,1,23,15,2147766276,3000,0,0,44199426000,44201295000,-1,0,0,0,0,0,0,0,0
1,1,23,15,2147766277,3064434148,0,0,44201299000,44201303000,6,0,0,0,0,0,0,0,0
1,1,23,15,20483,0,0,0,44201304000,44201307000,-1,0,0,0,0,0,0,0,0
2,1,23,15,0,0,0,0,44201309000,44201418000,-1,0,0,0,0,0,0,0,0
1,2,23,7,1076651027,2829312,0,0,44201427000,44201606000,-1,0,0,0,41943520,0,0,1280,3064438784
1,2,23,7,25602,0,0,0,44201608000,44201611000,-1,0,0,0,0,0,0,0,0
1,2,23,7,25607,0,0,0,44201613000,44215824000,-1,0,0,0,0,0,0,0,0
0,1,23,15,2,0,15,0,44215847000,44215986000,-1,0,0,0,0,0,0,0,0
1,1,23,15,20483,0,0,0,44215991000,44215998000,-1,0,0,0,0,0,0,0,0
1,1,23,15,1088704512,3066196212,0,0,44216000000,44216006000,-1,3066200064,3065053184,0,16777440,41943520,0,1,0
1,1,23,15,2147766273,0,0,0,44216007000,44216096000,-1,0,0,0,0,0,0,0,0
1,1,23,15,2147766276,3000,0,0,44216098000,44217968000,-1,0,0,0,0,0,0,0,0
1,1,23,15,2147766277,3064434148,0,0,44217997000,44218001000,6,0,0,0,0,0,0,0,0
1,1,23,15,20483,0,0,0,44218037000,44218041000,-1,0,0,0,0,0,0,0,0
2,1,23,15,0,0,0,0,44218043000,44218139000,-1,0,0,0,0,0,0,0,0
1,2,23,7,1076651027,2829356,0,0,44218149000,44218327000,-1,0,0,0,41943520,0,0,1280,3065053184
1,2,23,7,25602,0,0,0,44218329000,44218332000,-1,0,0,0,0,0,0,0,0
1,2,23,7,25607,0,0,0,44218333000,44232480000,-1,0,0,0,0,0,0,0,0
0,1,23,15,2,0,15,0,44232503000,44232652000,-1,0,0,0,0,0,0,0,0
1,1,23,15,20483,0,0,0,44232656000,44232663000,-1,0,0,0,0,0,0,0,0
1,1,23,15,1088704512,3066196212,0,0,44232666000,44232672000,-1,3066200064,3064438784,0,16777440,41943520,0,1,0
1,1,23,15,2147766273,0,0,0,44232673000,44232761000,-1,0,0,0,0,0,0,0,0
1,1,23,15,2147766276,3000,0,0,44232763000,44234636000,-1,0,0,0,0,0,0,0,0
1,1,23,15,2147766277,3064434148,0,0,44234640000,44234643000,6,0,0,0,0,0,0,0,0
1,1,23,15,20483,0,0,0,44234644000,44234647000,-1,0,0,0,0,0,0,0,0
2,1,23,15,0,0,0,0,44234649000,44234736000,-1,0,0,0,0,0,0,0,0
1,2,23,7,1076651027,2829312,0,0,44234744000,44234922000,-1,0,0,0,41943520,0,0,1280,3064438784
1,2,23,7,25602,0,0,0,44234924000,44234927000,-1,0,0,0,0,0,0,0,0
1,2,23,7,25607,0,0,0,44234928000,44249139000,-1,0,0,0,0,0,0,0,0
0,1,23,15,2,0,15,0,44249163000,44249315000,-1,0,0,0,0,0,0,0,0
1,1,23,15,20483,0,0,0,44249320000,44249328000,-1,0,0,0,0,0,0,0,0
1,1,23,15,1088704512,3066196212,0,0,44249330000,44249335000,-1,3066200064,3065053184,0,16777440,41943520,0,1,0
1,1,23,15,2147766273,0,0,0,44249337000,44249435000,-1,0,0,0,0,0,0,0,0
1,1,23,15,2147766276,3000,0,0,44249437000,44251325000,-1,0,0,0,0,0,0,0,0
1,1,23,15,2147766277,3064434148,0,0,44251328000,44251331000,6,0,0,0,0,0,0,0,0
1,1,23,15,20483,0,0,0,44251333000,44251336000,-1,0,0,0,0,0,0,0,0
2,1,23,15,0,0,0,0,44251337000,44251426000,-1,0,0,0,0,0,0,0,0
1,2,23,7,1076651027,2829356,0,0,44251434000,44251613000,-1,0,0,0,41943520,0,0,1280,3065053184
1,2,23,7,25602,0,0,0,44251615000,44251618000,-1,0,0,0,0,0,0,0,0
1,2,23,7,25607,0,0,0,44251620000,44265776000,-1,0,0,0,0,0,0,0,0
0,1,23,15,2,0,15,0,44266299000,44266447000,-1,0,0,0,0,0,0,0,0
1,1,23,15,20483,0,0,0,44266452000,44266461000,-1,0,0,0,0,0,0,0,0
1,1,23,15,1088704512,3066196212,0,0,44266463000,44266469000,-1,3066200064,3064438784,0,16777440,41943520,0,1,0
1,1,23,15,2147766273,0,0,0,44266470000,44266558000,-1,0,0,0,0,0,0,0,0
1,1,23,15,2147766276,3000,0,0,44266560000,44268439000,-1,0,0,0,0,0,0,0,0
1,1,23,15,2147766277,3064434148,0,0,44268443000,44268446000,6,0,0,0,0,0,0,0,0
1,1,23,15,20483,0,0,0,44268448000,44268451000,-1,0,0,0,0,0,0,0,0
2,1,23,15,0,0,0,0,44268453000,44268546000,-1,0,0,0,0,0,0,0,0
1,2,23,7,1076651027,2829312,0,0,44268554000,44268733000,-1,0,0,0,41943520,0,0,1280,3064438784
1,2,23,7,25602,0,0,0,44268735000,44268738000,-1,0,0,0,0,0,0,0,0
1,2,23,7,25607,0,0,0,44268740000,44282420000,-1,0,0,0,0,0,0,0,0
0,1,23,15,2,0,15,0,44283632000,44283793000,-1,0,0,0,0,0,0,0,0
1,1,23,15,20483,0,0,0,44283799000,44283809000,-1,0,0,0,0,0,0,0,0
1,1,23,15,1088704512,3066196212,0,0,44283811000,44283817000,-1,3066200064,3065053184,0,16777440,41943520,0,1,0
1,1,23,15,2147766273,0,0,0,44283819000,44283913000,-1,0,0,0,0,0,0,0,0
1,1,23,15,2147766276,3000,0,0,44283915000,44285787000,-1,0,0,0,0,0,0,0,0
1,1,23,15,2147766277,3064434148,0,0,44285790000,44285792000,6,0,0,0,0,0,0,0,0
1,1,23,15,20483,0,0,0,44285794000,44285796000,-1,0,0,0,0,0,0,0,0
2,1,23,15,0,0,0,0,44285799000,44285886000,-1,0,0,0,0,0,0,0,0
1,2,23,7,1076651027,2829356,0,0,44285933000,44286113000,-1,0,0,0,41943520,0,0,1280,3065053184
1,2,23,7,25602,0,0,0,44286115000,44286119000,-1,0,0,0,0,0,0,0,0
1,2,23,7,25607,0,0,0,44286120000,44299111000,-1,0,0,0,0,0,0,0,0
0,1,23,15,2,0,15,0,44299135000,44299312000,-1,0,0,0,0,0,0,0,0
1,1,23,15,20483,0,0,0,44299316000,44299324000,-1,0,0,0,0,0,0,0,0
1,1,23,15,1088704512,3066196212,0,0,44299326000,44299332000,-1,3066200064,3064438784,0,16777440,41943520,0,1,0
1,1,23,15,2147766273,0,0,0,44299334000,44299425000,-1,0,0,0,0,0,0,0,0
1,1,23,15,2147766276,3000,0,0,44299427000,44301297000,-1,0,0,0,0,0,0,0,0
1,1,23,15,2147766277,3064434148,0,0,44301301000,44301305000,6,0,0,0,0,0,0,0,0
1,1,23,15,20483,0,0,0,44301306000,44301310000,-1,0,0,0,0,0,0,0,0
2,1,23,15,0,0,0,0,44301312000,44301416000,-1,0,0,0,0,0,0,0,0
1,2,23,7,1076651027,2829312,0,0,44301424000,44301605000,-1,0,0,0,41943520,0,0,1280,3064438784
1,2,23,7,25602,0,0,0,44301607000,44301610000,-1,0,0,0,0,0,0,0,0
1,2,23,7,25607,0,0,0,44301611000,44315762000,-1,0,0,0,0,0,0,0,0
0,1,23,15,2,0,15,0,44315783000,44315929000,-1,0,0,0,0,0,0,0,0
1,1,23,15,20483,0,0,0,44315934000,44315941000,-1,0,0,0,0,0,0,0,0
1,1,23,15,1088704512,3066196212,0,0,44315944000,44315950000,-1,3066200064,3065053184,0,16777440,41943520,0,1,0
1,1,23,15,2147766273,0,0,0,44315951000,44316042000,-1,0,0,0,0,0,0,0,0
1,1,23,15,2147766276,3000,0,0,44316045000,44317911000,-1,0,0,0,0,0,0,0,0
1,1,23,15,2147766277,3064434148,0,0,44317914000,44317917000,6,0,0,0,0,0,0,0,0
1,1,23,15,20483,0,0,0,44317918000,44317921000,-1,0,0,0,0,0,0,0,0
2,1,23,15,0,0,0,0,44317923000,44318022000,-1,0,0,0,0,0,0,0,0
1,2,23,7,1076651027,2829356,0,0,44318030000,44318210000,-1,0,0,0,41943520,0,0,1280,3065053184
1,2,23,7,25602,0,0,0,44318212000,44318216000,-1,0,0,0,0,0,0,0,0
1,2,23,7,25607,0,0,0,44318217000,44332416000,-1,0,0,0,0,0,0,0,0
0,1,23,15,2,0,15,0,44332438000,44332584000,-1,0,0,0,0,0,0,0,0
1,1,23,15,20483,0,0,0,44332588000,44332596000,-1,0,0,0,0,0,0,0,0
1,1,23,15,1088704512,3066196212,0,0,44332598000,44332604000,-1,3066200064,3064438784,0,16777440,41943520,0,1,0
1,1,23,15,2147766273,0,0,0,44332605000,44332693000,-1,0,0,0,0,0,0,0,0
1,1,23,15,2147766276,3000,0,0,44332695000,44334563000,-1,0,0,0,0,0,0,0,0
1,1,23,15,2147766277,3064434148,0,0,44334567000,44334571000,6,0,0,0,0,0,0,0,0
1,1,23,15,20483,0,0,0,44334573000,44334576000,-1,0,0,0,0,0,0,0,0
2,1,23,15,0,0,0,0,44334578000,44334680000,-1,0,0,0,0,0,0,0,0
1,2,23,7,1076651027,2829312,0,0,44334688000,44334868000,-1,0,0,0,41943520,0,0,1280,3064438784
1,2,23,7,25602,0,0,0,44334870000,44334873000,-1,0,0,0,0,0,0,0,0
1,2,23,7,25607,0,0,0,44334874000,44349059000,-1,0,0,0,0,0,0,0,0
0,1,23,15,2,0,15,0,44349578000,44349727000,-1,0,0,0,0,0,0,0,0
1,1,23,15,20483,0,0,0,44349732000,44349742000,-1,0,0,0,0,0,0,0,0
1,1,23,15,1088704512,3066196212,0,0,44349744000,44349749000,-1,3066200064,3065053184,0,16777440,41943520,0,1,0
1,1,23,15,2147766273,0,0,0,44349751000,44349840000,-1,0,0,0,0,0,0,0,0
1,1,23,15,2147766276,3000,0,0,44349841000,44351708000,-1,0,0,0,0,0,0,0,0
1,1,23,15,2147766277,3064434148,0,0,44351713000,44351717000,6,0,0,0,0,0,0,0,0
1,1,23,15,20483,0,0,0,44351718000,44351721000,-1,0,0,0,0,0,0,0,0
2,1,23,15,0,0,0,0,44351723000,44351837000,-1,0,0,0,0,0,0,0,0
1,2,23,7,1076651027,2829356,0,0,44351845000,44352026000,-1,0,0,0,41943520,0,0,1280,3065053184
1,2,23,7,25602,0,0,0,44352029000,44352032000,-1,0,0,0,0,0,0,0,0
1,2,23,7,25607,0,0,0,44352033000,44365731000,-1,0,0,0,0,0,0,0,0
0,1,23,15,2,0,15,0,44365795000,44365944000,-1,0,0,0,0,0,0,0,0
1,1,23,15,20483,0,0,0,44365948000,44365956000,-1,0,0,0,0,0,0,0,0
1,1,23,15,1088704512,3066196212,0,0,44365958000,44365963000,-1,3066200064,3064438784,0,16777440,41943520,0,1,0
1,1,23,15,2147766273,0,0,0,44365965000,44366056000,-1,0,0,0,0,0,0,0,0
1,1,23,15,2147766276,3000,0,0,44366058000,44367928000,-1,0,0,0,0,0,0,0,0
1,1,23,15,2147766277,3064434148,0,0,44367931000,44367934000,6,0,0,0,0,0,0,0,0
1,1,23,15,20483,0,0,0,44367935000,44367938000,-1,0,0,0,0,0,0,0,0
2,1,23,15,0,0,0,0,44367940000,44368025000,-1,0,0,0,0,0,0,0,0
1,2,23,7,1076651027,2829312,0,0,44368032000,44368211000,-1,0,0,0,41943520,0,0,1280,3064438784
1,2,23,7,25602,0,0,0,44368212000,44368215000,-1,0,0,0,0,0,0,0,0
1,2,23,7,25607,0,0,0,44368216000,44382359000,-1,0,0,0,0,0,0,0,0
0,1,23,15,2,0,15,0,44383530000,44383690000,-1,0,0,0,0,0,0,0,0
1,1,23,15,20483,0,0,0,44383695000,44383706000,-1,0,0,0,0,0,0,0,0
1,1,23,15,1088704512,3066196212,0,0,44383708000,44383714000,-1,3066200064,3065053184,0,16777440,41943520,0,1,0
1,1,23,15,2147766273,0,0,0,44383716000,44383815000,-1,0,0,0,0,0,0,0,0
1,1,23,15,2147766276,3000,0,0,44383817000,44385697000,-1,0,0,0,0,0,0,0,0
1,1,23,15,2147766277,3064434148,0,0,44385701000,44385703000,6,0,0,0,0,0,0,0,0
1,1,23,15,20483,0,0,0,44385704000,44385708000,-1,0,0,0,0,0,0,0,0
2,1,23,15,0,0,0,0,44385710000,44385804000,-1,0,0,0,0,0,0,0,0
1,2,23,7,1076651027,2829356,0,0,44385812000,44385993000,-1,0,0,0,41943520,0,0,1280,3065053184
1,2,23,7,25602,0,0,0,44385994000,44385998000,-1,0,0,0,0,0,0,0,0
1,2,23,7,25607,0,0,0,44386000000,44399024000,-1,0,0,0,0,0,0,0,0
0,1,23,15,2,0,15,0,44399638000,44399787000,-1,0,0,0,0,0,0,0,0
1,1,23,15,20483,0,0,0,44399794000,44399804000,-1,0,0,0,0,0,0,0,0
1,1,23,15,1088704512,3066196212,0,0,44399806000,44399813000,-1,3066200064,3064438784,0,16777440,41943520,0,1,0
1,1,23,15,2147766273,0,0,0,44399815000,44399908000,-1,0,0,0,0,0,0,0,0
1,1,23,15,2147766276,3000,0,0,44399910000,44401783000,-1,0,0,0,0,0,0,0,0
1,1,23,15,2147766277,3064434148,0,0,44401787000,44401791000,6,0,0,0,0,0,0,0,0
1,1,23,15,20483,0,0,0,44401793000,44401797000,-1,0,0,0,0,0,0,0,0
2,1,23,15,0,0,0,0,44401798000,44401896000,-1,0,0,0,0,0,0,0,0
1,2,23,7,1076651027,2829312,0,0,44401904000,44402083000,-1,0,0,0,41943520,0,0,1280,3064438784
1,2,23,7,25602,0,0,0,44402085000,44402089000,-1,0,0,0,0,0,0,0,0
1,2,23,7,25607,0,0,0,44402090000,44415672000,-1,0,0,0,0,0,0,0,0
0,1,23,15,2,0,15,0,44417055000,44417222000,-1,0,0,0,0,0,0,0,0
1,1,23,15,20483,0,0,0,44417228000,44417239000,-1,0,0,0,0,0,0,0,0
1,1,23,15,1088704512,3066196212,0,0,44417241000,44417247000,-1,3066200064,3065053184,0,16777440,41943520,0,1,0
1,1,23,15,2147766273,0,0,0,44417249000,44417349000,-1,0,0,0,0,0,0,0,0
1,1,23,15,2147766276,3000,0,0,44417351000,44419228000,-1,0,0,0,0,0,0,0,0
1,1,23,15,2147766277,3064434148,0,0,44419231000,44419234000,6,0,0,0,0,0,0,0,0
1,1,23,15,20483,0,0,0,44419235000,44419237000,-1,0,0,0,0,0,0,0,0
2,1,23,15,0,0,0,0,44419239000,44419326000,-1,0,0,0,0,0,0,0,0
1,2,23,7,1076651027,2829356,0,0,44419334000,44419514000,-1,0,0,0,41943520,0,0,1280,3065053184
1,2,23,7,25602,0,0,0,44419515000,44419519000,-1,0,0,0,0,0,0,0,0
1,2,23,7,25607,0,0,0,44419520000,44432363000,-1,0,0,0,0,0,0,0,0
0,1,23,15,2,0,15,0,44432387000,44432533000,-1,0,0,0,0,0,0,0,0
1,1,23,15,20483,0,0,0,44432537000,44432545000,-1,0,0,0,0,0,0,0,0
1,1,23,15,1088704512,3066196212,0,0,44432547000,44432552000,-1,3066200064,3064438784,0,16777440,41943520,0,1,0
1,1,23,15,2147766273,0,0,0,44432622000,44432722000,-1,0,0,0,0,0,0,0,0
1,1,23,15,2147766276,3000,0,0,44432724000,44434589000,-1,0,0,0,0,0,0,0,0
1,1,23,15,2147766277,3064434148,0,0,44434592000,44434595000,6,0,0,0,0,0,0,0,0
1,1,23,15,20483,0,0,0,44434596000,44434599000,-1,0,0,0,0,0,0,0,0
2,1,23,15,0,0,0,0,44434601000,44434699000,-1,0,0,0,0,0,0,0,0
1,2,23,7,1076651027,2829312,0,0,44434707000,44434886000,-1,0,0,0,41943520,0,0,1280,3064438784
1,2,23,7,25602,0,0,0,44434888000,44434891000,-1,0,0,0,0,0,0,0,0
1,2,23,7,25607,0,0,0,44434893000,44449025000,-1,0,0,0,0,0,0,0,0
0,1,23,15,2,0,15,0,44449049000,44449197000,-1,0,0,0,0,0,0,0,0
1,1,23,15,20483,0,0,0,44449202000,44449211000,-1,0,0,0,0,0,0,0,0
1,1,23,15,1088704512,3066196212,0,0,44449213000,44449219000,-1,3066200064,3065053184,0,16777440,41943520,0,1,0
1,1,23,15,2147766273,0,0,0,44449220000,44449316000,-1,0,0,0,0,0,0,0,0
1,1,23,15,2147766276,3000,0,0,44449318000,44451184000,-1,0,0,0,0,0,0,0,0
1,1,23,15,2147766277,3064434148,0,0,44451187000,44451190000,6,0,0,0,0,0,0,0,0
1,1,23,15,20483,0,0,0,44451192000,44451194000,-1,0,0,0,0,0,0,0,0
2,1,23,15,0,0,0,0,44451197000,44451300000,-1,0,0,0,0,0,0,0,0
1,2,23,7,1076651027,2829356,0,0,44451309000,44451489000,-1,0,0,0,41943520,0,0,1280,3065053184
1,2,23,7,25602,0,0,0,44451491000,44451495000,-1,0,0,0,0,0,0,0,0
1,2,23,7,25607,0,0,0,44451497000,44465674000,-1,0,0,0,0,0,0,0,0
0,1,23,15,2,0,15,0,44465697000,44465838000,-1,0,0,0,0,0,0,0,0
1,1,23,15,20483,0,0,0,44465842000,44465849000,-1,0,0,0,0,0,0,0,0
1,1,23,15,1088704512,3066196212,0,0,44465851000,44465857000,-1,3066200064,3064438784,0,16777440,41943520,0,1,0
1,1,23,15,2147766273,0,0,0,44465858000,44465946000,-1,0,0,0,0,0,0,0,0
1,1,23,15,2147766276,3000,0,0,44465948000,44467815000,-1,0,0,0,0,0,0,0,0
1,1,23,15,2147766277,3064434148,0,0,44467818000,44467822000,6,0,0,0,0,0,0,0,0
1,1,23,15,20483,0,0,0,44467823000,44467826000,-1,0,0,0,0,0,0,0,0
2,1,23,15,0,0,0,0,44467828000,44467932000,-1,0,0,0,0,0,0,0,0
1,2,23,7,1076651027,2829312,0,0,44467939000,44468121000,-1,0,0,0,41943520,0,0,1280,3064438784
1,2,23,7,25602,0,0,0,44468122000,44468125000,-1,0,0,0,0,0,0,0,0
1,2,23,7,25607,0,0,0,44468126000,44482340000,-1,0,0,0,0,0,0,0,0
0,1,23,15,2,0,15,0,44482364000,44482515000,-1,0,0,0,0,0,0,0,0
1,1,23,15,20483,0,0,0,44482519000,44482528000,-1,0,0,0,0,0,0,0,0
1,1,23,15,1088704512,3066196212,0,0,44482530000,44482536000,-1,3066200064,3065053184,0,16777440,41943520,0,1,0
1,1,23,15,2147766273,0,0,0,44482537000,44482633000,-1,0,0,0,0,0,0,0,0
1,1,23,15,2147766276,3000,0,0,44482635000,44484507000,-1,0,0,0,0,0,0,0,0
1,1,23,15,2147766277,3064434148,0,0,44484510000,44484512000,6,0,0,0,0,0,0,0,0
1,1,23,15,20483,0,0,0,44484513000,44484517000,-1,0,0,0,0,0,0,0,0
2,1,23,15,0,0,0,0,44484519000,44484604000,-1,0,0,0,0,0,0,0,0
1,2,23,7,1076651027,2829356,0,0,44484612000,44484824000,-1,0,0,0,41943520,0,0,1280,3065053184
1,2,23,7,25602,0,0,0,44484826000,44484829000,-1,0,0,0,0,0,0,0,0
1,2,23,7,25607,0,0,0,44484830000,44498990000,-1,0,0,0,0,0,0,0,0
0,1,23,15,2,0,15,0,44499011000,44499161000,-1,0,0,0,0,0,0,0,0
1,1,23,15,20483,0,0,0,44499166000,44499173000,-1,0,0,0,0,0,0,0,0
1,1,23,15,1088704512,3066196212,0,0,44499175000,44499181000,-1,3066200064,3064438784,0,16777440,41943520,0,1,0
1,1,23,15,2147766273,0,0,0,44499183000,44499273000,-1,0,0,0,0,0,0,0,0
1,1,23,15,2147766276,3000,0,0,44499275000,44501140000,-1,0,0,0,0,0,0,0,0
1,1,23,15,2147766277,3064434148,0,0,44501182000,44501187000,6,0,0,0,0,0,0,0,0
1,1,23,15,20483,0,0,0,44501188000,44501192000,-1,0,0,0,0,0,0,0,0
2,1,23,15,0,0,0,0,44501195000,44501301000,-1,0,0,0,0,0,0,0,0
1,2,23,7,1076651027,2829312,0,0,44501310000,44501491000,-1,0,0,0,41943520,0,0,1280,3064438784
1,2,23,7,25602,0,0,0,44501493000,44501496000,-1,0,0,0,0,0,0,0,0
1,2,23,7,25607,0,0,0,44501497000,44515655000,-1,0,0,0,0,0,0,0,0
0,1,23,15,2,0,15,0,44515679000,44515831000,-1,0,0,0,0,0,0,0,0
1,1,23,15,20483,0,0,0,44515835000,44515844000,-1,0,0,0,0,0,0,0,0
1,1,23,15,1088704512,3066196212,0,0,44515846000,44515852000,-1,3066200064,3065053184,0,16777440,41943520,0,1,0
1,1,23,15,2147766273,0,0,0,44515854000,44515944000,-1,0,0,0,0,0,0,0,0
1,1,23,15,2147766276,3000,0,0,44515946000,44517824000,-1,0,0,0,0,0,0,0,0
1,1,23,15,2147766277,3064434148,0,0,44517829000,44517833000,6,0,0,0,0,0,0,0,0
1,1,23,15,20483,0,0,0,44517834000,44517838000,-1,0,0,0,0,0,0,0,0
2,1,23,15,0,0,0,0,44517840000,44517932000,-1,0,0,0,0,0,0,0,0
1,2,23,7,1076651027,2829356,0,0,44517939000,44518119000,-1,0,0,0,41943520,0,0,1280,3065053184
1,2,23,7,25602,0,0,0,44518120000,44518123000,-1,0,0,0,0,0,0,0,0
1,2,23,7,25607,0,0,0,44518124000,44532278000,-1,0,0,0,0,0,0,0,0
0,1,23,15,2,0,15,0,44533129000,44533280000,-1,0,0,0,0,0,0,0,0
1,1,23,15,20483,0,0,0,44533285000,44533294000,-1,0,0,0,0,0,0,0,0
1,1,23,15,1088704512,3066196212,0,0,44533296000,44533303000,-1,3066200064,3064438784,0,16777440,41943520,0,1,0
1,1,23,15,2147766273,0,0,0,44533305000,44533396000,-1,0,0,0,0,0,0,0,0
1,1,23,15,2147766276,3000,0,0,44533398000,44535275000,-1,0,0,0,0,0,0,0,0
1,1,23,15,2147766277,3064434148,0,0,44535278000,44535281000,6,0,0,0,0,0,0,0,0
1,1,23,15,20483,0,0,0,44535282000,44535285000,-1,0,0,0,0,0,0,0,0
2,1,23,15,0,0,0,0,44535287000,44535378000,-1,0,0,0,0,0,0,0,0
1,2,23,7,1076651027,2829312,0,0,44535386000,44535565000,-1,0,0,0,41943520,0,0,1280,3064438784
1,2,23,7,25602,0,0,0,44535567000,44535570000,-1,0,0,0,0,0,0,0,0
1,2,23,7,25607,0,0,0,44535571000,44548932000,-1,0,0,0,0,0,0,0,0
0,1,23,15,2,0,15,0,44552176000,44552342000,-1,0,0,0,0,0,0,0,0
1,1,23,15,20483,0,0,0,44552348000,44552360000,-1,0,0,0,0,0,0,0,0
1,1,23,15,1088704512,3066196212,0,0,44552361000,44552367000,-1,3066200064,3065053184,0,16777440,41943520,0,1,0
1,1,23,15,2147766273,0,0,0,44552369000,44552466000,-1,0,0,0,0,0,0,0,0
1,1,23,15,2147766276,3000,0,0,44552468000,44554344000,-1,0,0,0,0,0,0,0,0
1,1,23,15,2147766277,3064434148,0,0,44554348000,44554351000,6,0,0,0,0,0,0,0,0
1,1,23,15,20483,0,0,0,44554352000,44554355000,-1,0,0,0,0,0,0,0,0
2,1,23,15,0,0,0,0,44554357000,44554476000,-1,0,0,0,0,0,0,0,0
1,2,23,7,1076651027,2829356,0,0,44554485000,44554666000,-1,0,0,0,41943520,0,0,1280,3065053184
1,2,23,7,25602,0,0,0,44554667000,44554671000,-1,0,0,0,0,0,0,0,0
1,2,23,7,25607,0,0,0,44554672000,44565590000,-1,0,0,0,0,0,0,0,0
0,1,23,15,2,0,15,0,44573741000,44573904000,-1,0,0,0,0,0,0,0,0
1,1,23,15,20483,0,0,0,44573911000,44573921000,-1,0,0,0,0,0,0,0,0
1,1,23,15,1088704512,3066196212,0,0,44573923000,44573929000,-1,3066200064,3064438784,0,16777440,41943520,0,1,0
1,1,23,15,2147766273,0,0,0,44573931000,44574027000,-1,0,0,0,0,0,0,0,0
1,1,23,15,2147766276,3000,0,0,44574029000,44575903000,-1,0,0,0,0,0,0,0,0
1,1,23,15,2147766277,3064434148,0,0,44575906000,44575909000,6,0,0,0,0,0,0,0,0
1,1,23,15,20483,0,0,0,44575910000,44575913000,-1,0,0,0,0,0,0,0,0
2,1,23,15,0,0,0,0,44575915000,44576004000,-1,0,0,0,0,0,0,0,0
1,2,23,7,1076651027,2829312,0,0,44576050000,44576231000,-1,0,0,0,41943520,0,0,1280,3064438784
1,2,23,7,25602,0,0,0,44576232000,44576236000,-1,0,0,0,0,0,0,0,0
1,2,23,7,25607,0,0,0,44576237000,44582244000,-1,0,0,0,0,0,0,0,0
0,1,23,15,2,0,15,0,44587838000,44588005000,-1,0,0,0,0,0,0,0,0
1,1,23,15,20483,0,0,0,44588011000,44588021000,-1,0,0,0,0,0,0,0,0
1,1,23,15,1088704512,3066196212,0,0,44588023000,44588030000,-1,3066200064,3065053184,0,16777440,41943520,0,1,0
1,1,23,15,2147766273,0,0,0,44588032000,44588131000,-1,0,0,0,0,0,0,0,0
1,1,23,15,2147766276,3000,0,0,44588133000,44590068000,-1,0,0,0,0,0,0,0,0
1,1,23,15,2147766277,3064434148,0,0,44590071000,44590075000,6,0,0,0,0,0,0,0,0
1,1,23,15,20483,0,0,0,44590076000,44590079000,-1,0,0,0,0,0,0,0,0
2,1,23,15,0,0,0,0,44590081000,44590179000,-1,0,0,0,0,0,0,0,0
1,2,23,7,1076651027,2829356,0,0,44590188000,44590406000,-1,0,0,0,41943520,0,0,1280,3065053184
1,2,23,7,25602,0,0,0,44590408000,44590411000,-1,0,0,0,0,0,0,0,0
1,2,23,7,25607,0,0,0,44590412000,44598902000,-1,0,0,0,0,0,0,0,0
0,1,23,15,2,0,15,0,44602181000,44602350000,-1,0,0,0,0,0,0,0,0
1,1,23,15,20483,0,0,0,44602355000,44602364000,-1,0,0,0,0,0,0,0,0
1,1,23,15,1088704512,3066196212,0,0,44602367000,44602373000,-1,3066200064,3064438784,0,16777440,41943520,0,1,0
1,1,23,15,2147766273,0,0,0,44602374000,44602476000,-1,0,0,0,0,0,0,0,0
1,1,23,15,2147766276,3000,0,0,44602478000,44604352000,-1,0,0,0,0,0,0,0,0
1,1,23,15,2147766277,3064434148,0,0,44604355000,44604358000,6,0,0,0,0,0,0,0,0
1,1,23,15,20483,0,0,0,44604359000,44604363000,-1,0,0,0,0,0,0,0,0
2,1,23,15,0,0,0,0,44604364000,44604459000,-1,0,0,0,0,0,0,0,0
1,2,23,7,1076651027,2829312,0,0,44604468000,44604648000,-1,0,0,0,41943520,0,0,1280,3064438784
1,2,23,7,25602,0,0,0,44604650000,44604653000,-1,0,0,0,0,0,0,0,0
1,2,23,7,25607,0,0,0,44604654000,44615558000,-1,0,0,0,0,0,0,0,0
0,1,23,15,2,0,15,0,44623511000,44623673000,-1,0,0,0,0,0,0,0,0
1,1,23,15,20483,0,0,0,44623678000,44623689000,-1,0,0,0,0,0,0,0,0
1,1,23,15,1088704512,3066196212,0,0,44623691000,44623697000,-1,3066200064,3065053184,0,16777440,41943520,0,1,0
1,1,23,15,2147766273,0,0,0,44623698000,44623790000,-1,0,0,0,0,0,0,0,0
1,1,23,15,2147766276,3000,0,0,44623792000,44625657000,-1,0,0,0,0,0,0,0,0
1,1,23,15,2147766277,3064434148,0,0,44625659000,44625663000,6,0,0,0,0,0,0,0,0
1,1,23,15,20483,0,0,0,44625664000,44625667000,-1,0,0,0,0,0,0,0,0
2,1,23,15,0,0,0,0,44625669000,44625762000,-1,0,0,0,0,0,0,0,0
1,2,23,7,1076651027,2829356,0,0,44625771000,44625951000,-1,0,0,0,41943520,0,0,1280,3065053184
1,2,23,7,25602,0,0,0,44625952000,44625955000,-1,0,0,0,0,0,0,0,0
1,2,23,7,25607,0,0,0,44625957000,44632213000,-1,0,0,0,0,0,0,0,0
0,1,23,15,2,0,15,0,44637550000,44637714000,-1,0,0,0,0,0,0,0,0
1,1,23,15,20483,0,0,0,44637720000,44637730000,-1,0,0,0,0,0,0,0,0
1,1,23,15,1088704512,3066196212,0,0,44637732000,44637738000,-1,3066200064,3064438784,0,16777440,41943520,0,1,0
1,1,23,15,2147766273,0,0,0,44637739000,44637837000,-1,0,0,0,0,0,0,0,0
1,1,23,15,2147766276,3000,0,0,44637839000,44639715000,-1,0,0,0,0,0,0,0,0
1,1,23,15,2147766277,3064434148,0,0,44639718000,44639721000,6,0,0,0,0,0,0,0,0
1,1,23,15,20483,0,0,0,44639722000,44639725000,-1,0,0,0,0,0,0,0,0
2,1,23,15,0,0,0,0,44639727000,44639810000,-1,0,0,0,0,0,0,0,0
1,2,23,7,1076651027,2829312,0,0,44639817000,44639997000,-1,0,0,0,41943520,0,0,1280,3064438784
1,2,23,7,25602,0,0,0,44639998000,44640055000,-1,0,0,0,0,0,0,0,0
1,2,23,7,25607,0,0,0,44640091000,44648872000,-1,0,0,0,0,0,0,0,0
0,1,23,15,2,0,15,0,44651778000,44651941000,-1,0,0,0,0,0,0,0,0
1,1,23,15,20483,0,0,0,44651947000,44651958000,-1,0,0,0,0,0,0,0,0
1,1,23,15,1088704512,3066196212,0,0,44651960000,44651966000,-1,3066200064,3065053184,0,16777440,41943520,0,1,0
1,1,23,15,2147766273,0,0,0,44651968000,44652065000,-1,0,0,0,0,0,0,0,0
1,1,23,15,2147766276,3000,0,0,44652067000,44653950000,-1,0,0,0,0,0,0,0,0
1,1,23,15,2147766277,3064434148,0,0,44653954000,44653958000,6,0,0,0,0,0,0,0,0
1,1,23,15,20483,0,0,0,44653959000,44653962000,-1,0,0,0,0,0,0,0,0
2,1,23,15,0,0,0,0,44653964000,44654060000,-1,0,0,0,0,0,0,0,0
1,2,23,7,1076651027,2829356,0,0,44654068000,44654286000,-1,0,0,0,41943520,0,0,1280,3065053184
1,2,23,7,25602,0,0,0,44654288000,44654292000,-1,0,0,0,0,0,0,0,0
1,2,23,7,25607,0,0,0,44654293000,44665533000,-1,0,0,0,0,0,0,0,0
0,1,23,15,2,0,15,0,44667764000,44667931000,-1,0,0,0,0,0,0,0,0
1,1,23,15,20483,0,0,0,44667936000,44667947000,-1,0,0,0,0,0,0,0,0
1,1,23,15,1088704512,3066196212,0,0,44667949000,44667955000,-1,3066200064,3064438784,0,16777440,41943520,0,1,0
1,1,23,15,2147766273,0,0,0,44667957000,44668057000,-1,0,0,0,0,0,0,0,0
1,1,23,15,2147766276,3000,0,0,44668059000,44669942000,-1,0,0,0,0,0,0,0,0
1,1,23,15,2147766277,3064434148,0,0,44669946000,44669949000,6,0,0,0,0,0,0,0,0
1,1,23,15,20483,0,0,0,44669950000,44669954000,-1,0,0,0,0,0,0,0,0
2,1,23,15,0,0,0,0,44669956000,44670094000,-1,0,0,0,0,0,0,0,0
1,2,23,7,1076651027,2829312,0,0,44670103000,44670285000,-1,0,0,0,41943520,0,0,1280,3064438784
1,2,23,7,25602,0,0,0,44670286000,44670289000,-1,0,0,0,0,0,0,0,0
1,2,23,7,25607,0,0,0,44670291000,44682184000,-1,0,0,0,0,0,0,0,0
0,1,23,15,2,0,15,0,44701074000,44701230000,-1,0,0,0,0,0,0,0,0
1,1,23,15,20483,0,0,0,44701235000,44701245000,-1,0,0,0,0,0,0,0,0
1,1,23,15,1088704512,3066196212,0,0,44701247000,44701255000,-1,3066200064,3065053184,0,16777440,41943520,0,1,0
1,1,23,15,2147766273,0,0,0,44701256000,44701349000,-1,0,0,0,0,0,0,0,0
1,1,23,15,2147766276,3000,0,0,44701351000,44703222000,-1,0,0,0,0,0,0,0,0
1,1,23,15,2147766277,3064434148,0,0,44703224000,44703228000,6,0,0,0,0,0,0,0,0
1,1,23,15,20483,0,0,0,44703229000,44703232000,-1,0,0,0,0,0,0,0,0
2,1,23,15,0,0,0,0,44703234000,44703322000,-1,0,0,0,0,0,0,0,0
1,2,23,7,1076651027,2829356,0,0,44703330000,44703509000,-1,0,0,0,41943520,0,0,1280,3065053184
1,2,23,7,25602,0,0,0,44703510000,44703514000,-1,0,0,0,0,0,0,0,0
1,2,23,7,25607,0,0,0,44703515000,44715533000,-1,0,0,0,0,0,0,0,0
0,1,23,15,2,0,15,0,44715554000,44715700000,-1,0,0,0,0,0,0,0,0
1,1,23,15,20483,0,0,0,44715703000,44715711000,-1,0,0,0,0,0,0,0,0
1,1,23,15,1088704512,3066196212,0,0,44715713000,44715718000,-1,3066200064,3064438784,0,16777440,41943520,0,1,0
1,1,23,15,2147766273,0,0,0,44715720000,44715809000,-1,0,0,0,0,0,0,0,0
1,1,23,15,2147766276,3000,0,0,44715811000,44717678000,-1,0,0,0,0,0,0,0,0
1,1,23,15,2147766277,3064434148,0,0,44717680000,44717683000,6,0,0,0,0,0,0,0,0
1,1,23,15,20483,0,0,0,44717684000,44717687000,-1,0,0,0,0,0,0,0,0
2,1,23,15,0,0,0,0,44717689000,44717771000,-1,0,0,0,0,0,0,0,0
1,2,23,7,1076651027,2829312,0,0,44717780000,44717982000,-1,0,0,0,41943520,0,0,1280,3064438784
1,2,23,7,25602,0,0,0,44717983000,44717987000,-1,0,0,0,0,0,0,0,0
1,2,23,7,25607,0,0,0,44717988000,44732182000,-1,0,0,0,0,0,0,0,0
0,1,23,15,2,0,15,0,44732201000,44732349000,-1,0,0,0,0,0,0,0,0
1,1,23,15,20483,0,0,0,44732353000,44732361000,-1,0,0,0,0,0,0,0,0
1,1,23,15,1088704512,3066196212,0,0,44732400000,44732406000,-1,3066200064,3065053184,0,16777440,41943520,0,1,0
1,1,23,15,2147766273,0,0,0,44732408000,44732504000,-1,0,0,0,0,0,0,0,0
1,1,23,15,2147766276,3000,0,0,44732506000,44734376000,-1,0,0,0,0,0,0,0,0
1,1,23,15,2147766277,3064434148,0,0,44734379000,44734382000,6,0,0,0,0,0,0,0,0
1,1,23,15,20483,0,0,0,44734383000,44734386000,-1,0,0,0,0,0,0,0,0
2,1,23,15,0,0,0,0,44734387000,44734472000,-1,0,0,0,0,0,0,0,0
1,2,23,7,1076651027,2829356,0,0,44734479000,44734657000,-1,0,0,0,41943520,0,0,1280,3065053184
1,2,23,7,25602,0,0,0,44734659000,44734662000,-1,0,0,0,0,0,0,0,0
1,2,23,7,25607,0,0,0,44734663000,44748833000,-1,0,0,0,0,0,0,0,0
0,1,23,15,2,0,15,0,44748853000,44748998000,-1,0,0,0,0,0,0,0,0
1,1,23,15,20483,0,0,0,44749001000,44749009000,-1,0,0,0,0,0,0,0,0
1,1,23,15,1088704512,3066196212,0,0,44749011000,44749018000,-1,3066200064,3064438784,0,16777440,41943520,0,1,0
1,1,23,15,2147766273,0,0,0,44749020000,44749103000,-1,0,0,0,0,0,0,0,0
1,1,23,15,2147766276,3000,0,0,44749105000,44750974000,-1,0,0,0,0,0,0,0,0
1,1,23,15,2147766277,3064434148,0,0,44750977000,44750980000,6,0,0,0,0,0,0,0,0
1,1,23,15,20483,0,0,0,44750981000,44750984000,-1,0,0,0,0,0,0,0,0
2,1,23,15,0,0,0,0,44750986000,44751093000,-1,0,0,0,0,0,0,0,0
1,2,23,7,1076651027,2829312,0,0,44751101000,44751281000,-1,0,0,0,41943520,0,0,1280,3064438784
1,2,23,7,25602,0,0,0,44751282000,44751285000,-1,0,0,0,0,0,0,0,0
1,2,23,7,25607,0,0,0,44751286000,44765479000,-1,0,0,0,0,0,0,0,0
0,1,23,15,2,0,15,0,44765499000,44765642000,-1,0,0,0,0,0,0,0,0
1,1,23,15,20483,0,0,0,44765646000,44765654000,-1,0,0,0,0,0,0,0,0
1,1,23,15,1088704512,3066196212,0,0,44765656000,44765662000,-1,3066200064,3065053184,0,16777440,41943520,0,1,0
1,1,23,15,2147766273,0,0,0,44765663000,44765749000,-1,0,0,0,0,0,0,0,0
1,1,23,15,2147766276,3000,0,0,44765751000,44767614000,-1,0,0,0,0,0,0,0,0
1,1,23,15,2147766277,3064434148,0,0,44767617000,44767620000,6,0,0,0,0,0,0,0,0
1,1,23,15,20483,0,0,0,44767621000,44767624000,-1,0,0,0,0,0,0,0,0
2,1,23,15,0,0,0,0,44767626000,44767710000,-1,0,0,0,0,0,0,0,0
1,2,23,7,1076651027,2829356,0,0,44767718000,44767897000,-1,0,0,0,41943520,0,0,1280,3065053184
1,2,23,7,25602,0,0,0,44767898000,44767901000,-1,0,0,0,0,0,0,0,0
1,2,23,7,25607,0,0,0,44767902000,44782137000,-1,0,0,0,0,0,0,0,0
0,1,23,15,2,0,15,0,44782155000,44782300000,-1,0,0,0,0,0,0,0,0
1,1,23,15,20483,0,0,0,44782305000,44782313000,-1,0,0,0,0,0,0,0,0
1,1,23,15,1088704512,3066196212,0,0,44782314000,44782320000,-1,3066200064,3064438784,0,16777440,41943520,0,1,0
1,1,23,15,2147766273,0,0,0,44782321000,44782411000,-1,0,0,0,0,0,0,0,0
1,1,23,15,2147766276,3000,0,0,44782413000,44784281000,-1,0,0,0,0,0,0,0,0
1,1,23,15,2147766277,3064434148,0,0,44784283000,44784286000,6,0,0,0,0,0,0,0,0
1,1,23,15,20483,0,0,0,44784287000,44784289000,-1,0,0,0,0,0,0,0,0
2,1,23,15,0,0,0,0,44784291000,44784374000,-1,0,0,0,0,0,0,0,0
1,2,23,7,1076651027,2829312,0,0,44784381000,44784560000,-1,0,0,0,41943520,0,0,1280,3064438784
1,2,23,7,25602,0,0,0,44784561000,44784564000,-1,0,0,0,0,0,0,0,0
1,2,23,7,25607,0,0,0,44784565000,44798795000,-1,0,0,0,0,0,0,0,0
0,1,23,15,2,0,15,0,44798810000,44798951000,-1,0,0,0,0,0,0,0,0
1,1,23,15,20483,0,0,0,44798954000,44798962000,-1,0,0,0,0,0,0,0,0
1,1,23,15,1088704512,3066196212,0,0,44798963000,44798969000,-1,3066200064,3065053184,0,16777440,41943520,0,1,0
1,1,23,15,2147766273,0,0,0,44798970000,44799059000,-1,0,0,0,0,0,0,0,0
1,1,23,15,2147766276,3000,0,0,44799104000,44800918000,-1,0,0,0,0,0,0,0,0
1,1,23,15,2147766277,3064434148,0,0,44800922000,44800927000,6,0,0,0,0,0,0,0,0
1,1,23,15,20483,0,0,0,44800928000,44800931000,-1,0,0,0,0,0,0,0,0
2,1,23,15,0,0,0,0,44800933000,44801034000,-1,0,0,0,0,0,0,0,0
1,2,23,7,1076651027,2829356,0,0,44801043000,44801223000,-1,0,0,0,41943520,0,0,1280,3065053184
1,2,23,7,25602,0,0,0,44801225000,44801228000,-1,0,0,0,0,0,0,0,0
1,2,23,7,25607,0,0,0,44801229000,44815454000,-1,0,0,0,0,0,0,0,0
0,1,23,15,2,0,15,0,44815471000,44815615000,-1,0,0,0,0,0,0,0,0
1,1,23,15,20483,0,0,0,44815619000,44815626000,-1,0,0,0,0,0,0,0,0
1,1,23,15,1088704512,3066196212,0,0,44815627000,44815633000,-1,3066200064,3064438784,0,16777440,41943520,0,1,0
1,1,23,15,2147766273,0,0,0,44815634000,44815722000,-1,0,0,0,0,0,0,0,0
1,1,23,15,2147766276,3000,0,0,44815724000,44817585000,-1,0,0,0,0,0,0,0,0
1,1,23,15,2147766277,3064434148,0,0,44817587000,44817590000,6,0,0,0,0,0,0,0,0
1,1,23,15,20483,0,0,0,44817592000,44817594000,-1,0,0,0,0,0,0,0,0
2,1,23,15,0,0,0,0,44817596000,44817683000,-1,0,0,0,0,0,0,0,0
1,2,23,7,1076651027,2829312,0,0,44817690000,44817870000,-1,0,0,0,41943520,0,0,1280,3064438784
1,2,23,7,25602,0,0,0,44817871000,44817874000,-1,0,0,0,0,0,0,0,0
1,2,23,7,25607,0,0,0,44817875000,44832104000,-1,0,0,0,0,0,0,0,0
0,1,23,15,2,0,15,0,44832122000,44832267000,-1,0,0,0,0,0,0,0,0
1,1,23,15,20483,0,0,0,44832270000,44832278000,-1,0,0,0,0,0,0,0,0
1,1,23,15,1088704512,3066196212,0,0,44832280000,44832285000,-1,3066200064,3065053184,0,16777440,41943520,0,1,0
1,1,23,15,2147766273,0,0,0,44832287000,44832373000,-1,0,0,0,0,0,0,0,0
1,1,23,15,2147766276,3000,0,0,44832375000,44834236000,-1,0,0,0,0,0,0,0,0
1,1,23,15,2147766277,3064434148,0,0,44834239000,44834242000,6,0,0,0,0,0,0,0,0
1,1,23,15,20483,0,0,0,44834244000,44834247000,-1,0,0,0,0,0,0,0,0
2,1,23,15,0,0,0,0,44834249000,44834334000,-1,0,0,0,0,0,0,0,0
1,2,23,7,1076651027,2829356,0,0,44834343000,44834523000,-1,0,0,0,41943520,0,0,1280,3065053184
1,2,23,7,25602,0,0,0,44834524000,44834527000,-1,0,0,0,0,0,0,0,0
1,2,23,7,25607,0,0,0,44834528000,44848778000,-1,0,0,0,0,0,0,0,0
0,1,23,15,2,0,15,0,44848796000,44848941000,-1,0,0,0,0,0,0,0,0
1,1,23,15,20483,0,0,0,44848945000,44848953000,-1,0,0,0,0,0,0,0,0
1,1,23,15,1088704512,3066196212,0,0,44848955000,44848961000,-1,3066200064,3064438784,0,16777440,41943520,0,1,0
1,1,23,15,2147766273,0,0,0,44848963000,44849052000,-1,0,0,0,0,0,0,0,0
1,1,23,15,2147766276,3000,0,0,44849053000,44850920000,-1,0,0,0,0,0,0,0,0
1,1,23,15,2147766277,3064434148,0,0,44850923000,44850927000,6,0,0,0,0,0,0,0,0
1,1,23,15,20483,0,0,0,44850928000,44850931000,-1,0,0,0,0,0,0,0,0
2,1,23,15,0,0,0,0,44850932000,44851020000,-1,0,0,0,0,0,0,0,0
1,2,23,7,1076651027,2829312,0,0,44851027000,44851207000,-1,0,0,0,41943520,0,0,1280,3064438784
1,2,23,7,25602,0,0,0,44851208000,44851210000,-1,0,0,0,0,0,0,0,0
1,2,23,7,25607,0,0,0,44851212000,44865423000,-1,0,0,0,0,0,0,0,0
0,1,23,15,2,0,15,0,44865442000,44865588000,-1,0,0,0,0,0,0,0,0
1,1,23,15,20483,0,0,0,44865592000,44865600000,-1,0,0,0,0,0,0,0,0
1,1,23,15,1088704512,3066196212,0,0,44865602000,44865608000,-1,3066200064,3065053184,0,16777440,41943520,0,1,0
1,1,23,15,2147766273,0,0,0,44865609000,44865698000,-1,0,0,0,0,0,0,0,0
1,1,23,15,2147766276,3000,0,0,44865700000,44867565000,-1,0,0,0,0,0,0,0,0
1,1,23,15,2147766277,3064434148,0,0,44867568000,44867571000,6,0,0,0,0,0,0,0,0
1,1,23,15,20483,0,0,0,44867572000,44867574000,-1,0,0,0,0,0,0,0,0
2,1,23,15,0,0,0,0,44867611000,44867699000,-1,0,0,0,0,0,0,0,0
1,2,23,7,1076651027,2829356,0,0,44867707000,44867887000,-1,0,0,0,41943520,0,0,1280,3065053184
1,2,23,7,25602,0,0,0,44867889000,44867892000,-1,0,0,0,0,0,0,0,0
1,2,23,7,25607,0,0,0,44867893000,44882080000,-1,0,0,0,0,0,0,0,0
0,1,23,15,2,0,15,0,44882099000,44882244000,-1,0,0,0,0,0,0,0,0
1,1,23,15,20483,0,0,0,44882248000,44882255000,-1,0,0,0,0,0,0,0,0
1,1,23,15,1088704512,3066196212,0,0,44882257000,44882262000,-1,3066200064,3064438784,0,16777440,41943520,0,1,0
1,1,23,15,2147766273,0,0,0,44882264000,44882350000,-1,0,0,0,0,0,0,0,0
1,1,23,15,2147766276,3000,0,0,44882351000,44884216000,-1,0,0,0,0,0,0,0,0
1,1,23,15,2147766277,3064434148,0,0,44884218000,44884221000,6,0,0,0,0,0,0,0,0
1,1,23,15,20483,0,0,0,44884222000,44884225000,-1,0,0,0,0,0,0,0,0
2,1,23,15,0,0,0,0,44884227000,44884307000,-1,0,0,0,0,0,0,0,0
1,2,23,7,1076651027,2829312,0,0,44884314000,44884494000,-1,0,0,0,41943520,0,0,1280,3064438784
1,2,23,7,25602,0,0,0,44884495000,44884499000,-1,0,0,0,0,0,0,0,0
1,2,23,7,25607,0,0,0,44884500000,44898733000,-1,0,0,0,0,0,0,0,0
0,1,23,15,2,0,15,0,44898751000,44898901000,-1,0,0,0,0,0,0,0,0
1,1,23,15,20483,0,0,0,44898904000,44898911000,-1,0,0,0,0,0,0,0,0
1,1,23,15,1088704512,3066196212,0,0,44898913000,44898919000,-1,3066200064,3065053184,0,16777440,41943520,0,1,0
1,1,23,15,2147766273,0,0,0,44898921000,44899010000,-1,0,0,0,0,0,0,0,0
1,1,23,15,2147766276,3000,0,0,44899012000,44900877000,-1,0,0,0,0,0,0,0,0
1,1,23,15,2147766277,3064434148,0,0,44900880000,44900883000,6,0,0,0,0,0,0,0,0
1,1,23,15,20483,0,0,0,44900884000,44900887000,-1,0,0,0,0,0,0,0,0
2,1,23,15,0,0,0,0,44900889000,44900975000,-1,0,0,0,0,0,0,0,0
1,2,23,7,1076651027,2829356,0,0,44900984000,44901163000,-1,0,0,0,41943520,0,0,1280,3065053184
1,2,23,7,25602,0,0,0,44901165000,44901168000,-1,0,0,0,0,0,0,0,0
1,2,23,7,25607,0,0,0,44901169000,44915394000,-1,0,0,0,0,0,0,0,0
0,1,23,15,2,0,15,0,44915412000,44915556000,-1,0,0,0,0,0,0,0,0
1,1,23,15,20483,0,0,0,44915561000,44915569000,-1,0,0,0,0,0,0,0,0
1,1,23,15,1088704512,3066196212,0,0,44915570000,44915576000,-1,3066200064,3064438784,0,16777440,41943520,0,1,0
1,1,23,15,2147766273,0,0,0,44915577000,44915663000,-1,0,0,0,0,0,0,0,0
1,1,23,15,2147766276,3000,0,0,44915665000,44917530000,-1,0,0,0,0,0,0,0,0
1,1,23,15,2147766277,3064434148,0,0,44917533000,44917535000,6,0,0,0,0,0,0,0,0
1,1,23,15,20483,0,0,0,44917536000,44917539000,-1,0,0,0,0,0,0,0,0
2,1,23,15,0,0,0,0,44917541000,44917623000,-1,0,0,0,0,0,0,0,0
1,2,23,7,1076651027,2829312,0,0,44917630000,44917809000,-1,0,0,0,41943520,0,0,1280,3064438784
1,2,23,7,25602,0,0,0,44917811000,44917814000,-1,0,0,0,0,0,0,0,0
1,2,23,7,25607,0,0,0,44917815000,44932053000,-1,0,0,0,0,0,0,0,0
0,1,23,15,2,0,15,0,44932072000,44932220000,-1,0,0,0,0,0,0,0,0
1,1,23,15,20483,0,0,0,44932223000,44932231000,-1,0,0,0,0,0,0,0,0
1,1,23,15,1088704512,3066196212,0,0,44932233000,44932238000,-1,3066200064,3065053184,0,16777440,41943520,0,1,0
1,1,23,15,2147766273,0,0,0,44932240000,44932325000,-1,0,0,0,0,0,0,0,0
1,1,23,15,2147766276,3000,0,0,44932327000,44934190000,-1,0,0,0,0,0,0,0,0
1,1,23,15,2147766277,3064434148,0,0,44934193000,44934196000,6,0,0,0,0,0,0,0,0
1,1,23,15,20483,0,0,0,44934197000,44934200000,-1,0,0,0,0,0,0,0,0
2,1,23,15,0,0,0,0,44934201000,44934286000,-1,0,0,0,0,0,0,0,0
1,2,23,7,1076651027,2829356,0,0,44934294000,44934473000,-1,0,0,0,41943520,0,0,1280,3065053184
1,2,23,7,25602,0,0,0,44934509000,44934514000,-1,0,0,0,0,0,0,0,0
1,2,23,7,25607,0,0,0,44934515000,44948710000,-1,0,0,0,0,0,0,0,0
0,1,23,15,2,0,15,0,44948726000,44948869000,-1,0,0,0,0,0,0,0,0
1,1,23,15,20483,0,0,0,44948873000,44948880000,-1,0,0,0,0,0,0,0,0
1,1,23,15,1088704512,3066196212,0,0,44948881000,44948887000,-1,3066200064,3064438784,0,16777440,41943520,0,1,0
1,1,23,15,2147766273,0,0,0,44948888000,44948977000,-1,0,0,0,0,0,0,0,0
1,1,23,15,2147766276,3000,0,0,44948978000,44950835000,-1,0,0,0,0,0,0,0,0
1,1,23,15,2147766277,3064434148,0,0,44950839000,44950844000,6,0,0,0,0,0,0,0,0
1,1,23,15,20483,0,0,0,44950845000,44950848000,-1,0,0,0,0,0,0,0,0
2,1,23,15,0,0,0,0,44950850000,44950945000,-1,0,0,0,0,0,0,0,0
1,2,23,7,1076651027,2829312,0,0,44950954000,44951134000,-1,0,0,0,41943520,0,0,1280,3064438784
1,2,23,7,25602,0,0,0,44951136000,44951139000,-1,0,0,0,0,0,0,0,0
1,2,23,7,25607,0,0,0,44951140000,44965380000,-1,0,0,0,0,0,0,0,0
0,1,23,15,2,0,15,0,44965399000,44965548000,-1,0,0,0,0,0,0,0,0
1,1,23,15,20483,0,0,0,44965553000,44965562000,-1,0,0,0,0,0,0,0,0
1,1,23,15,1088704512,3066196212,0,0,44965563000,44965569000,-1,3066200064,3065053184,0,16777440,41943520,0,1,0
1,1,23,15,2147766273,0,0,0,44965571000,44965662000,-1,0,0,0,0,0,0,0,0
1,1,23,15,2147766276,3000,0,0,44965663000,44967525000,-1,0,0,0,0,0,0,0,0
1,1,23,15,2147766277,3064434148,0,0,44967528000,44967531000,6,0,0,0,0,0,0,0,0
1,1,23,15,20483,0,0,0,44967532000,44967535000,-1,0,0,0,0,0,0,0,0
2,1,23,15,0,0,0,0,44967537000,44967619000,-1,0,0,0,0,0,0,0,0
1,2,23,7,1076651027,2829356,0,0,44967628000,44967807000,-1,0,0,0,41943520,0,0,1280,3065053184
1,2,23,7,25602,0,0,0,44967808000,44967811000,-1,0,0,0,0,0,0,0,0
1,2,23,7,25607,0,0,0,44967813000,44982019000,-1,0,0,0,0,0,0,0,0
0,1,23,15,2,0,15,0,44982040000,44982194000,-1,0,0,0,0,0,0,0,0
1,1,23,15,20483,0,0,0,44982199000,44982207000,-1,0,0,0,0,0,0,0,0
1,1,23,15,1088704512,3066196212,0,0,44982209000,44982215000,-1,3066200064,3064438784,0,16777440,41943520,0,1,0
1,1,23,15,2147766273,0,0,0,44982217000,44982310000,-1,0,0,0,0,0,0,0,0
1,1,23,15,2147766276,3000,0,0,44982312000,44984177000,-1,0,0,0,0,0,0,0,0
1,1,23,15,2147766277,3064434148,0,0,44984180000,44984183000,6,0,0,0,0,0,0,0,0
1,1,23,15,20483,0,0,0,44984184000,44984187000,-1,0,0,0,0,0,0,0,0
2,1,23,15,0,0,0,0,44984189000,44984270000,-1,0,0,0,0,0,0,0,0
1,2,23,7,1076651027,2829312,0,0,44984278000,44984458000,-1,0,0,0,41943520,0,0,1280,3064438784
1,2,23,7,25602,0,0,0,44984459000,44984463000,-1,0,0,0,0,0,0,0,0
1,2,23,7,25607,0,0,0,44984464000,44998677000,-1,0,0,0,0,0,0,0,0
0,1,23,15,2,0,15,0,44998693000,44998842000,-1,0,0,0,0,0,0,0,0
1,1,23,15,20483,0,0,0,44998846000,44998854000,-1,0,0,0,0,0,0,0,0
1,1,23,15,1088704512,3066196212,0,0,44998856000,44998861000,-1,3066200064,3065053184,0,16777440,41943520,0,1,0
1,1,23,15,2147766273,0,0,0,44998863000,44998954000,-1,0,0,0,0,0,0,0,0
1,1,23,15,2147766276,3000,0,0,44998956000,45000818000,-1,0,0,0,0,0,0,0,0
1,1,23,15,2147766277,3064434148,0,0,45000821000,45000825000,6,0,0,0,0,0,0,0,0
1,1,23,15,20483,0,0,0,45000826000,45000828000,-1,0,0,0,0,0,0,0,0
2,1,23,15,0,0,0,0,45000830000,45000920000,-1,0,0,0,0,0,0,0,0
1,2,23,7,1076651027,2829356,0,0,45000929000,45001107000,-1,0,0,0,41943520,0,0,1280,3065053184
1,2,23,7,25602,0,0,0,45001109000,45001112000,-1,0,0,0,0,0,0,0,0
1,2,23,7,25607,0,0,0,45001113000,45015334000,-1,0,0,0,0,0,0,0,0
0,1,23,15,2,0,15,0,45015352000,45015497000,-1,0,0,0,0,0,0,0,0
1,1,23,15,20483,0,0,0,45015537000,45015545000,-1,0,0,0,0,0,0,0,0
1,1,23,15,1088704512,3066196212,0,0,45015547000,45015553000,-1,3066200064,3064438784,0,16777440,41943520,0,1,0
1,1,23,15,2147766273,0,0,0,45015555000,45015650000,-1,0,0,0,0,0,0,0,0
1,1,23,15,2147766276,3000,0,0,45015652000,45017523000,-1,0,0,0,0,0,0,0,0
1,1,23,15,2147766277,3064434148,0,0,45017525000,45017528000,6,0,0,0,0,0,0,0,0
1,1,23,15,20483,0,0,0,45017529000,45017532000,-1,0,0,0,0,0,0,0,0
2,1,23,15,0,0,0,0,45017534000,45017617000,-1,0,0,0,0,0,0,0,0
1,2,23,7,1076651027,2829312,0,0,45017626000,45017806000,-1,0,0,0,41943520,0,0,1280,3064438784
1,2,23,7,25602,0,0,0,45017807000,45017810000,-1,0,0,0,0,0,0,0,0
1,2,23,7,25607,0,0,0,45017811000,45031993000,-1,0,0,0,0,0,0,0,0
0,1,23,15,2,0,15,0,45032012000,45032157000,-1,0,0,0,0,0,0,0,0
1,1,23,15,20483,0,0,0,45032161000,45032169000,-1,0,0,0,0,0,0,0,0
1,1,23,15,1088704512,3066196212,0,0,45032171000,45032177000,-1,3066200064,3065053184,0,16777440,41943520,0,1,0
1,1,23,15,2147766273,0,0,0,45032178000,45032265000,-1,0,0,0,0,0,0,0,0
1,1,23,15,2147766276,3000,0,0,45032267000,45034133000,-1,0,0,0,0,0,0,0,0
1,1,23,15,2147766277,3064434148,0,0,45034136000,45034139000,6,0,0,0,0,0,0,0,0
1,1,23,15,20483,0,0,0,45034140000,45034143000,-1,0,0,0,0,0,0,0,0
2,1,23,15,0,0,0,0,45034145000,45034227000,-1,0,0,0,0,0,0,0,0
1,2,23,7,1076651027,2829356,0,0,45034235000,45034414000,-1,0,0,0,41943520,0,0,1280,3065053184
1,2,23,7,25602,0,0,0,45034415000,45034418000,-1,0,0,0,0,0,0,0,0
1,2,23,7,25607,0,0,0,45034419000,45048647000,-1,0,0,0,0,0,0,0,0
0,1,23,15,2,0,15,0,45048663000,45048808000,-1,0,0,0,0,0,0,0,0
1,1,23,15,20483,0,0,0,45048813000,45048821000,-1,0,0,0,0,0,0,0,0
1,1,23,15,1088704512,3066196212,0,0,45048823000,45048827000,-1,3066200064,3064438784,0,16777440,41943520,0,1,0
1,1,23,15,2147766273,0,0,0,45048829000,45048917000,-1,0,0,0,0,0,0,0,0
1,1,23,15,2147766276,3000,0,0,45048919000,45050785000,-1,0,0,0,0,0,0,0,0
1,1,23,15,2147766277,3064434148,0,0,45050788000,45050792000,6,0,0,0,0,0,0,0,0
1,1,23,15,20483,0,0,0,45050793000,45050796000,-1,0,0,0,0,0,0,0,0
2,1,23,15,0,0,0,0,45050798000,45050888000,-1,0,0,0,0,0,0,0,0
1,2,23,7,1076651027,2829312,0,0,45050896000,45051074000,-1,0,0,0,41943520,0,0,1280,3064438784
1,2,23,7,25602,0,0,0,45051076000,45051079000,-1,0,0,0,0,0,0,0,0
1,2,23,7,25607,0,0,0,45051080000,45065311000,-1,0,0,0,0,0,0,0,0
0,1,23,15,2,0,15,0,45065328000,45065470000,-1,0,0,0,0,0,0,0,0
1,1,23,15,20483,0,0,0,45065473000,45065481000,-1,0,0,0,0,0,0,0,0
1,1,23,15,1088704512,3066196212,0,0,45065482000,45065488000,-1,3066200064,3065053184,0,16777440,41943520,0,1,0
1,1,23,15,2147766273,0,0,0,45065489000,45065576000,-1,0,0,0,0,0,0,0,0
1,1,23,15,2147766276,3000,0,0,45065578000,45067439000,-1,0,0,0,0,0,0,0,0
1,1,23,15,2147766277,3064434148,0,0,45067442000,45067445000,6,0,0,0,0,0,0,0,0
1,1,23,15,20483,0,0,0,45067446000,45067449000,-1,0,0,0,0,0,0,0,0
2,1,23,15,0,0,0,0,45067451000,45067535000,-1,0,0,0,0,0,0,0,0
1,2,23,7,1076651027,2829356,0,0,45067543000,45067721000,-1,0,0,0,41943520,0,0,1280,3065053184
1,2,23,7,25602,0,0,0,45067722000,45067725000,-1,0,0,0,0,0,0,0,0
1,2,23,7,25607,0,0,0,45067727000,45081968000,-1,0,0,0,0,0,0,0,0
0,1,23,15,2,0,15,0,45081986000,45082132000,-1,0,0,0,0,0,0,0,0
1,1,23,15,20483,0,0,0,45082137000,45082144000,-1,0,0,0,0,0,0,0,0
1,1,23,15,1088704512,3066196212,0,0,45082146000,45082152000,-1,3066200064,3064438784,0,16777440,41943520,0,1,0
1,1,23,15,2147766273,0,0,0,45082191000,45082286000,-1,0,0,0,0,0,0,0,0
1,1,23,15,2147766276,3000,0,0,45082289000,45084152000,-1,0,0,0,0,0,0,0,0
1,1,23,15,2147766277,3064434148,0,0,45084155000,45084159000,6,0,0,0,0,0,0,0,0
1,1,23,15,20483,0,0,0,45084160000,45084163000,-1,0,0,0,0,0,0,0,0
2,1,23,15,0,0,0,0,45084165000,45084254000,-1,0,0,0,0,0,0,0,0
1,2,23,7,1076651027,2829312,0,0,45084262000,45084442000,-1,0,0,0,41943520,0,0,1280,3064438784
1,2,23,7,25602,0,0,0,45084444000,45084447000,-1,0,0,0,0,0,0,0,0
1,2,23,7,25607,0,0,0,45084448000,45098633000,-1,0,0,0,0,0,0,0,0
0,1,23,15,2,0,15,0,45098654000,45098805000,-1,0,0,0,0,0,0,0,0
1,1,23,15,20483,0,0,0,45098810000,45098818000,-1,0,0,0,0,0,0,0,0
1,1,23,15,1088704512,3066196212,0,0,45098820000,45098826000,-1,3066200064,3065053184,0,16777440,41943520,0,1,0
1,1,23,15,2147766273,0,0,0,45098827000,45098920000,-1,0,0,0,0,0,0,0,0
1,1,23,15,2147766276,3000,0,0,45098922000,45100782000,-1,0,0,0,0,0,0,0,0
1,1,23,15,2147766277,3064434148,0,0,45100784000,45100788000,6,0,0,0,0,0,0,0,0
1,1,23,15,20483,0,0,0,45100789000,45100793000,-1,0,0,0,0,0,0,0,0
2,1,23,15,0,0,0,0,45100795000,45100890000,-1,0,0,0,0,0,0,0,0
1,2,23,7,1076651027,2829356,0,0,45100900000,45101080000,-1,0,0,0,41943520,0,0,1280,3065053184
1,2,23,7,25602,0,0,0,45101082000,45101085000,-1,0,0,0,0,0,0,0,0
1,2,23,7,25607,0,0,0,45101087000,45115277000,-1,0,0,0,0,0,0,0,0
0,1,23,15,2,0,15,0,45115294000,45115434000,-1,0,0,0,0,0,0,0,0
1,1,23,15,20483,0,0,0,45115437000,45115445000,-1,0,0,0,0,0,0,0,0
1,1,23,15,1088704512,3066196212,0,0,45115446000,45115452000,-1,3066200064,3064438784,0,16777440,41943520,0,1,0
1,1,23,15,2147766273,0,0,0,45115454000,45115541000,-1,0,0,0,0,0,0,0,0
1,1,23,15,2147766276,3000,0,0,45115543000,45117410000,-1,0,0,0,0,0,0,0,0
1,1,23,15,2147766277,3064434148,0,0,45117412000,45117415000,6,0,0,0,0,0,0,0,0
1,1,23,15,20483,0,0,0,45117416000,45117418000,-1,0,0,0,0,0,0,0,0
2,1,23,15,0,0,0,0,45117420000,45117503000,-1,0,0,0,0,0,0,0,0
1,2,23,7,1076651027,2829312,0,0,45117512000,45117689000,-1,0,0,0,41943520,0,0,1280,3064438784
1,2,23,7,25602,0,0,0,45117690000,45117694000,-1,0,0,0,0,0,0,0,0
1,2,23,7,25607,0,0,0,45117695000,45131932000,-1,0,0,0,0,0,0,0,0
0,1,23,15,2,0,15,0,45131949000,45132097000,-1,0,0,0,0,0,0,0,0
1,1,23,15,20483,0,0,0,45132100000,45132108000,-1,0,0,0,0,0,0,0,0
1,1,23,15,1088704512,3066196212,0,0,45132110000,45132116000,-1,3066200064,3065053184,0,16777440,41943520,0,1,0
1,1,23,15,2147766273,0,0,0,45132118000,45132208000,-1,0,0,0,0,0,0,0,0
1,1,23,15,2147766276,3000,0,0,45132210000,45134074000,-1,0,0,0,0,0,0,0,0
1,1,23,15,2147766277,3064434148,0,0,45134077000,45134080000,6,0,0,0,0,0,0,0,0
1,1,23,15,20483,0,0,0,45134081000,45134083000,-1,0,0,0,0,0,0,0,0
2,1,23,15,0,0,0,0,45134085000,45134166000,-1,0,0,0,0,0,0,0,0
1,2,23,7,1076651027,2829356,0,0,45134174000,45134352000,-1,0,0,0,41943520,0,0,1280,3065053184
1,2,23,7,25602,0,0,0,45134354000,45134356000,-1,0,0,0,0,0,0,0,0
1,2,23,7,25607,0,0,0,45134358000,45148588000,-1,0,0,0,0,0,0,0,0
0,1,23,15,2,0,15,0,45148606000,45148751000,-1,0,0,0,0,0,0,0,0
1,1,23,15,20483,0,0,0,45148755000,45148762000,-1,0,0,0,0,0,0,0,0
1,1,23,15,1088704512,3066196212,0,0,45148764000,45148770000,-1,3066200064,3064438784,0,16777440,41943520,0,1,0
1,1,23,15,2147766273,0,0,0,45148772000,45148858000,-1,0,0,0,0,0,0,0,0
1,1,23,15,2147766276,3000,0,0,45148859000,45150723000,-1,0,0,0,0,0,0,0,0
1,1,23,15,2147766277,3064434148,0,0,45150726000,45150730000,6,0,0,0,0,0,0,0,0
1,1,23,15,20483,0,0,0,45150767000,45150771000,-1,0,0,0,0,0,0,0,0
2,1,23,15,0,0,0,0,45150773000,45150866000,-1,0,0,0,0,0,0,0,0
1,2,23,7,1076651027,2829312,0,0,45150874000,45151054000,-1,0,0,0,41943520,0,0,1280,3064438784
1,2,23,7,25602,0,0,0,45151055000,45151058000,-1,0,0,0,0,0,0,0,0
1,2,23,7,25607,0,0,0,45151059000,45165248000,-1,0,0,0,0,0,0,0,0
0,1,23,15,2,0,15,0,45165266000,45165413000,-1,0,0,0,0,0,0,0,0
1,1,23,15,20483,0,0,0,45165417000,45165425000,-1,0,0,0,0,0,0,0,0
1,1,23,15,1088704512,3066196212,0,0,45165427000,45165433000,-1,3066200064,3065053184,0,16777440,41943520,0,1,0
1,1,23,15,2147766273,0,0,0,45165434000,45165522000,-1,0,0,0,0,0,0,0,0
1,1,23,15,2147766276,3000,0,0,45165524000,45167388000,-1,0,0,0,0,0,0,0,0
1,1,23,15,2147766277,3064434148,0,0,45167391000,45167393000,6,0,0,0,0,0,0,0,0
1,1,23,15,20483,0,0,0,45167394000,45167397000,-1,0,0,0,0,0,0,0,0
2,1,23,15,0,0,0,0,45167399000,45167478000,-1,0,0,0,0,0,0,0,0
1,2,23,7,1076651027,2829356,0,0,45167485000,45167664000,-1,0,0,0,41943520,0,0,1280,3065053184
1,2,23,7,25602,0,0,0,45167665000,45167668000,-1,0,0,0,0,0,0,0,0
1,2,23,7,25607,0,0,0,45167670000,45181906000,-1,0,0,0,0,0,0,0,0
0,1,23,15,2,0,15,0,45181944000,45182093000,-1,0,0,0,0,0,0,0,0
1,1,23,15,20483,0,0,0,45182097000,45182106000,-1,0,0,0,0,0,0,0,0
1,1,23,15,1088704512,3066196212,0,0,45182107000,45182112000,-1,3066200064,3064438784,0,16777440,41943520,0,1,0
1,1,23,15,2147766273,0,0,0,45182114000,45182203000,-1,0,0,0,0,0,0,0,0
1,1,23,15,2147766276,3000,0,0,45182205000,45184073000,-1,0,0,0,0,0,0,0,0
1,1,23,15,2147766277,3064434148,0,0,45184075000,45184078000,6,0,0,0,0,0,0,0,0
1,1,23,15,20483,0,0,0,45184079000,45184081000,-1,0,0,0,0,0,0,0,0
2,1,23,15,0,0,0,0,45184084000,45184164000,-1,0,0,0,0,0,0,0,0
1,2,23,7,1076651027,2829312,0,0,45184172000,45184350000,-1,0,0,0,41943520,0,0,1280,3064438784
1,2,23,7,25602,0,0,0,45184352000,45184355000,-1,0,0,0,0,0,0,0,0
1,2,23,7,25607,0,0,0,45184357000,45198554000,-1,0,0,0,0,0,0,0,0
0,1,23,15,2,0,15,0,45208088000,45208244000,-1,0,0,0,0,0,0,0,0
1,1,23,15,20483,0,0,0,45208252000,45208261000,-1,0,0,0,0,0,0,0,0
1,1,23,15,1088704512,3066196212,0,0,45208264000,45208270000,-1,3066200064,3065053184,0,16777440,41943520,0,1,0
1,1,23,15,2147766273,0,0,0,45208271000,45208365000,-1,0,0,0,0,0,0,0,0
1,1,23,15,2147766276,3000,0,0,45208367000,45210237000,-1,0,0,0,0,0,0,0,0
1,1,23,15,2147766277,3064434148,0,0,45210240000,45210243000,6,0,0,0,0,0,0,0,0
1,1,23,15,20483,0,0,0,45210245000,45210248000,-1,0,0,0,0,0,0,0,0
2,1,23,15,0,0,0,0,45210249000,45210341000,-1,0,0,0,0,0,0,0,0
1,2,23,7,1076651027,2829356,0,0,45210349000,45210529000,-1,0,0,0,41943520,0,0,1280,3065053184
1,2,23,7,25602,0,0,0,45210530000,45210534000,-1,0,0,0,0,0,0,0,0
1,2,23,7,25607,0,0,0,45210536000,45215210000,-1,0,0,0,0,0,0,0,0
0,1,23,15,2,0,15,0,45222165000,45222318000,-1,0,0,0,0,0,0,0,0
1,1,23,15,20483,0,0,0,45222324000,45222335000,-1,0,0,0,0,0,0,0,0
1,1,23,15,1088704512,3066196212,0,0,45222337000,45222343000,-1,3066200064,3064438784,0,16777440,41943520,0,1,0
1,1,23,15,2147766273,0,0,0,45222344000,45222437000,-1,0,0,0,0,0,0,0,0
1,1,23,15,2147766276,3000,0,0,45222440000,45224305000,-1,0,0,0,0,0,0,0,0
1,1,23,15,2147766277,3064434148,0,0,45224308000,45224311000,6,0,0,0,0,0,0,0,0
1,1,23,15,20483,0,0,0,45224312000,45224314000,-1,0,0,0,0,0,0,0,0
2,1,23,15,0,0,0,0,45224316000,45224415000,-1,0,0,0,0,0,0,0,0
1,2,23,7,1076651027,2829312,0,0,45224424000,45224605000,-1,0,0,0,41943520,0,0,1280,3064438784
1,2,23,7,25602,0,0,0,45224642000,45224647000,-1,0,0,0,0,0,0,0,0
1,2,23,7,25607,0,0,0,45224648000,45231870000,-1,0,0,0,0,0,0,0,0
0,1,23,15,2,0,15,0,45236456000,45236621000,-1,0,0,0,0,0,0,0,0
1,1,23,15,20483,0,0,0,45236626000,45236636000,-1,0,0,0,0,0,0,0,0
1,1,23,15,1088704512,3066196212,0,0,45236638000,45236644000,-1,3066200064,3065053184,0,16777440,41943520,0,1,0
1,1,23,15,2147766273,0,0,0,45236646000,45236746000,-1,0,0,0,0,0,0,0,0
1,1,23,15,2147766276,3000,0,0,45236749000,45238622000,-1,0,0,0,0,0,0,0,0
1,1,23,15,2147766277,3064434148,0,0,45238624000,45238627000,6,0,0,0,0,0,0,0,0
1,1,23,15,20483,0,0,0,45238628000,45238630000,-1,0,0,0,0,0,0,0,0
2,1,23,15,0,0,0,0,45238632000,45238718000,-1,0,0,0,0,0,0,0,0
1,2,23,7,1076651027,2829356,0,0,45238725000,45238905000,-1,0,0,0,41943520,0,0,1280,3065053184
1,2,23,7,25602,0,0,0,45238907000,45238911000,-1,0,0,0,0,0,0,0,0
1,2,23,7,25607,0,0,0,45238912000,45248525000,-1,0,0,0,0,0,0,0,0
0,1,23,15,2,0,15,0,45250624000,45250783000,-1,0,0,0,0,0,0,0,0
1,1,23,15,20483,0,0,0,45250788000,45250798000,-1,0,0,0,0,0,0,0,0
1,1,23,15,1088704512,3066196212,0,0,45250800000,45250806000,-1,3066200064,3064438784,0,16777440,41943520,0,1,0
1,1,23,15,2147766273,0,0,0,45250808000,45250903000,-1,0,0,0,0,0,0,0,0
1,1,23,15,2147766276,3000,0,0,45250905000,45252772000,-1,0,0,0,0,0,0,0,0
1,1,23,15,2147766277,3064434148,0,0,45252775000,45252779000,6,0,0,0,0,0,0,0,0
1,1,23,15,20483,0,0,0,45252780000,45252783000,-1,0,0,0,0,0,0,0,0
2,1,23,15,0,0,0,0,45252785000,45252892000,-1,0,0,0,0,0,0,0,0
1,2,23,7,1076651027,2829312,0,0,45252901000,45253082000,-1,0,0,0,41943520,0,0,1280,3064438784
1,2,23,7,25602,0,0,0,45253083000,45253087000,-1,0,0,0,0,0,0,0,0
1,2,23,7,25607,0,0,0,45253088000,45265218000,-1,0,0,0,0,0,0,0,0
0,1,23,15,2,0,15,0,45265468000,45265622000,-1,0,0,0,0,0,0,0,0
1,1,23,15,20483,0,0,0,45265628000,45265637000,-1,0,0,0,0,0,0,0,0
1,1,23,15,1088704512,3066196212,0,0,45265640000,45265646000,-1,3066200064,3065053184,0,16777440,41943520,0,1,0
1,1,23,15,2147766273,0,0,0,45265648000,45265746000,-1,0,0,0,0,0,0,0,0
1,1,23,15,2147766276,3000,0,0,45265748000,45267628000,-1,0,0,0,0,0,0,0,0
1,1,23,15,2147766277,3064434148,0,0,45267631000,45267634000,6,0,0,0,0,0,0,0,0
1,1,23,15,20483,0,0,0,45267635000,45267638000,-1,0,0,0,0,0,0,0,0
2,1,23,15,0,0,0,0,45267640000,45267736000,-1,0,0,0,0,0,0,0,0
1,2,23,7,1076651027,2829356,0,0,45267744000,45267924000,-1,0,0,0,41943520,0,0,1280,3065053184
1,2,23,7,25602,0,0,0,45267926000,45267930000,-1,0,0,0,0,0,0,0,0
1,2,23,7,25607,0,0,0,45267931000,45281853000,-1,0,0,0,0,0,0,0,0
0,1,23,15,2,0,15,0,45282425000,45282578000,-1,0,0,0,0,0,0,0,0
1,1,23,15,20483,0,0,0,45282583000,45282591000,-1,0,0,0,0,0,0,0,0
1,1,23,15,1088704512,3066196212,0,0,45282594000,45282600000,-1,3066200064,3064438784,0,16777440,41943520,0,1,0
1,1,23,15,2147766273,0,0,0,45282602000,45282690000,-1,0,0,0,0,0,0,0,0
1,1,23,15,2147766276,3000,0,0,45282692000,45284574000,-1,0,0,0,0,0,0,0,0
1,1,23,15,2147766277,3064434148,0,0,45284578000,45284582000,6,0,0,0,0,0,0,0,0
1,1,23,15,20483,0,0,0,45284583000,45284586000,-1,0,0,0,0,0,0,0,0
2,1,23,15,0,0,0,0,45284588000,45284680000,-1,0,0,0,0,0,0,0,0
1,2,23,7,1076651027,2829312,0,0,45284688000,45284867000,-1,0,0,0,41943520,0,0,1280,3064438784
1,2,23,7,25602,0,0,0,45284868000,45284871000,-1,0,0,0,0,0,0,0,0
1,2,23,7,25607,0,0,0,45284873000,45298500000,-1,0,0,0,0,0,0,0,0
0,1,23,15,2,0,15,0,45299809000,45299969000,-1,0,0,0,0,0,0,0,0
1,1,23,15,20483,0,0,0,45299975000,45299984000,-1,0,0,0,0,0,0,0,0
1,1,23,15,1088704512,3066196212,0,0,45299986000,45299993000,-1,3066200064,3065053184,0,16777440,41943520,0,1,0
1,1,23,15,2147766273,0,0,0,45299995000,45300161000,-1,0,0,0,0,0,0,0,0
1,1,23,15,2147766276,3000,0,0,45300165000,45302035000,-1,0,0,0,0,0,0,0,0
1,1,23,15,2147766277,3064434148,0,0,45302040000,45302043000,6,0,0,0,0,0,0,0,0
1,1,23,15,20483,0,0,0,45302045000,45302048000,-1,0,0,0,0,0,0,0,0
2,1,23,15,0,0,0,0,45302050000,45302146000,-1,0,0,0,0,0,0,0,0
1,2,23,7,1076651027,2829356,0,0,45302155000,45302337000,-1,0,0,0,41943520,0,0,1280,3065053184
1,2,23,7,25602,0,0,0,45302338000,45302342000,-1,0,0,0,0,0,0,0,0
1,2,23,7,25607,0,0,0,45302343000,45315153000,-1,0,0,0,0,0,0,0,0
0,1,23,15,2,0,15,0,45317315000,45317486000,-1,0,0,0,0,0,0,0,0
1,1,23,15,20483,0,0,0,45317492000,45317502000,-1,0,0,0,0,0,0,0,0
1,1,23,15,1088704512,3066196212,0,0,45317504000,45317511000,-1,3066200064,3064438784,0,16777440,41943520,0,1,0
1,1,23,15,2147766273,0,0,0,45317513000,45317612000,-1,0,0,0,0,0,0,0,0
1,1,23,15,2147766276,3000,0,0,45317614000,45319496000,-1,0,0,0,0,0,0,0,0
1,1,23,15,2147766277,3064434148,0,0,45319499000,45319502000,6,0,0,0,0,0,0,0,0
1,1,23,15,20483,0,0,0,45319504000,45319507000,-1,0,0,0,0,0,0,0,0
2,1,23,15,0,0,0,0,45319509000,45319602000,-1,0,0,0,0,0,0,0,0
1,2,23,7,1076651027,2829312,0,0,45319609000,45319790000,-1,0,0,0,41943520,0,0,1280,3064438784
1,2,23,7,25602,0,0,0,45319792000,45319796000,-1,0,0,0,0,0,0,0,0
1,2,23,7,25607,0,0,0,45319797000,45331816000,-1,0,0,0,0,0,0,0,0
0,1,23,15,2,0,15,0,45334615000,45334781000,-1,0,0,0,0,0,0,0,0
1,1,23,15,20483,0,0,0,45334788000,45334799000,-1,0,0,0,0,0,0,0,0
1,1,23,15,1088704512,3066196212,0,0,45334801000,45334808000,-1,3066200064,3065053184,0,16777440,41943520,0,1,0
1,1,23,15,2147766273,0,0,0,45334809000,45334913000,-1,0,0,0,0,0,0,0,0
1,1,23,15,2147766276,3000,0,0,45334916000,45336792000,-1,0,0,0,0,0,0,0,0
1,1,23,15,2147766277,3064434148,0,0,45336795000,45336799000,6,0,0,0,0,0,0,0,0
1,1,23,15,20483,0,0,0,45336800000,45336803000,-1,0,0,0,0,0,0,0,0
2,1,23,15,0,0,0,0,45336805000,45336895000,-1,0,0,0,0,0,0,0,0
1,2,23,7,1076651027,2829356,0,0,45336903000,45337082000,-1,0,0,0,41943520,0,0,1280,3065053184
1,2,23,7,25602,0,0,0,45337084000,45337087000,-1,0,0,0,0,0,0,0,0
1,2,23,7,25607,0,0,0,45337089000,45348470000,-1,0,0,0,0,0,0,0,0
0,1,23,15,2,0,15,0,45352049000,45352221000,-1,0,0,0,0,0,0,0,0
1,1,23,15,20483,0,0,0,45352227000,45352238000,-1,0,0,0,0,0,0,0,0
1,1,23,15,1088704512,3066196212,0,0,45352240000,45352246000,-1,3066200064,3064438784,0,16777440,41943520,0,1,0
1,1,23,15,2147766273,0,0,0,45352248000,45352354000,-1,0,0,0,0,0,0,0,0
1,1,23,15,2147766276,3000,0,0,45352356000,45354239000,-1,0,0,0,0,0,0,0,0
1,1,23,15,2147766277,3064434148,0,0,45354243000,45354246000,6,0,0,0,0,0,0,0,0
1,1,23,15,20483,0,0,0,45354248000,45354251000,-1,0,0,0,0,0,0,0,0
2,1,23,15,0,0,0,0,45354253000,45354349000,-1,0,0,0,0,0,0,0,0
1,2,23,7,1076651027,2829312,0,0,45354357000,45354537000,-1,0,0,0,41943520,0,0,1280,3064438784
1,2,23,7,25602,0,0,0,45354538000,45354541000,-1,0,0,0,0,0,0,0,0
1,2,23,7,25607,0,0,0,45354543000,45365129000,-1,0,0,0,0,0,0,0,0
0,1,23,15,2,0,15,0,45369384000,45369552000,-1,0,0,0,0,0,0,0,0
1,1,23,15,20483,0,0,0,45369558000,45369567000,-1,0,0,0,0,0,0,0,0
1,1,23,15,1088704512,3066196212,0,0,45369569000,45369576000,-1,3066200064,3065053184,0,16777440,41943520,0,1,0
1,1,23,15,2147766273,0,0,0,45369617000,45369720000,-1,0,0,0,0,0,0,0,0
1,1,23,15,2147766276,3000,0,0,45369722000,45371583000,-1,0,0,0,0,0,0,0,0
1,1,23,15,2147766277,3064434148,0,0,45371588000,45371592000,6,0,0,0,0,0,0,0,0
1,1,23,15,20483,0,0,0,45371593000,45371596000,-1,0,0,0,0,0,0,0,0
2,1,23,15,0,0,0,0,45371598000,45371701000,-1,0,0,0,0,0,0,0,0
1,2,23,7,1076651027,2829356,0,0,45371709000,45371889000,-1,0,0,0,41943520,0,0,1280,3065053184
1,2,23,7,25602,0,0,0,45371890000,45371893000,-1,0,0,0,0,0,0,0,0
1,2,23,7,25607,0,0,0,45371894000,45381784000,-1,0,0,0,0,0,0,0,0
0,1,23,15,2,0,15,0,45383549000,45383702000,-1,0,0,0,0,0,0,0,0
1,1,23,15,20483,0,0,0,45383707000,45383717000,-1,0,0,0,0,0,0,0,0
1,1,23,15,1088704512,3066196212,0,0,45383719000,45383725000,-1,3066200064,3064438784,0,16777440,41943520,0,1,0
1,1,23,15,2147766273,0,0,0,45383727000,45383820000,-1,0,0,0,0,0,0,0,0
1,1,23,15,2147766276,3000,0,0,45383822000,45385688000,-1,0,0,0,0,0,0,0,0
1,1,23,15,2147766277,3064434148,0,0,45385692000,45385695000,6,0,0,0,0,0,0,0,0
1,1,23,15,20483,0,0,0,45385696000,45385699000,-1,0,0,0,0,0,0,0,0
2,1,23,15,0,0,0,0,45385701000,45385806000,-1,0,0,0,0,0,0,0,0
1,2,23,7,1076651027,2829312,0,0,45385815000,45385995000,-1,0,0,0,41943520,0,0,1280,3064438784
1,2,23,7,25602,0,0,0,45385997000,45386001000,-1,0,0,0,0,0,0,0,0
1,2,23,7,25607,0,0,0,45386002000,45398443000,-1,0,0,0,0,0,0,0,0
0,1,23,15,2,0,15,0,45400696000,45400858000,-1,0,0,0,0,0,0,0,0
1,1,23,15,20483,0,0,0,45400864000,45400876000,-1,0,0,0,0,0,0,0,0
1,1,23,15,1088704512,3066196212,0,0,45400878000,45400884000,-1,3066200064,3065053184,0,16777440,41943520,0,1,0
1,1,23,15,2147766273,0,0,0,45400886000,45400980000,-1,0,0,0,0,0,0,0,0
1,1,23,15,2147766276,3000,0,0,45400982000,45402850000,-1,0,0,0,0,0,0,0,0
1,1,23,15,2147766277,3064434148,0,0,45402854000,45402857000,6,0,0,0,0,0,0,0,0
1,1,23,15,20483,0,0,0,45402858000,45402861000,-1,0,0,0,0,0,0,0,0
2,1,23,15,0,0,0,0,45402863000,45402965000,-1,0,0,0,0,0,0,0,0
1,2,23,7,1076651027,2829356,0,0,45402973000,45403155000,-1,0,0,0,41943520,0,0,1280,3065053184
1,2,23,7,25602,0,0,0,45403156000,45403160000,-1,0,0,0,0,0,0,0,0
1,2,23,7,25607,0,0,0,45403161000,45415098000,-1,0,0,0,0,0,0,0,0
0,1,23,15,2,0,15,0,45416254000,45416412000,-1,0,0,0,0,0,0,0,0
1,1,23,15,20483,0,0,0,45416417000,45416428000,-1,0,0,0,0,0,0,0,0
1,1,23,15,1088704512,3066196212,0,0,45416430000,45416436000,-1,3066200064,3064438784,0,16777440,41943520,0,1,0
1,1,23,15,2147766273,0,0,0,45416438000,45416527000,-1,0,0,0,0,0,0,0,0
1,1,23,15,2147766276,3000,0,0,45416528000,45418412000,-1,0,0,0,0,0,0,0,0
1,1,23,15,2147766277,3064434148,0,0,45418416000,45418419000,6,0,0,0,0,0,0,0,0
1,1,23,15,20483,0,0,0,45418420000,45418423000,-1,0,0,0,0,0,0,0,0
2,1,23,15,0,0,0,0,45418425000,45418517000,-1,0,0,0,0,0,0,0,0
1,2,23,7,1076651027,2829312,0,0,45418525000,45418704000,-1,0,0,0,41943520,0,0,1280,3064438784
1,2,23,7,25602,0,0,0,45418705000,45418709000,-1,0,0,0,0,0,0,0,0
1,2,23,7,25607,0,0,0,45418710000,45431754000,-1,0,0,0,0,0,0,0,0
0,1,23,15,2,0,15,0,45433212000,45433375000,-1,0,0,0,0,0,0,0,0
1,1,23,15,20483,0,0,0,45433382000,45433391000,-1,0,0,0,0,0,0,0,0
1,1,23,15,1088704512,3066196212,0,0,45433393000,45433399000,-1,3066200064,3065053184,0,16777440,41943520,0,1,0
1,1,23,15,2147766273,0,0,0,45433401000,45433496000,-1,0,0,0,0,0,0,0,0
1,1,23,15,2147766276,3000,0,0,45433498000,45435378000,-1,0,0,0,0,0,0,0,0
1,1,23,15,2147766277,3064434148,0,0,45435417000,45435421000,6,0,0,0,0,0,0,0,0
1,1,23,15,20483,0,0,0,45435423000,45435426000,-1,0,0,0,0,0,0,0,0
2,1,23,15,0,0,0,0,45435428000,45435528000,-1,0,0,0,0,0,0,0,0
1,2,23,7,1076651027,2829356,0,0,45435537000,45435717000,-1,0,0,0,41943520,0,0,1280,3065053184
1,2,23,7,25602,0,0,0,45435718000,45435722000,-1,0,0,0,0,0,0,0,0
1,2,23,7,25607,0,0,0,45435723000,45448414000,-1,0,0,0,0,0,0,0,0
0,1,23,15,2,0,15,0,45450642000,45450797000,-1,0,0,0,0,0,0,0,0
1,1,23,15,20483,0,0,0,45450802000,45450811000,-1,0,0,0,0,0,0,0,0
1,1,23,15,1088704512,3066196212,0,0,45450813000,45450819000,-1,3066200064,3064438784,0,16777440,41943520,0,1,0
1,1,23,15,2147766273,0,0,0,45450821000,45450911000,-1,0,0,0,0,0,0,0,0
1,1,23,15,2147766276,3000,0,0,45450914000,45452790000,-1,0,0,0,0,0,0,0,0
1,1,23,15,2147766277,3064434148,0,0,45452793000,45452797000,6,0,0,0,0,0,0,0,0
1,1,23,15,20483,0,0,0,45452798000,45452801000,-1,0,0,0,0,0,0,0,0
2,1,23,15,0,0,0,0,45452803000,45452893000,-1,0,0,0,0,0,0,0,0
1,2,23,7,1076651027,2829312,0,0,45452901000,45453081000,-1,0,0,0,41943520,0,0,1280,3064438784
1,2,23,7,25602,0,0,0,45453083000,45453087000,-1,0,0,0,0,0,0,0,0
1,2,23,7,25607,0,0,0,45453088000,45465066000,-1,0,0,0,0,0,0,0,0
0,1,23,15,2,0,15,0,45468044000,45468206000,-1,0,0,0,0,0,0,0,0
1,1,23,15,20483,0,0,0,45468212000,45468223000,-1,0,0,0,0,0,0,0,0
1,1,23,15,1088704512,3066196212,0,0,45468225000,45468231000,-1,3066200064,3065053184,0,16777440,41943520,0,1,0
1,1,23,15,2147766273,0,0,0,45468233000,45468329000,-1,0,0,0,0,0,0,0,0
1,1,23,15,2147766276,3000,0,0,45468331000,45470230000,-1,0,0,0,0,0,0,0,0
1,1,23,15,2147766277,3064434148,0,0,45470235000,45470239000,6,0,0,0,0,0,0,0,0
1,1,23,15,20483,0,0,0,45470240000,45470243000,-1,0,0,0,0,0,0,0,0
2,1,23,15,0,0,0,0,45470245000,45470339000,-1,0,0,0,0,0,0,0,0
1,2,23,7,1076651027,2829356,0,0,45470346000,45470526000,-1,0,0,0,41943520,0,0,1280,3065053184
1,2,23,7,25602,0,0,0,45470528000,45470532000,-1,0,0,0,0,0,0,0,0
1,2,23,7,25607,0,0,0,45470533000,45481728000,-1,0,0,0,0,0,0,0,0
0,1,23,15,2,0,15,0,45485421000,45485585000,-1,0,0,0,0,0,0,0,0
1,1,23,15,20483,0,0,0,45485591000,45485601000,-1,0,0,0,0,0,0,0,0
1,1,23,15,1088704512,3066196212,0,0,45485604000,45485611000,-1,3066200064,3064438784,0,16777440,41943520,0,1,0
1,1,23,15,2147766273,0,0,0,45485612000,45485715000,-1,0,0,0,0,0,0,0,0
1,1,23,15,2147766276,3000,0,0,45485717000,45487595000,-1,0,0,0,0,0,0,0,0
1,1,23,15,2147766277,3064434148,0,0,45487599000,45487602000,6,0,0,0,0,0,0,0,0
1,1,23,15,20483,0,0,0,45487603000,45487606000,-1,0,0,0,0,0,0,0,0
2,1,23,15,0,0,0,0,45487608000,45487704000,-1,0,0,0,0,0,0,0,0
1,2,23,7,1076651027,2829312,0,0,45487711000,45487891000,-1,0,0,0,41943520,0,0,1280,3064438784
1,2,23,7,25602,0,0,0,45487892000,45487896000,-1,0,0,0,0,0,0,0,0
1,2,23,7,25607,0,0,0,45487897000,45498384000,-1,0,0,0,0,0,0,0,0
0,1,23,15,2,0,15,0,45502929000,45503092000,-1,0,0,0,0,0,0,0,0
1,1,23,15,20483,0,0,0,45503097000,45503107000,-1,0,0,0,0,0,0,0,0
1,1,23,15,1088704512,3066196212,0,0,45503110000,45503116000,-1,3066200064,3065053184,0,16777440,41943520,0,1,0
1,1,23,15,2147766273,0,0,0,45503118000,45503217000,-1,0,0,0,0,0,0,0,0
1,1,23,15,2147766276,3000,0,0,45503219000,45505095000,-1,0,0,0,0,0,0,0,0
1,1,23,15,2147766277,3064434148,0,0,45505097000,45505100000,6,0,0,0,0,0,0,0,0
1,1,23,15,20483,0,0,0,45505101000,45505104000,-1,0,0,0,0,0,0,0,0
2,1,23,15,0,0,0,0,45505106000,45505194000,-1,0,0,0,0,0,0,0,0
1,2,23,7,1076651027,2829356,0,0,45505240000,45505420000,-1,0,0,0,41943520,0,0,1280,3065053184
1,2,23,7,25602,0,0,0,45505422000,45505425000,-1,0,0,0,0,0,0,0,0
1,2,23,7,25607,0,0,0,45505426000,45515041000,-1,0,0,0,0,0,0,0,0
0,1,23,15,2,0,15,0,45517024000,45517185000,-1,0,0,0,0,0,0,0,0
1,1,23,15,20483,0,0,0,45517190000,45517201000,-1,0,0,0,0,0,0,0,0
1,1,23,15,1088704512,3066196212,0,0,45517202000,45517209000,-1,3066200064,3064438784,0,16777440,41943520,0,1,0
1,1,23,15,2147766273,0,0,0,45517210000,45517311000,-1,0,0,0,0,0,0,0,0
1,1,23,15,2147766276,3000,0,0,45517313000,45519180000,-1,0,0,0,0,0,0,0,0
1,1,23,15,2147766277,3064434148,0,0,45519183000,45519186000,6,0,0,0,0,0,0,0,0
1,1,23,15,20483,0,0,0,45519188000,45519190000,-1,0,0,0,0,0,0,0,0
2,1,23,15,0,0,0,0,45519192000,45519295000,-1,0,0,0,0,0,0,0,0
1,2,23,7,1076651027,2829312,0,0,45519303000,45519484000,-1,0,0,0,41943520,0,0,1280,3064438784
1,2,23,7,25602,0,0,0,45519485000,45519489000,-1,0,0,0,0,0,0,0,0
1,2,23,7,25607,0,0,0,45519490000,45531707000,-1,0,0,0,0,0,0,0,0
0,1,23,15,2,0,15,0,45532322000,45532476000,-1,0,0,0,0,0,0,0,0
1,1,23,15,20483,0,0,0,45532482000,45532492000,-1,0,0,0,0,0,0,0,0
1,1,23,15,1088704512,3066196212,0,0,45532495000,45532501000,-1,3066200064,3065053184,0,16777440,41943520,0,1,0
1,1,23,15,2147766273,0,0,0,45532503000,45532596000,-1,0,0,0,0,0,0,0,0
1,1,23,15,2147766276,3000,0,0,45532597000,45534481000,-1,0,0,0,0,0,0,0,0
1,1,23,15,2147766277,3064434148,0,0,45534484000,45534487000,6,0,0,0,0,0,0,0,0
1,1,23,15,20483,0,0,0,45534488000,45534492000,-1,0,0,0,0,0,0,0,0
2,1,23,15,0,0,0,0,45534494000,45534588000,-1,0,0,0,0,0,0,0,0
1,2,23,7,1076651027,2829356,0,0,45534596000,45534777000,-1,0,0,0,41943520,0,0,1280,3065053184
1,2,23,7,25602,0,0,0,45534778000,45534782000,-1,0,0,0,0,0,0,0,0
1,2,23,7,25607,0,0,0,45534783000,45548459000,-1,0,0,0,0,0,0,0,0
0,1,23,15,2,0,15,0,45549184000,45549336000,-1,0,0,0,0,0,0,0,0
1,1,23,15,20483,0,0,0,45549342000,45549352000,-1,0,0,0,0,0,0,0,0
1,1,23,15,1088704512,3066196212,0,0,45549354000,45549361000,-1,3066200064,3064438784,0,16777440,41943520,0,1,0
1,1,23,15,2147766273,0,0,0,45549362000,45549460000,-1,0,0,0,0,0,0,0,0
1,1,23,15,2147766276,3000,0,0,45549462000,45551329000,-1,0,0,0,0,0,0,0,0
1,1,23,15,2147766277,3064434148,0,0,45551334000,45551338000,6,0,0,0,0,0,0,0,0
1,1,23,15,20483,0,0,0,45551339000,45551342000,-1,0,0,0,0,0,0,0,0
2,1,23,15,0,0,0,0,45551345000,45551445000,-1,0,0,0,0,0,0,0,0
1,2,23,7,1076651027,2829312,0,0,45551454000,45551634000,-1,0,0,0,41943520,0,0,1280,3064438784
1,2,23,7,25602,0,0,0,45551636000,45551639000,-1,0,0,0,0,0,0,0,0
1,2,23,7,25607,0,0,0,45551641000,45565012000,-1,0,0,0,0,0,0,0,0
0,1,23,15,2,0,15,0,45566599000,45566759000,-1,0,0,0,0,0,0,0,0
1,1,23,15,20483,0,0,0,45566763000,45566772000,-1,0,0,0,0,0,0,0,0
1,1,23,15,1088704512,3066196212,0,0,45566774000,45566781000,-1,3066200064,3065053184,0,16777440,41943520,0,1,0
1,1,23,15,2147766273,0,0,0,45566783000,45566881000,-1,0,0,0,0,0,0,0,0
1,1,23,15,2147766276,3000,0,0,45566883000,45568769000,-1,0,0,0,0,0,0,0,0
1,1,23,15,2147766277,3064434148,0,0,45568773000,45568776000,6,0,0,0,0,0,0,0,0
1,1,23,15,20483,0,0,0,45568778000,45568780000,-1,0,0,0,0,0,0,0,0
2,1,23,15,0,0,0,0,45568782000,45568874000,-1,0,0,0,0,0,0,0,0
1,2,23,7,1076651027,2829356,0,0,45568882000,45569063000,-1,0,0,0,41943520,0,0,1280,3065053184
1,2,23,7,25602,0,0,0,45569064000,45569068000,-1,0,0,0,0,0,0,0,0
1,2,23,7,25607,0,0,0,45569104000,45581669000,-1,0,0,0,0,0,0,0,0
0,1,23,15,2,0,15,0,45584083000,45584241000,-1,0,0,0,0,0,0,0,0
1,1,23,15,20483,0,0,0,45584247000,45584257000,-1,0,0,0,0,0,0,0,0
1,1,23,15,1088704512,3066196212,0,0,45584259000,45584265000,-1,3066200064,3064438784,0,16777440,41943520,0,1,0
1,1,23,15,2147766273,0,0,0,45584267000,45584357000,-1,0,0,0,0,0,0,0,0
1,1,23,15,2147766276,3000,0,0,45584359000,45586236000,-1,0,0,0,0,0,0,0,0
1,1,23,15,2147766277,3064434148,0,0,45586240000,45586243000,6,0,0,0,0,0,0,0,0
1,1,23,15,20483,0,0,0,45586244000,45586248000,-1,0,0,0,0,0,0,0,0
2,1,23,15,0,0,0,0,45586249000,45586341000,-1,0,0,0,0,0,0,0,0
1,2,23,7,1076651027,2829312,0,0,45586348000,45586527000,-1,0,0,0,41943520,0,0,1280,3064438784
1,2,23,7,25602,0,0,0,45586529000,45586533000,-1,0,0,0,0,0,0,0,0
1,2,23,7,25607,0,0,0,45586534000,45598327000,-1,0,0,0,0,0,0,0,0
0,1,23,15,2,0,15,0,45603100000,45603265000,-1,0,0,0,0,0,0,0,0
1,1,23,15,20483,0,0,0,45603271000,45603281000,-1,0,0,0,0,0,0,0,0
1,1,23,15,1088704512,3066196212,0,0,45603283000,45603289000,-1,3066200064,3065053184,0,16777440,41943520,0,1,0
1,1,23,15,2147766273,0,0,0,45603291000,45603391000,-1,0,0,0,0,0,0,0,0
1,1,23,15,2147766276,3000,0,0,45603392000,45605269000,-1,0,0,0,0,0,0,0,0
1,1,23,15,2147766277,3064434148,0,0,45605273000,45605276000,6,0,0,0,0,0,0,0,0
1,1,23,15,20483,0,0,0,45605278000,45605281000,-1,0,0,0,0,0,0,0,0
2,1,23,15,0,0,0,0,45605283000,45605411000,-1,0,0,0,0,0,0,0,0
1,2,23,7,1076651027,2829356,0,0,45605420000,45605602000,-1,0,0,0,41943520,0,0,1280,3065053184
1,2,23,7,25602,0,0,0,45605603000,45605607000,-1,0,0,0,0,0,0,0,0
1,2,23,7,25607,0,0,0,45605608000,45614981000,-1,0,0,0,0,0,0,0,0
0,1,23,15,2,0,15,0,45619120000,45619280000,-1,0,0,0,0,0,0,0,0
1,1,23,15,20483,0,0,0,45619286000,45619295000,-1,0,0,0,0,0,0,0,0
1,1,23,15,1088704512,3066196212,0,0,45619298000,45619304000,-1,3066200064,3064438784,0,16777440,41943520,0,1,0
1,1,23,15,2147766273,0,0,0,45619306000,45619405000,-1,0,0,0,0,0,0,0,0
1,1,23,15,2147766276,3000,0,0,45619407000,45621306000,-1,0,0,0,0,0,0,0,0
1,1,23,15,2147766277,3064434148,0,0,45621309000,45621312000,6,0,0,0,0,0,0,0,0
1,1,23,15,20483,0,0,0,45621314000,45621317000,-1,0,0,0,0,0,0,0,0
2,1,23,15,0,0,0,0,45621319000,45621414000,-1,0,0,0,0,0,0,0,0
1,2,23,7,1076651027,2829312,0,0,45621423000,45621604000,-1,0,0,0,41943520,0,0,1280,3064438784
1,2,23,7,25602,0,0,0,45621606000,45621610000,-1,0,0,0,0,0,0,0,0
1,2,23,7,25607,0,0,0,45621611000,45631643000,-1,0,0,0,0,0,0,0,0
0,1,23,15,2,0,15,0,45636258000,45636415000,-1,0,0,0,0,0,0,0,0
1,1,23,15,20483,0,0,0,45636421000,45636431000,-1,0,0,0,0,0,0,0,0
1,1,23,15,1088704512,3066196212,0,0,45636433000,45636439000,-1,3066200064,3065053184,0,16777440,41943520,0,1,0
1,1,23,15,2147766273,0,0,0,45636441000,45636537000,-1,0,0,0,0,0,0,0,0
1,1,23,15,2147766276,3000,0,0,45636539000,45638411000,-1,0,0,0,0,0,0,0,0
1,1,23,15,2147766277,3064434148,0,0,45638413000,45638417000,6,0,0,0,0,0,0,0,0
1,1,23,15,20483,0,0,0,45638418000,45638420000,-1,0,0,0,0,0,0,0,0
2,1,23,15,0,0,0,0,45638422000,45638511000,-1,0,0,0,0,0,0,0,0
1,2,23,7,1076651027,2829356,0,0,45638520000,45638701000,-1,0,0,0,41943520,0,0,1280,3065053184
1,2,23,7,25602,0,0,0,45638702000,45638706000,-1,0,0,0,0,0,0,0,0
1,2,23,7,25607,0,0,0,45638707000,45648293000,-1,0,0,0,0,0,0,0,0
0,1,23,15,2,0,15,0,45650392000,45650547000,-1,0,0,0,0,0,0,0,0
1,1,23,15,20483,0,0,0,45650552000,45650561000,-1,0,0,0,0,0,0,0,0
1,1,23,15,1088704512,3066196212,0,0,45650605000,45650612000,-1,3066200064,3064438784,0,16777440,41943520,0,1,0
1,1,23,15,2147766273,0,0,0,45650614000,45650716000,-1,0,0,0,0,0,0,0,0
1,1,23,15,2147766276,3000,0,0,45650718000,45652583000,-1,0,0,0,0,0,0,0,0
1,1,23,15,2147766277,3064434148,0,0,45652587000,45652590000,6,0,0,0,0,0,0,0,0
1,1,23,15,20483,0,0,0,45652591000,45652594000,-1,0,0,0,0,0,0,0,0
2,1,23,15,0,0,0,0,45652596000,45652705000,-1,0,0,0,0,0,0,0,0
1,2,23,7,1076651027,2829312,0,0,45652713000,45652894000,-1,0,0,0,41943520,0,0,1280,3064438784
1,2,23,7,25602,0,0,0,45652896000,45652899000,-1,0,0,0,0,0,0,0,0
1,2,23,7,25607,0,0,0,45652900000,45664958000,-1,0,0,0,0,0,0,0,0
0,1,23,15,2,0,15,0,45665628000,45665782000,-1,0,0,0,0,0,0,0,0
1,1,23,15,20483,0,0,0,45665788000,45665798000,-1,0,0,0,0,0,0,0,0
1,1,23,15,1088704512,3066196212,0,0,45665800000,45665806000,-1,3066200064,3065053184,0,16777440,41943520,0,1,0
1,1,23,15,2147766273,0,0,0,45665808000,45665905000,-1,0,0,0,0,0,0,0,0
1,1,23,15,2147766276,3000,0,0,45665907000,45667784000,-1,0,0,0,0,0,0,0,0
1,1,23,15,2147766277,3064434148,0,0,45667787000,45667790000,6,0,0,0,0,0,0,0,0
1,1,23,15,20483,0,0,0,45667791000,45667794000,-1,0,0,0,0,0,0,0,0
2,1,23,15,0,0,0,0,45667796000,45667888000,-1,0,0,0,0,0,0,0,0
1,2,23,7,1076651027,2829356,0,0,45667896000,45668075000,-1,0,0,0,41943520,0,0,1280,3065053184
1,2,23,7,25602,0,0,0,45668077000,45668080000,-1,0,0,0,0,0,0,0,0
1,2,23,7,25607,0,0,0,45668081000,45681613000,-1,0,0,0,0,0,0,0,0
0,1,23,15,2,0,15,0,45682656000,45682816000,-1,0,0,0,0,0,0,0,0
1,1,23,15,20483,0,0,0,45682822000,45682831000,-1,0,0,0,0,0,0,0,0
1,1,23,15,1088704512,3066196212,0,0,45682834000,45682840000,-1,3066200064,3064438784,0,16777440,41943520,0,1,0
1,1,23,15,2147766273,0,0,0,45682842000,45682938000,-1,0,0,0,0,0,0,0,0
1,1,23,15,2147766276,3000,0,0,45682940000,45684817000,-1,0,0,0,0,0,0,0,0
1,1,23,15,2147766277,3064434148,0,0,45684822000,45684825000,6,0,0,0,0,0,0,0,0
1,1,23,15,20483,0,0,0,45684826000,45684829000,-1,0,0,0,0,0,0,0,0
2,1,23,15,0,0,0,0,45684832000,45684925000,-1,0,0,0,0,0,0,0,0
1,2,23,7,1076651027,2829312,0,0,45684933000,45685113000,-1,0,0,0,41943520,0,0,1280,3064438784
1,2,23,7,25602,0,0,0,45685115000,45685118000,-1,0,0,0,0,0,0,0,0
1,2,23,7,25607,0,0,0,45685119000,45698268000,-1,0,0,0,0,0,0,0,0
0,1,23,15,2,0,15,0,45719534000,45719692000,-1,0,0,0,0,0,0,0,0
1,1,23,15,20483,0,0,0,45719697000,45719707000,-1,0,0,0,0,0,0,0,0
1,1,23,15,1088704512,3066196212,0,0,45719710000,45719716000,-1,3066200064,3065053184,0,16777440,41943520,0,1,0
1,1,23,15,2147766273,0,0,0,45719718000,45719809000,-1,0,0,0,0,0,0,0,0
1,1,23,15,2147766276,3000,0,0,45719810000,45721678000,-1,0,0,0,0,0,0,0,0
1,1,23,15,2147766277,3064434148,0,0,45721681000,45721685000,6,0,0,0,0,0,0,0,0
1,1,23,15,20483,0,0,0,45721686000,45721689000,-1,0,0,0,0,0,0,0,0
2,1,23,15,0,0,0,0,45721691000,45721788000,-1,0,0,0,0,0,0,0,0
1,2,23,7,1076651027,2829356,0,0,45721796000,45721977000,-1,0,0,0,41943520,0,0,1280,3065053184
1,2,23,7,25602,0,0,0,45721979000,45721982000,-1,0,0,0,0,0,0,0,0
1,2,23,7,25607,0,0,0,45721983000,45731580000,-1,0,0,0,0,0,0,0,0
0,1,23,15,2,0,15,0,45733654000,45733809000,-1,0,0,0,0,0,0,0,0
1,1,23,15,20483,0,0,0,45733815000,45733825000,-1,0,0,0,0,0,0,0,0
1,1,23,15,1088704512,3066196212,0,0,45733827000,45733834000,-1,3066200064,3064438784,0,16777440,41943520,0,1,0
1,1,23,15,2147766273,0,0,0,45733836000,45733927000,-1,0,0,0,0,0,0,0,0
1,1,23,15,2147766276,3000,0,0,45733975000,45735810000,-1,0,0,0,0,0,0,0,0
1,1,23,15,2147766277,3064434148,0,0,45735813000,45735816000,6,0,0,0,0,0,0,0,0
1,1,23,15,20483,0,0,0,45735818000,45735820000,-1,0,0,0,0,0,0,0,0
2,1,23,15,0,0,0,0,45735822000,45735918000,-1,0,0,0,0,0,0,0,0
1,2,23,7,1076651027,2829312,0,0,45735927000,45736108000,-1,0,0,0,41943520,0,0,1280,3064438784
1,2,23,7,25602,0,0,0,45736109000,45736113000,-1,0,0,0,0,0,0,0,0
1,2,23,7,25607,0,0,0,45736114000,45748242000,-1,0,0,0,0,0,0,0,0
0,1,23,15,2,0,15,0,45753523000,45753684000,-1,0,0,0,0,0,0,0,0
1,1,23,15,20483,0,0,0,45753690000,45753700000,-1,0,0,0,0,0,0,0,0
1,1,23,15,1088704512,3066196212,0,0,45753702000,45753709000,-1,3066200064,3065053184,0,16777440,41943520,0,1,0
1,1,23,15,2147766273,0,0,0,45753710000,45753802000,-1,0,0,0,0,0,0,0,0
1,1,23,15,2147766276,3000,0,0,45753804000,45755677000,-1,0,0,0,0,0,0,0,0
1,1,23,15,2147766277,3064434148,0,0,45755680000,45755683000,6,0,0,0,0,0,0,0,0
1,1,23,15,20483,0,0,0,45755684000,45755687000,-1,0,0,0,0,0,0,0,0
2,1,23,15,0,0,0,0,45755689000,45755777000,-1,0,0,0,0,0,0,0,0
1,2,23,7,1076651027,2829356,0,0,45755784000,45755962000,-1,0,0,0,41943520,0,0,1280,3065053184
1,2,23,7,25602,0,0,0,45755963000,45755967000,-1,0,0,0,0,0,0,0,0
1,2,23,7,25607,0,0,0,45755968000,45764891000,-1,0,0,0,0,0,0,0,0
0,1,23,15,2,0,15,0,45767592000,45767811000,-1,0,0,0,0,0,0,0,0
1,1,23,15,20483,0,0,0,45767816000,45767826000,-1,0,0,0,0,0,0,0,0
1,1,23,15,1088704512,3066196212,0,0,45767828000,45767834000,-1,3066200064,3064438784,0,16777440,41943520,0,1,0
1,1,23,15,2147766273,0,0,0,45767836000,45767941000,-1,0,0,0,0,0,0,0,0
1,1,23,15,2147766276,3000,0,0,45767943000,45769815000,-1,0,0,0,0,0,0,0,0
1,1,23,15,2147766277,3064434148,0,0,45769818000,45769820000,6,0,0,0,0,0,0,0,0
1,1,23,15,20483,0,0,0,45769821000,45769824000,-1,0,0,0,0,0,0,0,0
2,1,23,15,0,0,0,0,45769825000,45769922000,-1,0,0,0,0,0,0,0,0
1,2,23,7,1076651027,2829312,0,0,45769930000,45770161000,-1,0,0,0,41943520,0,0,1280,3064438784
1,2,23,7,25602,0,0,0,45770163000,45770168000,-1,0,0,0,0,0,0,0,0
1,2,23,7,25607,0,0,0,45770169000,45781585000,-1,0,0,0,0,0,0,0,0
0,1,23,15,2,0,15,0,45781922000,45782071000,-1,0,0,0,0,0,0,0,0
1,1,23,15,20483,0,0,0,45782075000,45782084000,-1,0,0,0,0,0,0,0,0
1,1,23,15,1088704512,3066196212,0,0,45782087000,45782093000,-1,3066200064,3065053184,0,16777440,41943520,0,1,0
1,1,23,15,2147766273,0,0,0,45782095000,45782186000,-1,0,0,0,0,0,0,0,0
1,1,23,15,2147766276,3000,0,0,45782188000,45784058000,-1,0,0,0,0,0,0,0,0
1,1,23,15,2147766277,3064434148,0,0,45784061000,45784063000,6,0,0,0,0,0,0,0,0
1,1,23,15,20483,0,0,0,45784065000,45784067000,-1,0,0,0,0,0,0,0,0
2,1,23,15,0,0,0,0,45784069000,45784154000,-1,0,0,0,0,0,0,0,0
1,2,23,7,1076651027,2829356,0,0,45784161000,45784340000,-1,0,0,0,41943520,0,0,1280,3065053184
1,2,23,7,25602,0,0,0,45784341000,45784345000,-1,0,0,0,0,0,0,0,0
1,2,23,7,25607,0,0,0,45784346000,45798221000,-1,0,0,0,0,0,0,0,0
0,1,23,15,2,0,15,0,45798237000,45798384000,-1,0,0,0,0,0,0,0,0
1,1,23,15,20483,0,0,0,45798387000,45798394000,-1,0,0,0,0,0,0,0,0
1,1,23,15,1088704512,3066196212,0,0,45798396000,45798401000,-1,3066200064,3064438784,0,16777440,41943520,0,1,0
1,1,23,15,2147766273,0,0,0,45798403000,45798490000,-1,0,0,0,0,0,0,0,0
1,1,23,15,2147766276,3000,0,0,45798492000,45800358000,-1,0,0,0,0,0,0,0,0
1,1,23,15,2147766277,3064434148,0,0,45800361000,45800365000,6,0,0,0,0,0,0,0,0
1,1,23,15,20483,0,0,0,45800366000,45800369000,-1,0,0,0,0,0,0,0,0
2,1,23,15,0,0,0,0,45800407000,45800502000,-1,0,0,0,0,0,0,0,0
1,2,23,7,1076651027,2829312,0,0,45800511000,45800691000,-1,0,0,0,41943520,0,0,1280,3064438784
1,2,23,7,25602,0,0,0,45800692000,45800695000,-1,0,0,0,0,0,0,0,0
1,2,23,7,25607,0,0,0,45800696000,45814878000,-1,0,0,0,0,0,0,0,0
0,1,23,15,2,0,15,0,45814896000,45815043000,-1,0,0,0,0,0,0,0,0
1,1,23,15,20483,0,0,0,45815048000,45815056000,-1,0,0,0,0,0,0,0,0
1,1,23,15,1088704512,3066196212,0,0,45815058000,45815063000,-1,3066200064,3065053184,0,16777440,41943520,0,1,0
1,1,23,15,2147766273,0,0,0,45815065000,45815154000,-1,0,0,0,0,0,0,0,0
1,1,23,15,2147766276,3000,0,0,45815156000,45817021000,-1,0,0,0,0,0,0,0,0
1,1,23,15,2147766277,3064434148,0,0,45817023000,45817026000,6,0,0,0,0,0,0,0,0
1,1,23,15,20483,0,0,0,45817027000,45817030000,-1,0,0,0,0,0,0,0,0
2,1,23,15,0,0,0,0,45817032000,45817113000,-1,0,0,0,0,0,0,0,0
1,2,23,7,1076651027,2829356,0,0,45817120000,45817299000,-1,0,0,0,41943520,0,0,1280,3065053184
1,2,23,7,25602,0,0,0,45817301000,45817304000,-1,0,0,0,0,0,0,0,0
1,2,23,7,25607,0,0,0,45817305000,45831594000,-1,0,0,0,0,0,0,0,0
0,1,23,15,2,0,15,0,45831616000,45831757000,-1,0,0,0,0,0,0,0,0
1,1,23,15,20483,0,0,0,45831762000,45831769000,-1,0,0,0,0,0,0,0,0
1,1,23,15,1088704512,3066196212,0,0,45831771000,45831777000,-1,3066200064,3064438784,0,16777440,41943520,0,1,0
1,1,23,15,2147766273,0,0,0,45831778000,45831863000,-1,0,0,0,0,0,0,0,0
1,1,23,15,2147766276,3000,0,0,45831865000,45833739000,-1,0,0,0,0,0,0,0,0
1,1,23,15,2147766277,3064434148,0,0,45833741000,45833745000,6,0,0,0,0,0,0,0,0
1,1,23,15,20483,0,0,0,45833746000,45833748000,-1,0,0,0,0,0,0,0,0
2,1,23,15,0,0,0,0,45833750000,45833849000,-1,0,0,0,0,0,0,0,0
1,2,23,7,1076651027,2829312,0,0,45833857000,45834040000,-1,0,0,0,41943520,0,0,1280,3064438784
1,2,23,7,25602,0,0,0,45834041000,45834044000,-1,0,0,0,0,0,0,0,0
1,2,23,7,25607,0,0,0,45834045000,45848215000,-1,0,0,0,0,0,0,0,0
0,1,23,15,2,0,15,0,45848239000,45848391000,-1,0,0,0,0,0,0,0,0
1,1,23,15,20483,0,0,0,45848395000,45848404000,-1,0,0,0,0,0,0,0,0
1,1,23,15,1088704512,3066196212,0,0,45848406000,45848412000,-1,3066200064,3065053184,0,16777440,41943520,0,1,0
1,1,23,15,2147766273,0,0,0,45848413000,45848511000,-1,0,0,0,0,0,0,0,0
1,1,23,15,2147766276,3000,0,0,45848513000,45850375000,-1,0,0,0,0,0,0,0,0
1,1,23,15,2147766277,3064434148,0,0,45850379000,45850383000,6,0,0,0,0,0,0,0,0
1,1,23,15,20483,0,0,0,45850384000,45850387000,-1,0,0,0,0,0,0,0,0
2,1,23,15,0,0,0,0,45850389000,45850504000,-1,0,0,0,0,0,0,0,0
1,2,23,7,1076651027,2829356,0,0,45850512000,45850692000,-1,0,0,0,41943520,0,0,1280,3065053184
1,2,23,7,25602,0,0,0,45850693000,45850696000,-1,0,0,0,0,0,0,0,0
1,2,23,7,25607,0,0,0,45850697000,45864872000,-1,0,0,0,0,0,0,0,0
0,1,23,15,2,0,15,0,45864894000,45865041000,-1,0,0,0,0,0,0,0,0
1,1,23,15,20483,0,0,0,45865045000,45865053000,-1,0,0,0,0,0,0,0,0
1,1,23,15,1088704512,3066196212,0,0,45865055000,45865061000,-1,3066200064,3064438784,0,16777440,41943520,0,1,0
1,1,23,15,2147766273,0,0,0,45865062000,45865151000,-1,0,0,0,0,0,0,0,0
1,1,23,15,2147766276,3000,0,0,45865152000,45867020000,-1,0,0,0,0,0,0,0,0
1,1,23,15,2147766277,3064434148,0,0,45867023000,45867027000,6,0,0,0,0,0,0,0,0
1,1,23,15,20483,0,0,0,45867028000,45867031000,-1,0,0,0,0,0,0,0,0
2,1,23,15,0,0,0,0,45867033000,45867136000,-1,0,0,0,0,0,0,0,0
1,2,23,7,1076651027,2829312,0,0,45867143000,45867323000,-1,0,0,0,41943520,0,0,1280,3064438784
1,2,23,7,25602,0,0,0,45867359000,45867364000,-1,0,0,0,0,0,0,0,0
1,2,23,7,25607,0,0,0,45867366000,45881516000,-1,0,0,0,0,0,0,0,0
0,1,23,15,2,0,15,0,45881538000,45881689000,-1,0,0,0,0,0,0,0,0
1,1,23,15,20483,0,0,0,45881693000,45881700000,-1,0,0,0,0,0,0,0,0
1,1,23,15,1088704512,3066196212,0,0,45881702000,45881707000,-1,3066200064,3065053184,0,16777440,41943520,0,1,0
1,1,23,15,2147766273,0,0,0,45881709000,45881805000,-1,0,0,0,0,0,0,0,0
1,1,23,15,2147766276,3000,0,0,45881806000,45883674000,-1,0,0,0,0,0,0,0,0
1,1,23,15,2147766277,3064434148,0,0,45883676000,45883679000,6,0,0,0,0,0,0,0,0
1,1,23,15,20483,0,0,0,45883681000,45883683000,-1,0,0,0,0,0,0,0,0
2,1,23,15,0,0,0,0,45883685000,45883794000,-1,0,0,0,0,0,0,0,0
1,2,23,7,1076651027,2829356,0,0,45883801000,45883981000,-1,0,0,0,41943520,0,0,1280,3065053184
1,2,23,7,25602,0,0,0,45883982000,45883985000,-1,0,0,0,0,0,0,0,0
1,2,23,7,25607,0,0,0,45883986000,45898154000,-1,0,0,0,0,0,0,0,0
0,1,23,15,2,0,15,0,45903499000,45903658000,-1,0,0,0,0,0,0,0,0
1,1,23,15,20483,0,0,0,45903665000,45903675000,-1,0,0,0,0,0,0,0,0
1,1,23,15,1088704512,3066196212,0,0,45903677000,45903683000,-1,3066200064,3064438784,0,16777440,41943520,0,1,0
1,1,23,15,2147766273,0,0,0,45903684000,45903782000,-1,0,0,0,0,0,0,0,0
1,1,23,15,2147766276,3000,0,0,45903783000,45905658000,-1,0,0,0,0,0,0,0,0
1,1,23,15,2147766277,3064434148,0,0,45905660000,45905663000,6,0,0,0,0,0,0,0,0
1,1,23,15,20483,0,0,0,45905664000,45905667000,-1,0,0,0,0,0,0,0,0
2,1,23,15,0,0,0,0,45905669000,45905755000,-1,0,0,0,0,0,0,0,0
1,2,23,7,1076651027,2829312,0,0,45905762000,45905942000,-1,0,0,0,41943520,0,0,1280,3064438784
1,2,23,7,25602,0,0,0,45905943000,45905947000,-1,0,0,0,0,0,0,0,0
1,2,23,7,25607,0,0,0,45905948000,45914807000,-1,0,0,0,0,0,0,0,0
0,1,23,15,2,0,15,0,45917596000,45917757000,-1,0,0,0,0,0,0,0,0
1,1,23,15,20483,0,0,0,45917762000,45917773000,-1,0,0,0,0,0,0,0,0
1,1,23,15,1088704512,3066196212,0,0,45917775000,45917781000,-1,3066200064,3065053184,0,16777440,41943520,0,1,0
1,1,23,15,2147766273,0,0,0,45917783000,45917879000,-1,0,0,0,0,0,0,0,0
1,1,23,15,2147766276,3000,0,0,45917881000,45919747000,-1,0,0,0,0,0,0,0,0
1,1,23,15,2147766277,3064434148,0,0,45919750000,45919753000,6,0,0,0,0,0,0,0,0
1,1,23,15,20483,0,0,0,45919755000,45919758000,-1,0,0,0,0,0,0,0,0
2,1,23,15,0,0,0,0,45919759000,45919851000,-1,0,0,0,0,0,0,0,0
1,2,23,7,1076651027,2829356,0,0,45919858000,45920084000,-1,0,0,0,41943520,0,0,1280,3065053184
1,2,23,7,25602,0,0,0,45920086000,45920090000,-1,0,0,0,0,0,0,0,0
1,2,23,7,25607,0,0,0,45920091000,45931497000,-1,0,0,0,0,0,0,0,0
0,1,23,15,2,0,15,0,45931690000,45931839000,-1,0,0,0,0,0,0,0,0
1,1,23,15,20483,0,0,0,45931843000,45931853000,-1,0,0,0,0,0,0,0,0
1,1,23,15,1088704512,3066196212,0,0,45931855000,45931861000,-1,3066200064,3064438784,0,16777440,41943520,0,1,0
1,1,23,15,2147766273,0,0,0,45931863000,45931955000,-1,0,0,0,0,0,0,0,0
1,1,23,15,2147766276,3000,0,0,45931957000,45933826000,-1,0,0,0,0,0,0,0,0
1,1,23,15,2147766277,3064434148,0,0,45933829000,45933832000,6,0,0,0,0,0,0,0,0
1,1,23,15,20483,0,0,0,45933834000,45933836000,-1,0,0,0,0,0,0,0,0
2,1,23,15,0,0,0,0,45933838000,45933924000,-1,0,0,0,0,0,0,0,0
1,2,23,7,1076651027,2829312,0,0,45933931000,45934108000,-1,0,0,0,41943520,0,0,1280,3064438784
1,2,23,7,25602,0,0,0,45934109000,45934112000,-1,0,0,0,0,0,0,0,0
1,2,23,7,25607,0,0,0,45934114000,45948132000,-1,0,0,0,0,0,0,0,0
0,1,23,15,2,0,15,0,45948149000,45948296000,-1,0,0,0,0,0,0,0,0
1,1,23,15,20483,0,0,0,45948339000,45948347000,-1,0,0,0,0,0,0,0,0
1,1,23,15,1088704512,3066196212,0,0,45948349000,45948355000,-1,3066200064,3065053184,0,16777440,41943520,0,1,0
1,1,23,15,2147766273,0,0,0,45948357000,45948452000,-1,0,0,0,0,0,0,0,0
1,1,23,15,2147766276,3000,0,0,45948454000,45950325000,-1,0,0,0,0,0,0,0,0
1,1,23,15,2147766277,3064434148,0,0,45950329000,45950332000,6,0,0,0,0,0,0,0,0
1,1,23,15,20483,0,0,0,45950334000,45950337000,-1,0,0,0,0,0,0,0,0
2,1,23,15,0,0,0,0,45950339000,45950430000,-1,0,0,0,0,0,0,0,0
1,2,23,7,1076651027,2829356,0,0,45950438000,45950619000,-1,0,0,0,41943520,0,0,1280,3065053184
1,2,23,7,25602,0,0,0,45950620000,45950623000,-1,0,0,0,0,0,0,0,0
1,2,23,7,25607,0,0,0,45950624000,45964812000,-1,0,0,0,0,0,0,0,0
0,1,23,15,2,0,15,0,45964836000,45965019000,-1,0,0,0,0,0,0,0,0
1,1,23,15,20483,0,0,0,45965024000,45965033000,-1,0,0,0,0,0,0,0,0
1,1,23,15,1088704512,3066196212,0,0,45965035000,45965041000,-1,3066200064,3064438784,0,16777440,41943520,0,1,0
1,1,23,15,2147766273,0,0,0,45965043000,45965133000,-1,0,0,0,0,0,0,0,0
1,1,23,15,2147766276,3000,0,0,45965135000,45967003000,-1,0,0,0,0,0,0,0,0
1,1,23,15,2147766277,3064434148,0,0,45967006000,45967010000,6,0,0,0,0,0,0,0,0
1,1,23,15,20483,0,0,0,45967011000,45967014000,-1,0,0,0,0,0,0,0,0
2,1,23,15,0,0,0,0,45967016000,45967119000,-1,0,0,0,0,0,0,0,0
1,2,23,7,1076651027,2829312,0,0,45967127000,45967307000,-1,0,0,0,41943520,0,0,1280,3064438784
1,2,23,7,25602,0,0,0,45967308000,45967311000,-1,0,0,0,0,0,0,0,0
1,2,23,7,25607,0,0,0,45967312000,45981487000,-1,0,0,0,0,0,0,0,0
0,1,23,15,2,0,15,0,45981510000,45981654000,-1,0,0,0,0,0,0,0,0
1,1,23,15,20483,0,0,0,45981658000,45981666000,-1,0,0,0,0,0,0,0,0
1,1,23,15,1088704512,3066196212,0,0,45981667000,45981673000,-1,3066200064,3065053184,0,16777440,41943520,0,1,0
1,1,23,15,2147766273,0,0,0,45981674000,45981761000,-1,0,0,0,0,0,0,0,0
1,1,23,15,2147766276,3000,0,0,45981763000,45983631000,-1,0,0,0,0,0,0,0,0
1,1,23,15,2147766277,3064434148,0,0,45983634000,45983638000,6,0,0,0,0,0,0,0,0
1,1,23,15,20483,0,0,0,45983639000,45983642000,-1,0,0,0,0,0,0,0,0
2,1,23,15,0,0,0,0,45983644000,45983748000,-1,0,0,0,0,0,0,0,0
1,2,23,7,1076651027,2829356,0,0,45983757000,45983937000,-1,0,0,0,41943520,0,0,1280,3065053184
1,2,23,7,25602,0,0,0,45983938000,45983942000,-1,0,0,0,0,0,0,0,0
1,2,23,7,25607,0,0,0,45983943000,45998128000,-1,0,0,0,0,0,0,0,0
0,1,23,15,2,0,15,0,45998151000,45998305000,-1,0,0,0,0,0,0,0,0
1,1,23,15,20483,0,0,0,45998310000,45998319000,-1,0,0,0,0,0,0,0,0
1,1,23,15,1088704512,3066196212,0,0,45998321000,45998327000,-1,3066200064,3064438784,0,16777440,41943520,0,1,0
1,1,23,15,2147766273,0,0,0,45998329000,45998426000,-1,0,0,0,0,0,0,0,0
1,1,23,15,2147766276,3000,0,0,45998427000,46000288000,-1,0,0,0,0,0,0,0,0
1,1,23,15,2147766277,3064434148,0,0,46000292000,46000296000,6,0,0,0,0,0,0,0,0
1,1,23,15,20483,0,0,0,46000297000,46000300000,-1,0,0,0,0,0,0,0,0
2,1,23,15,0,0,0,0,46000302000,46000411000,-1,0,0,0,0,0,0,0,0
1,2,23,7,1076651027,2829312,0,0,46000420000,46000600000,-1,0,0,0,41943520,0,0,1280,3064438784
1,2,23,7,25602,0,0,0,46000602000,46000606000,-1,0,0,0,0,0,0,0,0
1,2,23,7,25607,0,0,0,46000607000,46014784000,-1,0,0,0,0,0,0,0,0
0,1,23,15,2,0,15,0,46014807000,46014951000,-1,0,0,0,0,0,0,0,0
1,1,23,15,20483,0,0,0,46014956000,46014964000,-1,0,0,0,0,0,0,0,0
1,1,23,15,1088704512,3066196212,0,0,46014966000,46014972000,-1,3066200064,3065053184,0,16777440,41943520,0,1,0
1,1,23,15,2147766273,0,0,0,46014974000,46015064000,-1,0,0,0,0,0,0,0,0
1,1,23,15,2147766276,3000,0,0,46015108000,46016937000,-1,0,0,0,0,0,0,0,0
1,1,23,15,2147766277,3064434148,0,0,46016939000,46016942000,6,0,0,0,0,0,0,0,0
1,1,23,15,20483,0,0,0,46016943000,46016946000,-1,0,0,0,0,0,0,0,0
2,1,23,15,0,0,0,0,46016948000,46017036000,-1,0,0,0,0,0,0,0,0
1,2,23,7,1076651027,2829356,0,0,46017044000,46017255000,-1,0,0,0,41943520,0,0,1280,3065053184
1,2,23,7,25602,0,0,0,46017256000,46017260000,-1,0,0,0,0,0,0,0,0
1,2,23,7,25607,0,0,0,46017261000,46031410000,-1,0,0,0,0,0,0,0,0
0,1,23,15,2,0,15,0,46032443000,46032604000,-1,0,0,0,0,0,0,0,0
1,1,23,15,20483,0,0,0,46032611000,46032619000,-1,0,0,0,0,0,0,0,0
1,1,23,15,1088704512,3066196212,0,0,46032622000,46032629000,-1,3066200064,3064438784,0,16777440,41943520,0,1,0
1,1,23,15,2147766273,0,0,0,46032630000,46032721000,-1,0,0,0,0,0,0,0,0
1,1,23,15,2147766276,3000,0,0,46032723000,46034758000,-1,0,0,0,0,0,0,0,0
1,1,23,15,2147766277,3064434148,0,0,46034760000,46034764000,6,0,0,0,0,0,0,0,0
1,1,23,15,20483,0,0,0,46034765000,46034769000,-1,0,0,0,0,0,0,0,0
2,1,23,15,0,0,0,0,46034771000,46034877000,-1,0,0,0,0,0,0,0,0
1,2,23,7,1076651027,2829312,0,0,46034884000,46035064000,-1,0,0,0,41943520,0,0,1280,3064438784
1,2,23,7,25602,0,0,0,46035065000,46035069000,-1,0,0,0,0,0,0,0,0
1,2,23,7,25607,0,0,0,46035070000,46048093000,-1,0,0,0,0,0,0,0,0
0,1,23,15,2,0,15,0,46048421000,46048566000,-1,0,0,0,0,0,0,0,0
1,1,23,15,20483,0,0,0,46048570000,46048578000,-1,0,0,0,0,0,0,0,0
1,1,23,15,1088704512,3066196212,0,0,46048580000,46048587000,-1,3066200064,3065053184,0,16777440,41943520,0,1,0
1,1,23,15,2147766273,0,0,0,46048588000,46048678000,-1,0,0,0,0,0,0,0,0
1,1,23,15,2147766276,3000,0,0,46048681000,46050552000,-1,0,0,0,0,0,0,0,0
1,1,23,15,2147766277,3064434148,0,0,46050555000,46050559000,6,0,0,0,0,0,0,0,0
1,1,23,15,20483,0,0,0,46050560000,46050563000,-1,0,0,0,0,0,0,0,0
2,1,23,15,0,0,0,0,46050565000,46050657000,-1,0,0,0,0,0,0,0,0
1,2,23,7,1076651027,2829356,0,0,46050665000,46050845000,-1,0,0,0,41943520,0,0,1280,3065053184
1,2,23,7,25602,0,0,0,46050846000,46050850000,-1,0,0,0,0,0,0,0,0
1,2,23,7,25607,0,0,0,46050851000,46064734000,-1,0,0,0,0,0,0,0,0
0,1,23,15,2,0,15,0,46064751000,46064899000,-1,0,0,0,0,0,0,0,0
1,1,23,15,20483,0,0,0,46064902000,46064909000,-1,0,0,0,0,0,0,0,0
1,1,23,15,1088704512,3066196212,0,0,46064911000,46064917000,-1,3066200064,3064438784,0,16777440,41943520,0,1,0
1,1,23,15,2147766273,0,0,0,46064918000,46065008000,-1,0,0,0,0,0,0,0,0
1,1,23,15,2147766276,3000,0,0,46065011000,46066875000,-1,0,0,0,0,0,0,0,0
1,1,23,15,2147766277,3064434148,0,0,46066878000,46066881000,6,0,0,0,0,0,0,0,0
1,1,23,15,20483,0,0,0,46066882000,46066884000,-1,0,0,0,0,0,0,0,0
2,1,23,15,0,0,0,0,46066886000,46066967000,-1,0,0,0,0,0,0,0,0
1,2,23,7,1076651027,2829312,0,0,46066974000,46067153000,-1,0,0,0,41943520,0,0,1280,3064438784
1,2,23,7,25602,0,0,0,46067154000,46067156000,-1,0,0,0,0,0,0,0,0
1,2,23,7,25607,0,0,0,46067158000,46081390000,-1,0,0,0,0,0,0,0,0
0,1,23,15,2,0,15,0,46081407000,46081554000,-1,0,0,0,0,0,0,0,0
1,1,23,15,20483,0,0,0,46081559000,46081567000,-1,0,0,0,0,0,0,0,0
1,1,23,15,1088704512,3066196212,0,0,46081568000,46081574000,-1,3066200064,3065053184,0,16777440,41943520,0,1,0
1,1,23,15,2147766273,0,0,0,46081575000,46081663000,-1,0,0,0,0,0,0,0,0
1,1,23,15,2147766276,3000,0,0,46081665000,46083529000,-1,0,0,0,0,0,0,0,0
1,1,23,15,2147766277,3064434148,0,0,46083532000,46083535000,6,0,0,0,0,0,0,0,0
1,1,23,15,20483,0,0,0,46083569000,46083573000,-1,0,0,0,0,0,0,0,0
2,1,23,15,0,0,0,0,46083576000,46083664000,-1,0,0,0,0,0,0,0,0
1,2,23,7,1076651027,2829356,0,0,46083672000,46083851000,-1,0,0,0,41943520,0,0,1280,3065053184
1,2,23,7,25602,0,0,0,46083852000,46083855000,-1,0,0,0,0,0,0,0,0
1,2,23,7,25607,0,0,0,46083857000,46098075000,-1,0,0,0,0,0,0,0,0
0,1,23,15,2,0,15,0,46098097000,46098249000,-1,0,0,0,0,0,0,0,0
1,1,23,15,20483,0,0,0,46098254000,46098262000,-1,0,0,0,0,0,0,0,0
1,1,23,15,1088704512,3066196212,0,0,46098264000,46098269000,-1,3066200064,3064438784,0,16777440,41943520,0,1,0
1,1,23,15,2147766273,0,0,0,46098271000,46098398000,-1,0,0,0,0,0,0,0,0
1,1,23,15,2147766276,3000,0,0,46098401000,46100266000,-1,0,0,0,0,0,0,0,0
1,1,23,15,2147766277,3064434148,0,0,46100269000,46100272000,6,0,0,0,0,0,0,0,0
1,1,23,15,20483,0,0,0,46100273000,46100276000,-1,0,0,0,0,0,0,0,0
2,1,23,15,0,0,0,0,46100278000,46100385000,-1,0,0,0,0,0,0,0,0
1,2,23,7,1076651027,2829312,0,0,46100395000,46100574000,-1,0,0,0,41943520,0,0,1280,3064438784
1,2,23,7,25602,0,0,0,46100575000,46100579000,-1,0,0,0,0,0,0,0,0
1,2,23,7,25607,0,0,0,46100580000,46114725000,-1,0,0,0,0,0,0,0,0
0,1,23,15,2,0,15,0,46114749000,46114898000,-1,0,0,0,0,0,0,0,0
1,1,23,15,20483,0,0,0,46114902000,46114910000,-1,0,0,0,0,0,0,0,0
1,1,23,15,1088704512,3066196212,0,0,46114912000,46114917000,-1,3066200064,3065053184,0,16777440,41943520,0,1,0
1,1,23,15,2147766273,0,0,0,46114919000,46115009000,-1,0,0,0,0,0,0,0,0
1,1,23,15,2147766276,3000,0,0,46115011000,46116877000,-1,0,0,0,0,0,0,0,0
1,1,23,15,2147766277,3064434148,0,0,46116881000,46116884000,6,0,0,0,0,0,0,0,0
1,1,23,15,20483,0,0,0,46116885000,46116888000,-1,0,0,0,0,0,0,0,0
2,1,23,15,0,0,0,0,46116890000,46116995000,-1,0,0,0,0,0,0,0,0
1,2,23,7,1076651027,2829356,0,0,46117003000,46117183000,-1,0,0,0,41943520,0,0,1280,3065053184
1,2,23,7,25602,0,0,0,46117184000,46117188000,-1,0,0,0,0,0,0,0,0
1,2,23,7,25607,0,0,0,46117189000,46131401000,-1,0,0,0,0,0,0,0,0
0,1,23,15,2,0,15,0,46131426000,46131574000,-1,0,0,0,0,0,0,0,0
1,1,23,15,20483,0,0,0,46131578000,46131586000,-1,0,0,0,0,0,0,0,0
1,1,23,15,1088704512,3066196212,0,0,46131587000,46131594000,-1,3066200064,3064438784,0,16777440,41943520,0,1,0
1,1,23,15,2147766273,0,0,0,46131595000,46131686000,-1,0,0,0,0,0,0,0,0
1,1,23,15,2147766276,3000,0,0,46131688000,46133554000,-1,0,0,0,0,0,0,0,0
1,1,23,15,2147766277,3064434148,0,0,46133557000,46133561000,6,0,0,0,0,0,0,0,0
1,1,23,15,20483,0,0,0,46133562000,46133565000,-1,0,0,0,0,0,0,0,0
2,1,23,15,0,0,0,0,46133567000,46133669000,-1,0,0,0,0,0,0,0,0
1,2,23,7,1076651027,2829312,0,0,46133677000,46133858000,-1,0,0,0,41943520,0,0,1280,3064438784
1,2,23,7,25602,0,0,0,46133860000,46133863000,-1,0,0,0,0,0,0,0,0
1,2,23,7,25607,0,0,0,46133865000,46148035000,-1,0,0,0,0,0,0,0,0
0,1,23,15,2,0,15,0,46148059000,46148203000,-1,0,0,0,0,0,0,0,0
1,1,23,15,20483,0,0,0,46148208000,46148215000,-1,0,0,0,0,0,0,0,0
1,1,23,15,1088704512,3066196212,0,0,46148216000,46148222000,-1,3066200064,3065053184,0,16777440,41943520,0,1,0
1,1,23,15,2147766273,0,0,0,46148223000,46148308000,-1,0,0,0,0,0,0,0,0
1,1,23,15,2147766276,3000,0,0,46148310000,46150174000,-1,0,0,0,0,0,0,0,0
1,1,23,15,2147766277,3064434148,0,0,46150179000,46150183000,6,0,0,0,0,0,0,0,0
1,1,23,15,20483,0,0,0,46150184000,46150187000,-1,0,0,0,0,0,0,0,0
2,1,23,15,0,0,0,0,46150189000,46150282000,-1,0,0,0,0,0,0,0,0
1,2,23,7,1076651027,2829356,0,0,46150291000,46150471000,-1,0,0,0,41943520,0,0,1280,3065053184
1,2,23,7,25602,0,0,0,46150507000,46150512000,-1,0,0,0,0,0,0,0,0
1,2,23,7,25607,0,0,0,46150513000,46164703000,-1,0,0,0,0,0,0,0,0
0,1,23,15,2,0,15,0,46164726000,46164880000,-1,0,0,0,0,0,0,0,0
1,1,23,15,20483,0,0,0,46164884000,46164892000,-1,0,0,0,0,0,0,0,0
1,1,23,15,1088704512,3066196212,0,0,46164894000,46164900000,-1,3066200064,3064438784,0,16777440,41943520,0,1,0
1,1,23,15,2147766273,0,0,0,46164901000,46164997000,-1,0,0,0,0,0,0,0,0
1,1,23,15,2147766276,3000,0,0,46164999000,46166871000,-1,0,0,0,0,0,0,0,0
1,1,23,15,2147766277,3064434148,0,0,46166875000,46166877000,6,0,0,0,0,0,0,0,0
1,1,23,15,20483,0,0,0,46166879000,46166881000,-1,0,0,0,0,0,0,0,0
2,1,23,15,0,0,0,0,46166883000,46166968000,-1,0,0,0,0,0,0,0,0
1,2,23,7,1076651027,2829312,0,0,46166976000,46167155000,-1,0,0,0,41943520,0,0,1280,3064438784
1,2,23,7,25602,0,0,0,46167156000,46167160000,-1,0,0,0,0,0,0,0,0
1,2,23,7,25607,0,0,0,46167161000,46181361000,-1,0,0,0,0,0,0,0,0
0,1,23,15,2,0,15,0,46181544000,46181697000,-1,0,0,0,0,0,0,0,0
1,1,23,15,20483,0,0,0,46181702000,46181711000,-1,0,0,0,0,0,0,0,0
1,1,23,15,1088704512,3066196212,0,0,46181713000,46181719000,-1,3066200064,3065053184,0,16777440,41943520,0,1,0
1,1,23,15,2147766273,0,0,0,46181721000,46181815000,-1,0,0,0,0,0,0,0,0
1,1,23,15,2147766276,3000,0,0,46181817000,46183691000,-1,0,0,0,0,0,0,0,0
1,1,23,15,2147766277,3064434148,0,0,46183693000,46183696000,6,0,0,0,0,0,0,0,0
1,1,23,15,20483,0,0,0,46183697000,46183700000,-1,0,0,0,0,0,0,0,0
2,1,23,15,0,0,0,0,46183702000,46183787000,-1,0,0,0,0,0,0,0,0
1,2,23,7,1076651027,2829356,0,0,46183794000,46183974000,-1,0,0,0,41943520,0,0,1280,3065053184
1,2,23,7,25602,0,0,0,46183976000,46183979000,-1,0,0,0,0,0,0,0,0
1,2,23,7,25607,0,0,0,46183980000,46197989000,-1,0,0,0,0,0,0,0,0
0,1,23,15,2,0,15,0,46198007000,46198150000,-1,0,0,0,0,0,0,0,0
1,1,23,15,20483,0,0,0,46198153000,46198160000,-1,0,0,0,0,0,0,0,0
1,1,23,15,1088704512,3066196212,0,0,46198162000,46198168000,-1,3066200064,3064438784,0,16777440,41943520,0,1,0
1,1,23,15,2147766273,0,0,0,46198170000,46198257000,-1,0,0,0,0,0,0,0,0
1,1,23,15,2147766276,3000,0,0,46198258000,46200123000,-1,0,0,0,0,0,0,0,0
1,1,23,15,2147766277,3064434148,0,0,46200126000,46200130000,6,0,0,0,0,0,0,0,0
1,1,23,15,20483,0,0,0,46200131000,46200134000,-1,0,0,0,0,0,0,0,0
2,1,23,15,0,0,0,0,46200136000,46200224000,-1,0,0,0,0,0,0,0,0
1,2,23,7,1076651027,2829312,0,0,46200232000,46200409000,-1,0,0,0,41943520,0,0,1280,3064438784
1,2,23,7,25602,0,0,0,46200410000,46200414000,-1,0,0,0,0,0,0,0,0
1,2,23,7,25607,0,0,0,46200415000,46214632000,-1,0,0,0,0,0,0,0,0
0,1,23,15,2,0,15,0,46227166000,46227324000,-1,0,0,0,0,0,0,0,0
1,1,23,15,20483,0,0,0,46227330000,46227340000,-1,0,0,0,0,0,0,0,0
1,1,23,15,1088704512,3066196212,0,0,46227343000,46227349000,-1,3066200064,3065053184,0,16777440,41943520,0,1,0
1,1,23,15,2147766273,0,0,0,46227351000,46227445000,-1,0,0,0,0,0,0,0,0
1,1,23,15,2147766276,3000,0,0,46227447000,46229319000,-1,0,0,0,0,0,0,0,0
1,1,23,15,2147766277,3064434148,0,0,46229321000,46229324000,6,0,0,0,0,0,0,0,0
1,1,23,15,20483,0,0,0,46229325000,46229327000,-1,0,0,0,0,0,0,0,0
2,1,23,15,0,0,0,0,46229329000,46229418000,-1,0,0,0,0,0,0,0,0
1,2,23,7,1076651027,2829356,0,0,46229425000,46229606000,-1,0,0,0,41943520,0,0,1280,3065053184
1,2,23,7,25602,0,0,0,46229607000,46229610000,-1,0,0,0,0,0,0,0,0
1,2,23,7,25607,0,0,0,46229612000,46231703000,-1,0,0,0,0,0,0,0,0
0,1,23,15,2,0,15,0,46243002000,46243158000,-1,0,0,0,0,0,0,0,0
1,1,23,15,20483,0,0,0,46243164000,46243174000,-1,0,0,0,0,0,0,0,0
1,1,23,15,1088704512,3066196212,0,0,46243176000,46243183000,-1,3066200064,3064438784,0,16777440,41943520,0,1,0
1,1,23,15,2147766273,0,0,0,46243184000,46243278000,-1,0,0,0,0,0,0,0,0
1,1,23,15,2147766276,3000,0,0,46243280000,46245147000,-1,0,0,0,0,0,0,0,0
1,1,23,15,2147766277,3064434148,0,0,46245150000,46245152000,6,0,0,0,0,0,0,0,0
1,1,23,15,20483,0,0,0,46245154000,46245156000,-1,0,0,0,0,0,0,0,0
2,1,23,15,0,0,0,0,46245159000,46245264000,-1,0,0,0,0,0,0,0,0
1,2,23,7,1076651027,2829312,0,0,46245272000,46245453000,-1,0,0,0,41943520,0,0,1280,3064438784
1,2,23,7,25602,0,0,0,46245454000,46245458000,-1,0,0,0,0,0,0,0,0
1,2,23,7,25607,0,0,0,46245460000,46247951000,-1,0,0,0,0,0,0,0,0
0,1,23,15,2,0,15,0,46257265000,46257431000,-1,0,0,0,0,0,0,0,0
1,1,23,15,20483,0,0,0,46257436000,46257446000,-1,0,0,0,0,0,0,0,0
1,1,23,15,1088704512,3066196212,0,0,46257449000,46257456000,-1,3066200064,3065053184,0,16777440,41943520,0,1,0
1,1,23,15,2147766273,0,0,0,46257457000,46257558000,-1,0,0,0,0,0,0,0,0
1,1,23,15,2147766276,3000,0,0,46257560000,46259443000,-1,0,0,0,0,0,0,0,0
1,1,23,15,2147766277,3064434148,0,0,46259446000,46259450000,6,0,0,0,0,0,0,0,0
1,1,23,15,20483,0,0,0,46259451000,46259454000,-1,0,0,0,0,0,0,0,0
2,1,23,15,0,0,0,0,46259456000,46259549000,-1,0,0,0,0,0,0,0,0
1,2,23,7,1076651027,2829356,0,0,46259556000,46259736000,-1,0,0,0,41943520,0,0,1280,3065053184
1,2,23,7,25602,0,0,0,46259737000,46259741000,-1,0,0,0,0,0,0,0,0
1,2,23,7,25607,0,0,0,46259742000,46264614000,-1,0,0,0,0,0,0,0,0
0,1,23,15,2,0,15,0,46274271000,46274442000,-1,0,0,0,0,0,0,0,0
1,1,23,15,20483,0,0,0,46274447000,46274459000,-1,0,0,0,0,0,0,0,0
1,1,23,15,1088704512,3066196212,0,0,46274461000,46274469000,-1,3066200064,3064438784,0,16777440,41943520,0,1,0
1,1,23,15,2147766273,0,0,0,46274470000,46274574000,-1,0,0,0,0,0,0,0,0
1,1,23,15,2147766276,3000,0,0,46274577000,46276459000,-1,0,0,0,0,0,0,0,0
1,1,23,15,2147766277,3064434148,0,0,46276462000,46276465000,6,0,0,0,0,0,0,0,0
1,1,23,15,20483,0,0,0,46276467000,46276470000,-1,0,0,0,0,0,0,0,0
2,1,23,15,0,0,0,0,46276472000,46276566000,-1,0,0,0,0,0,0,0,0
1,2,23,7,1076651027,2829312,0,0,46276574000,46276755000,-1,0,0,0,41943520,0,0,1280,3064438784
1,2,23,7,25602,0,0,0,46276756000,46276760000,-1,0,0,0,0,0,0,0,0
1,2,23,7,25607,0,0,0,46276761000,46281270000,-1,0,0,0,0,0,0,0,0
0,1,23,15,2,0,15,0,46291669000,46291837000,-1,0,0,0,0,0,0,0,0
1,1,23,15,20483,0,0,0,46291844000,46291854000,-1,0,0,0,0,0,0,0,0
1,1,23,15,1088704512,3066196212,0,0,46291856000,46291862000,-1,3066200064,3065053184,0,16777440,41943520,0,1,0
1,1,23,15,2147766273,0,0,0,46291864000,46291969000,-1,0,0,0,0,0,0,0,0
1,1,23,15,2147766276,3000,0,0,46291971000,46293851000,-1,0,0,0,0,0,0,0,0
1,1,23,15,2147766277,3064434148,0,0,46293854000,46293857000,6,0,0,0,0,0,0,0,0
1,1,23,15,20483,0,0,0,46293858000,46293861000,-1,0,0,0,0,0,0,0,0
2,1,23,15,0,0,0,0,46293864000,46293956000,-1,0,0,0,0,0,0,0,0
1,2,23,7,1076651027,2829356,0,0,46293963000,46294143000,-1,0,0,0,41943520,0,0,1280,3065053184
1,2,23,7,25602,0,0,0,46294144000,46294148000,-1,0,0,0,0,0,0,0,0
1,2,23,7,25607,0,0,0,46294150000,46297924000,-1,0,0,0,0,0,0,0,0
0,1,23,15,2,0,15,0,46309077000,46309241000,-1,0,0,0,0,0,0,0,0
1,1,23,15,20483,0,0,0,46309247000,46309257000,-1,0,0,0,0,0,0,0,0
1,1,23,15,1088704512,3066196212,0,0,46309260000,46309265000,-1,3066200064,3064438784,0,16777440,41943520,0,1,0
1,1,23,15,2147766273,0,0,0,46309305000,46309410000,-1,0,0,0,0,0,0,0,0
1,1,23,15,2147766276,3000,0,0,46309413000,46311314000,-1,0,0,0,0,0,0,0,0
1,1,23,15,2147766277,3064434148,0,0,46311318000,46311322000,6,0,0,0,0,0,0,0,0
1,1,23,15,20483,0,0,0,46311323000,46311326000,-1,0,0,0,0,0,0,0,0
2,1,23,15,0,0,0,0,46311329000,46311424000,-1,0,0,0,0,0,0,0,0
1,2,23,7,1076651027,2829312,0,0,46311433000,46311614000,-1,0,0,0,41943520,0,0,1280,3064438784
1,2,23,7,25602,0,0,0,46311615000,46311618000,-1,0,0,0,0,0,0,0,0
1,2,23,7,25607,0,0,0,46311620000,46314582000,-1,0,0,0,0,0,0,0,0
0,1,23,15,2,0,15,0,46326429000,46326581000,-1,0,0,0,0,0,0,0,0
1,1,23,15,20483,0,0,0,46326587000,46326598000,-1,0,0,0,0,0,0,0,0
1,1,23,15,1088704512,3066196212,0,0,46326599000,46326606000,-1,3066200064,3065053184,0,16777440,41943520,0,1,0
1,1,23,15,2147766273,0,0,0,46326608000,46326698000,-1,0,0,0,0,0,0,0,0
1,1,23,15,2147766276,3000,0,0,46326701000,46328577000,-1,0,0,0,0,0,0,0,0
1,1,23,15,2147766277,3064434148,0,0,46328579000,46328582000,6,0,0,0,0,0,0,0,0
1,1,23,15,20483,0,0,0,46328584000,46328586000,-1,0,0,0,0,0,0,0,0
2,1,23,15,0,0,0,0,46328588000,46328673000,-1,0,0,0,0,0,0,0,0
1,2,23,7,1076651027,2829356,0,0,46328682000,46328861000,-1,0,0,0,41943520,0,0,1280,3065053184
1,2,23,7,25602,0,0,0,46328862000,46328866000,-1,0,0,0,0,0,0,0,0
1,2,23,7,25607,0,0,0,46328867000,46331234000,-1,0,0,0,0,0,0,0,0
0,1,23,15,2,0,15,0,46340523000,46340686000,-1,0,0,0,0,0,0,0,0
1,1,23,15,20483,0,0,0,46340692000,46340702000,-1,0,0,0,0,0,0,0,0
1,1,23,15,1088704512,3066196212,0,0,46340704000,46340711000,-1,3066200064,3064438784,0,16777440,41943520,0,1,0
1,1,23,15,2147766273,0,0,0,46340713000,46340815000,-1,0,0,0,0,0,0,0,0
1,1,23,15,2147766276,3000,0,0,46340817000,46342685000,-1,0,0,0,0,0,0,0,0
1,1,23,15,2147766277,3064434148,0,0,46342688000,46342691000,6,0,0,0,0,0,0,0,0
1,1,23,15,20483,0,0,0,46342692000,46342695000,-1,0,0,0,0,0,0,0,0
2,1,23,15,0,0,0,0,46342697000,46342801000,-1,0,0,0,0,0,0,0,0
1,2,23,7,1076651027,2829312,0,0,46342808000,46342989000,-1,0,0,0,41943520,0,0,1280,3064438784
1,2,23,7,25602,0,0,0,46342990000,46342994000,-1,0,0,0,0,0,0,0,0
1,2,23,7,25607,0,0,0,46342995000,46347891000,-1,0,0,0,0,0,0,0,0
0,1,23,15,2,0,15,0,46355869000,46356034000,-1,0,0,0,0,0,0,0,0
1,1,23,15,20483,0,0,0,46356041000,46356050000,-1,0,0,0,0,0,0,0,0
1,1,23,15,1088704512,3066196212,0,0,46356053000,46356060000,-1,3066200064,3065053184,0,16777440,41943520,0,1,0
1,1,23,15,2147766273,0,0,0,46356061000,46356163000,-1,0,0,0,0,0,0,0,0
1,1,23,15,2147766276,3000,0,0,46356165000,46358043000,-1,0,0,0,0,0,0,0,0
1,1,23,15,2147766277,3064434148,0,0,46358047000,46358050000,6,0,0,0,0,0,0,0,0
1,1,23,15,20483,0,0,0,46358052000,46358055000,-1,0,0,0,0,0,0,0,0
2,1,23,15,0,0,0,0,46358057000,46358152000,-1,0,0,0,0,0,0,0,0
1,2,23,7,1076651027,2829356,0,0,46358160000,46358340000,-1,0,0,0,41943520,0,0,1280,3065053184
1,2,23,7,25602,0,0,0,46358341000,46358345000,-1,0,0,0,0,0,0,0,0
1,2,23,7,25607,0,0,0,46358346000,46364551000,-1,0,0,0,0,0,0,0,0
0,1,23,15,2,0,15,0,46372875000,46373042000,-1,0,0,0,0,0,0,0,0
1,1,23,15,20483,0,0,0,46373048000,46373059000,-1,0,0,0,0,0,0,0,0
1,1,23,15,1088704512,3066196212,0,0,46373061000,46373068000,-1,3066200064,3064438784,0,16777440,41943520,0,1,0
1,1,23,15,2147766273,0,0,0,46373069000,46373165000,-1,0,0,0,0,0,0,0,0
1,1,23,15,2147766276,3000,0,0,46373166000,46375050000,-1,0,0,0,0,0,0,0,0
1,1,23,15,2147766277,3064434148,0,0,46375090000,46375094000,6,0,0,0,0,0,0,0,0
1,1,23,15,20483,0,0,0,46375095000,46375099000,-1,0,0,0,0,0,0,0,0
2,1,23,15,0,0,0,0,46375101000,46375201000,-1,0,0,0,0,0,0,0,0
1,2,23,7,1076651027,2829312,0,0,46375210000,46375390000,-1,0,0,0,41943520,0,0,1280,3064438784
1,2,23,7,25602,0,0,0,46375391000,46375395000,-1,0,0,0,0,0,0,0,0
1,2,23,7,25607,0,0,0,46375396000,46381213000,-1,0,0,0,0,0,0,0,0
0,1,23,15,2,0,15,0,46390373000,46390541000,-1,0,0,0,0,0,0,0,0
1,1,23,15,20483,0,0,0,46390546000,46390558000,-1,0,0,0,0,0,0,0,0
1,1,23,15,1088704512,3066196212,0,0,46390560000,46390567000,-1,3066200064,3065053184,0,16777440,41943520,0,1,0
1,1,23,15,2147766273,0,0,0,46390569000,46390667000,-1,0,0,0,0,0,0,0,0
1,1,23,15,2147766276,3000,0,0,46390669000,46392543000,-1,0,0,0,0,0,0,0,0
1,1,23,15,2147766277,3064434148,0,0,46392547000,46392550000,6,0,0,0,0,0,0,0,0
1,1,23,15,20483,0,0,0,46392551000,46392554000,-1,0,0,0,0,0,0,0,0
2,1,23,15,0,0,0,0,46392556000,46392648000,-1,0,0,0,0,0,0,0,0
1,2,23,7,1076651027,2829356,0,0,46392655000,46392836000,-1,0,0,0,41943520,0,0,1280,3065053184
1,2,23,7,25602,0,0,0,46392837000,46392841000,-1,0,0,0,0,0,0,0,0
1,2,23,7,25607,0,0,0,46392842000,46397869000,-1,0,0,0,0,0,0,0,0
0,1,23,15,2,0,15,0,46407692000,46407856000,-1,0,0,0,0,0,0,0,0
1,1,23,15,20483,0,0,0,46407862000,46407872000,-1,0,0,0,0,0,0,0,0
1,1,23,15,1088704512,3066196212,0,0,46407874000,46407881000,-1,3066200064,3064438784,0,16777440,41943520,0,1,0
1,1,23,15,2147766273,0,0,0,46407882000,46407981000,-1,0,0,0,0,0,0,0,0
1,1,23,15,2147766276,3000,0,0,46407983000,46409867000,-1,0,0,0,0,0,0,0,0
1,1,23,15,2147766277,3064434148,0,0,46409870000,46409873000,6,0,0,0,0,0,0,0,0
1,1,23,15,20483,0,0,0,46409874000,46409877000,-1,0,0,0,0,0,0,0,0
2,1,23,15,0,0,0,0,46409879000,46409973000,-1,0,0,0,0,0,0,0,0
1,2,23,7,1076651027,2829312,0,0,46409982000,46410204000,-1,0,0,0,41943520,0,0,1280,3064438784
1,2,23,7,25602,0,0,0,46410206000,46410209000,-1,0,0,0,0,0,0,0,0
1,2,23,7,25607,0,0,0,46410211000,46414525000,-1,0,0,0,0,0,0,0,0
0,1,23,15,2,0,15,0,46425095000,46425259000,-1,0,0,0,0,0,0,0,0
1,1,23,15,20483,0,0,0,46425266000,46425275000,-1,0,0,0,0,0,0,0,0
1,1,23,15,1088704512,3066196212,0,0,46425278000,46425285000,-1,3066200064,3065053184,0,16777440,41943520,0,1,0
1,1,23,15,2147766273,0,0,0,46425286000,46425382000,-1,0,0,0,0,0,0,0,0
1,1,23,15,2147766276,3000,0,0,46425384000,46427262000,-1,0,0,0,0,0,0,0,0
1,1,23,15,2147766277,3064434148,0,0,46427265000,46427269000,6,0,0,0,0,0,0,0,0
1,1,23,15,20483,0,0,0,46427270000,46427273000,-1,0,0,0,0,0,0,0,0
2,1,23,15,0,0,0,0,46427275000,46427365000,-1,0,0,0,0,0,0,0,0
1,2,23,7,1076651027,2829356,0,0,46427374000,46427554000,-1,0,0,0,41943520,0,0,1280,3065053184
1,2,23,7,25602,0,0,0,46427555000,46427559000,-1,0,0,0,0,0,0,0,0
1,2,23,7,25607,0,0,0,46427560000,46431192000,-1,0,0,0,0,0,0,0,0
0,1,23,15,2,0,15,0,46444124000,46444282000,-1,0,0,0,0,0,0,0,0
1,1,23,15,20483,0,0,0,46444288000,46444298000,-1,0,0,0,0,0,0,0,0
1,1,23,15,1088704512,3066196212,0,0,46444300000,46444306000,-1,3066200064,3064438784,0,16777440,41943520,0,1,0
1,1,23,15,2147766273,0,0,0,46444308000,46444404000,-1,0,0,0,0,0,0,0,0
1,1,23,15,2147766276,3000,0,0,46444406000,46446283000,-1,0,0,0,0,0,0,0,0
1,1,23,15,2147766277,3064434148,0,0,46446286000,46446290000,6,0,0,0,0,0,0,0,0
1,1,23,15,20483,0,0,0,46446291000,46446294000,-1,0,0,0,0,0,0,0,0
2,1,23,15,0,0,0,0,46446296000,46446424000,-1,0,0,0,0,0,0,0,0
1,2,23,7,1076651027,2829312,0,0,46446467000,46446647000,-1,0,0,0,41943520,0,0,1280,3064438784
1,2,23,7,25602,0,0,0,46446649000,46446653000,-1,0,0,0,0,0,0,0,0
1,2,23,7,25607,0,0,0,46446654000,46447842000,-1,0,0,0,0,0,0,0,0
0,1,23,15,2,0,15,0,46460237000,46460404000,-1,0,0,0,0,0,0,0,0
1,1,23,15,20483,0,0,0,46460409000,46460420000,-1,0,0,0,0,0,0,0,0
1,1,23,15,1088704512,3066196212,0,0,46460422000,46460429000,-1,3066200064,3065053184,0,16777440,41943520,0,1,0
1,1,23,15,2147766273,0,0,0,46460430000,46460529000,-1,0,0,0,0,0,0,0,0
1,1,23,15,2147766276,3000,0,0,46460531000,46462405000,-1,0,0,0,0,0,0,0,0
1,1,23,15,2147766277,3064434148,0,0,46462407000,46462410000,6,0,0,0,0,0,0,0,0
1,1,23,15,20483,0,0,0,46462411000,46462414000,-1,0,0,0,0,0,0,0,0
2,1,23,15,0,0,0,0,46462416000,46462503000,-1,0,0,0,0,0,0,0,0
1,2,23,7,1076651027,2829356,0,0,46462511000,46462690000,-1,0,0,0,41943520,0,0,1280,3065053184
1,2,23,7,25602,0,0,0,46462691000,46462695000,-1,0,0,0,0,0,0,0,0
1,2,23,7,25607,0,0,0,46462696000,46464491000,-1,0,0,0,0,0,0,0,0
0,1,23,15,2,0,15,0,46474296000,46474443000,-1,0,0,0,0,0,0,0,0
1,1,23,15,20483,0,0,0,46474449000,46474460000,-1,0,0,0,0,0,0,0,0
1,1,23,15,1088704512,3066196212,0,0,46474461000,46474467000,-1,3066200064,3064438784,0,16777440,41943520,0,1,0
1,1,23,15,2147766273,0,0,0,46474469000,46474561000,-1,0,0,0,0,0,0,0,0
1,1,23,15,2147766276,3000,0,0,46474563000,46476429000,-1,0,0,0,0,0,0,0,0
1,1,23,15,2147766277,3064434148,0,0,46476433000,46476437000,6,0,0,0,0,0,0,0,0
1,1,23,15,20483,0,0,0,46476438000,46476441000,-1,0,0,0,0,0,0,0,0
2,1,23,15,0,0,0,0,46476443000,46476547000,-1,0,0,0,0,0,0,0,0
1,2,23,7,1076651027,2829312,0,0,46476555000,46476735000,-1,0,0,0,41943520,0,0,1280,3064438784
1,2,23,7,25602,0,0,0,46476737000,46476740000,-1,0,0,0,0,0,0,0,0
1,2,23,7,25607,0,0,0,46476741000,46481147000,-1,0,0,0,0,0,0,0,0
0,1,23,15,2,0,15,0,46489321000,46489486000,-1,0,0,0,0,0,0,0,0
1,1,23,15,20483,0,0,0,46489492000,46489502000,-1,0,0,0,0,0,0,0,0
1,1,23,15,1088704512,3066196212,0,0,46489504000,46489511000,-1,3066200064,3065053184,0,16777440,41943520,0,1,0
1,1,23,15,2147766273,0,0,0,46489513000,46489617000,-1,0,0,0,0,0,0,0,0
1,1,23,15,2147766276,3000,0,0,46489619000,46491517000,-1,0,0,0,0,0,0,0,0
1,1,23,15,2147766277,3064434148,0,0,46491520000,46491524000,6,0,0,0,0,0,0,0,0
1,1,23,15,20483,0,0,0,46491525000,46491529000,-1,0,0,0,0,0,0,0,0
2,1,23,15,0,0,0,0,46491530000,46491624000,-1,0,0,0,0,0,0,0,0
1,2,23,7,1076651027,2829356,0,0,46491632000,46491812000,-1,0,0,0,41943520,0,0,1280,3065053184
1,2,23,7,25602,0,0,0,46491814000,46491817000,-1,0,0,0,0,0,0,0,0
1,2,23,7,25607,0,0,0,46491818000,46497810000,-1,0,0,0,0,0,0,0,0
0,1,23,15,2,0,15,0,46506250000,46506408000,-1,0,0,0,0,0,0,0,0
1,1,23,15,20483,0,0,0,46506414000,46506424000,-1,0,0,0,0,0,0,0,0
1,1,23,15,1088704512,3066196212,0,0,46506427000,46506434000,-1,3066200064,3064438784,0,16777440,41943520,0,1,0
1,1,23,15,2147766273,0,0,0,46506435000,46506529000,-1,0,0,0,0,0,0,0,0
1,1,23,15,2147766276,3000,0,0,46506531000,46508409000,-1,0,0,0,0,0,0,0,0
1,1,23,15,2147766277,3064434148,0,0,46508412000,46508415000,6,0,0,0,0,0,0,0,0
1,1,23,15,20483,0,0,0,46508416000,46508419000,-1,0,0,0,0,0,0,0,0
2,1,23,15,0,0,0,0,46508421000,46508514000,-1,0,0,0,0,0,0,0,0
1,2,23,7,1076651027,2829312,0,0,46508523000,46508702000,-1,0,0,0,41943520,0,0,1280,3064438784
1,2,23,7,25602,0,0,0,46508704000,46508707000,-1,0,0,0,0,0,0,0,0
1,2,23,7,25607,0,0,0,46508744000,46514469000,-1,0,0,0,0,0,0,0,0
0,1,23,15,2,0,15,0,46523657000,46523817000,-1,0,0,0,0,0,0,0,0
1,1,23,15,20483,0,0,0,46523822000,46523831000,-1,0,0,0,0,0,0,0,0
1,1,23,15,1088704512,3066196212,0,0,46523833000,46523839000,-1,3066200064,3065053184,0,16777440,41943520,0,1,0
1,1,23,15,2147766273,0,0,0,46523841000,46523937000,-1,0,0,0,0,0,0,0,0
1,1,23,15,2147766276,3000,0,0,46523939000,46525822000,-1,0,0,0,0,0,0,0,0
1,1,23,15,2147766277,3064434148,0,0,46525825000,46525829000,6,0,0,0,0,0,0,0,0
1,1,23,15,20483,0,0,0,46525830000,46525833000,-1,0,0,0,0,0,0,0,0
2,1,23,15,0,0,0,0,46525835000,46525926000,-1,0,0,0,0,0,0,0,0
1,2,23,7,1076651027,2829356,0,0,46525934000,46526116000,-1,0,0,0,41943520,0,0,1280,3065053184
1,2,23,7,25602,0,0,0,46526117000,46526120000,-1,0,0,0,0,0,0,0,0
1,2,23,7,25607,0,0,0,46526122000,46531126000,-1,0,0,0,0,0,0,0,0
0,1,23,15,2,0,15,0,46541135000,46541294000,-1,0,0,0,0,0,0,0,0
1,1,23,15,20483,0,0,0,46541300000,46541310000,-1,0,0,0,0,0,0,0,0
1,1,23,15,1088704512,3066196212,0,0,46541312000,46541319000,-1,3066200064,3064438784,0,16777440,41943520,0,1,0
1,1,23,15,2147766273,0,0,0,46541321000,46541418000,-1,0,0,0,0,0,0,0,0
1,1,23,15,2147766276,3000,0,0,46541420000,46543303000,-1,0,0,0,0,0,0,0,0
1,1,23,15,2147766277,3064434148,0,0,46543306000,46543310000,6,0,0,0,0,0,0,0,0
1,1,23,15,20483,0,0,0,46543311000,46543313000,-1,0,0,0,0,0,0,0,0
2,1,23,15,0,0,0,0,46543316000,46543409000,-1,0,0,0,0,0,0,0,0
1,2,23,7,1076651027,2829312,0,0,46543418000,46543597000,-1,0,0,0,41943520,0,0,1280,3064438784
1,2,23,7,25602,0,0,0,46543599000,46543602000,-1,0,0,0,0,0,0,0,0
1,2,23,7,25607,0,0,0,46543603000,46547782000,-1,0,0,0,0,0,0,0,0
0,1,23,15,2,0,15,0,46558460000,46558619000,-1,0,0,0,0,0,0,0,0
1,1,23,15,20483,0,0,0,46558626000,46558636000,-1,0,0,0,0,0,0,0,0
1,1,23,15,1088704512,3066196212,0,0,46558638000,46558645000,-1,3066200064,3065053184,0,16777440,41943520,0,1,0
1,1,23,15,2147766273,0,0,0,46558646000,46558745000,-1,0,0,0,0,0,0,0,0
1,1,23,15,2147766276,3000,0,0,46558747000,46560645000,-1,0,0,0,0,0,0,0,0
1,1,23,15,2147766277,3064434148,0,0,46560650000,46560653000,6,0,0,0,0,0,0,0,0
1,1,23,15,20483,0,0,0,46560655000,46560658000,-1,0,0,0,0,0,0,0,0
2,1,23,15,0,0,0,0,46560660000,46560751000,-1,0,0,0,0,0,0,0,0
1,2,23,7,1076651027,2829356,0,0,46560760000,46560940000,-1,0,0,0,41943520,0,0,1280,3065053184
1,2,23,7,25602,0,0,0,46560941000,46560945000,-1,0,0,0,0,0,0,0,0
1,2,23,7,25607,0,0,0,46560946000,46564441000,-1,0,0,0,0,0,0,0,0
0,1,23,15,2,0,15,0,46575869000,46576027000,-1,0,0,0,0,0,0,0,0
1,1,23,15,20483,0,0,0,46576033000,46576044000,-1,0,0,0,0,0,0,0,0
1,1,23,15,1088704512,3066196212,0,0,46576046000,46576053000,-1,3066200064,3064438784,0,16777440,41943520,0,1,0
1,1,23,15,2147766273,0,0,0,46576054000,46576148000,-1,0,0,0,0,0,0,0,0
1,1,23,15,2147766276,3000,0,0,46576150000,46578031000,-1,0,0,0,0,0,0,0,0
1,1,23,15,2147766277,3064434148,0,0,46578034000,46578037000,6,0,0,0,0,0,0,0,0
1,1,23,15,20483,0,0,0,46578039000,46578042000,-1,0,0,0,0,0,0,0,0
2,1,23,15,0,0,0,0,46578044000,46578137000,-1,0,0,0,0,0,0,0,0
1,2,23,7,1076651027,2829312,0,0,46578146000,46578326000,-1,0,0,0,41943520,0,0,1280,3064438784
1,2,23,7,25602,0,0,0,46578327000,46578331000,-1,0,0,0,0,0,0,0,0
1,2,23,7,25607,0,0,0,46578332000,46581096000,-1,0,0,0,0,0,0,0,0
0,1,23,15,2,0,15,0,46593226000,46593385000,-1,0,0,0,0,0,0,0,0
1,1,23,15,20483,0,0,0,46593391000,46593402000,-1,0,0,0,0,0,0,0,0
1,1,23,15,1088704512,3066196212,0,0,46593442000,46593449000,-1,3066200064,3065053184,0,16777440,41943520,0,1,0
1,1,23,15,2147766273,0,0,0,46593451000,46593555000,-1,0,0,0,0,0,0,0,0
1,1,23,15,2147766276,3000,0,0,46593557000,46595432000,-1,0,0,0,0,0,0,0,0
1,1,23,15,2147766277,3064434148,0,0,46595435000,46595438000,6,0,0,0,0,0,0,0,0
1,1,23,15,20483,0,0,0,46595439000,46595442000,-1,0,0,0,0,0,0,0,0
2,1,23,15,0,0,0,0,46595444000,46595533000,-1,0,0,0,0,0,0,0,0
1,2,23,7,1076651027,2829356,0,0,46595540000,46595721000,-1,0,0,0,41943520,0,0,1280,3065053184
1,2,23,7,25602,0,0,0,46595723000,46595726000,-1,0,0,0,0,0,0,0,0
1,2,23,7,25607,0,0,0,46595727000,46597745000,-1,0,0,0,0,0,0,0,0
0,1,23,15,2,0,15,0,46607353000,46607507000,-1,0,0,0,0,0,0,0,0
1,1,23,15,20483,0,0,0,46607512000,46607521000,-1,0,0,0,0,0,0,0,0
1,1,23,15,1088704512,3066196212,0,0,46607524000,46607529000,-1,3066200064,3064438784,0,16777440,41943520,0,1,0
1,1,23,15,2147766273,0,0,0,46607531000,46607621000,-1,0,0,0,0,0,0,0,0
1,1,23,15,2147766276,3000,0,0,46607622000,46609489000,-1,0,0,0,0,0,0,0,0
1,1,23,15,2147766277,3064434148,0,0,46609492000,46609496000,6,0,0,0,0,0,0,0,0
1,1,23,15,20483,0,0,0,46609497000,46609501000,-1,0,0,0,0,0,0,0,0
2,1,23,15,0,0,0,0,46609503000,46609609000,-1,0,0,0,0,0,0,0,0
1,2,23,7,1076651027,2829312,0,0,46609617000,46609797000,-1,0,0,0,41943520,0,0,1280,3064438784
1,2,23,7,25602,0,0,0,46609798000,46609801000,-1,0,0,0,0,0,0,0,0
1,2,23,7,25607,0,0,0,46609802000,46614413000,-1,0,0,0,0,0,0,0,0
0,1,23,15,2,0,15,0,46622730000,46622889000,-1,0,0,0,0,0,0,0,0
1,1,23,15,20483,0,0,0,46622895000,46622905000,-1,0,0,0,0,0,0,0,0
1,1,23,15,1088704512,3066196212,0,0,46622907000,46622914000,-1,3066200064,3065053184,0,16777440,41943520,0,1,0
1,1,23,15,2147766273,0,0,0,46622915000,46623011000,-1,0,0,0,0,0,0,0,0
1,1,23,15,2147766276,3000,0,0,46623013000,46624891000,-1,0,0,0,0,0,0,0,0
1,1,23,15,2147766277,3064434148,0,0,46624894000,46624898000,6,0,0,0,0,0,0,0,0
1,1,23,15,20483,0,0,0,46624899000,46624902000,-1,0,0,0,0,0,0,0,0
2,1,23,15,0,0,0,0,46624904000,46624994000,-1,0,0,0,0,0,0,0,0
1,2,23,7,1076651027,2829356,0,0,46625002000,46625182000,-1,0,0,0,41943520,0,0,1280,3065053184
1,2,23,7,25602,0,0,0,46625183000,46625187000,-1,0,0,0,0,0,0,0,0
1,2,23,7,25607,0,0,0,46625188000,46631064000,-1,0,0,0,0,0,0,0,0
0,1,23,15,2,0,15,0,46639741000,46639902000,-1,0,0,0,0,0,0,0,0
1,1,23,15,20483,0,0,0,46639908000,46639918000,-1,0,0,0,0,0,0,0,0
1,1,23,15,1088704512,3066196212,0,0,46639920000,46639927000,-1,3066200064,3064438784,0,16777440,41943520,0,1,0
1,1,23,15,2147766273,0,0,0,46639929000,46640088000,-1,0,0,0,0,0,0,0,0
1,1,23,15,2147766276,3000,0,0,46640091000,46641961000,-1,0,0,0,0,0,0,0,0
1,1,23,15,2147766277,3064434148,0,0,46641965000,46641968000,6,0,0,0,0,0,0,0,0
1,1,23,15,20483,0,0,0,46641970000,46641973000,-1,0,0,0,0,0,0,0,0
2,1,23,15,0,0,0,0,46641975000,46642074000,-1,0,0,0,0,0,0,0,0
1,2,23,7,1076651027,2829312,0,0,46642082000,46642262000,-1,0,0,0,41943520,0,0,1280,3064438784
1,2,23,7,25602,0,0,0,46642263000,46642267000,-1,0,0,0,0,0,0,0,0
1,2,23,7,25607,0,0,0,46642268000,46647724000,-1,0,0,0,0,0,0,0,0
0,1,23,15,2,0,15,0,46658722000,46658888000,-1,0,0,0,0,0,0,0,0
1,1,23,15,20483,0,0,0,46658893000,46658903000,-1,0,0,0,0,0,0,0,0
1,1,23,15,1088704512,3066196212,0,0,46658905000,46658912000,-1,3066200064,3065053184,0,16777440,41943520,0,1,0
1,1,23,15,2147766273,0,0,0,46658913000,46659010000,-1,0,0,0,0,0,0,0,0
1,1,23,15,2147766276,3000,0,0,46659056000,46660878000,-1,0,0,0,0,0,0,0,0
1,1,23,15,2147766277,3064434148,0,0,46660884000,46660888000,6,0,0,0,0,0,0,0,0
1,1,23,15,20483,0,0,0,46660889000,46660892000,-1,0,0,0,0,0,0,0,0
2,1,23,15,0,0,0,0,46660894000,46661036000,-1,0,0,0,0,0,0,0,0
1,2,23,7,1076651027,2829356,0,0,46661046000,46661226000,-1,0,0,0,41943520,0,0,1280,3065053184
1,2,23,7,25602,0,0,0,46661227000,46661231000,-1,0,0,0,0,0,0,0,0
1,2,23,7,25607,0,0,0,46661232000,46664383000,-1,0,0,0,0,0,0,0,0
0,1,23,15,2,0,15,0,46674726000,46674892000,-1,0,0,0,0,0,0,0,0
1,1,23,15,20483,0,0,0,46674899000,46674909000,-1,0,0,0,0,0,0,0,0
1,1,23,15,1088704512,3066196212,0,0,46674911000,46674918000,-1,3066200064,3064438784,0,16777440,41943520,0,1,0
1,1,23,15,2147766273,0,0,0,46674920000,46675022000,-1,0,0,0,0,0,0,0,0
1,1,23,15,2147766276,3000,0,0,46675024000,46676908000,-1,0,0,0,0,0,0,0,0
1,1,23,15,2147766277,3064434148,0,0,46676912000,46676915000,6,0,0,0,0,0,0,0,0
1,1,23,15,20483,0,0,0,46676916000,46676919000,-1,0,0,0,0,0,0,0,0
2,1,23,15,0,0,0,0,46676921000,46677015000,-1,0,0,0,0,0,0,0,0
1,2,23,7,1076651027,2829312,0,0,46677023000,46677204000,-1,0,0,0,41943520,0,0,1280,3064438784
1,2,23,7,25602,0,0,0,46677206000,46677209000,-1,0,0,0,0,0,0,0,0
1,2,23,7,25607,0,0,0,46677210000,46681040000,-1,0,0,0,0,0,0,0,0
0,1,23,15,2,0,15,0,46691899000,46692061000,-1,0,0,0,0,0,0,0,0
1,1,23,15,20483,0,0,0,46692067000,46692078000,-1,0,0,0,0,0,0,0,0
1,1,23,15,1088704512,3066196212,0,0,46692080000,46692086000,-1,3066200064,3065053184,0,16777440,41943520,0,1,0
1,1,23,15,2147766273,0,0,0,46692087000,46692184000,-1,0,0,0,0,0,0,0,0
1,1,23,15,2147766276,3000,0,0,46692186000,46694065000,-1,0,0,0,0,0,0,0,0
1,1,23,15,2147766277,3064434148,0,0,46694070000,46694073000,6,0,0,0,0,0,0,0,0
1,1,23,15,20483,0,0,0,46694074000,46694078000,-1,0,0,0,0,0,0,0,0
2,1,23,15,0,0,0,0,46694080000,46694176000,-1,0,0,0,0,0,0,0,0
1,2,23,7,1076651027,2829356,0,0,46694183000,46694363000,-1,0,0,0,41943520,0,0,1280,3065053184
1,2,23,7,25602,0,0,0,46694365000,46694368000,-1,0,0,0,0,0,0,0,0
1,2,23,7,25607,0,0,0,46694369000,46697696000,-1,0,0,0,0,0,0,0,0
0,1,23,15,2,0,15,0,46709329000,46709491000,-1,0,0,0,0,0,0,0,0
1,1,23,15,20483,0,0,0,46709496000,46709506000,-1,0,0,0,0,0,0,0,0
1,1,23,15,1088704512,3066196212,0,0,46709508000,46709515000,-1,3066200064,3064438784,0,16777440,41943520,0,1,0
1,1,23,15,2147766273,0,0,0,46709517000,46709617000,-1,0,0,0,0,0,0,0,0
1,1,23,15,2147766276,3000,0,0,46709618000,46711490000,-1,0,0,0,0,0,0,0,0
1,1,23,15,2147766277,3064434148,0,0,46711492000,46711496000,6,0,0,0,0,0,0,0,0
1,1,23,15,20483,0,0,0,46711497000,46711499000,-1,0,0,0,0,0,0,0,0
2,1,23,15,0,0,0,0,46711501000,46711592000,-1,0,0,0,0,0,0,0,0
1,2,23,7,1076651027,2829312,0,0,46711599000,46711781000,-1,0,0,0,41943520,0,0,1280,3064438784
1,2,23,7,25602,0,0,0,46711782000,46711786000,-1,0,0,0,0,0,0,0,0
1,2,23,7,25607,0,0,0,46711787000,46714351000,-1,0,0,0,0,0,0,0,0
0,1,23,15,2,0,15,0,46739606000,46739770000,-1,0,0,0,0,0,0,0,0
1,1,23,15,20483,0,0,0,46739775000,46739785000,-1,0,0,0,0,0,0,0,0
1,1,23,15,1088704512,3066196212,0,0,46739787000,46739794000,-1,3066200064,3065053184,0,16777440,41943520,0,1,0
1,1,23,15,2147766273,0,0,0,46739796000,46739895000,-1,0,0,0,0,0,0,0,0
1,1,23,15,2147766276,3000,0,0,46739896000,46741775000,-1,0,0,0,0,0,0,0,0
1,1,23,15,2147766277,3064434148,0,0,46741781000,46741786000,6,0,0,0,0,0,0,0,0
1,1,23,15,20483,0,0,0,46741788000,46741791000,-1,0,0,0,0,0,0,0,0
2,1,23,15,0,0,0,0,46741822000,46741939000,-1,0,0,0,0,0,0,0,0
1,2,23,7,1076651027,2829356,0,0,46741962000,46742144000,-1,0,0,0,41943520,0,0,1280,3065053184
1,2,23,7,25602,0,0,0,46742146000,46742150000,-1,0,0,0,0,0,0,0,0
1,2,23,7,25607,0,0,0,46742151000,46747662000,-1,0,0,0,0,0,0,0,0
# captured=2651 dropped=0
