operation,kind,phase,fd,command,argument,rc,errno,begin_ns,end_ns,status,input_addr,output_a,output_b,input_wh,output_wh,queue_drop_flags,h_first_or_pitch,bitmap_addr
0,1,21,10,2,0,10,0,34162087000,34162267000,-1,0,0,0,0,0,0,0,0
1,1,21,10,20483,0,0,0,34162273000,34162286000,-1,0,0,0,0,0,0,0,0
1,1,21,10,1088704512,3066196212,0,0,34162288000,34162295000,-1,3066200064,3065053184,0,41943520,41943520,0,1,0
1,1,21,10,2147766273,0,0,0,34162297000,34162492000,-1,0,0,0,0,0,0,0,0
1,1,21,10,2147766276,3000,0,0,34162494000,34166717000,-1,0,0,0,0,0,0,0,0
1,1,21,10,2147766277,3064434148,0,0,34166721000,34166725000,6,0,0,0,0,0,0,0,0
1,1,21,10,20483,0,0,0,34166726000,34166729000,-1,0,0,0,0,0,0,0,0
2,1,21,10,0,0,0,0,34166731000,34166825000,-1,0,0,0,0,0,0,0,0
1,2,21,7,1076651027,2829356,0,0,34166847000,34167029000,-1,0,0,0,41943520,0,0,1280,3065053184
1,2,21,7,25602,0,0,0,34167031000,34167034000,-1,0,0,0,0,0,0,0,0
1,2,21,7,25607,0,0,0,34167035000,34171596000,-1,0,0,0,0,0,0,0,0
0,1,21,15,2,0,15,0,34199900000,34200124000,-1,0,0,0,0,0,0,0,0
1,1,21,15,20483,0,0,0,34200131000,34200141000,-1,0,0,0,0,0,0,0,0
1,1,21,15,1088704512,3066196212,0,0,34200143000,34200149000,-1,3066200064,3064438784,0,16777440,41943520,0,1,0
1,1,21,15,2147766273,0,0,0,34200151000,34200250000,-1,0,0,0,0,0,0,0,0
1,1,21,15,2147766276,3000,0,0,34200252000,34202121000,-1,0,0,0,0,0,0,0,0
1,1,21,15,2147766277,3064434148,0,0,34202124000,34202127000,6,0,0,0,0,0,0,0,0
1,1,21,15,20483,0,0,0,34202128000,34202131000,-1,0,0,0,0,0,0,0,0
2,1,21,15,0,0,0,0,34202133000,34202220000,-1,0,0,0,0,0,0,0,0
1,2,21,7,1076651027,2829312,0,0,34202228000,34202408000,-1,0,0,0,41943520,0,0,1280,3064438784
1,2,21,7,25602,0,0,0,34202409000,34202413000,-1,0,0,0,0,0,0,0,0
1,2,21,7,25607,0,0,0,34202415000,34204889000,-1,0,0,0,0,0,0,0,0
0,1,21,15,2,0,15,0,34213932000,34214090000,-1,0,0,0,0,0,0,0,0
1,1,21,15,20483,0,0,0,34214095000,34214106000,-1,0,0,0,0,0,0,0,0
1,1,21,15,1088704512,3066196212,0,0,34214108000,34214114000,-1,3066200064,3065053184,0,16777440,41943520,0,1,0
1,1,21,15,2147766273,0,0,0,34214116000,34214210000,-1,0,0,0,0,0,0,0,0
1,1,21,15,2147766276,3000,0,0,34214212000,34216074000,-1,0,0,0,0,0,0,0,0
1,1,21,15,2147766277,3064434148,0,0,34216076000,34216080000,6,0,0,0,0,0,0,0,0
1,1,21,15,20483,0,0,0,34216081000,34216084000,-1,0,0,0,0,0,0,0,0
2,1,21,15,0,0,0,0,34216085000,34216175000,-1,0,0,0,0,0,0,0,0
1,2,21,7,1076651027,2829356,0,0,34216183000,34216363000,-1,0,0,0,41943520,0,0,1280,3065053184
1,2,21,7,25602,0,0,0,34216364000,34216367000,-1,0,0,0,0,0,0,0,0
1,2,21,7,25607,0,0,0,34216369000,34221549000,-1,0,0,0,0,0,0,0,0
0,1,21,15,2,0,15,0,34227820000,34227976000,-1,0,0,0,0,0,0,0,0
1,1,21,15,20483,0,0,0,34227982000,34227991000,-1,0,0,0,0,0,0,0,0
1,1,21,15,1088704512,3066196212,0,0,34227993000,34228000000,-1,3066200064,3064438784,0,16777440,41943520,0,1,0
1,1,21,15,2147766273,0,0,0,34228040000,34228138000,-1,0,0,0,0,0,0,0,0
1,1,21,15,2147766276,3000,0,0,34228141000,34230073000,-1,0,0,0,0,0,0,0,0
1,1,21,15,2147766277,3064434148,0,0,34230076000,34230080000,6,0,0,0,0,0,0,0,0
1,1,21,15,20483,0,0,0,34230081000,34230084000,-1,0,0,0,0,0,0,0,0
2,1,21,15,0,0,0,0,34230086000,34230179000,-1,0,0,0,0,0,0,0,0
1,2,21,7,1076651027,2829312,0,0,34230188000,34230367000,-1,0,0,0,41943520,0,0,1280,3064438784
1,2,21,7,25602,0,0,0,34230369000,34230372000,-1,0,0,0,0,0,0,0,0
1,2,21,7,25607,0,0,0,34230373000,34238206000,-1,0,0,0,0,0,0,0,0
0,1,21,15,2,0,15,0,34241944000,34242103000,-1,0,0,0,0,0,0,0,0
1,1,21,15,20483,0,0,0,34242109000,34242120000,-1,0,0,0,0,0,0,0,0
1,1,21,15,1088704512,3066196212,0,0,34242122000,34242129000,-1,3066200064,3065053184,0,16777440,41943520,0,1,0
1,1,21,15,2147766273,0,0,0,34242131000,34242225000,-1,0,0,0,0,0,0,0,0
1,1,21,15,2147766276,3000,0,0,34242227000,34244101000,-1,0,0,0,0,0,0,0,0
1,1,21,15,2147766277,3064434148,0,0,34244104000,34244107000,6,0,0,0,0,0,0,0,0
1,1,21,15,20483,0,0,0,34244108000,34244110000,-1,0,0,0,0,0,0,0,0
2,1,21,15,0,0,0,0,34244112000,34244200000,-1,0,0,0,0,0,0,0,0
1,2,21,7,1076651027,2829356,0,0,34244208000,34244388000,-1,0,0,0,41943520,0,0,1280,3065053184
1,2,21,7,25602,0,0,0,34244390000,34244394000,-1,0,0,0,0,0,0,0,0
1,2,21,7,25607,0,0,0,34244395000,34254865000,-1,0,0,0,0,0,0,0,0
0,1,21,15,2,0,15,0,34255808000,34255964000,-1,0,0,0,0,0,0,0,0
1,1,21,15,20483,0,0,0,34255970000,34255980000,-1,0,0,0,0,0,0,0,0
1,1,21,15,1088704512,3066196212,0,0,34255983000,34255989000,-1,3066200064,3064438784,0,16777440,41943520,0,1,0
1,1,21,15,2147766273,0,0,0,34255991000,34256087000,-1,0,0,0,0,0,0,0,0
1,1,21,15,2147766276,3000,0,0,34256088000,34257962000,-1,0,0,0,0,0,0,0,0
1,1,21,15,2147766277,3064434148,0,0,34257964000,34257968000,6,0,0,0,0,0,0,0,0
1,1,21,15,20483,0,0,0,34257969000,34257971000,-1,0,0,0,0,0,0,0,0
2,1,21,15,0,0,0,0,34257973000,34258060000,-1,0,0,0,0,0,0,0,0
1,2,21,7,1076651027,2829312,0,0,34258067000,34258246000,-1,0,0,0,41943520,0,0,1280,3064438784
1,2,21,7,25602,0,0,0,34258247000,34258251000,-1,0,0,0,0,0,0,0,0
1,2,21,7,25607,0,0,0,34258252000,34271546000,-1,0,0,0,0,0,0,0,0
0,1,21,15,2,0,15,0,34271570000,34271721000,-1,0,0,0,0,0,0,0,0
1,1,21,15,20483,0,0,0,34271725000,34271733000,-1,0,0,0,0,0,0,0,0
1,1,21,15,1088704512,3066196212,0,0,34271735000,34271741000,-1,3066200064,3065053184,0,16777440,41943520,0,1,0
1,1,21,15,2147766273,0,0,0,34271743000,34271831000,-1,0,0,0,0,0,0,0,0
1,1,21,15,2147766276,3000,0,0,34271833000,34273703000,-1,0,0,0,0,0,0,0,0
1,1,21,15,2147766277,3064434148,0,0,34273707000,34273710000,6,0,0,0,0,0,0,0,0
1,1,21,15,20483,0,0,0,34273711000,34273713000,-1,0,0,0,0,0,0,0,0
2,1,21,15,0,0,0,0,34273715000,34273798000,-1,0,0,0,0,0,0,0,0
1,2,21,7,1076651027,2829356,0,0,34273805000,34273984000,-1,0,0,0,41943520,0,0,1280,3065053184
1,2,21,7,25602,0,0,0,34273985000,34273988000,-1,0,0,0,0,0,0,0,0
1,2,21,7,25607,0,0,0,34273989000,34288178000,-1,0,0,0,0,0,0,0,0
0,1,21,15,2,0,15,0,34293341000,34293499000,-1,0,0,0,0,0,0,0,0
1,1,21,15,20483,0,0,0,34293505000,34293515000,-1,0,0,0,0,0,0,0,0
1,1,21,15,1088704512,3066196212,0,0,34293517000,34293523000,-1,3066200064,3064438784,0,16777440,41943520,0,1,0
1,1,21,15,2147766273,0,0,0,34293525000,34293617000,-1,0,0,0,0,0,0,0,0
1,1,21,15,2147766276,3000,0,0,34293618000,34295482000,-1,0,0,0,0,0,0,0,0
1,1,21,15,2147766277,3064434148,0,0,34295486000,34295489000,6,0,0,0,0,0,0,0,0
1,1,21,15,20483,0,0,0,34295526000,34295530000,-1,0,0,0,0,0,0,0,0
2,1,21,15,0,0,0,0,34295532000,34295629000,-1,0,0,0,0,0,0,0,0
1,2,21,7,1076651027,2829312,0,0,34295637000,34295816000,-1,0,0,0,41943520,0,0,1280,3064438784
1,2,21,7,25602,0,0,0,34295818000,34295822000,-1,0,0,0,0,0,0,0,0
1,2,21,7,25607,0,0,0,34295823000,34304833000,-1,0,0,0,0,0,0,0,0
0,1,21,15,2,0,15,0,34307370000,34307534000,-1,0,0,0,0,0,0,0,0
1,1,21,15,20483,0,0,0,34307541000,34307551000,-1,0,0,0,0,0,0,0,0
1,1,21,15,1088704512,3066196212,0,0,34307553000,34307560000,-1,3066200064,3065053184,0,16777440,41943520,0,1,0
1,1,21,15,2147766273,0,0,0,34307562000,34307662000,-1,0,0,0,0,0,0,0,0
1,1,21,15,2147766276,3000,0,0,34307664000,34309539000,-1,0,0,0,0,0,0,0,0
1,1,21,15,2147766277,3064434148,0,0,34309541000,34309544000,6,0,0,0,0,0,0,0,0
1,1,21,15,20483,0,0,0,34309546000,34309548000,-1,0,0,0,0,0,0,0,0
2,1,21,15,0,0,0,0,34309549000,34309637000,-1,0,0,0,0,0,0,0,0
1,2,21,7,1076651027,2829356,0,0,34309644000,34309824000,-1,0,0,0,41943520,0,0,1280,3065053184
1,2,21,7,25602,0,0,0,34309825000,34309828000,-1,0,0,0,0,0,0,0,0
1,2,21,7,25607,0,0,0,34309830000,34321529000,-1,0,0,0,0,0,0,0,0
0,1,21,15,2,0,15,0,34321548000,34321702000,-1,0,0,0,0,0,0,0,0
1,1,21,15,20483,0,0,0,34321706000,34321714000,-1,0,0,0,0,0,0,0,0
1,1,21,15,1088704512,3066196212,0,0,34321716000,34321721000,-1,3066200064,3064438784,0,16777440,41943520,0,1,0
1,1,21,15,2147766273,0,0,0,34321723000,34321822000,-1,0,0,0,0,0,0,0,0
1,1,21,15,2147766276,3000,0,0,34321823000,34323686000,-1,0,0,0,0,0,0,0,0
1,1,21,15,2147766277,3064434148,0,0,34323687000,34323690000,6,0,0,0,0,0,0,0,0
1,1,21,15,20483,0,0,0,34323691000,34323694000,-1,0,0,0,0,0,0,0,0
2,1,21,15,0,0,0,0,34323695000,34323776000,-1,0,0,0,0,0,0,0,0
1,2,21,7,1076651027,2829312,0,0,34323785000,34323963000,-1,0,0,0,41943520,0,0,1280,3064438784
1,2,21,7,25602,0,0,0,34323964000,34323968000,-1,0,0,0,0,0,0,0,0
1,2,21,7,25607,0,0,0,34323969000,34338171000,-1,0,0,0,0,0,0,0,0
0,1,21,15,2,0,15,0,34338195000,34338346000,-1,0,0,0,0,0,0,0,0
1,1,21,15,20483,0,0,0,34338350000,34338357000,-1,0,0,0,0,0,0,0,0
1,1,21,15,1088704512,3066196212,0,0,34338359000,34338365000,-1,3066200064,3065053184,0,16777440,41943520,0,1,0
1,1,21,15,2147766273,0,0,0,34338367000,34338464000,-1,0,0,0,0,0,0,0,0
1,1,21,15,2147766276,3000,0,0,34338466000,34340335000,-1,0,0,0,0,0,0,0,0
1,1,21,15,2147766277,3064434148,0,0,34340339000,34340342000,6,0,0,0,0,0,0,0,0
1,1,21,15,20483,0,0,0,34340343000,34340347000,-1,0,0,0,0,0,0,0,0
2,1,21,15,0,0,0,0,34340349000,34340456000,-1,0,0,0,0,0,0,0,0
1,2,21,7,1076651027,2829356,0,0,34340464000,34340645000,-1,0,0,0,41943520,0,0,1280,3065053184
1,2,21,7,25602,0,0,0,34340646000,34340650000,-1,0,0,0,0,0,0,0,0
1,2,21,7,25607,0,0,0,34340652000,34354839000,-1,0,0,0,0,0,0,0,0
0,1,21,15,2,0,15,0,34354856000,34354997000,-1,0,0,0,0,0,0,0,0
1,1,21,15,20483,0,0,0,34355001000,34355008000,-1,0,0,0,0,0,0,0,0
1,1,21,15,1088704512,3066196212,0,0,34355010000,34355016000,-1,3066200064,3064438784,0,16777440,41943520,0,1,0
1,1,21,15,2147766273,0,0,0,34355017000,34355108000,-1,0,0,0,0,0,0,0,0
1,1,21,15,2147766276,3000,0,0,34355110000,34356973000,-1,0,0,0,0,0,0,0,0
1,1,21,15,2147766277,3064434148,0,0,34356976000,34356979000,6,0,0,0,0,0,0,0,0
1,1,21,15,20483,0,0,0,34356980000,34356983000,-1,0,0,0,0,0,0,0,0
2,1,21,15,0,0,0,0,34356985000,34357066000,-1,0,0,0,0,0,0,0,0
1,2,21,7,1076651027,2829312,0,0,34357112000,34357291000,-1,0,0,0,41943520,0,0,1280,3064438784
1,2,21,7,25602,0,0,0,34357293000,34357296000,-1,0,0,0,0,0,0,0,0
1,2,21,7,25607,0,0,0,34357297000,34371513000,-1,0,0,0,0,0,0,0,0
0,1,21,15,2,0,15,0,34371536000,34371691000,-1,0,0,0,0,0,0,0,0
1,1,21,15,20483,0,0,0,34371694000,34371703000,-1,0,0,0,0,0,0,0,0
1,1,21,15,1088704512,3066196212,0,0,34371705000,34371711000,-1,3066200064,3065053184,0,16777440,41943520,0,1,0
1,1,21,15,2147766273,0,0,0,34371713000,34371808000,-1,0,0,0,0,0,0,0,0
1,1,21,15,2147766276,3000,0,0,34371810000,34373683000,-1,0,0,0,0,0,0,0,0
1,1,21,15,2147766277,3064434148,0,0,34373686000,34373689000,6,0,0,0,0,0,0,0,0
1,1,21,15,20483,0,0,0,34373691000,34373694000,-1,0,0,0,0,0,0,0,0
2,1,21,15,0,0,0,0,34373696000,34373783000,-1,0,0,0,0,0,0,0,0
1,2,21,7,1076651027,2829356,0,0,34373790000,34373969000,-1,0,0,0,41943520,0,0,1280,3065053184
1,2,21,7,25602,0,0,0,34373971000,34373975000,-1,0,0,0,0,0,0,0,0
1,2,21,7,25607,0,0,0,34373976000,34388154000,-1,0,0,0,0,0,0,0,0
0,1,21,15,2,0,15,0,34388176000,34388318000,-1,0,0,0,0,0,0,0,0
1,1,21,15,20483,0,0,0,34388323000,34388331000,-1,0,0,0,0,0,0,0,0
1,1,21,15,1088704512,3066196212,0,0,34388332000,34388338000,-1,3066200064,3064438784,0,16777440,41943520,0,1,0
1,1,21,15,2147766273,0,0,0,34388340000,34388424000,-1,0,0,0,0,0,0,0,0
1,1,21,15,2147766276,3000,0,0,34388426000,34390294000,-1,0,0,0,0,0,0,0,0
1,1,21,15,2147766277,3064434148,0,0,34390298000,34390302000,6,0,0,0,0,0,0,0,0
1,1,21,15,20483,0,0,0,34390303000,34390307000,-1,0,0,0,0,0,0,0,0
2,1,21,15,0,0,0,0,34390309000,34390403000,-1,0,0,0,0,0,0,0,0
1,2,21,7,1076651027,2829312,0,0,34390411000,34390591000,-1,0,0,0,41943520,0,0,1280,3064438784
1,2,21,7,25602,0,0,0,34390592000,34390596000,-1,0,0,0,0,0,0,0,0
1,2,21,7,25607,0,0,0,34390597000,34404806000,-1,0,0,0,0,0,0,0,0
0,1,21,15,2,0,15,0,34404828000,34404968000,-1,0,0,0,0,0,0,0,0
1,1,21,15,20483,0,0,0,34404972000,34404980000,-1,0,0,0,0,0,0,0,0
1,1,21,15,1088704512,3066196212,0,0,34404982000,34404987000,-1,3066200064,3065053184,0,16777440,41943520,0,1,0
1,1,21,15,2147766273,0,0,0,34404989000,34405074000,-1,0,0,0,0,0,0,0,0
1,1,21,15,2147766276,3000,0,0,34405077000,34406991000,-1,0,0,0,0,0,0,0,0
1,1,21,15,2147766277,3064434148,0,0,34406994000,34406997000,6,0,0,0,0,0,0,0,0
1,1,21,15,20483,0,0,0,34406998000,34407001000,-1,0,0,0,0,0,0,0,0
2,1,21,15,0,0,0,0,34407003000,34407100000,-1,0,0,0,0,0,0,0,0
1,2,21,7,1076651027,2829356,0,0,34407107000,34407286000,-1,0,0,0,41943520,0,0,1280,3065053184
1,2,21,7,25602,0,0,0,34407288000,34407292000,-1,0,0,0,0,0,0,0,0
1,2,21,7,25607,0,0,0,34407293000,34421465000,-1,0,0,0,0,0,0,0,0
0,1,21,15,2,0,15,0,34421488000,34421637000,-1,0,0,0,0,0,0,0,0
1,1,21,15,20483,0,0,0,34421642000,34421650000,-1,0,0,0,0,0,0,0,0
1,1,21,15,1088704512,3066196212,0,0,34421652000,34421657000,-1,3066200064,3064438784,0,16777440,41943520,0,1,0
1,1,21,15,2147766273,0,0,0,34421659000,34421750000,-1,0,0,0,0,0,0,0,0
1,1,21,15,2147766276,3000,0,0,34421751000,34423616000,-1,0,0,0,0,0,0,0,0
1,1,21,15,2147766277,3064434148,0,0,34423619000,34423622000,6,0,0,0,0,0,0,0,0
1,1,21,15,20483,0,0,0,34423623000,34423626000,-1,0,0,0,0,0,0,0,0
2,1,21,15,0,0,0,0,34423628000,34423728000,-1,0,0,0,0,0,0,0,0
1,2,21,7,1076651027,2829312,0,0,34423734000,34423914000,-1,0,0,0,41943520,0,0,1280,3064438784
1,2,21,7,25602,0,0,0,34423916000,34423919000,-1,0,0,0,0,0,0,0,0
1,2,21,7,25607,0,0,0,34423920000,34438122000,-1,0,0,0,0,0,0,0,0
0,1,21,15,2,0,15,0,34438184000,34438331000,-1,0,0,0,0,0,0,0,0
1,1,21,15,20483,0,0,0,34438335000,34438344000,-1,0,0,0,0,0,0,0,0
1,1,21,15,1088704512,3066196212,0,0,34438346000,34438352000,-1,3066200064,3065053184,0,16777440,41943520,0,1,0
1,1,21,15,2147766273,0,0,0,34438353000,34438439000,-1,0,0,0,0,0,0,0,0
1,1,21,15,2147766276,3000,0,0,34438441000,34440308000,-1,0,0,0,0,0,0,0,0
1,1,21,15,2147766277,3064434148,0,0,34440311000,34440316000,6,0,0,0,0,0,0,0,0
1,1,21,15,20483,0,0,0,34440317000,34440320000,-1,0,0,0,0,0,0,0,0
2,1,21,15,0,0,0,0,34440322000,34440431000,-1,0,0,0,0,0,0,0,0
1,2,21,7,1076651027,2829356,0,0,34440438000,34440619000,-1,0,0,0,41943520,0,0,1280,3065053184
1,2,21,7,25602,0,0,0,34440620000,34440623000,-1,0,0,0,0,0,0,0,0
1,2,21,7,25607,0,0,0,34440625000,34454781000,-1,0,0,0,0,0,0,0,0
0,1,21,15,2,0,15,0,34454835000,34454984000,-1,0,0,0,0,0,0,0,0
1,1,21,15,20483,0,0,0,34454988000,34454996000,-1,0,0,0,0,0,0,0,0
1,1,21,15,1088704512,3066196212,0,0,34454998000,34455005000,-1,3066200064,3064438784,0,16777440,41943520,0,1,0
1,1,21,15,2147766273,0,0,0,34455006000,34455099000,-1,0,0,0,0,0,0,0,0
1,1,21,15,2147766276,3000,0,0,34455100000,34456969000,-1,0,0,0,0,0,0,0,0
1,1,21,15,2147766277,3064434148,0,0,34456972000,34456975000,6,0,0,0,0,0,0,0,0
1,1,21,15,20483,0,0,0,34456976000,34456979000,-1,0,0,0,0,0,0,0,0
2,1,21,15,0,0,0,0,34456981000,34457081000,-1,0,0,0,0,0,0,0,0
1,2,21,7,1076651027,2829312,0,0,34457089000,34457269000,-1,0,0,0,41943520,0,0,1280,3064438784
1,2,21,7,25602,0,0,0,34457270000,34457273000,-1,0,0,0,0,0,0,0,0
1,2,21,7,25607,0,0,0,34457274000,34471855000,-1,0,0,0,0,0,0,0,0
0,1,21,15,2,0,15,0,34471876000,34472022000,-1,0,0,0,0,0,0,0,0
1,1,21,15,20483,0,0,0,34472026000,34472034000,-1,0,0,0,0,0,0,0,0
1,1,21,15,1088704512,3066196212,0,0,34472036000,34472041000,-1,3066200064,3065053184,0,16777440,41943520,0,1,0
1,1,21,15,2147766273,0,0,0,34472043000,34472136000,-1,0,0,0,0,0,0,0,0
1,1,21,15,2147766276,3000,0,0,34472137000,34474006000,-1,0,0,0,0,0,0,0,0
1,1,21,15,2147766277,3064434148,0,0,34474010000,34474013000,6,0,0,0,0,0,0,0,0
1,1,21,15,20483,0,0,0,34474014000,34474016000,-1,0,0,0,0,0,0,0,0
2,1,21,15,0,0,0,0,34474018000,34474107000,-1,0,0,0,0,0,0,0,0
1,2,21,7,1076651027,2829356,0,0,34474115000,34474295000,-1,0,0,0,41943520,0,0,1280,3065053184
1,2,21,7,25602,0,0,0,34474296000,34474299000,-1,0,0,0,0,0,0,0,0
1,2,21,7,25607,0,0,0,34474300000,34488071000,-1,0,0,0,0,0,0,0,0
0,1,21,15,2,0,15,0,34488089000,34488239000,-1,0,0,0,0,0,0,0,0
1,1,21,15,20483,0,0,0,34488243000,34488252000,-1,0,0,0,0,0,0,0,0
1,1,21,15,1088704512,3066196212,0,0,34488254000,34488260000,-1,3066200064,3064438784,0,16777440,41943520,0,1,0
1,1,21,15,2147766273,0,0,0,34488262000,34488352000,-1,0,0,0,0,0,0,0,0
1,1,21,15,2147766276,3000,0,0,34488354000,34490221000,-1,0,0,0,0,0,0,0,0
1,1,21,15,2147766277,3064434148,0,0,34490223000,34490227000,6,0,0,0,0,0,0,0,0
1,1,21,15,20483,0,0,0,34490228000,34490230000,-1,0,0,0,0,0,0,0,0
2,1,21,15,0,0,0,0,34490232000,34490321000,-1,0,0,0,0,0,0,0,0
1,2,21,7,1076651027,2829312,0,0,34490329000,34490508000,-1,0,0,0,41943520,0,0,1280,3064438784
1,2,21,7,25602,0,0,0,34490510000,34490513000,-1,0,0,0,0,0,0,0,0
1,2,21,7,25607,0,0,0,34490514000,34504728000,-1,0,0,0,0,0,0,0,0
0,1,21,15,2,0,15,0,34504745000,34504889000,-1,0,0,0,0,0,0,0,0
1,1,21,15,20483,0,0,0,34504893000,34504901000,-1,0,0,0,0,0,0,0,0
1,1,21,15,1088704512,3066196212,0,0,34504936000,34504942000,-1,3066200064,3065053184,0,16777440,41943520,0,1,0
1,1,21,15,2147766273,0,0,0,34504944000,34505037000,-1,0,0,0,0,0,0,0,0
1,1,21,15,2147766276,3000,0,0,34505039000,34506905000,-1,0,0,0,0,0,0,0,0
1,1,21,15,2147766277,3064434148,0,0,34506907000,34506910000,6,0,0,0,0,0,0,0,0
1,1,21,15,20483,0,0,0,34506911000,34506914000,-1,0,0,0,0,0,0,0,0
2,1,21,15,0,0,0,0,34506916000,34507000000,-1,0,0,0,0,0,0,0,0
1,2,21,7,1076651027,2829356,0,0,34507008000,34507186000,-1,0,0,0,41943520,0,0,1280,3065053184
1,2,21,7,25602,0,0,0,34507188000,34507191000,-1,0,0,0,0,0,0,0,0
1,2,21,7,25607,0,0,0,34507192000,34521386000,-1,0,0,0,0,0,0,0,0
0,1,21,15,2,0,15,0,34521403000,34521549000,-1,0,0,0,0,0,0,0,0
1,1,21,15,20483,0,0,0,34521554000,34521562000,-1,0,0,0,0,0,0,0,0
1,1,21,15,1088704512,3066196212,0,0,34521564000,34521570000,-1,3066200064,3064438784,0,16777440,41943520,0,1,0
1,1,21,15,2147766273,0,0,0,34521571000,34521658000,-1,0,0,0,0,0,0,0,0
1,1,21,15,2147766276,3000,0,0,34521660000,34523527000,-1,0,0,0,0,0,0,0,0
1,1,21,15,2147766277,3064434148,0,0,34523530000,34523533000,6,0,0,0,0,0,0,0,0
1,1,21,15,20483,0,0,0,34523535000,34523537000,-1,0,0,0,0,0,0,0,0
2,1,21,15,0,0,0,0,34523539000,34523620000,-1,0,0,0,0,0,0,0,0
1,2,21,7,1076651027,2829312,0,0,34523628000,34523807000,-1,0,0,0,41943520,0,0,1280,3064438784
1,2,21,7,25602,0,0,0,34523808000,34523811000,-1,0,0,0,0,0,0,0,0
1,2,21,7,25607,0,0,0,34523812000,34538040000,-1,0,0,0,0,0,0,0,0
0,1,21,15,2,0,15,0,34538059000,34538199000,-1,0,0,0,0,0,0,0,0
1,1,21,15,20483,0,0,0,34538203000,34538211000,-1,0,0,0,0,0,0,0,0
1,1,21,15,1088704512,3066196212,0,0,34538213000,34538219000,-1,3066200064,3065053184,0,16777440,41943520,0,1,0
1,1,21,15,2147766273,0,0,0,34538220000,34538307000,-1,0,0,0,0,0,0,0,0
1,1,21,15,2147766276,3000,0,0,34538309000,34540169000,-1,0,0,0,0,0,0,0,0
1,1,21,15,2147766277,3064434148,0,0,34540173000,34540177000,6,0,0,0,0,0,0,0,0
1,1,21,15,20483,0,0,0,34540179000,34540182000,-1,0,0,0,0,0,0,0,0
2,1,21,15,0,0,0,0,34540184000,34540279000,-1,0,0,0,0,0,0,0,0
1,2,21,7,1076651027,2829356,0,0,34540287000,34540469000,-1,0,0,0,41943520,0,0,1280,3065053184
1,2,21,7,25602,0,0,0,34540470000,34540473000,-1,0,0,0,0,0,0,0,0
1,2,21,7,25607,0,0,0,34540474000,34554703000,-1,0,0,0,0,0,0,0,0
0,1,21,15,2,0,15,0,34554725000,34554874000,-1,0,0,0,0,0,0,0,0
1,1,21,15,20483,0,0,0,34554878000,34554886000,-1,0,0,0,0,0,0,0,0
1,1,21,15,1088704512,3066196212,0,0,34554888000,34554894000,-1,3066200064,3064438784,0,16777440,41943520,0,1,0
1,1,21,15,2147766273,0,0,0,34554895000,34554985000,-1,0,0,0,0,0,0,0,0
1,1,21,15,2147766276,3000,0,0,34554987000,34556860000,-1,0,0,0,0,0,0,0,0
1,1,21,15,2147766277,3064434148,0,0,34556863000,34556866000,6,0,0,0,0,0,0,0,0
1,1,21,15,20483,0,0,0,34556868000,34556870000,-1,0,0,0,0,0,0,0,0
2,1,21,15,0,0,0,0,34556873000,34556956000,-1,0,0,0,0,0,0,0,0
1,2,21,7,1076651027,2829312,0,0,34556963000,34557141000,-1,0,0,0,41943520,0,0,1280,3064438784
1,2,21,7,25602,0,0,0,34557142000,34557146000,-1,0,0,0,0,0,0,0,0
1,2,21,7,25607,0,0,0,34557147000,34571404000,-1,0,0,0,0,0,0,0,0
0,1,21,15,2,0,15,0,34572125000,34572278000,-1,0,0,0,0,0,0,0,0
1,1,21,15,20483,0,0,0,34572283000,34572293000,-1,0,0,0,0,0,0,0,0
1,1,21,15,1088704512,3066196212,0,0,34572295000,34572301000,-1,3066200064,3065053184,0,16777440,41943520,0,1,0
1,1,21,15,2147766273,0,0,0,34572303000,34572395000,-1,0,0,0,0,0,0,0,0
1,1,21,15,2147766276,3000,0,0,34572397000,34574279000,-1,0,0,0,0,0,0,0,0
1,1,21,15,2147766277,3064434148,0,0,34574317000,34574322000,6,0,0,0,0,0,0,0,0
1,1,21,15,20483,0,0,0,34574324000,34574328000,-1,0,0,0,0,0,0,0,0
2,1,21,15,0,0,0,0,34574330000,34574429000,-1,0,0,0,0,0,0,0,0
1,2,21,7,1076651027,2829356,0,0,34574438000,34574617000,-1,0,0,0,41943520,0,0,1280,3065053184
1,2,21,7,25602,0,0,0,34574618000,34574622000,-1,0,0,0,0,0,0,0,0
1,2,21,7,25607,0,0,0,34574623000,34588041000,-1,0,0,0,0,0,0,0,0
0,1,21,15,2,0,15,0,34588135000,34588288000,-1,0,0,0,0,0,0,0,0
1,1,21,15,20483,0,0,0,34588293000,34588302000,-1,0,0,0,0,0,0,0,0
1,1,21,15,1088704512,3066196212,0,0,34588304000,34588310000,-1,3066200064,3064438784,0,16777440,41943520,0,1,0
1,1,21,15,2147766273,0,0,0,34588312000,34588404000,-1,0,0,0,0,0,0,0,0
1,1,21,15,2147766276,3000,0,0,34588406000,34590298000,-1,0,0,0,0,0,0,0,0
1,1,21,15,2147766277,3064434148,0,0,34590301000,34590305000,6,0,0,0,0,0,0,0,0
1,1,21,15,20483,0,0,0,34590306000,34590310000,-1,0,0,0,0,0,0,0,0
2,1,21,15,0,0,0,0,34590312000,34590405000,-1,0,0,0,0,0,0,0,0
1,2,21,7,1076651027,2829312,0,0,34590413000,34590592000,-1,0,0,0,41943520,0,0,1280,3064438784
1,2,21,7,25602,0,0,0,34590593000,34590596000,-1,0,0,0,0,0,0,0,0
1,2,21,7,25607,0,0,0,34590598000,34604696000,-1,0,0,0,0,0,0,0,0
0,1,21,15,2,0,15,0,34604719000,34604868000,-1,0,0,0,0,0,0,0,0
1,1,21,15,20483,0,0,0,34604872000,34604879000,-1,0,0,0,0,0,0,0,0
1,1,21,15,1088704512,3066196212,0,0,34604881000,34604887000,-1,3066200064,3065053184,0,16777440,41943520,0,1,0
1,1,21,15,2147766273,0,0,0,34604889000,34604979000,-1,0,0,0,0,0,0,0,0
1,1,21,15,2147766276,3000,0,0,34604981000,34606969000,-1,0,0,0,0,0,0,0,0
1,1,21,15,2147766277,3064434148,0,0,34606972000,34606975000,6,0,0,0,0,0,0,0,0
1,1,21,15,20483,0,0,0,34606977000,34606980000,-1,0,0,0,0,0,0,0,0
2,1,21,15,0,0,0,0,34606982000,34607081000,-1,0,0,0,0,0,0,0,0
1,2,21,7,1076651027,2829356,0,0,34607088000,34607267000,-1,0,0,0,41943520,0,0,1280,3065053184
1,2,21,7,25602,0,0,0,34607269000,34607272000,-1,0,0,0,0,0,0,0,0
1,2,21,7,25607,0,0,0,34607273000,34621345000,-1,0,0,0,0,0,0,0,0
0,1,21,15,2,0,15,0,34621367000,34621513000,-1,0,0,0,0,0,0,0,0
1,1,21,15,20483,0,0,0,34621517000,34621526000,-1,0,0,0,0,0,0,0,0
1,1,21,15,1088704512,3066196212,0,0,34621527000,34621533000,-1,3066200064,3064438784,0,16777440,41943520,0,1,0
1,1,21,15,2147766273,0,0,0,34621535000,34621625000,-1,0,0,0,0,0,0,0,0
1,1,21,15,2147766276,3000,0,0,34621627000,34623499000,-1,0,0,0,0,0,0,0,0
1,1,21,15,2147766277,3064434148,0,0,34623502000,34623505000,6,0,0,0,0,0,0,0,0
1,1,21,15,20483,0,0,0,34623506000,34623509000,-1,0,0,0,0,0,0,0,0
2,1,21,15,0,0,0,0,34623511000,34623610000,-1,0,0,0,0,0,0,0,0
1,2,21,7,1076651027,2829312,0,0,34623618000,34623799000,-1,0,0,0,41943520,0,0,1280,3064438784
1,2,21,7,25602,0,0,0,34623801000,34623804000,-1,0,0,0,0,0,0,0,0
1,2,21,7,25607,0,0,0,34623805000,34638011000,-1,0,0,0,0,0,0,0,0
0,1,21,15,2,0,15,0,34638035000,34638185000,-1,0,0,0,0,0,0,0,0
1,1,21,15,20483,0,0,0,34638189000,34638197000,-1,0,0,0,0,0,0,0,0
1,1,21,15,1088704512,3066196212,0,0,34638199000,34638205000,-1,3066200064,3065053184,0,16777440,41943520,0,1,0
1,1,21,15,2147766273,0,0,0,34638207000,34638302000,-1,0,0,0,0,0,0,0,0
1,1,21,15,2147766276,3000,0,0,34638304000,34640171000,-1,0,0,0,0,0,0,0,0
1,1,21,15,2147766277,3064434148,0,0,34640174000,34640177000,6,0,0,0,0,0,0,0,0
1,1,21,15,20483,0,0,0,34640178000,34640181000,-1,0,0,0,0,0,0,0,0
2,1,21,15,0,0,0,0,34640183000,34640290000,-1,0,0,0,0,0,0,0,0
1,2,21,7,1076651027,2829356,0,0,34640334000,34640514000,-1,0,0,0,41943520,0,0,1280,3065053184
1,2,21,7,25602,0,0,0,34640516000,34640519000,-1,0,0,0,0,0,0,0,0
1,2,21,7,25607,0,0,0,34640520000,34654668000,-1,0,0,0,0,0,0,0,0
0,1,21,15,2,0,15,0,34654690000,34654876000,-1,0,0,0,0,0,0,0,0
1,1,21,15,20483,0,0,0,34654881000,34654888000,-1,0,0,0,0,0,0,0,0
1,1,21,15,1088704512,3066196212,0,0,34654890000,34654896000,-1,3066200064,3064438784,0,16777440,41943520,0,1,0
1,1,21,15,2147766273,0,0,0,34654898000,34654991000,-1,0,0,0,0,0,0,0,0
1,1,21,15,2147766276,3000,0,0,34654993000,34656858000,-1,0,0,0,0,0,0,0,0
1,1,21,15,2147766277,3064434148,0,0,34656861000,34656865000,6,0,0,0,0,0,0,0,0
1,1,21,15,20483,0,0,0,34656866000,34656869000,-1,0,0,0,0,0,0,0,0
2,1,21,15,0,0,0,0,34656871000,34656971000,-1,0,0,0,0,0,0,0,0
1,2,21,7,1076651027,2829312,0,0,34656978000,34657158000,-1,0,0,0,41943520,0,0,1280,3064438784
1,2,21,7,25602,0,0,0,34657160000,34657164000,-1,0,0,0,0,0,0,0,0
1,2,21,7,25607,0,0,0,34657165000,34671299000,-1,0,0,0,0,0,0,0,0
0,1,21,15,2,0,15,0,34671316000,34671462000,-1,0,0,0,0,0,0,0,0
1,1,21,15,20483,0,0,0,34671466000,34671474000,-1,0,0,0,0,0,0,0,0
1,1,21,15,1088704512,3066196212,0,0,34671475000,34671481000,-1,3066200064,3065053184,0,16777440,41943520,0,1,0
1,1,21,15,2147766273,0,0,0,34671482000,34671570000,-1,0,0,0,0,0,0,0,0
1,1,21,15,2147766276,3000,0,0,34671572000,34673440000,-1,0,0,0,0,0,0,0,0
1,1,21,15,2147766277,3064434148,0,0,34673442000,34673445000,6,0,0,0,0,0,0,0,0
1,1,21,15,20483,0,0,0,34673446000,34673448000,-1,0,0,0,0,0,0,0,0
2,1,21,15,0,0,0,0,34673450000,34673530000,-1,0,0,0,0,0,0,0,0
1,2,21,7,1076651027,2829356,0,0,34673538000,34673717000,-1,0,0,0,41943520,0,0,1280,3065053184
1,2,21,7,25602,0,0,0,34673718000,34673721000,-1,0,0,0,0,0,0,0,0
1,2,21,7,25607,0,0,0,34673722000,34687959000,-1,0,0,0,0,0,0,0,0
0,1,21,15,2,0,15,0,34687976000,34688119000,-1,0,0,0,0,0,0,0,0
1,1,21,15,20483,0,0,0,34688124000,34688130000,-1,0,0,0,0,0,0,0,0
1,1,21,15,1088704512,3066196212,0,0,34688132000,34688138000,-1,3066200064,3064438784,0,16777440,41943520,0,1,0
1,1,21,15,2147766273,0,0,0,34688139000,34688227000,-1,0,0,0,0,0,0,0,0
1,1,21,15,2147766276,3000,0,0,34688229000,34690139000,-1,0,0,0,0,0,0,0,0
1,1,21,15,2147766277,3064434148,0,0,34690143000,34690146000,6,0,0,0,0,0,0,0,0
1,1,21,15,20483,0,0,0,34690148000,34690151000,-1,0,0,0,0,0,0,0,0
2,1,21,15,0,0,0,0,34690153000,34690247000,-1,0,0,0,0,0,0,0,0
1,2,21,7,1076651027,2829312,0,0,34690256000,34690436000,-1,0,0,0,41943520,0,0,1280,3064438784
1,2,21,7,25602,0,0,0,34690437000,34690440000,-1,0,0,0,0,0,0,0,0
1,2,21,7,25607,0,0,0,34690441000,34704614000,-1,0,0,0,0,0,0,0,0
0,1,21,15,2,0,15,0,34704632000,34704786000,-1,0,0,0,0,0,0,0,0
1,1,21,15,20483,0,0,0,34704790000,34704797000,-1,0,0,0,0,0,0,0,0
1,1,21,15,1088704512,3066196212,0,0,34704799000,34704804000,-1,3066200064,3065053184,0,16777440,41943520,0,1,0
1,1,21,15,2147766273,0,0,0,34704806000,34704895000,-1,0,0,0,0,0,0,0,0
1,1,21,15,2147766276,3000,0,0,34704897000,34706766000,-1,0,0,0,0,0,0,0,0
1,1,21,15,2147766277,3064434148,0,0,34706769000,34706772000,6,0,0,0,0,0,0,0,0
1,1,21,15,20483,0,0,0,34706773000,34706775000,-1,0,0,0,0,0,0,0,0
2,1,21,15,0,0,0,0,34706777000,34706858000,-1,0,0,0,0,0,0,0,0
1,2,21,7,1076651027,2829356,0,0,34706866000,34707046000,-1,0,0,0,41943520,0,0,1280,3065053184
1,2,21,7,25602,0,0,0,34707048000,34707051000,-1,0,0,0,0,0,0,0,0
1,2,21,7,25607,0,0,0,34707087000,34721265000,-1,0,0,0,0,0,0,0,0
0,1,21,15,2,0,15,0,34721283000,34721431000,-1,0,0,0,0,0,0,0,0
1,1,21,15,20483,0,0,0,34721436000,34721443000,-1,0,0,0,0,0,0,0,0
1,1,21,15,1088704512,3066196212,0,0,34721444000,34721450000,-1,3066200064,3064438784,0,16777440,41943520,0,1,0
1,1,21,15,2147766273,0,0,0,34721452000,34721541000,-1,0,0,0,0,0,0,0,0
1,1,21,15,2147766276,3000,0,0,34721542000,34723408000,-1,0,0,0,0,0,0,0,0
1,1,21,15,2147766277,3064434148,0,0,34723411000,34723414000,6,0,0,0,0,0,0,0,0
1,1,21,15,20483,0,0,0,34723415000,34723417000,-1,0,0,0,0,0,0,0,0
2,1,21,15,0,0,0,0,34723419000,34723500000,-1,0,0,0,0,0,0,0,0
1,2,21,7,1076651027,2829312,0,0,34723507000,34723686000,-1,0,0,0,41943520,0,0,1280,3064438784
1,2,21,7,25602,0,0,0,34723688000,34723691000,-1,0,0,0,0,0,0,0,0
1,2,21,7,25607,0,0,0,34723692000,34737928000,-1,0,0,0,0,0,0,0,0
0,1,21,15,2,0,15,0,34737949000,34738094000,-1,0,0,0,0,0,0,0,0
1,1,21,15,20483,0,0,0,34738098000,34738106000,-1,0,0,0,0,0,0,0,0
1,1,21,15,1088704512,3066196212,0,0,34738108000,34738114000,-1,3066200064,3065053184,0,16777440,41943520,0,1,0
1,1,21,15,2147766273,0,0,0,34738115000,34738202000,-1,0,0,0,0,0,0,0,0
1,1,21,15,2147766276,3000,0,0,34738204000,34740126000,-1,0,0,0,0,0,0,0,0
1,1,21,15,2147766277,3064434148,0,0,34740130000,34740134000,6,0,0,0,0,0,0,0,0
1,1,21,15,20483,0,0,0,34740135000,34740138000,-1,0,0,0,0,0,0,0,0
2,1,21,15,0,0,0,0,34740140000,34740238000,-1,0,0,0,0,0,0,0,0
1,2,21,7,1076651027,2829356,0,0,34740247000,34740427000,-1,0,0,0,41943520,0,0,1280,3065053184
1,2,21,7,25602,0,0,0,34740428000,34740431000,-1,0,0,0,0,0,0,0,0
1,2,21,7,25607,0,0,0,34740432000,34754573000,-1,0,0,0,0,0,0,0,0
0,1,21,15,2,0,15,0,34756119000,34756281000,-1,0,0,0,0,0,0,0,0
1,1,21,15,20483,0,0,0,34756287000,34756297000,-1,0,0,0,0,0,0,0,0
1,1,21,15,1088704512,3066196212,0,0,34756299000,34756305000,-1,3066200064,3064438784,0,16777440,41943520,0,1,0
1,1,21,15,2147766273,0,0,0,34756307000,34756403000,-1,0,0,0,0,0,0,0,0
1,1,21,15,2147766276,3000,0,0,34756405000,34758287000,-1,0,0,0,0,0,0,0,0
1,1,21,15,2147766277,3064434148,0,0,34758291000,34758294000,6,0,0,0,0,0,0,0,0
1,1,21,15,20483,0,0,0,34758295000,34758298000,-1,0,0,0,0,0,0,0,0
2,1,21,15,0,0,0,0,34758300000,34758394000,-1,0,0,0,0,0,0,0,0
1,2,21,7,1076651027,2829312,0,0,34758402000,34758581000,-1,0,0,0,41943520,0,0,1280,3064438784
1,2,21,7,25602,0,0,0,34758582000,34758586000,-1,0,0,0,0,0,0,0,0
1,2,21,7,25607,0,0,0,34758587000,34771237000,-1,0,0,0,0,0,0,0,0
0,1,21,15,2,0,15,0,34772074000,34772225000,-1,0,0,0,0,0,0,0,0
1,1,21,15,20483,0,0,0,34772231000,34772240000,-1,0,0,0,0,0,0,0,0
1,1,21,15,1088704512,3066196212,0,0,34772242000,34772248000,-1,3066200064,3065053184,0,16777440,41943520,0,1,0
1,1,21,15,2147766273,0,0,0,34772249000,34772344000,-1,0,0,0,0,0,0,0,0
1,1,21,15,2147766276,3000,0,0,34772346000,34774223000,-1,0,0,0,0,0,0,0,0
1,1,21,15,2147766277,3064434148,0,0,34774226000,34774230000,6,0,0,0,0,0,0,0,0
1,1,21,15,20483,0,0,0,34774231000,34774234000,-1,0,0,0,0,0,0,0,0
2,1,21,15,0,0,0,0,34774236000,34774325000,-1,0,0,0,0,0,0,0,0
1,2,21,7,1076651027,2829356,0,0,34774333000,34774513000,-1,0,0,0,41943520,0,0,1280,3065053184
1,2,21,7,25602,0,0,0,34774514000,34774518000,-1,0,0,0,0,0,0,0,0
1,2,21,7,25607,0,0,0,34774519000,34787920000,-1,0,0,0,0,0,0,0,0
0,1,21,15,2,0,15,0,34788173000,34788324000,-1,0,0,0,0,0,0,0,0
1,1,21,15,20483,0,0,0,34788329000,34788337000,-1,0,0,0,0,0,0,0,0
1,1,21,15,1088704512,3066196212,0,0,34788375000,34788382000,-1,3066200064,3064438784,0,16777440,41943520,0,1,0
1,1,21,15,2147766273,0,0,0,34788384000,34788483000,-1,0,0,0,0,0,0,0,0
1,1,21,15,2147766276,3000,0,0,34788484000,34790382000,-1,0,0,0,0,0,0,0,0
1,1,21,15,2147766277,3064434148,0,0,34790386000,34790390000,6,0,0,0,0,0,0,0,0
1,1,21,15,20483,0,0,0,34790391000,34790394000,-1,0,0,0,0,0,0,0,0
2,1,21,15,0,0,0,0,34790396000,34790492000,-1,0,0,0,0,0,0,0,0
1,2,21,7,1076651027,2829312,0,0,34790500000,34790680000,-1,0,0,0,41943520,0,0,1280,3064438784
1,2,21,7,25602,0,0,0,34790682000,34790685000,-1,0,0,0,0,0,0,0,0
1,2,21,7,25607,0,0,0,34790687000,34804574000,-1,0,0,0,0,0,0,0,0
0,1,21,15,2,0,15,0,34804597000,34804742000,-1,0,0,0,0,0,0,0,0
1,1,21,15,20483,0,0,0,34804747000,34804755000,-1,0,0,0,0,0,0,0,0
1,1,21,15,1088704512,3066196212,0,0,34804756000,34804762000,-1,3066200064,3065053184,0,16777440,41943520,0,1,0
1,1,21,15,2147766273,0,0,0,34804763000,34804850000,-1,0,0,0,0,0,0,0,0
1,1,21,15,2147766276,3000,0,0,34804852000,34806721000,-1,0,0,0,0,0,0,0,0
1,1,21,15,2147766277,3064434148,0,0,34806723000,34806726000,6,0,0,0,0,0,0,0,0
1,1,21,15,20483,0,0,0,34806727000,34806730000,-1,0,0,0,0,0,0,0,0
2,1,21,15,0,0,0,0,34806731000,34806846000,-1,0,0,0,0,0,0,0,0
1,2,21,7,1076651027,2829356,0,0,34806854000,34807033000,-1,0,0,0,41943520,0,0,1280,3065053184
1,2,21,7,25602,0,0,0,34807034000,34807037000,-1,0,0,0,0,0,0,0,0
1,2,21,7,25607,0,0,0,34807038000,34821239000,-1,0,0,0,0,0,0,0,0
0,1,21,15,2,0,15,0,34821263000,34821415000,-1,0,0,0,0,0,0,0,0
1,1,21,15,20483,0,0,0,34821420000,34821427000,-1,0,0,0,0,0,0,0,0
1,1,21,15,1088704512,3066196212,0,0,34821429000,34821436000,-1,3066200064,3064438784,0,16777440,41943520,0,1,0
1,1,21,15,2147766273,0,0,0,34821438000,34821535000,-1,0,0,0,0,0,0,0,0
1,1,21,15,2147766276,3000,0,0,34821537000,34823402000,-1,0,0,0,0,0,0,0,0
1,1,21,15,2147766277,3064434148,0,0,34823406000,34823409000,6,0,0,0,0,0,0,0,0
1,1,21,15,20483,0,0,0,34823410000,34823413000,-1,0,0,0,0,0,0,0,0
2,1,21,15,0,0,0,0,34823415000,34823518000,-1,0,0,0,0,0,0,0,0
1,2,21,7,1076651027,2829312,0,0,34823526000,34823707000,-1,0,0,0,41943520,0,0,1280,3064438784
1,2,21,7,25602,0,0,0,34823708000,34823711000,-1,0,0,0,0,0,0,0,0
1,2,21,7,25607,0,0,0,34823712000,34837890000,-1,0,0,0,0,0,0,0,0
0,1,21,15,2,0,15,0,34837912000,34838058000,-1,0,0,0,0,0,0,0,0
1,1,21,15,20483,0,0,0,34838063000,34838071000,-1,0,0,0,0,0,0,0,0
1,1,21,15,1088704512,3066196212,0,0,34838073000,34838079000,-1,3066200064,3065053184,0,16777440,41943520,0,1,0
1,1,21,15,2147766273,0,0,0,34838081000,34838173000,-1,0,0,0,0,0,0,0,0
1,1,21,15,2147766276,3000,0,0,34838176000,34840086000,-1,0,0,0,0,0,0,0,0
1,1,21,15,2147766277,3064434148,0,0,34840089000,34840093000,6,0,0,0,0,0,0,0,0
1,1,21,15,20483,0,0,0,34840094000,34840097000,-1,0,0,0,0,0,0,0,0
2,1,21,15,0,0,0,0,34840099000,34840205000,-1,0,0,0,0,0,0,0,0
1,2,21,7,1076651027,2829356,0,0,34840214000,34840394000,-1,0,0,0,41943520,0,0,1280,3065053184
1,2,21,7,25602,0,0,0,34840396000,34840399000,-1,0,0,0,0,0,0,0,0
1,2,21,7,25607,0,0,0,34840401000,34854556000,-1,0,0,0,0,0,0,0,0
0,1,21,15,2,0,15,0,34854579000,34854727000,-1,0,0,0,0,0,0,0,0
1,1,21,15,20483,0,0,0,34854732000,34854741000,-1,0,0,0,0,0,0,0,0
1,1,21,15,1088704512,3066196212,0,0,34854743000,34854749000,-1,3066200064,3064438784,0,16777440,41943520,0,1,0
1,1,21,15,2147766273,0,0,0,34854750000,34854882000,-1,0,0,0,0,0,0,0,0
1,1,21,15,2147766276,3000,0,0,34854927000,34856750000,-1,0,0,0,0,0,0,0,0
1,1,21,15,2147766277,3064434148,0,0,34856752000,34856756000,6,0,0,0,0,0,0,0,0
1,1,21,15,20483,0,0,0,34856757000,34856760000,-1,0,0,0,0,0,0,0,0
2,1,21,15,0,0,0,0,34856762000,34856866000,-1,0,0,0,0,0,0,0,0
1,2,21,7,1076651027,2829312,0,0,34856874000,34857053000,-1,0,0,0,41943520,0,0,1280,3064438784
1,2,21,7,25602,0,0,0,34857055000,34857057000,-1,0,0,0,0,0,0,0,0
1,2,21,7,25607,0,0,0,34857059000,34871183000,-1,0,0,0,0,0,0,0,0
0,1,21,15,2,0,15,0,34871200000,34871351000,-1,0,0,0,0,0,0,0,0
1,1,21,15,20483,0,0,0,34871354000,34871362000,-1,0,0,0,0,0,0,0,0
1,1,21,15,1088704512,3066196212,0,0,34871364000,34871370000,-1,3066200064,3065053184,0,16777440,41943520,0,1,0
1,1,21,15,2147766273,0,0,0,34871371000,34871463000,-1,0,0,0,0,0,0,0,0
1,1,21,15,2147766276,3000,0,0,34871465000,34873330000,-1,0,0,0,0,0,0,0,0
1,1,21,15,2147766277,3064434148,0,0,34873333000,34873335000,6,0,0,0,0,0,0,0,0
1,1,21,15,20483,0,0,0,34873337000,34873339000,-1,0,0,0,0,0,0,0,0
2,1,21,15,0,0,0,0,34873341000,34873421000,-1,0,0,0,0,0,0,0,0
1,2,21,7,1076651027,2829356,0,0,34873428000,34873607000,-1,0,0,0,41943520,0,0,1280,3065053184
1,2,21,7,25602,0,0,0,34873608000,34873611000,-1,0,0,0,0,0,0,0,0
1,2,21,7,25607,0,0,0,34873612000,34887839000,-1,0,0,0,0,0,0,0,0
0,1,21,15,2,0,15,0,34887856000,34888007000,-1,0,0,0,0,0,0,0,0
1,1,21,15,20483,0,0,0,34888010000,34888019000,-1,0,0,0,0,0,0,0,0
1,1,21,15,1088704512,3066196212,0,0,34888021000,34888026000,-1,3066200064,3064438784,0,16777440,41943520,0,1,0
1,1,21,15,2147766273,0,0,0,34888028000,34888116000,-1,0,0,0,0,0,0,0,0
1,1,21,15,2147766276,3000,0,0,34888117000,34889986000,-1,0,0,0,0,0,0,0,0
1,1,21,15,2147766277,3064434148,0,0,34889990000,34889993000,6,0,0,0,0,0,0,0,0
1,1,21,15,20483,0,0,0,34889994000,34889996000,-1,0,0,0,0,0,0,0,0
2,1,21,15,0,0,0,0,34889998000,34890137000,-1,0,0,0,0,0,0,0,0
1,2,21,7,1076651027,2829312,0,0,34890145000,34890325000,-1,0,0,0,41943520,0,0,1280,3064438784
1,2,21,7,25602,0,0,0,34890326000,34890329000,-1,0,0,0,0,0,0,0,0
1,2,21,7,25607,0,0,0,34890330000,34904497000,-1,0,0,0,0,0,0,0,0
0,1,21,15,2,0,15,0,34904514000,34904661000,-1,0,0,0,0,0,0,0,0
1,1,21,15,20483,0,0,0,34904665000,34904673000,-1,0,0,0,0,0,0,0,0
1,1,21,15,1088704512,3066196212,0,0,34904675000,34904681000,-1,3066200064,3065053184,0,16777440,41943520,0,1,0
1,1,21,15,2147766273,0,0,0,34904683000,34904770000,-1,0,0,0,0,0,0,0,0
1,1,21,15,2147766276,3000,0,0,34904771000,34906635000,-1,0,0,0,0,0,0,0,0
1,1,21,15,2147766277,3064434148,0,0,34906638000,34906641000,6,0,0,0,0,0,0,0,0
1,1,21,15,20483,0,0,0,34906642000,34906645000,-1,0,0,0,0,0,0,0,0
2,1,21,15,0,0,0,0,34906647000,34906729000,-1,0,0,0,0,0,0,0,0
1,2,21,7,1076651027,2829356,0,0,34906735000,34906915000,-1,0,0,0,41943520,0,0,1280,3065053184
1,2,21,7,25602,0,0,0,34906917000,34906920000,-1,0,0,0,0,0,0,0,0
1,2,21,7,25607,0,0,0,34906921000,34921156000,-1,0,0,0,0,0,0,0,0
0,1,21,15,2,0,15,0,34921175000,34921320000,-1,0,0,0,0,0,0,0,0
1,1,21,15,20483,0,0,0,34921324000,34921331000,-1,0,0,0,0,0,0,0,0
1,1,21,15,1088704512,3066196212,0,0,34921333000,34921339000,-1,3066200064,3064438784,0,16777440,41943520,0,1,0
1,1,21,15,2147766273,0,0,0,34921340000,34921430000,-1,0,0,0,0,0,0,0,0
1,1,21,15,2147766276,3000,0,0,34921431000,34923296000,-1,0,0,0,0,0,0,0,0
1,1,21,15,2147766277,3064434148,0,0,34923298000,34923300000,6,0,0,0,0,0,0,0,0
1,1,21,15,20483,0,0,0,34923302000,34923304000,-1,0,0,0,0,0,0,0,0
2,1,21,15,0,0,0,0,34923340000,34923430000,-1,0,0,0,0,0,0,0,0
1,2,21,7,1076651027,2829312,0,0,34923438000,34923618000,-1,0,0,0,41943520,0,0,1280,3064438784
1,2,21,7,25602,0,0,0,34923619000,34923623000,-1,0,0,0,0,0,0,0,0
1,2,21,7,25607,0,0,0,34923624000,34937815000,-1,0,0,0,0,0,0,0,0
0,1,21,15,2,0,15,0,34937836000,34937977000,-1,0,0,0,0,0,0,0,0
1,1,21,15,20483,0,0,0,34937981000,34937989000,-1,0,0,0,0,0,0,0,0
1,1,21,15,1088704512,3066196212,0,0,34937991000,34937997000,-1,3066200064,3065053184,0,16777440,41943520,0,1,0
1,1,21,15,2147766273,0,0,0,34937998000,34938087000,-1,0,0,0,0,0,0,0,0
1,1,21,15,2147766276,3000,0,0,34938089000,34939964000,-1,0,0,0,0,0,0,0,0
1,1,21,15,2147766277,3064434148,0,0,34939967000,34939971000,6,0,0,0,0,0,0,0,0
1,1,21,15,20483,0,0,0,34939972000,34939975000,-1,0,0,0,0,0,0,0,0
2,1,21,15,0,0,0,0,34939977000,34940107000,-1,0,0,0,0,0,0,0,0
1,2,21,7,1076651027,2829356,0,0,34940115000,34940294000,-1,0,0,0,41943520,0,0,1280,3065053184
1,2,21,7,25602,0,0,0,34940295000,34940298000,-1,0,0,0,0,0,0,0,0
1,2,21,7,25607,0,0,0,34940300000,34954460000,-1,0,0,0,0,0,0,0,0
0,1,21,15,2,0,15,0,34956105000,34956263000,-1,0,0,0,0,0,0,0,0
1,1,21,15,20483,0,0,0,34956267000,34956277000,-1,0,0,0,0,0,0,0,0
1,1,21,15,1088704512,3066196212,0,0,34956279000,34956286000,-1,3066200064,3064438784,0,16777440,41943520,0,1,0
1,1,21,15,2147766273,0,0,0,34956288000,34956380000,-1,0,0,0,0,0,0,0,0
1,1,21,15,2147766276,3000,0,0,34956382000,34958258000,-1,0,0,0,0,0,0,0,0
1,1,21,15,2147766277,3064434148,0,0,34958261000,34958264000,6,0,0,0,0,0,0,0,0
1,1,21,15,20483,0,0,0,34958266000,34958269000,-1,0,0,0,0,0,0,0,0
2,1,21,15,0,0,0,0,34958271000,34958366000,-1,0,0,0,0,0,0,0,0
1,2,21,7,1076651027,2829312,0,0,34958374000,34958554000,-1,0,0,0,41943520,0,0,1280,3064438784
1,2,21,7,25602,0,0,0,34958556000,34958560000,-1,0,0,0,0,0,0,0,0
1,2,21,7,25607,0,0,0,34958561000,34971118000,-1,0,0,0,0,0,0,0,0
0,1,21,15,2,0,15,0,34972179000,34972339000,-1,0,0,0,0,0,0,0,0
1,1,21,15,20483,0,0,0,34972345000,34972355000,-1,0,0,0,0,0,0,0,0
1,1,21,15,1088704512,3066196212,0,0,34972357000,34972363000,-1,3066200064,3065053184,0,16777440,41943520,0,1,0
1,1,21,15,2147766273,0,0,0,34972365000,34972460000,-1,0,0,0,0,0,0,0,0
1,1,21,15,2147766276,3000,0,0,34972462000,34974347000,-1,0,0,0,0,0,0,0,0
1,1,21,15,2147766277,3064434148,0,0,34974351000,34974354000,6,0,0,0,0,0,0,0,0
1,1,21,15,20483,0,0,0,34974355000,34974359000,-1,0,0,0,0,0,0,0,0
2,1,21,15,0,0,0,0,34974361000,34974454000,-1,0,0,0,0,0,0,0,0
1,2,21,7,1076651027,2829356,0,0,34974463000,34974642000,-1,0,0,0,41943520,0,0,1280,3065053184
1,2,21,7,25602,0,0,0,34974644000,34974648000,-1,0,0,0,0,0,0,0,0
1,2,21,7,25607,0,0,0,34974649000,34987804000,-1,0,0,0,0,0,0,0,0
0,1,21,15,2,0,15,0,34988120000,34988272000,-1,0,0,0,0,0,0,0,0
1,1,21,15,20483,0,0,0,34988276000,34988287000,-1,0,0,0,0,0,0,0,0
1,1,21,15,1088704512,3066196212,0,0,34988289000,34988296000,-1,3066200064,3064438784,0,16777440,41943520,0,1,0
1,1,21,15,2147766273,0,0,0,34988298000,34988392000,-1,0,0,0,0,0,0,0,0
1,1,21,15,2147766276,3000,0,0,34988393000,34990260000,-1,0,0,0,0,0,0,0,0
1,1,21,15,2147766277,3064434148,0,0,34990264000,34990268000,6,0,0,0,0,0,0,0,0
1,1,21,15,20483,0,0,0,34990269000,34990272000,-1,0,0,0,0,0,0,0,0
2,1,21,15,0,0,0,0,34990274000,34990372000,-1,0,0,0,0,0,0,0,0
1,2,21,7,1076651027,2829312,0,0,34990381000,34990561000,-1,0,0,0,41943520,0,0,1280,3064438784
1,2,21,7,25602,0,0,0,34990597000,34990602000,-1,0,0,0,0,0,0,0,0
1,2,21,7,25607,0,0,0,34990603000,35004467000,-1,0,0,0,0,0,0,0,0
0,1,21,15,2,0,15,0,35004490000,35004641000,-1,0,0,0,0,0,0,0,0
1,1,21,15,20483,0,0,0,35004645000,35004653000,-1,0,0,0,0,0,0,0,0
1,1,21,15,1088704512,3066196212,0,0,35004654000,35004661000,-1,3066200064,3065053184,0,16777440,41943520,0,1,0
1,1,21,15,2147766273,0,0,0,35004662000,35004753000,-1,0,0,0,0,0,0,0,0
1,1,21,15,2147766276,3000,0,0,35004755000,35006627000,-1,0,0,0,0,0,0,0,0
1,1,21,15,2147766277,3064434148,0,0,35006630000,35006633000,6,0,0,0,0,0,0,0,0
1,1,21,15,20483,0,0,0,35006634000,35006637000,-1,0,0,0,0,0,0,0,0
2,1,21,15,0,0,0,0,35006639000,35006725000,-1,0,0,0,0,0,0,0,0
1,2,21,7,1076651027,2829356,0,0,35006733000,35006945000,-1,0,0,0,41943520,0,0,1280,3065053184
1,2,21,7,25602,0,0,0,35006947000,35006950000,-1,0,0,0,0,0,0,0,0
1,2,21,7,25607,0,0,0,35006951000,35021110000,-1,0,0,0,0,0,0,0,0
0,1,21,15,2,0,15,0,35021132000,35021286000,-1,0,0,0,0,0,0,0,0
1,1,21,15,20483,0,0,0,35021290000,35021298000,-1,0,0,0,0,0,0,0,0
1,1,21,15,1088704512,3066196212,0,0,35021299000,35021305000,-1,3066200064,3064438784,0,16777440,41943520,0,1,0
1,1,21,15,2147766273,0,0,0,35021307000,35021404000,-1,0,0,0,0,0,0,0,0
1,1,21,15,2147766276,3000,0,0,35021406000,35023270000,-1,0,0,0,0,0,0,0,0
1,1,21,15,2147766277,3064434148,0,0,35023274000,35023277000,6,0,0,0,0,0,0,0,0
1,1,21,15,20483,0,0,0,35023278000,35023281000,-1,0,0,0,0,0,0,0,0
2,1,21,15,0,0,0,0,35023283000,35023382000,-1,0,0,0,0,0,0,0,0
1,2,21,7,1076651027,2829312,0,0,35023390000,35023571000,-1,0,0,0,41943520,0,0,1280,3064438784
1,2,21,7,25602,0,0,0,35023572000,35023575000,-1,0,0,0,0,0,0,0,0
1,2,21,7,25607,0,0,0,35023576000,35037779000,-1,0,0,0,0,0,0,0,0
0,1,21,15,2,0,15,0,35037802000,35037946000,-1,0,0,0,0,0,0,0,0
1,1,21,15,20483,0,0,0,35037951000,35037959000,-1,0,0,0,0,0,0,0,0
1,1,21,15,1088704512,3066196212,0,0,35037961000,35037967000,-1,3066200064,3065053184,0,16777440,41943520,0,1,0
1,1,21,15,2147766273,0,0,0,35037968000,35038059000,-1,0,0,0,0,0,0,0,0
1,1,21,15,2147766276,3000,0,0,35038060000,35039925000,-1,0,0,0,0,0,0,0,0
1,1,21,15,2147766277,3064434148,0,0,35039929000,35039933000,6,0,0,0,0,0,0,0,0
1,1,21,15,20483,0,0,0,35039934000,35039937000,-1,0,0,0,0,0,0,0,0
2,1,21,15,0,0,0,0,35039939000,35040085000,-1,0,0,0,0,0,0,0,0
1,2,21,7,1076651027,2829356,0,0,35040093000,35040275000,-1,0,0,0,41943520,0,0,1280,3065053184
1,2,21,7,25602,0,0,0,35040277000,35040281000,-1,0,0,0,0,0,0,0,0
1,2,21,7,25607,0,0,0,35040282000,35054436000,-1,0,0,0,0,0,0,0,0
0,1,21,15,2,0,15,0,35054458000,35054602000,-1,0,0,0,0,0,0,0,0
1,1,21,15,20483,0,0,0,35054606000,35054614000,-1,0,0,0,0,0,0,0,0
1,1,21,15,1088704512,3066196212,0,0,35054616000,35054622000,-1,3066200064,3064438784,0,16777440,41943520,0,1,0
1,1,21,15,2147766273,0,0,0,35054624000,35054713000,-1,0,0,0,0,0,0,0,0
1,1,21,15,2147766276,3000,0,0,35054715000,35056583000,-1,0,0,0,0,0,0,0,0
1,1,21,15,2147766277,3064434148,0,0,35056586000,35056590000,6,0,0,0,0,0,0,0,0
1,1,21,15,20483,0,0,0,35056591000,35056594000,-1,0,0,0,0,0,0,0,0
2,1,21,15,0,0,0,0,35056596000,35056696000,-1,0,0,0,0,0,0,0,0
1,2,21,7,1076651027,2829312,0,0,35056703000,35056883000,-1,0,0,0,41943520,0,0,1280,3064438784
1,2,21,7,25602,0,0,0,35056884000,35056888000,-1,0,0,0,0,0,0,0,0
1,2,21,7,25607,0,0,0,35056889000,35071068000,-1,0,0,0,0,0,0,0,0
0,1,21,15,2,0,15,0,35071086000,35071231000,-1,0,0,0,0,0,0,0,0
1,1,21,15,20483,0,0,0,35071270000,35071278000,-1,0,0,0,0,0,0,0,0
1,1,21,15,1088704512,3066196212,0,0,35071281000,35071287000,-1,3066200064,3065053184,0,16777440,41943520,0,1,0
1,1,21,15,2147766273,0,0,0,35071288000,35071382000,-1,0,0,0,0,0,0,0,0
1,1,21,15,2147766276,3000,0,0,35071384000,35073260000,-1,0,0,0,0,0,0,0,0
1,1,21,15,2147766277,3064434148,0,0,35073262000,35073265000,6,0,0,0,0,0,0,0,0
1,1,21,15,20483,0,0,0,35073267000,35073269000,-1,0,0,0,0,0,0,0,0
2,1,21,15,0,0,0,0,35073271000,35073359000,-1,0,0,0,0,0,0,0,0
1,2,21,7,1076651027,2829356,0,0,35073367000,35073546000,-1,0,0,0,41943520,0,0,1280,3065053184
1,2,21,7,25602,0,0,0,35073547000,35073550000,-1,0,0,0,0,0,0,0,0
1,2,21,7,25607,0,0,0,35073552000,35087724000,-1,0,0,0,0,0,0,0,0
0,1,21,15,2,0,15,0,35087740000,35087887000,-1,0,0,0,0,0,0,0,0
1,1,21,15,20483,0,0,0,35087890000,35087897000,-1,0,0,0,0,0,0,0,0
1,1,21,15,1088704512,3066196212,0,0,35087899000,35087904000,-1,3066200064,3064438784,0,16777440,41943520,0,1,0
1,1,21,15,2147766273,0,0,0,35087906000,35087994000,-1,0,0,0,0,0,0,0,0
1,1,21,15,2147766276,3000,0,0,35087996000,35089861000,-1,0,0,0,0,0,0,0,0
1,1,21,15,2147766277,3064434148,0,0,35089864000,35089868000,6,0,0,0,0,0,0,0,0
1,1,21,15,20483,0,0,0,35089869000,35089871000,-1,0,0,0,0,0,0,0,0
2,1,21,15,0,0,0,0,35089873000,35089957000,-1,0,0,0,0,0,0,0,0
1,2,21,7,1076651027,2829312,0,0,35089964000,35090192000,-1,0,0,0,41943520,0,0,1280,3064438784
1,2,21,7,25602,0,0,0,35090193000,35090198000,-1,0,0,0,0,0,0,0,0
1,2,21,7,25607,0,0,0,35090199000,35104383000,-1,0,0,0,0,0,0,0,0
0,1,21,15,2,0,15,0,35104400000,35104548000,-1,0,0,0,0,0,0,0,0
1,1,21,15,20483,0,0,0,35104552000,35104560000,-1,0,0,0,0,0,0,0,0
1,1,21,15,1088704512,3066196212,0,0,35104562000,35104567000,-1,3066200064,3065053184,0,16777440,41943520,0,1,0
1,1,21,15,2147766273,0,0,0,35104568000,35104658000,-1,0,0,0,0,0,0,0,0
1,1,21,15,2147766276,3000,0,0,35104660000,35106529000,-1,0,0,0,0,0,0,0,0
1,1,21,15,2147766277,3064434148,0,0,35106532000,35106535000,6,0,0,0,0,0,0,0,0
1,1,21,15,20483,0,0,0,35106536000,35106539000,-1,0,0,0,0,0,0,0,0
2,1,21,15,0,0,0,0,35106541000,35106624000,-1,0,0,0,0,0,0,0,0
1,2,21,7,1076651027,2829356,0,0,35106632000,35106811000,-1,0,0,0,41943520,0,0,1280,3065053184
1,2,21,7,25602,0,0,0,35106812000,35106816000,-1,0,0,0,0,0,0,0,0
1,2,21,7,25607,0,0,0,35106817000,35121061000,-1,0,0,0,0,0,0,0,0
0,1,21,15,2,0,15,0,35121083000,35121233000,-1,0,0,0,0,0,0,0,0
1,1,21,15,20483,0,0,0,35121237000,35121245000,-1,0,0,0,0,0,0,0,0
1,1,21,15,1088704512,3066196212,0,0,35121247000,35121253000,-1,3066200064,3064438784,0,16777440,41943520,0,1,0
1,1,21,15,2147766273,0,0,0,35121254000,35121344000,-1,0,0,0,0,0,0,0,0
1,1,21,15,2147766276,3000,0,0,35121346000,35123216000,-1,0,0,0,0,0,0,0,0
1,1,21,15,2147766277,3064434148,0,0,35123219000,35123222000,6,0,0,0,0,0,0,0,0
1,1,21,15,20483,0,0,0,35123224000,35123226000,-1,0,0,0,0,0,0,0,0
2,1,21,15,0,0,0,0,35123228000,35123313000,-1,0,0,0,0,0,0,0,0
1,2,21,7,1076651027,2829312,0,0,35123320000,35123498000,-1,0,0,0,41943520,0,0,1280,3064438784
1,2,21,7,25602,0,0,0,35123500000,35123503000,-1,0,0,0,0,0,0,0,0
1,2,21,7,25607,0,0,0,35123505000,35137687000,-1,0,0,0,0,0,0,0,0
0,1,21,15,2,0,15,0,35140209000,35140372000,-1,0,0,0,0,0,0,0,0
1,1,21,15,20483,0,0,0,35140377000,35140390000,-1,0,0,0,0,0,0,0,0
1,1,21,15,1088704512,3066196212,0,0,35140392000,35140399000,-1,3066200064,3065053184,0,16777440,41943520,0,1,0
1,1,21,15,2147766273,0,0,0,35140439000,35140544000,-1,0,0,0,0,0,0,0,0
1,1,21,15,2147766276,3000,0,0,35140546000,35142424000,-1,0,0,0,0,0,0,0,0
1,1,21,15,2147766277,3064434148,0,0,35142428000,35142431000,6,0,0,0,0,0,0,0,0
1,1,21,15,20483,0,0,0,35142433000,35142436000,-1,0,0,0,0,0,0,0,0
2,1,21,15,0,0,0,0,35142438000,35142532000,-1,0,0,0,0,0,0,0,0
1,2,21,7,1076651027,2829356,0,0,35142539000,35142720000,-1,0,0,0,41943520,0,0,1280,3065053184
1,2,21,7,25602,0,0,0,35142721000,35142725000,-1,0,0,0,0,0,0,0,0
1,2,21,7,25607,0,0,0,35142726000,35154346000,-1,0,0,0,0,0,0,0,0
0,1,21,15,2,0,15,0,35156111000,35156268000,-1,0,0,0,0,0,0,0,0
1,1,21,15,20483,0,0,0,35156273000,35156283000,-1,0,0,0,0,0,0,0,0
1,1,21,15,1088704512,3066196212,0,0,35156284000,35156291000,-1,3066200064,3064438784,0,16777440,41943520,0,1,0
1,1,21,15,2147766273,0,0,0,35156293000,35156387000,-1,0,0,0,0,0,0,0,0
1,1,21,15,2147766276,3000,0,0,35156389000,35158269000,-1,0,0,0,0,0,0,0,0
1,1,21,15,2147766277,3064434148,0,0,35158273000,35158277000,6,0,0,0,0,0,0,0,0
1,1,21,15,20483,0,0,0,35158278000,35158281000,-1,0,0,0,0,0,0,0,0
2,1,21,15,0,0,0,0,35158283000,35158376000,-1,0,0,0,0,0,0,0,0
1,2,21,7,1076651027,2829312,0,0,35158385000,35158565000,-1,0,0,0,41943520,0,0,1280,3064438784
1,2,21,7,25602,0,0,0,35158567000,35158570000,-1,0,0,0,0,0,0,0,0
1,2,21,7,25607,0,0,0,35158572000,35171002000,-1,0,0,0,0,0,0,0,0
0,1,21,15,2,0,15,0,35172125000,35172284000,-1,0,0,0,0,0,0,0,0
1,1,21,15,20483,0,0,0,35172290000,35172300000,-1,0,0,0,0,0,0,0,0
1,1,21,15,1088704512,3066196212,0,0,35172303000,35172310000,-1,3066200064,3065053184,0,16777440,41943520,0,1,0
1,1,21,15,2147766273,0,0,0,35172311000,35172406000,-1,0,0,0,0,0,0,0,0
1,1,21,15,2147766276,3000,0,0,35172408000,35174287000,-1,0,0,0,0,0,0,0,0
1,1,21,15,2147766277,3064434148,0,0,35174291000,35174294000,6,0,0,0,0,0,0,0,0
1,1,21,15,20483,0,0,0,35174296000,35174299000,-1,0,0,0,0,0,0,0,0
2,1,21,15,0,0,0,0,35174301000,35174394000,-1,0,0,0,0,0,0,0,0
1,2,21,7,1076651027,2829356,0,0,35174403000,35174583000,-1,0,0,0,41943520,0,0,1280,3065053184
1,2,21,7,25602,0,0,0,35174585000,35174589000,-1,0,0,0,0,0,0,0,0
1,2,21,7,25607,0,0,0,35174590000,35187673000,-1,0,0,0,0,0,0,0,0
0,1,21,15,2,0,15,0,35188176000,35188326000,-1,0,0,0,0,0,0,0,0
1,1,21,15,20483,0,0,0,35188331000,35188340000,-1,0,0,0,0,0,0,0,0
1,1,21,15,1088704512,3066196212,0,0,35188343000,35188349000,-1,3066200064,3064438784,0,16777440,41943520,0,1,0
1,1,21,15,2147766273,0,0,0,35188351000,35188446000,-1,0,0,0,0,0,0,0,0
1,1,21,15,2147766276,3000,0,0,35188448000,35190346000,-1,0,0,0,0,0,0,0,0
1,1,21,15,2147766277,3064434148,0,0,35190350000,35190354000,6,0,0,0,0,0,0,0,0
1,1,21,15,20483,0,0,0,35190355000,35190358000,-1,0,0,0,0,0,0,0,0
2,1,21,15,0,0,0,0,35190360000,35190455000,-1,0,0,0,0,0,0,0,0
1,2,21,7,1076651027,2829312,0,0,35190464000,35190644000,-1,0,0,0,41943520,0,0,1280,3064438784
1,2,21,7,25602,0,0,0,35190646000,35190649000,-1,0,0,0,0,0,0,0,0
1,2,21,7,25607,0,0,0,35190650000,35204346000,-1,0,0,0,0,0,0,0,0
0,1,21,15,2,0,15,0,35204369000,35204519000,-1,0,0,0,0,0,0,0,0
1,1,21,15,20483,0,0,0,35204524000,35204533000,-1,0,0,0,0,0,0,0,0
1,1,21,15,1088704512,3066196212,0,0,35204535000,35204541000,-1,3066200064,3065053184,0,16777440,41943520,0,1,0
1,1,21,15,2147766273,0,0,0,35204542000,35204634000,-1,0,0,0,0,0,0,0,0
1,1,21,15,2147766276,3000,0,0,35204635000,35206505000,-1,0,0,0,0,0,0,0,0
1,1,21,15,2147766277,3064434148,0,0,35206508000,35206511000,6,0,0,0,0,0,0,0,0
1,1,21,15,20483,0,0,0,35206547000,35206551000,-1,0,0,0,0,0,0,0,0
2,1,21,15,0,0,0,0,35206553000,35206644000,-1,0,0,0,0,0,0,0,0
1,2,21,7,1076651027,2829356,0,0,35206652000,35206859000,-1,0,0,0,41943520,0,0,1280,3065053184
1,2,21,7,25602,0,0,0,35206861000,35206866000,-1,0,0,0,0,0,0,0,0
1,2,21,7,25607,0,0,0,35206867000,35220978000,-1,0,0,0,0,0,0,0,0
0,1,21,15,2,0,15,0,35223436000,35223595000,-1,0,0,0,0,0,0,0,0
1,1,21,15,20483,0,0,0,35223600000,35223609000,-1,0,0,0,0,0,0,0,0
1,1,21,15,1088704512,3066196212,0,0,35223611000,35223617000,-1,3066200064,3064438784,0,16777440,41943520,0,1,0
1,1,21,15,2147766273,0,0,0,35223619000,35223712000,-1,0,0,0,0,0,0,0,0
1,1,21,15,2147766276,3000,0,0,35223714000,35225588000,-1,0,0,0,0,0,0,0,0
1,1,21,15,2147766277,3064434148,0,0,35225592000,35225596000,6,0,0,0,0,0,0,0,0
1,1,21,15,20483,0,0,0,35225597000,35225600000,-1,0,0,0,0,0,0,0,0
2,1,21,15,0,0,0,0,35225602000,35225696000,-1,0,0,0,0,0,0,0,0
1,2,21,7,1076651027,2829312,0,0,35225705000,35225885000,-1,0,0,0,41943520,0,0,1280,3064438784
1,2,21,7,25602,0,0,0,35225887000,35225890000,-1,0,0,0,0,0,0,0,0
1,2,21,7,25607,0,0,0,35225892000,35237629000,-1,0,0,0,0,0,0,0,0
0,1,21,15,2,0,15,0,35243395000,35243554000,-1,0,0,0,0,0,0,0,0
1,1,21,15,20483,0,0,0,35243559000,35243569000,-1,0,0,0,0,0,0,0,0
1,1,21,15,1088704512,3066196212,0,0,35243571000,35243578000,-1,3066200064,3065053184,0,16777440,41943520,0,1,0
1,1,21,15,2147766273,0,0,0,35243580000,35243674000,-1,0,0,0,0,0,0,0,0
1,1,21,15,2147766276,3000,0,0,35243676000,35245550000,-1,0,0,0,0,0,0,0,0
1,1,21,15,2147766277,3064434148,0,0,35245552000,35245554000,6,0,0,0,0,0,0,0,0
1,1,21,15,20483,0,0,0,35245555000,35245558000,-1,0,0,0,0,0,0,0,0
2,1,21,15,0,0,0,0,35245560000,35245645000,-1,0,0,0,0,0,0,0,0
1,2,21,7,1076651027,2829356,0,0,35245653000,35245833000,-1,0,0,0,41943520,0,0,1280,3065053184
1,2,21,7,25602,0,0,0,35245834000,35245838000,-1,0,0,0,0,0,0,0,0
1,2,21,7,25607,0,0,0,35245839000,35254288000,-1,0,0,0,0,0,0,0,0
0,1,21,15,2,0,15,0,35257298000,35257449000,-1,0,0,0,0,0,0,0,0
1,1,21,15,20483,0,0,0,35257454000,35257463000,-1,0,0,0,0,0,0,0,0
1,1,21,15,1088704512,3066196212,0,0,35257465000,35257472000,-1,3066200064,3064438784,0,16777440,41943520,0,1,0
1,1,21,15,2147766273,0,0,0,35257474000,35257561000,-1,0,0,0,0,0,0,0,0
1,1,21,15,2147766276,3000,0,0,35257563000,35259445000,-1,0,0,0,0,0,0,0,0
1,1,21,15,2147766277,3064434148,0,0,35259447000,35259450000,6,0,0,0,0,0,0,0,0
1,1,21,15,20483,0,0,0,35259451000,35259453000,-1,0,0,0,0,0,0,0,0
2,1,21,15,0,0,0,0,35259455000,35259546000,-1,0,0,0,0,0,0,0,0
1,2,21,7,1076651027,2829312,0,0,35259554000,35259733000,-1,0,0,0,41943520,0,0,1280,3064438784
1,2,21,7,25602,0,0,0,35259735000,35259739000,-1,0,0,0,0,0,0,0,0
1,2,21,7,25607,0,0,0,35259740000,35270959000,-1,0,0,0,0,0,0,0,0
0,1,21,15,2,0,15,0,35271367000,35271521000,-1,0,0,0,0,0,0,0,0
1,1,21,15,20483,0,0,0,35271527000,35271536000,-1,0,0,0,0,0,0,0,0
1,1,21,15,1088704512,3066196212,0,0,35271538000,35271545000,-1,3066200064,3065053184,0,16777440,41943520,0,1,0
1,1,21,15,2147766273,0,0,0,35271546000,35271641000,-1,0,0,0,0,0,0,0,0
1,1,21,15,2147766276,3000,0,0,35271643000,35273518000,-1,0,0,0,0,0,0,0,0
1,1,21,15,2147766277,3064434148,0,0,35273521000,35273525000,6,0,0,0,0,0,0,0,0
1,1,21,15,20483,0,0,0,35273526000,35273529000,-1,0,0,0,0,0,0,0,0
2,1,21,15,0,0,0,0,35273531000,35273625000,-1,0,0,0,0,0,0,0,0
1,2,21,7,1076651027,2829356,0,0,35273674000,35273855000,-1,0,0,0,41943520,0,0,1280,3065053184
1,2,21,7,25602,0,0,0,35273857000,35273861000,-1,0,0,0,0,0,0,0,0
1,2,21,7,25607,0,0,0,35273862000,35287604000,-1,0,0,0,0,0,0,0,0
0,1,21,15,2,0,15,0,35293435000,35293605000,-1,0,0,0,0,0,0,0,0
1,1,21,15,20483,0,0,0,35293612000,35293622000,-1,0,0,0,0,0,0,0,0
1,1,21,15,1088704512,3066196212,0,0,35293624000,35293630000,-1,3066200064,3064438784,0,16777440,41943520,0,1,0
1,1,21,15,2147766273,0,0,0,35293632000,35293734000,-1,0,0,0,0,0,0,0,0
1,1,21,15,2147766276,3000,0,0,35293736000,35295600000,-1,0,0,0,0,0,0,0,0
1,1,21,15,2147766277,3064434148,0,0,35295602000,35295606000,6,0,0,0,0,0,0,0,0
1,1,21,15,20483,0,0,0,35295607000,35295610000,-1,0,0,0,0,0,0,0,0
2,1,21,15,0,0,0,0,35295612000,35295702000,-1,0,0,0,0,0,0,0,0
1,2,21,7,1076651027,2829312,0,0,35295709000,35295889000,-1,0,0,0,41943520,0,0,1280,3064438784
1,2,21,7,25602,0,0,0,35295891000,35295894000,-1,0,0,0,0,0,0,0,0
1,2,21,7,25607,0,0,0,35295895000,35304256000,-1,0,0,0,0,0,0,0,0
0,1,21,15,2,0,15,0,35307379000,35307535000,-1,0,0,0,0,0,0,0,0
1,1,21,15,20483,0,0,0,35307541000,35307552000,-1,0,0,0,0,0,0,0,0
1,1,21,15,1088704512,3066196212,0,0,35307554000,35307560000,-1,3066200064,3065053184,0,16777440,41943520,0,1,0
1,1,21,15,2147766273,0,0,0,35307561000,35307656000,-1,0,0,0,0,0,0,0,0
1,1,21,15,2147766276,3000,0,0,35307657000,35309536000,-1,0,0,0,0,0,0,0,0
1,1,21,15,2147766277,3064434148,0,0,35309539000,35309542000,6,0,0,0,0,0,0,0,0
1,1,21,15,20483,0,0,0,35309544000,35309547000,-1,0,0,0,0,0,0,0,0
2,1,21,15,0,0,0,0,35309549000,35309641000,-1,0,0,0,0,0,0,0,0
1,2,21,7,1076651027,2829356,0,0,35309649000,35309828000,-1,0,0,0,41943520,0,0,1280,3065053184
1,2,21,7,25602,0,0,0,35309830000,35309833000,-1,0,0,0,0,0,0,0,0
1,2,21,7,25607,0,0,0,35309834000,35320915000,-1,0,0,0,0,0,0,0,0
0,1,21,15,2,0,15,0,35325081000,35325238000,-1,0,0,0,0,0,0,0,0
1,1,21,15,20483,0,0,0,35325244000,35325254000,-1,0,0,0,0,0,0,0,0
1,1,21,15,1088704512,3066196212,0,0,35325256000,35325262000,-1,3066200064,3064438784,0,16777440,41943520,0,1,0
1,1,21,15,2147766273,0,0,0,35325264000,35325356000,-1,0,0,0,0,0,0,0,0
1,1,21,15,2147766276,3000,0,0,35325358000,35327224000,-1,0,0,0,0,0,0,0,0
1,1,21,15,2147766277,3064434148,0,0,35327227000,35327230000,6,0,0,0,0,0,0,0,0
1,1,21,15,20483,0,0,0,35327231000,35327234000,-1,0,0,0,0,0,0,0,0
2,1,21,15,0,0,0,0,35327236000,35327343000,-1,0,0,0,0,0,0,0,0
1,2,21,7,1076651027,2829312,0,0,35327352000,35327531000,-1,0,0,0,41943520,0,0,1280,3064438784
1,2,21,7,25602,0,0,0,35327533000,35327536000,-1,0,0,0,0,0,0,0,0
1,2,21,7,25607,0,0,0,35327537000,35337578000,-1,0,0,0,0,0,0,0,0
0,1,21,15,2,0,15,0,35340581000,35340744000,-1,0,0,0,0,0,0,0,0
1,1,21,15,20483,0,0,0,35340751000,35340761000,-1,0,0,0,0,0,0,0,0
1,1,21,15,1088704512,3066196212,0,0,35340763000,35340770000,-1,3066200064,3065053184,0,16777440,41943520,0,1,0
1,1,21,15,2147766273,0,0,0,35340771000,35340868000,-1,0,0,0,0,0,0,0,0
1,1,21,15,2147766276,3000,0,0,35340870000,35342748000,-1,0,0,0,0,0,0,0,0
1,1,21,15,2147766277,3064434148,0,0,35342752000,35342756000,6,0,0,0,0,0,0,0,0
1,1,21,15,20483,0,0,0,35342757000,35342760000,-1,0,0,0,0,0,0,0,0
2,1,21,15,0,0,0,0,35342762000,35342888000,-1,0,0,0,0,0,0,0,0
1,2,21,7,1076651027,2829356,0,0,35342896000,35343077000,-1,0,0,0,41943520,0,0,1280,3065053184
1,2,21,7,25602,0,0,0,35343078000,35343082000,-1,0,0,0,0,0,0,0,0
1,2,21,7,25607,0,0,0,35343083000,35354229000,-1,0,0,0,0,0,0,0,0
0,1,21,15,2,0,15,0,35356505000,35356665000,-1,0,0,0,0,0,0,0,0
1,1,21,15,20483,0,0,0,35356672000,35356682000,-1,0,0,0,0,0,0,0,0
1,1,21,15,1088704512,3066196212,0,0,35356683000,35356690000,-1,3066200064,3064438784,0,16777440,41943520,0,1,0
1,1,21,15,2147766273,0,0,0,35356692000,35356791000,-1,0,0,0,0,0,0,0,0
1,1,21,15,2147766276,3000,0,0,35356794000,35358678000,-1,0,0,0,0,0,0,0,0
1,1,21,15,2147766277,3064434148,0,0,35358682000,35358686000,6,0,0,0,0,0,0,0,0
1,1,21,15,20483,0,0,0,35358687000,35358691000,-1,0,0,0,0,0,0,0,0
2,1,21,15,0,0,0,0,35358693000,35358818000,-1,0,0,0,0,0,0,0,0
1,2,21,7,1076651027,2829312,0,0,35358827000,35359008000,-1,0,0,0,41943520,0,0,1280,3064438784
1,2,21,7,25602,0,0,0,35359010000,35359014000,-1,0,0,0,0,0,0,0,0
1,2,21,7,25607,0,0,0,35359015000,35370888000,-1,0,0,0,0,0,0,0,0
0,1,21,15,2,0,15,0,35372312000,35372472000,-1,0,0,0,0,0,0,0,0
1,1,21,15,20483,0,0,0,35372478000,35372487000,-1,0,0,0,0,0,0,0,0
1,1,21,15,1088704512,3066196212,0,0,35372489000,35372495000,-1,3066200064,3065053184,0,16777440,41943520,0,1,0
1,1,21,15,2147766273,0,0,0,35372496000,35372592000,-1,0,0,0,0,0,0,0,0
1,1,21,15,2147766276,3000,0,0,35372594000,35374472000,-1,0,0,0,0,0,0,0,0
1,1,21,15,2147766277,3064434148,0,0,35374475000,35374478000,6,0,0,0,0,0,0,0,0
1,1,21,15,20483,0,0,0,35374480000,35374482000,-1,0,0,0,0,0,0,0,0
2,1,21,15,0,0,0,0,35374484000,35374576000,-1,0,0,0,0,0,0,0,0
1,2,21,7,1076651027,2829356,0,0,35374585000,35374765000,-1,0,0,0,41943520,0,0,1280,3065053184
1,2,21,7,25602,0,0,0,35374767000,35374771000,-1,0,0,0,0,0,0,0,0
1,2,21,7,25607,0,0,0,35374772000,35387552000,-1,0,0,0,0,0,0,0,0
0,1,21,15,2,0,15,0,35388162000,35388314000,-1,0,0,0,0,0,0,0,0
1,1,21,15,20483,0,0,0,35388321000,35388332000,-1,0,0,0,0,0,0,0,0
1,1,21,15,1088704512,3066196212,0,0,35388333000,35388340000,-1,3066200064,3064438784,0,16777440,41943520,0,1,0
1,1,21,15,2147766273,0,0,0,35388342000,35388434000,-1,0,0,0,0,0,0,0,0
1,1,21,15,2147766276,3000,0,0,35388436000,35390333000,-1,0,0,0,0,0,0,0,0
1,1,21,15,2147766277,3064434148,0,0,35390336000,35390340000,6,0,0,0,0,0,0,0,0
1,1,21,15,20483,0,0,0,35390341000,35390344000,-1,0,0,0,0,0,0,0,0
2,1,21,15,0,0,0,0,35390347000,35390442000,-1,0,0,0,0,0,0,0,0
1,2,21,7,1076651027,2829312,0,0,35390451000,35390629000,-1,0,0,0,41943520,0,0,1280,3064438784
1,2,21,7,25602,0,0,0,35390631000,35390634000,-1,0,0,0,0,0,0,0,0
1,2,21,7,25607,0,0,0,35390635000,35404234000,-1,0,0,0,0,0,0,0,0
0,1,21,15,2,0,15,0,35404257000,35404411000,-1,0,0,0,0,0,0,0,0
1,1,21,15,20483,0,0,0,35404416000,35404424000,-1,0,0,0,0,0,0,0,0
1,1,21,15,1088704512,3066196212,0,0,35404426000,35404431000,-1,3066200064,3065053184,0,16777440,41943520,0,1,0
1,1,21,15,2147766273,0,0,0,35404433000,35404525000,-1,0,0,0,0,0,0,0,0
1,1,21,15,2147766276,3000,0,0,35404527000,35406397000,-1,0,0,0,0,0,0,0,0
1,1,21,15,2147766277,3064434148,0,0,35406400000,35406403000,6,0,0,0,0,0,0,0,0
1,1,21,15,20483,0,0,0,35406404000,35406407000,-1,0,0,0,0,0,0,0,0
2,1,21,15,0,0,0,0,35406409000,35406492000,-1,0,0,0,0,0,0,0,0
1,2,21,7,1076651027,2829356,0,0,35406500000,35406679000,-1,0,0,0,41943520,0,0,1280,3065053184
1,2,21,7,25602,0,0,0,35406681000,35406684000,-1,0,0,0,0,0,0,0,0
1,2,21,7,25607,0,0,0,35406686000,35420889000,-1,0,0,0,0,0,0,0,0
0,1,21,15,2,0,15,0,35420912000,35421057000,-1,0,0,0,0,0,0,0,0
1,1,21,15,20483,0,0,0,35421062000,35421069000,-1,0,0,0,0,0,0,0,0
1,1,21,15,1088704512,3066196212,0,0,35421071000,35421077000,-1,3066200064,3064438784,0,16777440,41943520,0,1,0
1,1,21,15,2147766273,0,0,0,35421115000,35421211000,-1,0,0,0,0,0,0,0,0
1,1,21,15,2147766276,3000,0,0,35421213000,35423074000,-1,0,0,0,0,0,0,0,0
1,1,21,15,2147766277,3064434148,0,0,35423078000,35423081000,6,0,0,0,0,0,0,0,0
1,1,21,15,20483,0,0,0,35423082000,35423085000,-1,0,0,0,0,0,0,0,0
2,1,21,15,0,0,0,0,35423086000,35423190000,-1,0,0,0,0,0,0,0,0
1,2,21,7,1076651027,2829312,0,0,35423198000,35423377000,-1,0,0,0,41943520,0,0,1280,3064438784
1,2,21,7,25602,0,0,0,35423378000,35423381000,-1,0,0,0,0,0,0,0,0
1,2,21,7,25607,0,0,0,35423382000,35437545000,-1,0,0,0,0,0,0,0,0
0,1,21,15,2,0,15,0,35437567000,35437715000,-1,0,0,0,0,0,0,0,0
1,1,21,15,20483,0,0,0,35437719000,35437727000,-1,0,0,0,0,0,0,0,0
1,1,21,15,1088704512,3066196212,0,0,35437729000,35437735000,-1,3066200064,3065053184,0,16777440,41943520,0,1,0
1,1,21,15,2147766273,0,0,0,35437736000,35437824000,-1,0,0,0,0,0,0,0,0
1,1,21,15,2147766276,3000,0,0,35437826000,35439692000,-1,0,0,0,0,0,0,0,0
1,1,21,15,2147766277,3064434148,0,0,35439694000,35439697000,6,0,0,0,0,0,0,0,0
1,1,21,15,20483,0,0,0,35439698000,35439701000,-1,0,0,0,0,0,0,0,0
2,1,21,15,0,0,0,0,35439703000,35439802000,-1,0,0,0,0,0,0,0,0
1,2,21,7,1076651027,2829356,0,0,35439809000,35439990000,-1,0,0,0,41943520,0,0,1280,3065053184
1,2,21,7,25602,0,0,0,35439991000,35439994000,-1,0,0,0,0,0,0,0,0
1,2,21,7,25607,0,0,0,35439996000,35454208000,-1,0,0,0,0,0,0,0,0
0,1,21,15,2,0,15,0,35454229000,35454375000,-1,0,0,0,0,0,0,0,0
1,1,21,15,20483,0,0,0,35454379000,35454386000,-1,0,0,0,0,0,0,0,0
1,1,21,15,1088704512,3066196212,0,0,35454388000,35454394000,-1,3066200064,3064438784,0,16777440,41943520,0,1,0
1,1,21,15,2147766273,0,0,0,35454396000,35454487000,-1,0,0,0,0,0,0,0,0
1,1,21,15,2147766276,3000,0,0,35454489000,35456355000,-1,0,0,0,0,0,0,0,0
1,1,21,15,2147766277,3064434148,0,0,35456358000,35456361000,6,0,0,0,0,0,0,0,0
1,1,21,15,20483,0,0,0,35456362000,35456365000,-1,0,0,0,0,0,0,0,0
2,1,21,15,0,0,0,0,35456367000,35456467000,-1,0,0,0,0,0,0,0,0
1,2,21,7,1076651027,2829312,0,0,35456476000,35456656000,-1,0,0,0,41943520,0,0,1280,3064438784
1,2,21,7,25602,0,0,0,35456657000,35456660000,-1,0,0,0,0,0,0,0,0
1,2,21,7,25607,0,0,0,35456662000,35470939000,-1,0,0,0,0,0,0,0,0
0,1,21,15,2,0,15,0,35470960000,35471103000,-1,0,0,0,0,0,0,0,0
1,1,21,15,20483,0,0,0,35471107000,35471115000,-1,0,0,0,0,0,0,0,0
1,1,21,15,1088704512,3066196212,0,0,35471117000,35471122000,-1,3066200064,3065053184,0,16777440,41943520,0,1,0
1,1,21,15,2147766273,0,0,0,35471124000,35471212000,-1,0,0,0,0,0,0,0,0
1,1,21,15,2147766276,3000,0,0,35471214000,35473082000,-1,0,0,0,0,0,0,0,0
1,1,21,15,2147766277,3064434148,0,0,35473085000,35473088000,6,0,0,0,0,0,0,0,0
1,1,21,15,20483,0,0,0,35473089000,35473091000,-1,0,0,0,0,0,0,0,0
2,1,21,15,0,0,0,0,35473093000,35473180000,-1,0,0,0,0,0,0,0,0
1,2,21,7,1076651027,2829356,0,0,35473187000,35473366000,-1,0,0,0,41943520,0,0,1280,3065053184
1,2,21,7,25602,0,0,0,35473368000,35473371000,-1,0,0,0,0,0,0,0,0
1,2,21,7,25607,0,0,0,35473372000,35487500000,-1,0,0,0,0,0,0,0,0
0,1,21,15,2,0,15,0,35487520000,35487667000,-1,0,0,0,0,0,0,0,0
1,1,21,15,20483,0,0,0,35487671000,35487679000,-1,0,0,0,0,0,0,0,0
1,1,21,15,1088704512,3066196212,0,0,35487680000,35487686000,-1,3066200064,3064438784,0,16777440,41943520,0,1,0
1,1,21,15,2147766273,0,0,0,35487688000,35487778000,-1,0,0,0,0,0,0,0,0
1,1,21,15,2147766276,3000,0,0,35487780000,35489652000,-1,0,0,0,0,0,0,0,0
1,1,21,15,2147766277,3064434148,0,0,35489691000,35489695000,6,0,0,0,0,0,0,0,0
1,1,21,15,20483,0,0,0,35489696000,35489700000,-1,0,0,0,0,0,0,0,0
2,1,21,15,0,0,0,0,35489702000,35489795000,-1,0,0,0,0,0,0,0,0
1,2,21,7,1076651027,2829312,0,0,35489802000,35489981000,-1,0,0,0,41943520,0,0,1280,3064438784
1,2,21,7,25602,0,0,0,35489982000,35489986000,-1,0,0,0,0,0,0,0,0
1,2,21,7,25607,0,0,0,35489987000,35504141000,-1,0,0,0,0,0,0,0,0
0,1,21,15,2,0,15,0,35508171000,35508333000,-1,0,0,0,0,0,0,0,0
1,1,21,15,20483,0,0,0,35508338000,35508347000,-1,0,0,0,0,0,0,0,0
1,1,21,15,1088704512,3066196212,0,0,35508349000,35508356000,-1,3066200064,3065053184,0,16777440,41943520,0,1,0
1,1,21,15,2147766273,0,0,0,35508357000,35508453000,-1,0,0,0,0,0,0,0,0
1,1,21,15,2147766276,3000,0,0,35508455000,35510327000,-1,0,0,0,0,0,0,0,0
1,1,21,15,2147766277,3064434148,0,0,35510331000,35510335000,6,0,0,0,0,0,0,0,0
1,1,21,15,20483,0,0,0,35510336000,35510339000,-1,0,0,0,0,0,0,0,0
2,1,21,15,0,0,0,0,35510341000,35510445000,-1,0,0,0,0,0,0,0,0
1,2,21,7,1076651027,2829356,0,0,35510454000,35510636000,-1,0,0,0,41943520,0,0,1280,3065053184
1,2,21,7,25602,0,0,0,35510637000,35510641000,-1,0,0,0,0,0,0,0,0
1,2,21,7,25607,0,0,0,35510642000,35521689000,-1,0,0,0,0,0,0,0,0
0,1,21,15,2,0,15,0,35525815000,35525979000,-1,0,0,0,0,0,0,0,0
1,1,21,15,20483,0,0,0,35525985000,35525995000,-1,0,0,0,0,0,0,0,0
1,1,21,15,1088704512,3066196212,0,0,35525997000,35526003000,-1,3066200064,3064438784,0,16777440,41943520,0,1,0
1,1,21,15,2147766273,0,0,0,35526005000,35526102000,-1,0,0,0,0,0,0,0,0
1,1,21,15,2147766276,3000,0,0,35526104000,35527969000,-1,0,0,0,0,0,0,0,0
1,1,21,15,2147766277,3064434148,0,0,35527972000,35527975000,6,0,0,0,0,0,0,0,0
1,1,21,15,20483,0,0,0,35527976000,35527978000,-1,0,0,0,0,0,0,0,0
2,1,21,15,0,0,0,0,35527980000,35528086000,-1,0,0,0,0,0,0,0,0
1,2,21,7,1076651027,2829312,0,0,35528094000,35528275000,-1,0,0,0,41943520,0,0,1280,3064438784
1,2,21,7,25602,0,0,0,35528277000,35528280000,-1,0,0,0,0,0,0,0,0
1,2,21,7,25607,0,0,0,35528281000,35537453000,-1,0,0,0,0,0,0,0,0
0,1,21,15,2,0,15,0,35540596000,35540761000,-1,0,0,0,0,0,0,0,0
1,1,21,15,20483,0,0,0,35540766000,35540777000,-1,0,0,0,0,0,0,0,0
1,1,21,15,1088704512,3066196212,0,0,35540779000,35540785000,-1,3066200064,3065053184,0,16777440,41943520,0,1,0
1,1,21,15,2147766273,0,0,0,35540787000,35540891000,-1,0,0,0,0,0,0,0,0
1,1,21,15,2147766276,3000,0,0,35540893000,35542803000,-1,0,0,0,0,0,0,0,0
1,1,21,15,2147766277,3064434148,0,0,35542807000,35542811000,6,0,0,0,0,0,0,0,0
1,1,21,15,20483,0,0,0,35542813000,35542815000,-1,0,0,0,0,0,0,0,0
2,1,21,15,0,0,0,0,35542817000,35542914000,-1,0,0,0,0,0,0,0,0
1,2,21,7,1076651027,2829356,0,0,35542923000,35543104000,-1,0,0,0,41943520,0,0,1280,3065053184
1,2,21,7,25602,0,0,0,35543105000,35543108000,-1,0,0,0,0,0,0,0,0
1,2,21,7,25607,0,0,0,35543109000,35554115000,-1,0,0,0,0,0,0,0,0
0,1,21,15,2,0,15,0,35556435000,35556598000,-1,0,0,0,0,0,0,0,0
1,1,21,15,20483,0,0,0,35556604000,35556613000,-1,0,0,0,0,0,0,0,0
1,1,21,15,1088704512,3066196212,0,0,35556616000,35556622000,-1,3066200064,3064438784,0,16777440,41943520,0,1,0
1,1,21,15,2147766273,0,0,0,35556625000,35556725000,-1,0,0,0,0,0,0,0,0
1,1,21,15,2147766276,3000,0,0,35556727000,35558611000,-1,0,0,0,0,0,0,0,0
1,1,21,15,2147766277,3064434148,0,0,35558614000,35558618000,6,0,0,0,0,0,0,0,0
1,1,21,15,20483,0,0,0,35558619000,35558622000,-1,0,0,0,0,0,0,0,0
2,1,21,15,0,0,0,0,35558624000,35558720000,-1,0,0,0,0,0,0,0,0
1,2,21,7,1076651027,2829312,0,0,35558763000,35558979000,-1,0,0,0,41943520,0,0,1280,3064438784
1,2,21,7,25602,0,0,0,35558981000,35558986000,-1,0,0,0,0,0,0,0,0
1,2,21,7,25607,0,0,0,35558987000,35570772000,-1,0,0,0,0,0,0,0,0
0,1,21,15,2,0,15,0,35572356000,35572524000,-1,0,0,0,0,0,0,0,0
1,1,21,15,20483,0,0,0,35572530000,35572540000,-1,0,0,0,0,0,0,0,0
1,1,21,15,1088704512,3066196212,0,0,35572542000,35572549000,-1,3066200064,3065053184,0,16777440,41943520,0,1,0
1,1,21,15,2147766273,0,0,0,35572550000,35572647000,-1,0,0,0,0,0,0,0,0
1,1,21,15,2147766276,3000,0,0,35572648000,35574529000,-1,0,0,0,0,0,0,0,0
1,1,21,15,2147766277,3064434148,0,0,35574534000,35574538000,6,0,0,0,0,0,0,0,0
1,1,21,15,20483,0,0,0,35574539000,35574542000,-1,0,0,0,0,0,0,0,0
2,1,21,15,0,0,0,0,35574544000,35574637000,-1,0,0,0,0,0,0,0,0
1,2,21,7,1076651027,2829356,0,0,35574644000,35574861000,-1,0,0,0,41943520,0,0,1280,3065053184
1,2,21,7,25602,0,0,0,35574863000,35574867000,-1,0,0,0,0,0,0,0,0
1,2,21,7,25607,0,0,0,35574868000,35587448000,-1,0,0,0,0,0,0,0,0
0,1,21,15,2,0,15,0,35588146000,35588290000,-1,0,0,0,0,0,0,0,0
1,1,21,15,20483,0,0,0,35588295000,35588305000,-1,0,0,0,0,0,0,0,0
1,1,21,15,1088704512,3066196212,0,0,35588308000,35588314000,-1,3066200064,3064438784,0,16777440,41943520,0,1,0
1,1,21,15,2147766273,0,0,0,35588315000,35588402000,-1,0,0,0,0,0,0,0,0
1,1,21,15,2147766276,3000,0,0,35588403000,35590273000,-1,0,0,0,0,0,0,0,0
1,1,21,15,2147766277,3064434148,0,0,35590278000,35590283000,6,0,0,0,0,0,0,0,0
1,1,21,15,20483,0,0,0,35590284000,35590288000,-1,0,0,0,0,0,0,0,0
2,1,21,15,0,0,0,0,35590290000,35590390000,-1,0,0,0,0,0,0,0,0
1,2,21,7,1076651027,2829312,0,0,35590399000,35590579000,-1,0,0,0,41943520,0,0,1280,3064438784
1,2,21,7,25602,0,0,0,35590580000,35590584000,-1,0,0,0,0,0,0,0,0
1,2,21,7,25607,0,0,0,35590585000,35604123000,-1,0,0,0,0,0,0,0,0
0,1,21,15,2,0,15,0,35604146000,35604298000,-1,0,0,0,0,0,0,0,0
1,1,21,15,20483,0,0,0,35604302000,35604309000,-1,0,0,0,0,0,0,0,0
1,1,21,15,1088704512,3066196212,0,0,35604311000,35604316000,-1,3066200064,3065053184,0,16777440,41943520,0,1,0
1,1,21,15,2147766273,0,0,0,35604318000,35604411000,-1,0,0,0,0,0,0,0,0
1,1,21,15,2147766276,3000,0,0,35604414000,35606290000,-1,0,0,0,0,0,0,0,0
1,1,21,15,2147766277,3064434148,0,0,35606293000,35606296000,6,0,0,0,0,0,0,0,0
1,1,21,15,20483,0,0,0,35606297000,35606300000,-1,0,0,0,0,0,0,0,0
2,1,21,15,0,0,0,0,35606303000,35606397000,-1,0,0,0,0,0,0,0,0
1,2,21,7,1076651027,2829356,0,0,35606404000,35606583000,-1,0,0,0,41943520,0,0,1280,3065053184
1,2,21,7,25602,0,0,0,35606584000,35606588000,-1,0,0,0,0,0,0,0,0
1,2,21,7,25607,0,0,0,35606589000,35620755000,-1,0,0,0,0,0,0,0,0
0,1,21,15,2,0,15,0,35620778000,35620923000,-1,0,0,0,0,0,0,0,0
1,1,21,15,20483,0,0,0,35620927000,35620935000,-1,0,0,0,0,0,0,0,0
1,1,21,15,1088704512,3066196212,0,0,35620936000,35620942000,-1,3066200064,3064438784,0,16777440,41943520,0,1,0
1,1,21,15,2147766273,0,0,0,35620944000,35621035000,-1,0,0,0,0,0,0,0,0
1,1,21,15,2147766276,3000,0,0,35621037000,35622970000,-1,0,0,0,0,0,0,0,0
1,1,21,15,2147766277,3064434148,0,0,35622972000,35622975000,6,0,0,0,0,0,0,0,0
1,1,21,15,20483,0,0,0,35622976000,35622980000,-1,0,0,0,0,0,0,0,0
2,1,21,15,0,0,0,0,35622982000,35623078000,-1,0,0,0,0,0,0,0,0
1,2,21,7,1076651027,2829312,0,0,35623085000,35623265000,-1,0,0,0,41943520,0,0,1280,3064438784
1,2,21,7,25602,0,0,0,35623267000,35623270000,-1,0,0,0,0,0,0,0,0
1,2,21,7,25607,0,0,0,35623307000,35637434000,-1,0,0,0,0,0,0,0,0
0,1,21,15,2,0,15,0,35637458000,35637604000,-1,0,0,0,0,0,0,0,0
1,1,21,15,20483,0,0,0,35637609000,35637617000,-1,0,0,0,0,0,0,0,0
1,1,21,15,1088704512,3066196212,0,0,35637619000,35637625000,-1,3066200064,3065053184,0,16777440,41943520,0,1,0
1,1,21,15,2147766273,0,0,0,35637626000,35637713000,-1,0,0,0,0,0,0,0,0
1,1,21,15,2147766276,3000,0,0,35637715000,35639580000,-1,0,0,0,0,0,0,0,0
1,1,21,15,2147766277,3064434148,0,0,35639584000,35639588000,6,0,0,0,0,0,0,0,0
1,1,21,15,20483,0,0,0,35639589000,35639592000,-1,0,0,0,0,0,0,0,0
2,1,21,15,0,0,0,0,35639594000,35639694000,-1,0,0,0,0,0,0,0,0
1,2,21,7,1076651027,2829356,0,0,35639703000,35639882000,-1,0,0,0,41943520,0,0,1280,3065053184
1,2,21,7,25602,0,0,0,35639884000,35639887000,-1,0,0,0,0,0,0,0,0
1,2,21,7,25607,0,0,0,35639888000,35654088000,-1,0,0,0,0,0,0,0,0
0,1,21,15,2,0,15,0,35654112000,35654259000,-1,0,0,0,0,0,0,0,0
1,1,21,15,20483,0,0,0,35654265000,35654271000,-1,0,0,0,0,0,0,0,0
1,1,21,15,1088704512,3066196212,0,0,35654273000,35654279000,-1,3066200064,3064438784,0,16777440,41943520,0,1,0
1,1,21,15,2147766273,0,0,0,35654280000,35654366000,-1,0,0,0,0,0,0,0,0
1,1,21,15,2147766276,3000,0,0,35654368000,35656233000,-1,0,0,0,0,0,0,0,0
1,1,21,15,2147766277,3064434148,0,0,35656236000,35656240000,6,0,0,0,0,0,0,0,0
1,1,21,15,20483,0,0,0,35656241000,35656244000,-1,0,0,0,0,0,0,0,0
2,1,21,15,0,0,0,0,35656246000,35656348000,-1,0,0,0,0,0,0,0,0
1,2,21,7,1076651027,2829312,0,0,35656355000,35656534000,-1,0,0,0,41943520,0,0,1280,3064438784
1,2,21,7,25602,0,0,0,35656536000,35656539000,-1,0,0,0,0,0,0,0,0
1,2,21,7,25607,0,0,0,35656540000,35670763000,-1,0,0,0,0,0,0,0,0
0,1,21,15,2,0,15,0,35670816000,35670957000,-1,0,0,0,0,0,0,0,0
1,1,21,15,20483,0,0,0,35670961000,35670970000,-1,0,0,0,0,0,0,0,0
1,1,21,15,1088704512,3066196212,0,0,35670972000,35670978000,-1,3066200064,3065053184,0,16777440,41943520,0,1,0
1,1,21,15,2147766273,0,0,0,35670980000,35671069000,-1,0,0,0,0,0,0,0,0
1,1,21,15,2147766276,3000,0,0,35671071000,35672939000,-1,0,0,0,0,0,0,0,0
1,1,21,15,2147766277,3064434148,0,0,35672942000,35672946000,6,0,0,0,0,0,0,0,0
1,1,21,15,20483,0,0,0,35672947000,35672950000,-1,0,0,0,0,0,0,0,0
2,1,21,15,0,0,0,0,35672952000,35673053000,-1,0,0,0,0,0,0,0,0
1,2,21,7,1076651027,2829356,0,0,35673060000,35673240000,-1,0,0,0,41943520,0,0,1280,3065053184
1,2,21,7,25602,0,0,0,35673242000,35673245000,-1,0,0,0,0,0,0,0,0
1,2,21,7,25607,0,0,0,35673246000,35687383000,-1,0,0,0,0,0,0,0,0
0,1,21,15,2,0,15,0,35687406000,35687558000,-1,0,0,0,0,0,0,0,0
1,1,21,15,20483,0,0,0,35687562000,35687571000,-1,0,0,0,0,0,0,0,0
1,1,21,15,1088704512,3066196212,0,0,35687573000,35687578000,-1,3066200064,3064438784,0,16777440,41943520,0,1,0
1,1,21,15,2147766273,0,0,0,35687580000,35687672000,-1,0,0,0,0,0,0,0,0
1,1,21,15,2147766276,3000,0,0,35687674000,35689545000,-1,0,0,0,0,0,0,0,0
1,1,21,15,2147766277,3064434148,0,0,35689549000,35689551000,6,0,0,0,0,0,0,0,0
1,1,21,15,20483,0,0,0,35689553000,35689556000,-1,0,0,0,0,0,0,0,0
2,1,21,15,0,0,0,0,35689557000,35689640000,-1,0,0,0,0,0,0,0,0
1,2,21,7,1076651027,2829312,0,0,35689648000,35689826000,-1,0,0,0,41943520,0,0,1280,3064438784
1,2,21,7,25602,0,0,0,35689828000,35689831000,-1,0,0,0,0,0,0,0,0
1,2,21,7,25607,0,0,0,35689832000,35704027000,-1,0,0,0,0,0,0,0,0
0,1,21,15,2,0,15,0,35708120000,35708279000,-1,0,0,0,0,0,0,0,0
1,1,21,15,20483,0,0,0,35708285000,35708294000,-1,0,0,0,0,0,0,0,0
1,1,21,15,1088704512,3066196212,0,0,35708334000,35708341000,-1,3066200064,3065053184,0,16777440,41943520,0,1,0
1,1,21,15,2147766273,0,0,0,35708342000,35708444000,-1,0,0,0,0,0,0,0,0
1,1,21,15,2147766276,3000,0,0,35708447000,35710308000,-1,0,0,0,0,0,0,0,0
1,1,21,15,2147766277,3064434148,0,0,35710314000,35710318000,6,0,0,0,0,0,0,0,0
1,1,21,15,20483,0,0,0,35710319000,35710322000,-1,0,0,0,0,0,0,0,0
2,1,21,15,0,0,0,0,35710324000,35710430000,-1,0,0,0,0,0,0,0,0
1,2,21,7,1076651027,2829356,0,0,35710439000,35710621000,-1,0,0,0,41943520,0,0,1280,3065053184
1,2,21,7,25602,0,0,0,35710622000,35710626000,-1,0,0,0,0,0,0,0,0
1,2,21,7,25607,0,0,0,35710627000,35720688000,-1,0,0,0,0,0,0,0,0
0,1,21,15,2,0,15,0,35724140000,35724313000,-1,0,0,0,0,0,0,0,0
1,1,21,15,20483,0,0,0,35724318000,35724328000,-1,0,0,0,0,0,0,0,0
1,1,21,15,1088704512,3066196212,0,0,35724330000,35724337000,-1,3066200064,3064438784,0,16777440,41943520,0,1,0
1,1,21,15,2147766273,0,0,0,35724339000,35724443000,-1,0,0,0,0,0,0,0,0
1,1,21,15,2147766276,3000,0,0,35724445000,35726322000,-1,0,0,0,0,0,0,0,0
1,1,21,15,2147766277,3064434148,0,0,35726326000,35726329000,6,0,0,0,0,0,0,0,0
1,1,21,15,20483,0,0,0,35726330000,35726333000,-1,0,0,0,0,0,0,0,0
2,1,21,15,0,0,0,0,35726335000,35726424000,-1,0,0,0,0,0,0,0,0
1,2,21,7,1076651027,2829312,0,0,35726432000,35726612000,-1,0,0,0,41943520,0,0,1280,3064438784
1,2,21,7,25602,0,0,0,35726613000,35726617000,-1,0,0,0,0,0,0,0,0
1,2,21,7,25607,0,0,0,35726619000,35737348000,-1,0,0,0,0,0,0,0,0
0,1,21,15,2,0,15,0,35741905000,35742074000,-1,0,0,0,0,0,0,0,0
1,1,21,15,20483,0,0,0,35742080000,35742090000,-1,0,0,0,0,0,0,0,0
1,1,21,15,1088704512,3066196212,0,0,35742092000,35742099000,-1,3066200064,3065053184,0,16777440,41943520,0,1,0
1,1,21,15,2147766273,0,0,0,35742101000,35742199000,-1,0,0,0,0,0,0,0,0
1,1,21,15,2147766276,3000,0,0,35742201000,35744066000,-1,0,0,0,0,0,0,0,0
1,1,21,15,2147766277,3064434148,0,0,35744069000,35744073000,6,0,0,0,0,0,0,0,0
1,1,21,15,20483,0,0,0,35744074000,35744077000,-1,0,0,0,0,0,0,0,0
2,1,21,15,0,0,0,0,35744079000,35744185000,-1,0,0,0,0,0,0,0,0
1,2,21,7,1076651027,2829356,0,0,35744193000,35744374000,-1,0,0,0,41943520,0,0,1280,3065053184
1,2,21,7,25602,0,0,0,35744376000,35744380000,-1,0,0,0,0,0,0,0,0
1,2,21,7,25607,0,0,0,35744381000,35753997000,-1,0,0,0,0,0,0,0,0
0,1,21,15,2,0,15,0,35756536000,35756696000,-1,0,0,0,0,0,0,0,0
1,1,21,15,20483,0,0,0,35756702000,35756713000,-1,0,0,0,0,0,0,0,0
1,1,21,15,1088704512,3066196212,0,0,35756715000,35756722000,-1,3066200064,3064438784,0,16777440,41943520,0,1,0
1,1,21,15,2147766273,0,0,0,35756723000,35756819000,-1,0,0,0,0,0,0,0,0
1,1,21,15,2147766276,3000,0,0,35756821000,35758702000,-1,0,0,0,0,0,0,0,0
1,1,21,15,2147766277,3064434148,0,0,35758705000,35758708000,6,0,0,0,0,0,0,0,0
1,1,21,15,20483,0,0,0,35758709000,35758713000,-1,0,0,0,0,0,0,0,0
2,1,21,15,0,0,0,0,35758715000,35758842000,-1,0,0,0,0,0,0,0,0
1,2,21,7,1076651027,2829312,0,0,35758850000,35759030000,-1,0,0,0,41943520,0,0,1280,3064438784
1,2,21,7,25602,0,0,0,35759032000,35759035000,-1,0,0,0,0,0,0,0,0
1,2,21,7,25607,0,0,0,35759036000,35770654000,-1,0,0,0,0,0,0,0,0
0,1,21,15,2,0,15,0,35772424000,35772580000,-1,0,0,0,0,0,0,0,0
1,1,21,15,20483,0,0,0,35772586000,35772596000,-1,0,0,0,0,0,0,0,0
1,1,21,15,1088704512,3066196212,0,0,35772598000,35772605000,-1,3066200064,3065053184,0,16777440,41943520,0,1,0
1,1,21,15,2147766273,0,0,0,35772607000,35772702000,-1,0,0,0,0,0,0,0,0
1,1,21,15,2147766276,3000,0,0,35772749000,35774591000,-1,0,0,0,0,0,0,0,0
1,1,21,15,2147766277,3064434148,0,0,35774594000,35774597000,6,0,0,0,0,0,0,0,0
1,1,21,15,20483,0,0,0,35774599000,35774602000,-1,0,0,0,0,0,0,0,0
2,1,21,15,0,0,0,0,35774604000,35774702000,-1,0,0,0,0,0,0,0,0
1,2,21,7,1076651027,2829356,0,0,35774709000,35774924000,-1,0,0,0,41943520,0,0,1280,3065053184
1,2,21,7,25602,0,0,0,35774925000,35774930000,-1,0,0,0,0,0,0,0,0
1,2,21,7,25607,0,0,0,35774931000,35787316000,-1,0,0,0,0,0,0,0,0
0,1,21,15,2,0,15,0,35788222000,35788375000,-1,0,0,0,0,0,0,0,0
1,1,21,15,20483,0,0,0,35788381000,35788391000,-1,0,0,0,0,0,0,0,0
1,1,21,15,1088704512,3066196212,0,0,35788393000,35788400000,-1,3066200064,3064438784,0,16777440,41943520,0,1,0
1,1,21,15,2147766273,0,0,0,35788402000,35788495000,-1,0,0,0,0,0,0,0,0
1,1,21,15,2147766276,3000,0,0,35788497000,35790396000,-1,0,0,0,0,0,0,0,0
1,1,21,15,2147766277,3064434148,0,0,35790400000,35790403000,6,0,0,0,0,0,0,0,0
1,1,21,15,20483,0,0,0,35790405000,35790408000,-1,0,0,0,0,0,0,0,0
2,1,21,15,0,0,0,0,35790410000,35790509000,-1,0,0,0,0,0,0,0,0
1,2,21,7,1076651027,2829312,0,0,35790517000,35790697000,-1,0,0,0,41943520,0,0,1280,3064438784
1,2,21,7,25602,0,0,0,35790698000,35790702000,-1,0,0,0,0,0,0,0,0
1,2,21,7,25607,0,0,0,35790703000,35804004000,-1,0,0,0,0,0,0,0,0
0,1,21,15,2,0,15,0,35804155000,35804301000,-1,0,0,0,0,0,0,0,0
1,1,21,15,20483,0,0,0,35804306000,35804314000,-1,0,0,0,0,0,0,0,0
1,1,21,15,1088704512,3066196212,0,0,35804316000,35804322000,-1,3066200064,3065053184,0,16777440,41943520,0,1,0
1,1,21,15,2147766273,0,0,0,35804324000,35804414000,-1,0,0,0,0,0,0,0,0
1,1,21,15,2147766276,3000,0,0,35804415000,35806294000,-1,0,0,0,0,0,0,0,0
1,1,21,15,2147766277,3064434148,0,0,35806297000,35806300000,6,0,0,0,0,0,0,0,0
1,1,21,15,20483,0,0,0,35806301000,35806304000,-1,0,0,0,0,0,0,0,0
2,1,21,15,0,0,0,0,35806306000,35806399000,-1,0,0,0,0,0,0,0,0
1,2,21,7,1076651027,2829356,0,0,35806407000,35806586000,-1,0,0,0,41943520,0,0,1280,3065053184
1,2,21,7,25602,0,0,0,35806587000,35806591000,-1,0,0,0,0,0,0,0,0
1,2,21,7,25607,0,0,0,35806592000,35820654000,-1,0,0,0,0,0,0,0,0
0,1,21,15,2,0,15,0,35820680000,35820830000,-1,0,0,0,0,0,0,0,0
1,1,21,15,20483,0,0,0,35820833000,35820843000,-1,0,0,0,0,0,0,0,0
1,1,21,15,1088704512,3066196212,0,0,35820845000,35820850000,-1,3066200064,3064438784,0,16777440,41943520,0,1,0
1,1,21,15,2147766273,0,0,0,35820852000,35820945000,-1,0,0,0,0,0,0,0,0
1,1,21,15,2147766276,3000,0,0,35820947000,35822937000,-1,0,0,0,0,0,0,0,0
1,1,21,15,2147766277,3064434148,0,0,35822940000,35822943000,6,0,0,0,0,0,0,0,0
1,1,21,15,20483,0,0,0,35822944000,35822947000,-1,0,0,0,0,0,0,0,0
2,1,21,15,0,0,0,0,35822949000,35823047000,-1,0,0,0,0,0,0,0,0
1,2,21,7,1076651027,2829312,0,0,35823055000,35823234000,-1,0,0,0,41943520,0,0,1280,3064438784
1,2,21,7,25602,0,0,0,35823236000,35823239000,-1,0,0,0,0,0,0,0,0
1,2,21,7,25607,0,0,0,35823241000,35837313000,-1,0,0,0,0,0,0,0,0
0,1,21,15,2,0,15,0,35837337000,35837480000,-1,0,0,0,0,0,0,0,0
1,1,21,15,20483,0,0,0,35837485000,35837493000,-1,0,0,0,0,0,0,0,0
1,1,21,15,1088704512,3066196212,0,0,35837495000,35837502000,-1,3066200064,3065053184,0,16777440,41943520,0,1,0
1,1,21,15,2147766273,0,0,0,35837503000,35837595000,-1,0,0,0,0,0,0,0,0
1,1,21,15,2147766276,3000,0,0,35837597000,35839461000,-1,0,0,0,0,0,0,0,0
1,1,21,15,2147766277,3064434148,0,0,35839465000,35839469000,6,0,0,0,0,0,0,0,0
1,1,21,15,20483,0,0,0,35839470000,35839472000,-1,0,0,0,0,0,0,0,0
2,1,21,15,0,0,0,0,35839510000,35839621000,-1,0,0,0,0,0,0,0,0
1,2,21,7,1076651027,2829356,0,0,35839630000,35839810000,-1,0,0,0,41943520,0,0,1280,3065053184
1,2,21,7,25602,0,0,0,35839812000,35839815000,-1,0,0,0,0,0,0,0,0
1,2,21,7,25607,0,0,0,35839817000,35853973000,-1,0,0,0,0,0,0,0,0
0,1,21,15,2,0,15,0,35853998000,35854147000,-1,0,0,0,0,0,0,0,0
1,1,21,15,20483,0,0,0,35854150000,35854158000,-1,0,0,0,0,0,0,0,0
1,1,21,15,1088704512,3066196212,0,0,35854160000,35854166000,-1,3066200064,3064438784,0,16777440,41943520,0,1,0
1,1,21,15,2147766273,0,0,0,35854168000,35854259000,-1,0,0,0,0,0,0,0,0
1,1,21,15,2147766276,3000,0,0,35854261000,35856126000,-1,0,0,0,0,0,0,0,0
1,1,21,15,2147766277,3064434148,0,0,35856130000,35856133000,6,0,0,0,0,0,0,0,0
1,1,21,15,20483,0,0,0,35856134000,35856137000,-1,0,0,0,0,0,0,0,0
2,1,21,15,0,0,0,0,35856139000,35856237000,-1,0,0,0,0,0,0,0,0
1,2,21,7,1076651027,2829312,0,0,35856243000,35856422000,-1,0,0,0,41943520,0,0,1280,3064438784
1,2,21,7,25602,0,0,0,35856423000,35856427000,-1,0,0,0,0,0,0,0,0
1,2,21,7,25607,0,0,0,35856428000,35870652000,-1,0,0,0,0,0,0,0,0
0,1,21,15,2,0,15,0,35870676000,35870859000,-1,0,0,0,0,0,0,0,0
1,1,21,15,20483,0,0,0,35870865000,35870872000,-1,0,0,0,0,0,0,0,0
1,1,21,15,1088704512,3066196212,0,0,35870874000,35870880000,-1,3066200064,3065053184,0,16777440,41943520,0,1,0
1,1,21,15,2147766273,0,0,0,35870881000,35870976000,-1,0,0,0,0,0,0,0,0
1,1,21,15,2147766276,3000,0,0,35870977000,35872851000,-1,0,0,0,0,0,0,0,0
1,1,21,15,2147766277,3064434148,0,0,35872855000,35872858000,6,0,0,0,0,0,0,0,0
1,1,21,15,20483,0,0,0,35872860000,35872863000,-1,0,0,0,0,0,0,0,0
2,1,21,15,0,0,0,0,35872865000,35872967000,-1,0,0,0,0,0,0,0,0
1,2,21,7,1076651027,2829356,0,0,35872975000,35873155000,-1,0,0,0,41943520,0,0,1280,3065053184
1,2,21,7,25602,0,0,0,35873156000,35873160000,-1,0,0,0,0,0,0,0,0
1,2,21,7,25607,0,0,0,35873161000,35887256000,-1,0,0,0,0,0,0,0,0
0,1,21,15,2,0,15,0,35892107000,35892266000,-1,0,0,0,0,0,0,0,0
1,1,21,15,20483,0,0,0,35892272000,35892283000,-1,0,0,0,0,0,0,0,0
1,1,21,15,1088704512,3066196212,0,0,35892285000,35892291000,-1,3066200064,3064438784,0,16777440,41943520,0,1,0
1,1,21,15,2147766273,0,0,0,35892293000,35892392000,-1,0,0,0,0,0,0,0,0
1,1,21,15,2147766276,3000,0,0,35892394000,35894276000,-1,0,0,0,0,0,0,0,0
1,1,21,15,2147766277,3064434148,0,0,35894279000,35894282000,6,0,0,0,0,0,0,0,0
1,1,21,15,20483,0,0,0,35894283000,35894286000,-1,0,0,0,0,0,0,0,0
2,1,21,15,0,0,0,0,35894288000,35894383000,-1,0,0,0,0,0,0,0,0
1,2,21,7,1076651027,2829312,0,0,35894391000,35894571000,-1,0,0,0,41943520,0,0,1280,3064438784
1,2,21,7,25602,0,0,0,35894573000,35894576000,-1,0,0,0,0,0,0,0,0
1,2,21,7,25607,0,0,0,35894577000,35903918000,-1,0,0,0,0,0,0,0,0
0,1,21,15,2,0,15,0,35908109000,35908271000,-1,0,0,0,0,0,0,0,0
1,1,21,15,20483,0,0,0,35908277000,35908286000,-1,0,0,0,0,0,0,0,0
1,1,21,15,1088704512,3066196212,0,0,35908288000,35908294000,-1,3066200064,3065053184,0,16777440,41943520,0,1,0
1,1,21,15,2147766273,0,0,0,35908296000,35908397000,-1,0,0,0,0,0,0,0,0
1,1,21,15,2147766276,3000,0,0,35908399000,35910296000,-1,0,0,0,0,0,0,0,0
1,1,21,15,2147766277,3064434148,0,0,35910300000,35910303000,6,0,0,0,0,0,0,0,0
1,1,21,15,20483,0,0,0,35910304000,35910308000,-1,0,0,0,0,0,0,0,0
2,1,21,15,0,0,0,0,35910310000,35910407000,-1,0,0,0,0,0,0,0,0
1,2,21,7,1076651027,2829356,0,0,35910415000,35910595000,-1,0,0,0,41943520,0,0,1280,3065053184
1,2,21,7,25602,0,0,0,35910630000,35910635000,-1,0,0,0,0,0,0,0,0
1,2,21,7,25607,0,0,0,35910636000,35920567000,-1,0,0,0,0,0,0,0,0
0,1,21,15,2,0,15,0,35924154000,35924319000,-1,0,0,0,0,0,0,0,0
1,1,21,15,20483,0,0,0,35924325000,35924334000,-1,0,0,0,0,0,0,0,0
1,1,21,15,1088704512,3066196212,0,0,35924336000,35924342000,-1,3066200064,3064438784,0,16777440,41943520,0,1,0
1,1,21,15,2147766273,0,0,0,35924343000,35924441000,-1,0,0,0,0,0,0,0,0
1,1,21,15,2147766276,3000,0,0,35924443000,35926320000,-1,0,0,0,0,0,0,0,0
1,1,21,15,2147766277,3064434148,0,0,35926324000,35926327000,6,0,0,0,0,0,0,0,0
1,1,21,15,20483,0,0,0,35926328000,35926332000,-1,0,0,0,0,0,0,0,0
2,1,21,15,0,0,0,0,35926334000,35926426000,-1,0,0,0,0,0,0,0,0
1,2,21,7,1076651027,2829312,0,0,35926434000,35926614000,-1,0,0,0,41943520,0,0,1280,3064438784
1,2,21,7,25602,0,0,0,35926615000,35926619000,-1,0,0,0,0,0,0,0,0
1,2,21,7,25607,0,0,0,35926620000,35937228000,-1,0,0,0,0,0,0,0,0
0,1,21,15,2,0,15,0,35941856000,35942013000,-1,0,0,0,0,0,0,0,0
1,1,21,15,20483,0,0,0,35942019000,35942028000,-1,0,0,0,0,0,0,0,0
1,1,21,15,1088704512,3066196212,0,0,35942030000,35942036000,-1,3066200064,3065053184,0,16777440,41943520,0,1,0
1,1,21,15,2147766273,0,0,0,35942038000,35942133000,-1,0,0,0,0,0,0,0,0
1,1,21,15,2147766276,3000,0,0,35942134000,35943997000,-1,0,0,0,0,0,0,0,0
1,1,21,15,2147766277,3064434148,0,0,35944000000,35944003000,6,0,0,0,0,0,0,0,0
1,1,21,15,20483,0,0,0,35944005000,35944008000,-1,0,0,0,0,0,0,0,0
2,1,21,15,0,0,0,0,35944010000,35944116000,-1,0,0,0,0,0,0,0,0
1,2,21,7,1076651027,2829356,0,0,35944123000,35944304000,-1,0,0,0,41943520,0,0,1280,3065053184
1,2,21,7,25602,0,0,0,35944305000,35944309000,-1,0,0,0,0,0,0,0,0
1,2,21,7,25607,0,0,0,35944310000,35953881000,-1,0,0,0,0,0,0,0,0
0,1,21,15,2,0,15,0,35956635000,35956802000,-1,0,0,0,0,0,0,0,0
1,1,21,15,20483,0,0,0,35956808000,35956818000,-1,0,0,0,0,0,0,0,0
1,1,21,15,1088704512,3066196212,0,0,35956820000,35956827000,-1,3066200064,3064438784,0,16777440,41943520,0,1,0
1,1,21,15,2147766273,0,0,0,35956828000,35956929000,-1,0,0,0,0,0,0,0,0
1,1,21,15,2147766276,3000,0,0,35956931000,35958936000,-1,0,0,0,0,0,0,0,0
1,1,21,15,2147766277,3064434148,0,0,35958939000,35958941000,6,0,0,0,0,0,0,0,0
1,1,21,15,20483,0,0,0,35958943000,35958946000,-1,0,0,0,0,0,0,0,0
2,1,21,15,0,0,0,0,35958948000,35959051000,-1,0,0,0,0,0,0,0,0
1,2,21,7,1076651027,2829312,0,0,35959060000,35959240000,-1,0,0,0,41943520,0,0,1280,3064438784
1,2,21,7,25602,0,0,0,35959241000,35959245000,-1,0,0,0,0,0,0,0,0
1,2,21,7,25607,0,0,0,35959246000,35970542000,-1,0,0,0,0,0,0,0,0
0,1,21,15,2,0,15,0,35972498000,35972654000,-1,0,0,0,0,0,0,0,0
1,1,21,15,20483,0,0,0,35972661000,35972671000,-1,0,0,0,0,0,0,0,0
1,1,21,15,1088704512,3066196212,0,0,35972673000,35972679000,-1,3066200064,3065053184,0,16777440,41943520,0,1,0
1,1,21,15,2147766273,0,0,0,35972680000,35972774000,-1,0,0,0,0,0,0,0,0
1,1,21,15,2147766276,3000,0,0,35972775000,35974653000,-1,0,0,0,0,0,0,0,0
1,1,21,15,2147766277,3064434148,0,0,35974656000,35974660000,6,0,0,0,0,0,0,0,0
1,1,21,15,20483,0,0,0,35974661000,35974665000,-1,0,0,0,0,0,0,0,0
2,1,21,15,0,0,0,0,35974666000,35974759000,-1,0,0,0,0,0,0,0,0
1,2,21,7,1076651027,2829356,0,0,35974793000,35974974000,-1,0,0,0,41943520,0,0,1280,3065053184
1,2,21,7,25602,0,0,0,35974975000,35974979000,-1,0,0,0,0,0,0,0,0
1,2,21,7,25607,0,0,0,35974980000,35987200000,-1,0,0,0,0,0,0,0,0
0,1,21,15,2,0,15,0,35993430000,35993587000,-1,0,0,0,0,0,0,0,0
1,1,21,15,20483,0,0,0,35993632000,35993643000,-1,0,0,0,0,0,0,0,0
1,1,21,15,1088704512,3066196212,0,0,35993645000,35993651000,-1,3066200064,3064438784,0,16777440,41943520,0,1,0
1,1,21,15,2147766273,0,0,0,35993653000,35993747000,-1,0,0,0,0,0,0,0,0
1,1,21,15,2147766276,3000,0,0,35993749000,35995626000,-1,0,0,0,0,0,0,0,0
1,1,21,15,2147766277,3064434148,0,0,35995629000,35995631000,6,0,0,0,0,0,0,0,0
1,1,21,15,20483,0,0,0,35995632000,35995635000,-1,0,0,0,0,0,0,0,0
2,1,21,15,0,0,0,0,35995637000,35995726000,-1,0,0,0,0,0,0,0,0
1,2,21,7,1076651027,2829312,0,0,35995733000,35995912000,-1,0,0,0,41943520,0,0,1280,3064438784
1,2,21,7,25602,0,0,0,35995914000,35995917000,-1,0,0,0,0,0,0,0,0
1,2,21,7,25607,0,0,0,35995919000,36003854000,-1,0,0,0,0,0,0,0,0
0,1,21,15,2,0,15,0,36007471000,36007631000,-1,0,0,0,0,0,0,0,0
1,1,21,15,20483,0,0,0,36007637000,36007648000,-1,0,0,0,0,0,0,0,0
1,1,21,15,1088704512,3066196212,0,0,36007650000,36007656000,-1,3066200064,3065053184,0,16777440,41943520,0,1,0
1,1,21,15,2147766273,0,0,0,36007657000,36007758000,-1,0,0,0,0,0,0,0,0
1,1,21,15,2147766276,3000,0,0,36007760000,36009639000,-1,0,0,0,0,0,0,0,0
1,1,21,15,2147766277,3064434148,0,0,36009642000,36009645000,6,0,0,0,0,0,0,0,0
1,1,21,15,20483,0,0,0,36009646000,36009649000,-1,0,0,0,0,0,0,0,0
2,1,21,15,0,0,0,0,36009651000,36009743000,-1,0,0,0,0,0,0,0,0
1,2,21,7,1076651027,2829356,0,0,36009752000,36009931000,-1,0,0,0,41943520,0,0,1280,3065053184
1,2,21,7,25602,0,0,0,36009933000,36009936000,-1,0,0,0,0,0,0,0,0
1,2,21,7,25607,0,0,0,36009937000,36020515000,-1,0,0,0,0,0,0,0,0
0,1,21,15,2,0,15,0,36023476000,36023640000,-1,0,0,0,0,0,0,0,0
1,1,21,15,20483,0,0,0,36023646000,36023655000,-1,0,0,0,0,0,0,0,0
1,1,21,15,1088704512,3066196212,0,0,36023657000,36023664000,-1,3066200064,3064438784,0,16777440,41943520,0,1,0
1,1,21,15,2147766273,0,0,0,36023665000,36023759000,-1,0,0,0,0,0,0,0,0
1,1,21,15,2147766276,3000,0,0,36023761000,36025639000,-1,0,0,0,0,0,0,0,0
1,1,21,15,2147766277,3064434148,0,0,36025643000,36025646000,6,0,0,0,0,0,0,0,0
1,1,21,15,20483,0,0,0,36025647000,36025650000,-1,0,0,0,0,0,0,0,0
2,1,21,15,0,0,0,0,36025653000,36025746000,-1,0,0,0,0,0,0,0,0
1,2,21,7,1076651027,2829312,0,0,36025753000,36025934000,-1,0,0,0,41943520,0,0,1280,3064438784
1,2,21,7,25602,0,0,0,36025935000,36025938000,-1,0,0,0,0,0,0,0,0
1,2,21,7,25607,0,0,0,36025940000,36037169000,-1,0,0,0,0,0,0,0,0
0,1,21,15,2,0,15,0,36043386000,36043546000,-1,0,0,0,0,0,0,0,0
1,1,21,15,20483,0,0,0,36043551000,36043561000,-1,0,0,0,0,0,0,0,0
1,1,21,15,1088704512,3066196212,0,0,36043563000,36043570000,-1,3066200064,3065053184,0,16777440,41943520,0,1,0
1,1,21,15,2147766273,0,0,0,36043571000,36043662000,-1,0,0,0,0,0,0,0,0
1,1,21,15,2147766276,3000,0,0,36043664000,36045538000,-1,0,0,0,0,0,0,0,0
1,1,21,15,2147766277,3064434148,0,0,36045540000,36045543000,6,0,0,0,0,0,0,0,0
1,1,21,15,20483,0,0,0,36045544000,36045547000,-1,0,0,0,0,0,0,0,0
2,1,21,15,0,0,0,0,36045549000,36045634000,-1,0,0,0,0,0,0,0,0
1,2,21,7,1076651027,2829356,0,0,36045642000,36045820000,-1,0,0,0,41943520,0,0,1280,3065053184
1,2,21,7,25602,0,0,0,36045822000,36045825000,-1,0,0,0,0,0,0,0,0
1,2,21,7,25607,0,0,0,36045827000,36053826000,-1,0,0,0,0,0,0,0,0
0,1,21,15,2,0,15,0,36057299000,36057465000,-1,0,0,0,0,0,0,0,0
1,1,21,15,20483,0,0,0,36057471000,36057482000,-1,0,0,0,0,0,0,0,0
1,1,21,15,1088704512,3066196212,0,0,36057484000,36057490000,-1,3066200064,3064438784,0,16777440,41943520,0,1,0
1,1,21,15,2147766273,0,0,0,36057532000,36057637000,-1,0,0,0,0,0,0,0,0
1,1,21,15,2147766276,3000,0,0,36057640000,36059516000,-1,0,0,0,0,0,0,0,0
1,1,21,15,2147766277,3064434148,0,0,36059520000,36059524000,6,0,0,0,0,0,0,0,0
1,1,21,15,20483,0,0,0,36059525000,36059528000,-1,0,0,0,0,0,0,0,0
2,1,21,15,0,0,0,0,36059530000,36059624000,-1,0,0,0,0,0,0,0,0
1,2,21,7,1076651027,2829312,0,0,36059633000,36059812000,-1,0,0,0,41943520,0,0,1280,3064438784
1,2,21,7,25602,0,0,0,36059814000,36059817000,-1,0,0,0,0,0,0,0,0
1,2,21,7,25607,0,0,0,36059818000,36070484000,-1,0,0,0,0,0,0,0,0
0,1,21,15,2,0,15,0,36076157000,36076325000,-1,0,0,0,0,0,0,0,0
1,1,21,15,20483,0,0,0,36076333000,36076343000,-1,0,0,0,0,0,0,0,0
1,1,21,15,1088704512,3066196212,0,0,36076345000,36076352000,-1,3066200064,3065053184,0,16777440,41943520,0,1,0
1,1,21,15,2147766273,0,0,0,36076353000,36076462000,-1,0,0,0,0,0,0,0,0
1,1,21,15,2147766276,3000,0,0,36076464000,36078346000,-1,0,0,0,0,0,0,0,0
1,1,21,15,2147766277,3064434148,0,0,36078350000,36078354000,6,0,0,0,0,0,0,0,0
1,1,21,15,20483,0,0,0,36078355000,36078358000,-1,0,0,0,0,0,0,0,0
2,1,21,15,0,0,0,0,36078360000,36078454000,-1,0,0,0,0,0,0,0,0
1,2,21,7,1076651027,2829356,0,0,36078463000,36078643000,-1,0,0,0,41943520,0,0,1280,3065053184
1,2,21,7,25602,0,0,0,36078644000,36078648000,-1,0,0,0,0,0,0,0,0
1,2,21,7,25607,0,0,0,36078649000,36087142000,-1,0,0,0,0,0,0,0,0
0,1,21,15,2,0,15,0,36092124000,36092282000,-1,0,0,0,0,0,0,0,0
1,1,21,15,20483,0,0,0,36092288000,36092297000,-1,0,0,0,0,0,0,0,0
1,1,21,15,1088704512,3066196212,0,0,36092299000,36092305000,-1,3066200064,3064438784,0,16777440,41943520,0,1,0
1,1,21,15,2147766273,0,0,0,36092307000,36092404000,-1,0,0,0,0,0,0,0,0
1,1,21,15,2147766276,3000,0,0,36092406000,36094284000,-1,0,0,0,0,0,0,0,0
1,1,21,15,2147766277,3064434148,0,0,36094288000,36094291000,6,0,0,0,0,0,0,0,0
1,1,21,15,20483,0,0,0,36094293000,36094296000,-1,0,0,0,0,0,0,0,0
2,1,21,15,0,0,0,0,36094298000,36094390000,-1,0,0,0,0,0,0,0,0
1,2,21,7,1076651027,2829312,0,0,36094399000,36094579000,-1,0,0,0,41943520,0,0,1280,3064438784
1,2,21,7,25602,0,0,0,36094580000,36094584000,-1,0,0,0,0,0,0,0,0
1,2,21,7,25607,0,0,0,36094585000,36103794000,-1,0,0,0,0,0,0,0,0
0,1,21,15,2,0,15,0,36108135000,36108295000,-1,0,0,0,0,0,0,0,0
1,1,21,15,20483,0,0,0,36108300000,36108310000,-1,0,0,0,0,0,0,0,0
1,1,21,15,1088704512,3066196212,0,0,36108312000,36108319000,-1,3066200064,3065053184,0,16777440,41943520,0,1,0
1,1,21,15,2147766273,0,0,0,36108320000,36108418000,-1,0,0,0,0,0,0,0,0
1,1,21,15,2147766276,3000,0,0,36108420000,36110320000,-1,0,0,0,0,0,0,0,0
1,1,21,15,2147766277,3064434148,0,0,36110324000,36110327000,6,0,0,0,0,0,0,0,0
1,1,21,15,20483,0,0,0,36110328000,36110332000,-1,0,0,0,0,0,0,0,0
2,1,21,15,0,0,0,0,36110334000,36110432000,-1,0,0,0,0,0,0,0,0
1,2,21,7,1076651027,2829356,0,0,36110441000,36110621000,-1,0,0,0,41943520,0,0,1280,3065053184
1,2,21,7,25602,0,0,0,36110623000,36110627000,-1,0,0,0,0,0,0,0,0
1,2,21,7,25607,0,0,0,36110628000,36120459000,-1,0,0,0,0,0,0,0,0
0,1,21,15,2,0,15,0,36124103000,36124264000,-1,0,0,0,0,0,0,0,0
1,1,21,15,20483,0,0,0,36124270000,36124280000,-1,0,0,0,0,0,0,0,0
1,1,21,15,1088704512,3066196212,0,0,36124282000,36124288000,-1,3066200064,3064438784,0,16777440,41943520,0,1,0
1,1,21,15,2147766273,0,0,0,36124290000,36124385000,-1,0,0,0,0,0,0,0,0
1,1,21,15,2147766276,3000,0,0,36124388000,36126264000,-1,0,0,0,0,0,0,0,0
1,1,21,15,2147766277,3064434148,0,0,36126267000,36126271000,6,0,0,0,0,0,0,0,0
1,1,21,15,20483,0,0,0,36126308000,36126313000,-1,0,0,0,0,0,0,0,0
2,1,21,15,0,0,0,0,36126315000,36126412000,-1,0,0,0,0,0,0,0,0
1,2,21,7,1076651027,2829312,0,0,36126421000,36126602000,-1,0,0,0,41943520,0,0,1280,3064438784
1,2,21,7,25602,0,0,0,36126603000,36126607000,-1,0,0,0,0,0,0,0,0
1,2,21,7,25607,0,0,0,36126608000,36137109000,-1,0,0,0,0,0,0,0,0
0,1,21,15,2,0,15,0,36140217000,36140376000,-1,0,0,0,0,0,0,0,0
1,1,21,15,20483,0,0,0,36140381000,36140392000,-1,0,0,0,0,0,0,0,0
1,1,21,15,1088704512,3066196212,0,0,36140394000,36140401000,-1,3066200064,3065053184,0,16777440,41943520,0,1,0
1,1,21,15,2147766273,0,0,0,36140403000,36140501000,-1,0,0,0,0,0,0,0,0
1,1,21,15,2147766276,3000,0,0,36140503000,36142377000,-1,0,0,0,0,0,0,0,0
1,1,21,15,2147766277,3064434148,0,0,36142380000,36142384000,6,0,0,0,0,0,0,0,0
1,1,21,15,20483,0,0,0,36142385000,36142388000,-1,0,0,0,0,0,0,0,0
2,1,21,15,0,0,0,0,36142390000,36142480000,-1,0,0,0,0,0,0,0,0
1,2,21,7,1076651027,2829356,0,0,36142489000,36142669000,-1,0,0,0,41943520,0,0,1280,3065053184
1,2,21,7,25602,0,0,0,36142670000,36142674000,-1,0,0,0,0,0,0,0,0
1,2,21,7,25607,0,0,0,36142675000,36153773000,-1,0,0,0,0,0,0,0,0
0,1,21,15,2,0,15,0,36157778000,36157943000,-1,0,0,0,0,0,0,0,0
1,1,21,15,20483,0,0,0,36157949000,36157959000,-1,0,0,0,0,0,0,0,0
1,1,21,15,1088704512,3066196212,0,0,36157961000,36157968000,-1,3066200064,3064438784,0,16777440,41943520,0,1,0
1,1,21,15,2147766273,0,0,0,36157970000,36158073000,-1,0,0,0,0,0,0,0,0
1,1,21,15,2147766276,3000,0,0,36158075000,36159940000,-1,0,0,0,0,0,0,0,0
1,1,21,15,2147766277,3064434148,0,0,36159943000,36159947000,6,0,0,0,0,0,0,0,0
1,1,21,15,20483,0,0,0,36159948000,36159951000,-1,0,0,0,0,0,0,0,0
2,1,21,15,0,0,0,0,36159953000,36160123000,-1,0,0,0,0,0,0,0,0
1,2,21,7,1076651027,2829312,0,0,36160133000,36160315000,-1,0,0,0,41943520,0,0,1280,3064438784
1,2,21,7,25602,0,0,0,36160316000,36160320000,-1,0,0,0,0,0,0,0,0
1,2,21,7,25607,0,0,0,36160321000,36170427000,-1,0,0,0,0,0,0,0,0
0,1,21,15,2,0,15,0,36172695000,36172856000,-1,0,0,0,0,0,0,0,0
1,1,21,15,20483,0,0,0,36172863000,36172871000,-1,0,0,0,0,0,0,0,0
1,1,21,15,1088704512,3066196212,0,0,36172873000,36172879000,-1,3066200064,3065053184,0,16777440,41943520,0,1,0
1,1,21,15,2147766273,0,0,0,36172881000,36172976000,-1,0,0,0,0,0,0,0,0
1,1,21,15,2147766276,3000,0,0,36172978000,36174946000,-1,0,0,0,0,0,0,0,0
1,1,21,15,2147766277,3064434148,0,0,36174949000,36174952000,6,0,0,0,0,0,0,0,0
1,1,21,15,20483,0,0,0,36174953000,36174957000,-1,0,0,0,0,0,0,0,0
2,1,21,15,0,0,0,0,36174959000,36175064000,-1,0,0,0,0,0,0,0,0
1,2,21,7,1076651027,2829356,0,0,36175072000,36175252000,-1,0,0,0,41943520,0,0,1280,3065053184
1,2,21,7,25602,0,0,0,36175253000,36175257000,-1,0,0,0,0,0,0,0,0
1,2,21,7,25607,0,0,0,36175258000,36187085000,-1,0,0,0,0,0,0,0,0
0,1,21,15,2,0,15,0,36188460000,36188618000,-1,0,0,0,0,0,0,0,0
1,1,21,15,20483,0,0,0,36188624000,36188633000,-1,0,0,0,0,0,0,0,0
1,1,21,15,1088704512,3066196212,0,0,36188635000,36188642000,-1,3066200064,3064438784,0,16777440,41943520,0,1,0
1,1,21,15,2147766273,0,0,0,36188643000,36188735000,-1,0,0,0,0,0,0,0,0
1,1,21,15,2147766276,3000,0,0,36188737000,36190604000,-1,0,0,0,0,0,0,0,0
1,1,21,15,2147766277,3064434148,0,0,36190609000,36190613000,6,0,0,0,0,0,0,0,0
1,1,21,15,20483,0,0,0,36190615000,36190618000,-1,0,0,0,0,0,0,0,0
2,1,21,15,0,0,0,0,36190621000,36190723000,-1,0,0,0,0,0,0,0,0
1,2,21,7,1076651027,2829312,0,0,36190732000,36190948000,-1,0,0,0,41943520,0,0,1280,3064438784
1,2,21,7,25602,0,0,0,36190984000,36190989000,-1,0,0,0,0,0,0,0,0
1,2,21,7,25607,0,0,0,36190990000,36203749000,-1,0,0,0,0,0,0,0,0
0,1,21,15,2,0,15,0,36204327000,36204475000,-1,0,0,0,0,0,0,0,0
1,1,21,15,20483,0,0,0,36204481000,36204490000,-1,0,0,0,0,0,0,0,0
1,1,21,15,1088704512,3066196212,0,0,36204492000,36204498000,-1,3066200064,3065053184,0,16777440,41943520,0,1,0
1,1,21,15,2147766273,0,0,0,36204500000,36204590000,-1,0,0,0,0,0,0,0,0
1,1,21,15,2147766276,3000,0,0,36204591000,36206474000,-1,0,0,0,0,0,0,0,0
1,1,21,15,2147766277,3064434148,0,0,36206478000,36206481000,6,0,0,0,0,0,0,0,0
1,1,21,15,20483,0,0,0,36206483000,36206486000,-1,0,0,0,0,0,0,0,0
2,1,21,15,0,0,0,0,36206488000,36206576000,-1,0,0,0,0,0,0,0,0
1,2,21,7,1076651027,2829356,0,0,36206584000,36206798000,-1,0,0,0,41943520,0,0,1280,3065053184
1,2,21,7,25602,0,0,0,36206800000,36206804000,-1,0,0,0,0,0,0,0,0
1,2,21,7,25607,0,0,0,36206805000,36220414000,-1,0,0,0,0,0,0,0,0
0,1,21,15,2,0,15,0,36220436000,36220582000,-1,0,0,0,0,0,0,0,0
1,1,21,15,20483,0,0,0,36220585000,36220593000,-1,0,0,0,0,0,0,0,0
1,1,21,15,1088704512,3066196212,0,0,36220595000,36220600000,-1,3066200064,3064438784,0,16777440,41943520,0,1,0
1,1,21,15,2147766273,0,0,0,36220602000,36220690000,-1,0,0,0,0,0,0,0,0
1,1,21,15,2147766276,3000,0,0,36220691000,36222563000,-1,0,0,0,0,0,0,0,0
1,1,21,15,2147766277,3064434148,0,0,36222567000,36222570000,6,0,0,0,0,0,0,0,0
1,1,21,15,20483,0,0,0,36222571000,36222574000,-1,0,0,0,0,0,0,0,0
2,1,21,15,0,0,0,0,36222575000,36222660000,-1,0,0,0,0,0,0,0,0
1,2,21,7,1076651027,2829312,0,0,36222669000,36222882000,-1,0,0,0,41943520,0,0,1280,3064438784
1,2,21,7,25602,0,0,0,36222884000,36222887000,-1,0,0,0,0,0,0,0,0
1,2,21,7,25607,0,0,0,36222888000,36237089000,-1,0,0,0,0,0,0,0,0
0,1,21,15,2,0,15,0,36237112000,36237257000,-1,0,0,0,0,0,0,0,0
1,1,21,15,20483,0,0,0,36237262000,36237270000,-1,0,0,0,0,0,0,0,0
1,1,21,15,1088704512,3066196212,0,0,36237271000,36237278000,-1,3066200064,3065053184,0,16777440,41943520,0,1,0
1,1,21,15,2147766273,0,0,0,36237280000,36237371000,-1,0,0,0,0,0,0,0,0
1,1,21,15,2147766276,3000,0,0,36237373000,36239238000,-1,0,0,0,0,0,0,0,0
1,1,21,15,2147766277,3064434148,0,0,36239242000,36239244000,6,0,0,0,0,0,0,0,0
1,1,21,15,20483,0,0,0,36239246000,36239248000,-1,0,0,0,0,0,0,0,0
2,1,21,15,0,0,0,0,36239250000,36239352000,-1,0,0,0,0,0,0,0,0
1,2,21,7,1076651027,2829356,0,0,36239360000,36239540000,-1,0,0,0,41943520,0,0,1280,3065053184
1,2,21,7,25602,0,0,0,36239542000,36239546000,-1,0,0,0,0,0,0,0,0
1,2,21,7,25607,0,0,0,36239547000,36253743000,-1,0,0,0,0,0,0,0,0
0,1,21,15,2,0,15,0,36253766000,36253911000,-1,0,0,0,0,0,0,0,0
1,1,21,15,20483,0,0,0,36253915000,36253922000,-1,0,0,0,0,0,0,0,0
1,1,21,15,1088704512,3066196212,0,0,36253924000,36253930000,-1,3066200064,3064438784,0,16777440,41943520,0,1,0
1,1,21,15,2147766273,0,0,0,36253932000,36254020000,-1,0,0,0,0,0,0,0,0
1,1,21,15,2147766276,3000,0,0,36254023000,36255893000,-1,0,0,0,0,0,0,0,0
1,1,21,15,2147766277,3064434148,0,0,36255898000,36255901000,6,0,0,0,0,0,0,0,0
1,1,21,15,20483,0,0,0,36255902000,36255905000,-1,0,0,0,0,0,0,0,0
2,1,21,15,0,0,0,0,36255907000,36256009000,-1,0,0,0,0,0,0,0,0
1,2,21,7,1076651027,2829312,0,0,36256017000,36256197000,-1,0,0,0,41943520,0,0,1280,3064438784
1,2,21,7,25602,0,0,0,36256198000,36256202000,-1,0,0,0,0,0,0,0,0
1,2,21,7,25607,0,0,0,36256203000,36270371000,-1,0,0,0,0,0,0,0,0
0,1,21,15,2,0,15,0,36276135000,36276299000,-1,0,0,0,0,0,0,0,0
1,1,21,15,20483,0,0,0,36276304000,36276314000,-1,0,0,0,0,0,0,0,0
1,1,21,15,1088704512,3066196212,0,0,36276317000,36276323000,-1,3066200064,3065053184,0,16777440,41943520,0,1,0
1,1,21,15,2147766273,0,0,0,36276325000,36276424000,-1,0,0,0,0,0,0,0,0
1,1,21,15,2147766276,3000,0,0,36276427000,36278302000,-1,0,0,0,0,0,0,0,0
1,1,21,15,2147766277,3064434148,0,0,36278306000,36278309000,6,0,0,0,0,0,0,0,0
1,1,21,15,20483,0,0,0,36278310000,36278313000,-1,0,0,0,0,0,0,0,0
2,1,21,15,0,0,0,0,36278315000,36278407000,-1,0,0,0,0,0,0,0,0
1,2,21,7,1076651027,2829356,0,0,36278415000,36278594000,-1,0,0,0,41943520,0,0,1280,3065053184
1,2,21,7,25602,0,0,0,36278596000,36278600000,-1,0,0,0,0,0,0,0,0
1,2,21,7,25607,0,0,0,36278601000,36287024000,-1,0,0,0,0,0,0,0,0
0,1,21,15,2,0,15,0,36292186000,36292344000,-1,0,0,0,0,0,0,0,0
1,1,21,15,20483,0,0,0,36292350000,36292360000,-1,0,0,0,0,0,0,0,0
1,1,21,15,1088704512,3066196212,0,0,36292361000,36292368000,-1,3066200064,3064438784,0,16777440,41943520,0,1,0
1,1,21,15,2147766273,0,0,0,36292369000,36292463000,-1,0,0,0,0,0,0,0,0
1,1,21,15,2147766276,3000,0,0,36292466000,36294345000,-1,0,0,0,0,0,0,0,0
1,1,21,15,2147766277,3064434148,0,0,36294347000,36294351000,6,0,0,0,0,0,0,0,0
1,1,21,15,20483,0,0,0,36294352000,36294356000,-1,0,0,0,0,0,0,0,0
2,1,21,15,0,0,0,0,36294358000,36294451000,-1,0,0,0,0,0,0,0,0
1,2,21,7,1076651027,2829312,0,0,36294459000,36294641000,-1,0,0,0,41943520,0,0,1280,3064438784
1,2,21,7,25602,0,0,0,36294642000,36294647000,-1,0,0,0,0,0,0,0,0
1,2,21,7,25607,0,0,0,36294648000,36303684000,-1,0,0,0,0,0,0,0,0
0,1,21,15,2,0,15,0,36308089000,36308247000,-1,0,0,0,0,0,0,0,0
1,1,21,15,20483,0,0,0,36308252000,36308263000,-1,0,0,0,0,0,0,0,0
1,1,21,15,1088704512,3066196212,0,0,36308265000,36308271000,-1,3066200064,3065053184,0,16777440,41943520,0,1,0
1,1,21,15,2147766273,0,0,0,36308273000,36308372000,-1,0,0,0,0,0,0,0,0
1,1,21,15,2147766276,3000,0,0,36308375000,36310241000,-1,0,0,0,0,0,0,0,0
1,1,21,15,2147766277,3064434148,0,0,36310245000,36310250000,6,0,0,0,0,0,0,0,0
1,1,21,15,20483,0,0,0,36310252000,36310255000,-1,0,0,0,0,0,0,0,0
2,1,21,15,0,0,0,0,36310257000,36310362000,-1,0,0,0,0,0,0,0,0
1,2,21,7,1076651027,2829356,0,0,36310370000,36310550000,-1,0,0,0,41943520,0,0,1280,3065053184
1,2,21,7,25602,0,0,0,36310551000,36310555000,-1,0,0,0,0,0,0,0,0
1,2,21,7,25607,0,0,0,36310556000,36320342000,-1,0,0,0,0,0,0,0,0
0,1,21,15,2,0,15,0,36324095000,36324251000,-1,0,0,0,0,0,0,0,0
1,1,21,15,20483,0,0,0,36324257000,36324267000,-1,0,0,0,0,0,0,0,0
1,1,21,15,1088704512,3066196212,0,0,36324269000,36324275000,-1,3066200064,3064438784,0,16777440,41943520,0,1,0
1,1,21,15,2147766273,0,0,0,36324277000,36324367000,-1,0,0,0,0,0,0,0,0
1,1,21,15,2147766276,3000,0,0,36324369000,36326252000,-1,0,0,0,0,0,0,0,0
1,1,21,15,2147766277,3064434148,0,0,36326256000,36326259000,6,0,0,0,0,0,0,0,0
1,1,21,15,20483,0,0,0,36326261000,36326264000,-1,0,0,0,0,0,0,0,0
2,1,21,15,0,0,0,0,36326265000,36326356000,-1,0,0,0,0,0,0,0,0
1,2,21,7,1076651027,2829312,0,0,36326364000,36326544000,-1,0,0,0,41943520,0,0,1280,3064438784
1,2,21,7,25602,0,0,0,36326545000,36326549000,-1,0,0,0,0,0,0,0,0
1,2,21,7,25607,0,0,0,36326550000,36336998000,-1,0,0,0,0,0,0,0,0
0,1,21,15,2,0,15,0,36340207000,36340365000,-1,0,0,0,0,0,0,0,0
1,1,21,15,20483,0,0,0,36340371000,36340382000,-1,0,0,0,0,0,0,0,0
1,1,21,15,1088704512,3066196212,0,0,36340384000,36340391000,-1,3066200064,3065053184,0,16777440,41943520,0,1,0
1,1,21,15,2147766273,0,0,0,36340428000,36340527000,-1,0,0,0,0,0,0,0,0
1,1,21,15,2147766276,3000,0,0,36340530000,36342401000,-1,0,0,0,0,0,0,0,0
1,1,21,15,2147766277,3064434148,0,0,36342403000,36342407000,6,0,0,0,0,0,0,0,0
1,1,21,15,20483,0,0,0,36342408000,36342411000,-1,0,0,0,0,0,0,0,0
2,1,21,15,0,0,0,0,36342413000,36342504000,-1,0,0,0,0,0,0,0,0
1,2,21,7,1076651027,2829356,0,0,36342512000,36342693000,-1,0,0,0,41943520,0,0,1280,3065053184
1,2,21,7,25602,0,0,0,36342694000,36342698000,-1,0,0,0,0,0,0,0,0
1,2,21,7,25607,0,0,0,36342699000,36353657000,-1,0,0,0,0,0,0,0,0
0,1,21,15,2,0,15,0,36356111000,36356272000,-1,0,0,0,0,0,0,0,0
1,1,21,15,20483,0,0,0,36356277000,36356287000,-1,0,0,0,0,0,0,0,0
1,1,21,15,1088704512,3066196212,0,0,36356289000,36356296000,-1,3066200064,3064438784,0,16777440,41943520,0,1,0
1,1,21,15,2147766273,0,0,0,36356298000,36356392000,-1,0,0,0,0,0,0,0,0
1,1,21,15,2147766276,3000,0,0,36356394000,36358272000,-1,0,0,0,0,0,0,0,0
1,1,21,15,2147766277,3064434148,0,0,36358275000,36358279000,6,0,0,0,0,0,0,0,0
1,1,21,15,20483,0,0,0,36358280000,36358283000,-1,0,0,0,0,0,0,0,0
2,1,21,15,0,0,0,0,36358285000,36358374000,-1,0,0,0,0,0,0,0,0
1,2,21,7,1076651027,2829312,0,0,36358382000,36358562000,-1,0,0,0,41943520,0,0,1280,3064438784
1,2,21,7,25602,0,0,0,36358563000,36358567000,-1,0,0,0,0,0,0,0,0
1,2,21,7,25607,0,0,0,36358568000,36370311000,-1,0,0,0,0,0,0,0,0
0,1,21,15,2,0,15,0,36373838000,36373999000,-1,0,0,0,0,0,0,0,0
1,1,21,15,20483,0,0,0,36374005000,36374015000,-1,0,0,0,0,0,0,0,0
1,1,21,15,1088704512,3066196212,0,0,36374017000,36374024000,-1,3066200064,3065053184,0,16777440,41943520,0,1,0
1,1,21,15,2147766273,0,0,0,36374025000,36374111000,-1,0,0,0,0,0,0,0,0
1,1,21,15,2147766276,3000,0,0,36374113000,36375977000,-1,0,0,0,0,0,0,0,0
1,1,21,15,2147766277,3064434148,0,0,36375980000,36375984000,6,0,0,0,0,0,0,0,0
1,1,21,15,20483,0,0,0,36375985000,36375988000,-1,0,0,0,0,0,0,0,0
2,1,21,15,0,0,0,0,36375990000,36376095000,-1,0,0,0,0,0,0,0,0
1,2,21,7,1076651027,2829356,0,0,36376105000,36376285000,-1,0,0,0,41943520,0,0,1280,3065053184
1,2,21,7,25602,0,0,0,36376287000,36376290000,-1,0,0,0,0,0,0,0,0
1,2,21,7,25607,0,0,0,36376292000,36386969000,-1,0,0,0,0,0,0,0,0
0,1,21,15,2,0,15,0,36388503000,36388670000,-1,0,0,0,0,0,0,0,0
1,1,21,15,20483,0,0,0,36388676000,36388688000,-1,0,0,0,0,0,0,0,0
1,1,21,15,1088704512,3066196212,0,0,36388690000,36388697000,-1,3066200064,3064438784,0,16777440,41943520,0,1,0
1,1,21,15,2147766273,0,0,0,36388698000,36388800000,-1,0,0,0,0,0,0,0,0
1,1,21,15,2147766276,3000,0,0,36388802000,36390670000,-1,0,0,0,0,0,0,0,0
1,1,21,15,2147766277,3064434148,0,0,36390675000,36390678000,6,0,0,0,0,0,0,0,0
1,1,21,15,20483,0,0,0,36390680000,36390683000,-1,0,0,0,0,0,0,0,0
2,1,21,15,0,0,0,0,36390685000,36390820000,-1,0,0,0,0,0,0,0,0
1,2,21,7,1076651027,2829312,0,0,36390831000,36391012000,-1,0,0,0,41943520,0,0,1280,3064438784
1,2,21,7,25602,0,0,0,36391013000,36391017000,-1,0,0,0,0,0,0,0,0
1,2,21,7,25607,0,0,0,36391018000,36403655000,-1,0,0,0,0,0,0,0,0
0,1,21,15,2,0,15,0,36404382000,36404536000,-1,0,0,0,0,0,0,0,0
1,1,21,15,20483,0,0,0,36404541000,36404551000,-1,0,0,0,0,0,0,0,0
1,1,21,15,1088704512,3066196212,0,0,36404553000,36404559000,-1,3066200064,3065053184,0,16777440,41943520,0,1,0
1,1,21,15,2147766273,0,0,0,36404561000,36404659000,-1,0,0,0,0,0,0,0,0
1,1,21,15,2147766276,3000,0,0,36404661000,36406540000,-1,0,0,0,0,0,0,0,0
1,1,21,15,2147766277,3064434148,0,0,36406579000,36406584000,6,0,0,0,0,0,0,0,0
1,1,21,15,20483,0,0,0,36406585000,36406589000,-1,0,0,0,0,0,0,0,0
2,1,21,15,0,0,0,0,36406591000,36406691000,-1,0,0,0,0,0,0,0,0
1,2,21,7,1076651027,2829356,0,0,36406700000,36406920000,-1,0,0,0,41943520,0,0,1280,3065053184
1,2,21,7,25602,0,0,0,36406923000,36406927000,-1,0,0,0,0,0,0,0,0
1,2,21,7,25607,0,0,0,36406928000,36420315000,-1,0,0,0,0,0,0,0,0
0,1,21,15,2,0,15,0,36420339000,36420493000,-1,0,0,0,0,0,0,0,0
1,1,21,15,20483,0,0,0,36420498000,36420505000,-1,0,0,0,0,0,0,0,0
1,1,21,15,1088704512,3066196212,0,0,36420507000,36420512000,-1,3066200064,3064438784,0,16777440,41943520,0,1,0
1,1,21,15,2147766273,0,0,0,36420514000,36420609000,-1,0,0,0,0,0,0,0,0
1,1,21,15,2147766276,3000,0,0,36420611000,36422480000,-1,0,0,0,0,0,0,0,0
1,1,21,15,2147766277,3064434148,0,0,36422484000,36422488000,6,0,0,0,0,0,0,0,0
1,1,21,15,20483,0,0,0,36422489000,36422492000,-1,0,0,0,0,0,0,0,0
2,1,21,15,0,0,0,0,36422493000,36422589000,-1,0,0,0,0,0,0,0,0
1,2,21,7,1076651027,2829312,0,0,36422597000,36422810000,-1,0,0,0,41943520,0,0,1280,3064438784
1,2,21,7,25602,0,0,0,36422813000,36422817000,-1,0,0,0,0,0,0,0,0
1,2,21,7,25607,0,0,0,36422818000,36436972000,-1,0,0,0,0,0,0,0,0
0,1,21,15,2,0,15,0,36436995000,36437141000,-1,0,0,0,0,0,0,0,0
1,1,21,15,20483,0,0,0,36437146000,36437154000,-1,0,0,0,0,0,0,0,0
1,1,21,15,1088704512,3066196212,0,0,36437156000,36437162000,-1,3066200064,3065053184,0,16777440,41943520,0,1,0
1,1,21,15,2147766273,0,0,0,36437164000,36437253000,-1,0,0,0,0,0,0,0,0
1,1,21,15,2147766276,3000,0,0,36437254000,36439127000,-1,0,0,0,0,0,0,0,0
1,1,21,15,2147766277,3064434148,0,0,36439131000,36439135000,6,0,0,0,0,0,0,0,0
1,1,21,15,20483,0,0,0,36439136000,36439140000,-1,0,0,0,0,0,0,0,0
2,1,21,15,0,0,0,0,36439141000,36439250000,-1,0,0,0,0,0,0,0,0
1,2,21,7,1076651027,2829356,0,0,36439258000,36439438000,-1,0,0,0,41943520,0,0,1280,3065053184
1,2,21,7,25602,0,0,0,36439440000,36439443000,-1,0,0,0,0,0,0,0,0
1,2,21,7,25607,0,0,0,36439444000,36453598000,-1,0,0,0,0,0,0,0,0
0,1,21,15,2,0,15,0,36460191000,36460350000,-1,0,0,0,0,0,0,0,0
1,1,21,15,20483,0,0,0,36460356000,36460366000,-1,0,0,0,0,0,0,0,0
1,1,21,15,1088704512,3066196212,0,0,36460368000,36460374000,-1,3066200064,3064438784,0,16777440,41943520,0,1,0
1,1,21,15,2147766273,0,0,0,36460376000,36460466000,-1,0,0,0,0,0,0,0,0
1,1,21,15,2147766276,3000,0,0,36460468000,36462343000,-1,0,0,0,0,0,0,0,0
1,1,21,15,2147766277,3064434148,0,0,36462346000,36462350000,6,0,0,0,0,0,0,0,0
1,1,21,15,20483,0,0,0,36462351000,36462354000,-1,0,0,0,0,0,0,0,0
2,1,21,15,0,0,0,0,36462356000,36462446000,-1,0,0,0,0,0,0,0,0
1,2,21,7,1076651027,2829312,0,0,36462454000,36462632000,-1,0,0,0,41943520,0,0,1280,3064438784
1,2,21,7,25602,0,0,0,36462634000,36462637000,-1,0,0,0,0,0,0,0,0
1,2,21,7,25607,0,0,0,36462639000,36470258000,-1,0,0,0,0,0,0,0,0
0,1,21,15,2,0,15,0,36476074000,36476239000,-1,0,0,0,0,0,0,0,0
1,1,21,15,20483,0,0,0,36476245000,36476255000,-1,0,0,0,0,0,0,0,0
1,1,21,15,1088704512,3066196212,0,0,36476257000,36476264000,-1,3066200064,3065053184,0,16777440,41943520,0,1,0
1,1,21,15,2147766273,0,0,0,36476266000,36476365000,-1,0,0,0,0,0,0,0,0
1,1,21,15,2147766276,3000,0,0,36476367000,36478250000,-1,0,0,0,0,0,0,0,0
1,1,21,15,2147766277,3064434148,0,0,36478253000,36478257000,6,0,0,0,0,0,0,0,0
1,1,21,15,20483,0,0,0,36478258000,36478261000,-1,0,0,0,0,0,0,0,0
2,1,21,15,0,0,0,0,36478263000,36478356000,-1,0,0,0,0,0,0,0,0
1,2,21,7,1076651027,2829356,0,0,36478400000,36478580000,-1,0,0,0,41943520,0,0,1280,3065053184
1,2,21,7,25602,0,0,0,36478582000,36478585000,-1,0,0,0,0,0,0,0,0
1,2,21,7,25607,0,0,0,36478587000,36486911000,-1,0,0,0,0,0,0,0,0
0,1,21,15,2,0,15,0,36492164000,36492331000,-1,0,0,0,0,0,0,0,0
1,1,21,15,20483,0,0,0,36492337000,36492348000,-1,0,0,0,0,0,0,0,0
1,1,21,15,1088704512,3066196212,0,0,36492350000,36492357000,-1,3066200064,3064438784,0,16777440,41943520,0,1,0
1,1,21,15,2147766273,0,0,0,36492359000,36492464000,-1,0,0,0,0,0,0,0,0
1,1,21,15,2147766276,3000,0,0,36492465000,36494344000,-1,0,0,0,0,0,0,0,0
1,1,21,15,2147766277,3064434148,0,0,36494347000,36494351000,6,0,0,0,0,0,0,0,0
1,1,21,15,20483,0,0,0,36494352000,36494355000,-1,0,0,0,0,0,0,0,0
2,1,21,15,0,0,0,0,36494357000,36494450000,-1,0,0,0,0,0,0,0,0
1,2,21,7,1076651027,2829312,0,0,36494458000,36494639000,-1,0,0,0,41943520,0,0,1280,3064438784
1,2,21,7,25602,0,0,0,36494641000,36494644000,-1,0,0,0,0,0,0,0,0
1,2,21,7,25607,0,0,0,36494645000,36503568000,-1,0,0,0,0,0,0,0,0
0,1,21,15,2,0,15,0,36508167000,36508328000,-1,0,0,0,0,0,0,0,0
1,1,21,15,20483,0,0,0,36508333000,36508344000,-1,0,0,0,0,0,0,0,0
1,1,21,15,1088704512,3066196212,0,0,36508346000,36508352000,-1,3066200064,3065053184,0,16777440,41943520,0,1,0
1,1,21,15,2147766273,0,0,0,36508354000,36508455000,-1,0,0,0,0,0,0,0,0
1,1,21,15,2147766276,3000,0,0,36508457000,36510355000,-1,0,0,0,0,0,0,0,0
1,1,21,15,2147766277,3064434148,0,0,36510360000,36510363000,6,0,0,0,0,0,0,0,0
1,1,21,15,20483,0,0,0,36510364000,36510367000,-1,0,0,0,0,0,0,0,0
2,1,21,15,0,0,0,0,36510369000,36510463000,-1,0,0,0,0,0,0,0,0
1,2,21,7,1076651027,2829356,0,0,36510471000,36510652000,-1,0,0,0,41943520,0,0,1280,3065053184
1,2,21,7,25602,0,0,0,36510653000,36510657000,-1,0,0,0,0,0,0,0,0
1,2,21,7,25607,0,0,0,36510658000,36520222000,-1,0,0,0,0,0,0,0,0
0,1,21,15,2,0,15,0,36524142000,36524307000,-1,0,0,0,0,0,0,0,0
1,1,21,15,20483,0,0,0,36524313000,36524324000,-1,0,0,0,0,0,0,0,0
1,1,21,15,1088704512,3066196212,0,0,36524326000,36524332000,-1,3066200064,3064438784,0,16777440,41943520,0,1,0
1,1,21,15,2147766273,0,0,0,36524334000,36524432000,-1,0,0,0,0,0,0,0,0
1,1,21,15,2147766276,3000,0,0,36524433000,36526317000,-1,0,0,0,0,0,0,0,0
1,1,21,15,2147766277,3064434148,0,0,36526320000,36526323000,6,0,0,0,0,0,0,0,0
1,1,21,15,20483,0,0,0,36526325000,36526328000,-1,0,0,0,0,0,0,0,0
2,1,21,15,0,0,0,0,36526330000,36526423000,-1,0,0,0,0,0,0,0,0
1,2,21,7,1076651027,2829312,0,0,36526431000,36526611000,-1,0,0,0,41943520,0,0,1280,3064438784
1,2,21,7,25602,0,0,0,36526612000,36526616000,-1,0,0,0,0,0,0,0,0
1,2,21,7,25607,0,0,0,36526617000,36536884000,-1,0,0,0,0,0,0,0,0
0,1,21,15,2,0,15,0,36540148000,36540301000,-1,0,0,0,0,0,0,0,0
1,1,21,15,20483,0,0,0,36540306000,36540317000,-1,0,0,0,0,0,0,0,0
1,1,21,15,1088704512,3066196212,0,0,36540319000,36540325000,-1,3066200064,3065053184,0,16777440,41943520,0,1,0
1,1,21,15,2147766273,0,0,0,36540327000,36540423000,-1,0,0,0,0,0,0,0,0
1,1,21,15,2147766276,3000,0,0,36540424000,36542300000,-1,0,0,0,0,0,0,0,0
1,1,21,15,2147766277,3064434148,0,0,36542303000,36542306000,6,0,0,0,0,0,0,0,0
1,1,21,15,20483,0,0,0,36542307000,36542310000,-1,0,0,0,0,0,0,0,0
2,1,21,15,0,0,0,0,36542312000,36542401000,-1,0,0,0,0,0,0,0,0
1,2,21,7,1076651027,2829356,0,0,36542409000,36542590000,-1,0,0,0,41943520,0,0,1280,3065053184
1,2,21,7,25602,0,0,0,36542592000,36542595000,-1,0,0,0,0,0,0,0,0
1,2,21,7,25607,0,0,0,36542632000,36553537000,-1,0,0,0,0,0,0,0,0
0,1,21,15,2,0,15,0,36556160000,36556330000,-1,0,0,0,0,0,0,0,0
1,1,21,15,20483,0,0,0,36556335000,36556346000,-1,0,0,0,0,0,0,0,0
1,1,21,15,1088704512,3066196212,0,0,36556348000,36556354000,-1,3066200064,3064438784,0,16777440,41943520,0,1,0
1,1,21,15,2147766273,0,0,0,36556356000,36556461000,-1,0,0,0,0,0,0,0,0
1,1,21,15,2147766276,3000,0,0,36556463000,36558337000,-1,0,0,0,0,0,0,0,0
1,1,21,15,2147766277,3064434148,0,0,36558341000,36558345000,6,0,0,0,0,0,0,0,0
1,1,21,15,20483,0,0,0,36558346000,36558349000,-1,0,0,0,0,0,0,0,0
2,1,21,15,0,0,0,0,36558351000,36558445000,-1,0,0,0,0,0,0,0,0
1,2,21,7,1076651027,2829312,0,0,36558454000,36558634000,-1,0,0,0,41943520,0,0,1280,3064438784
1,2,21,7,25602,0,0,0,36558635000,36558639000,-1,0,0,0,0,0,0,0,0
1,2,21,7,25607,0,0,0,36558641000,36571680000,-1,0,0,0,0,0,0,0,0
0,1,21,15,2,0,15,0,36573814000,36573973000,-1,0,0,0,0,0,0,0,0
1,1,21,15,20483,0,0,0,36573979000,36573988000,-1,0,0,0,0,0,0,0,0
1,1,21,15,1088704512,3066196212,0,0,36573991000,36573997000,-1,3066200064,3065053184,0,16777440,41943520,0,1,0
1,1,21,15,2147766273,0,0,0,36573999000,36574091000,-1,0,0,0,0,0,0,0,0
1,1,21,15,2147766276,3000,0,0,36574093000,36575958000,-1,0,0,0,0,0,0,0,0
1,1,21,15,2147766277,3064434148,0,0,36575961000,36575964000,6,0,0,0,0,0,0,0,0
1,1,21,15,20483,0,0,0,36575965000,36575968000,-1,0,0,0,0,0,0,0,0
2,1,21,15,0,0,0,0,36575970000,36576076000,-1,0,0,0,0,0,0,0,0
1,2,21,7,1076651027,2829356,0,0,36576084000,36576266000,-1,0,0,0,41943520,0,0,1280,3065053184
1,2,21,7,25602,0,0,0,36576267000,36576271000,-1,0,0,0,0,0,0,0,0
1,2,21,7,25607,0,0,0,36576272000,36586847000,-1,0,0,0,0,0,0,0,0
0,1,21,15,2,0,15,0,36588549000,36588705000,-1,0,0,0,0,0,0,0,0
1,1,21,15,20483,0,0,0,36588711000,36588721000,-1,0,0,0,0,0,0,0,0
1,1,21,15,1088704512,3066196212,0,0,36588723000,36588729000,-1,3066200064,3064438784,0,16777440,41943520,0,1,0
1,1,21,15,2147766273,0,0,0,36588731000,36588829000,-1,0,0,0,0,0,0,0,0
1,1,21,15,2147766276,3000,0,0,36588831000,36590731000,-1,0,0,0,0,0,0,0,0
1,1,21,15,2147766277,3064434148,0,0,36590734000,36590737000,6,0,0,0,0,0,0,0,0
1,1,21,15,20483,0,0,0,36590739000,36590742000,-1,0,0,0,0,0,0,0,0
2,1,21,15,0,0,0,0,36590744000,36590874000,-1,0,0,0,0,0,0,0,0
1,2,21,7,1076651027,2829312,0,0,36590883000,36591066000,-1,0,0,0,41943520,0,0,1280,3064438784
1,2,21,7,25602,0,0,0,36591067000,36591070000,-1,0,0,0,0,0,0,0,0
1,2,21,7,25607,0,0,0,36591071000,36603512000,-1,0,0,0,0,0,0,0,0
0,1,21,15,2,0,15,0,36604360000,36604502000,-1,0,0,0,0,0,0,0,0
1,1,21,15,20483,0,0,0,36604508000,36604518000,-1,0,0,0,0,0,0,0,0
1,1,21,15,1088704512,3066196212,0,0,36604520000,36604525000,-1,3066200064,3065053184,0,16777440,41943520,0,1,0
1,1,21,15,2147766273,0,0,0,36604526000,36604617000,-1,0,0,0,0,0,0,0,0
1,1,21,15,2147766276,3000,0,0,36604618000,36606495000,-1,0,0,0,0,0,0,0,0
1,1,21,15,2147766277,3064434148,0,0,36606498000,36606501000,6,0,0,0,0,0,0,0,0
1,1,21,15,20483,0,0,0,36606503000,36606506000,-1,0,0,0,0,0,0,0,0
2,1,21,15,0,0,0,0,36606508000,36606598000,-1,0,0,0,0,0,0,0,0
1,2,21,7,1076651027,2829356,0,0,36606605000,36606820000,-1,0,0,0,41943520,0,0,1280,3065053184
1,2,21,7,25602,0,0,0,36606822000,36606826000,-1,0,0,0,0,0,0,0,0
1,2,21,7,25607,0,0,0,36606827000,36620199000,-1,0,0,0,0,0,0,0,0
0,1,21,15,2,0,15,0,36620303000,36620456000,-1,0,0,0,0,0,0,0,0
1,1,21,15,20483,0,0,0,36620461000,36620470000,-1,0,0,0,0,0,0,0,0
1,1,21,15,1088704512,3066196212,0,0,36620507000,36620514000,-1,3066200064,3064438784,0,16777440,41943520,0,1,0
1,1,21,15,2147766273,0,0,0,36620516000,36620617000,-1,0,0,0,0,0,0,0,0
1,1,21,15,2147766276,3000,0,0,36620619000,36622497000,-1,0,0,0,0,0,0,0,0
1,1,21,15,2147766277,3064434148,0,0,36622501000,36622505000,6,0,0,0,0,0,0,0,0
1,1,21,15,20483,0,0,0,36622506000,36622509000,-1,0,0,0,0,0,0,0,0
2,1,21,15,0,0,0,0,36622511000,36622606000,-1,0,0,0,0,0,0,0,0
1,2,21,7,1076651027,2829312,0,0,36622615000,36622829000,-1,0,0,0,41943520,0,0,1280,3064438784
1,2,21,7,25602,0,0,0,36622831000,36622835000,-1,0,0,0,0,0,0,0,0
1,2,21,7,25607,0,0,0,36622836000,36636825000,-1,0,0,0,0,0,0,0,0
0,1,21,15,2,0,15,0,36644100000,36644265000,-1,0,0,0,0,0,0,0,0
1,1,21,15,20483,0,0,0,36644271000,36644283000,-1,0,0,0,0,0,0,0,0
1,1,21,15,1088704512,3066196212,0,0,36644285000,36644291000,-1,3066200064,3065053184,0,16777440,41943520,0,1,0
1,1,21,15,2147766273,0,0,0,36644293000,36644394000,-1,0,0,0,0,0,0,0,0
1,1,21,15,2147766276,3000,0,0,36644396000,36646276000,-1,0,0,0,0,0,0,0,0
1,1,21,15,2147766277,3064434148,0,0,36646278000,36646282000,6,0,0,0,0,0,0,0,0
1,1,21,15,20483,0,0,0,36646283000,36646287000,-1,0,0,0,0,0,0,0,0
2,1,21,15,0,0,0,0,36646288000,36646382000,-1,0,0,0,0,0,0,0,0
1,2,21,7,1076651027,2829356,0,0,36646390000,36646571000,-1,0,0,0,41943520,0,0,1280,3065053184
1,2,21,7,25602,0,0,0,36646572000,36646576000,-1,0,0,0,0,0,0,0,0
1,2,21,7,25607,0,0,0,36646577000,36653485000,-1,0,0,0,0,0,0,0,0
0,1,21,15,2,0,15,0,36660159000,36660328000,-1,0,0,0,0,0,0,0,0
1,1,21,15,20483,0,0,0,36660334000,36660345000,-1,0,0,0,0,0,0,0,0
1,1,21,15,1088704512,3066196212,0,0,36660347000,36660354000,-1,3066200064,3064438784,0,16777440,41943520,0,1,0
1,1,21,15,2147766273,0,0,0,36660355000,36660463000,-1,0,0,0,0,0,0,0,0
1,1,21,15,2147766276,3000,0,0,36660464000,36662341000,-1,0,0,0,0,0,0,0,0
1,1,21,15,2147766277,3064434148,0,0,36662344000,36662348000,6,0,0,0,0,0,0,0,0
1,1,21,15,20483,0,0,0,36662349000,36662352000,-1,0,0,0,0,0,0,0,0
2,1,21,15,0,0,0,0,36662354000,36662445000,-1,0,0,0,0,0,0,0,0
1,2,21,7,1076651027,2829312,0,0,36662454000,36662634000,-1,0,0,0,41943520,0,0,1280,3064438784
1,2,21,7,25602,0,0,0,36662636000,36662639000,-1,0,0,0,0,0,0,0,0
1,2,21,7,25607,0,0,0,36662640000,36670137000,-1,0,0,0,0,0,0,0,0
0,1,21,15,2,0,15,0,36676135000,36676300000,-1,0,0,0,0,0,0,0,0
1,1,21,15,20483,0,0,0,36676306000,36676315000,-1,0,0,0,0,0,0,0,0
1,1,21,15,1088704512,3066196212,0,0,36676317000,36676323000,-1,3066200064,3065053184,0,16777440,41943520,0,1,0
1,1,21,15,2147766273,0,0,0,36676324000,36676423000,-1,0,0,0,0,0,0,0,0
1,1,21,15,2147766276,3000,0,0,36676425000,36678306000,-1,0,0,0,0,0,0,0,0
1,1,21,15,2147766277,3064434148,0,0,36678309000,36678313000,6,0,0,0,0,0,0,0,0
1,1,21,15,20483,0,0,0,36678314000,36678317000,-1,0,0,0,0,0,0,0,0
2,1,21,15,0,0,0,0,36678319000,36678411000,-1,0,0,0,0,0,0,0,0
1,2,21,7,1076651027,2829356,0,0,36678419000,36678601000,-1,0,0,0,41943520,0,0,1280,3065053184
1,2,21,7,25602,0,0,0,36678602000,36678606000,-1,0,0,0,0,0,0,0,0
1,2,21,7,25607,0,0,0,36678607000,36686795000,-1,0,0,0,0,0,0,0,0
0,1,21,15,2,0,15,0,36692107000,36692266000,-1,0,0,0,0,0,0,0,0
1,1,21,15,20483,0,0,0,36692272000,36692281000,-1,0,0,0,0,0,0,0,0
1,1,21,15,1088704512,3066196212,0,0,36692283000,36692290000,-1,3066200064,3064438784,0,16777440,41943520,0,1,0
1,1,21,15,2147766273,0,0,0,36692291000,36692385000,-1,0,0,0,0,0,0,0,0
1,1,21,15,2147766276,3000,0,0,36692436000,36694263000,-1,0,0,0,0,0,0,0,0
1,1,21,15,2147766277,3064434148,0,0,36694266000,36694269000,6,0,0,0,0,0,0,0,0
1,1,21,15,20483,0,0,0,36694270000,36694273000,-1,0,0,0,0,0,0,0,0
2,1,21,15,0,0,0,0,36694275000,36694372000,-1,0,0,0,0,0,0,0,0
1,2,21,7,1076651027,2829312,0,0,36694380000,36694560000,-1,0,0,0,41943520,0,0,1280,3064438784
1,2,21,7,25602,0,0,0,36694561000,36694565000,-1,0,0,0,0,0,0,0,0
1,2,21,7,25607,0,0,0,36694566000,36703448000,-1,0,0,0,0,0,0,0,0
0,1,21,15,2,0,15,0,36708136000,36708296000,-1,0,0,0,0,0,0,0,0
1,1,21,15,20483,0,0,0,36708302000,36708313000,-1,0,0,0,0,0,0,0,0
1,1,21,15,1088704512,3066196212,0,0,36708315000,36708321000,-1,3066200064,3065053184,0,16777440,41943520,0,1,0
1,1,21,15,2147766273,0,0,0,36708323000,36708419000,-1,0,0,0,0,0,0,0,0
1,1,21,15,2147766276,3000,0,0,36708421000,36710321000,-1,0,0,0,0,0,0,0,0
1,1,21,15,2147766277,3064434148,0,0,36710325000,36710328000,6,0,0,0,0,0,0,0,0
1,1,21,15,20483,0,0,0,36710329000,36710332000,-1,0,0,0,0,0,0,0,0
2,1,21,15,0,0,0,0,36710334000,36710428000,-1,0,0,0,0,0,0,0,0
1,2,21,7,1076651027,2829356,0,0,36710435000,36710616000,-1,0,0,0,41943520,0,0,1280,3065053184
1,2,21,7,25602,0,0,0,36710617000,36710621000,-1,0,0,0,0,0,0,0,0
1,2,21,7,25607,0,0,0,36710622000,36720114000,-1,0,0,0,0,0,0,0,0
0,1,21,15,2,0,15,0,36724191000,36724355000,-1,0,0,0,0,0,0,0,0
1,1,21,15,20483,0,0,0,36724361000,36724371000,-1,0,0,0,0,0,0,0,0
1,1,21,15,1088704512,3066196212,0,0,36724374000,36724380000,-1,3066200064,3064438784,0,16777440,41943520,0,1,0
1,1,21,15,2147766273,0,0,0,36724382000,36724482000,-1,0,0,0,0,0,0,0,0
1,1,21,15,2147766276,3000,0,0,36724484000,36726359000,-1,0,0,0,0,0,0,0,0
1,1,21,15,2147766277,3064434148,0,0,36726363000,36726366000,6,0,0,0,0,0,0,0,0
1,1,21,15,20483,0,0,0,36726367000,36726370000,-1,0,0,0,0,0,0,0,0
2,1,21,15,0,0,0,0,36726372000,36726464000,-1,0,0,0,0,0,0,0,0
1,2,21,7,1076651027,2829312,0,0,36726471000,36726652000,-1,0,0,0,41943520,0,0,1280,3064438784
1,2,21,7,25602,0,0,0,36726654000,36726658000,-1,0,0,0,0,0,0,0,0
1,2,21,7,25607,0,0,0,36726659000,36736765000,-1,0,0,0,0,0,0,0,0
0,1,21,15,2,0,15,0,36740229000,36740390000,-1,0,0,0,0,0,0,0,0
1,1,21,15,20483,0,0,0,36740395000,36740405000,-1,0,0,0,0,0,0,0,0
1,1,21,15,1088704512,3066196212,0,0,36740407000,36740414000,-1,3066200064,3065053184,0,16777440,41943520,0,1,0
1,1,21,15,2147766273,0,0,0,36740416000,36740513000,-1,0,0,0,0,0,0,0,0
1,1,21,15,2147766276,3000,0,0,36740515000,36742391000,-1,0,0,0,0,0,0,0,0
1,1,21,15,2147766277,3064434148,0,0,36742395000,36742398000,6,0,0,0,0,0,0,0,0
1,1,21,15,20483,0,0,0,36742399000,36742402000,-1,0,0,0,0,0,0,0,0
2,1,21,15,0,0,0,0,36742404000,36742497000,-1,0,0,0,0,0,0,0,0
1,2,21,7,1076651027,2829356,0,0,36742506000,36742685000,-1,0,0,0,41943520,0,0,1280,3065053184
1,2,21,7,25602,0,0,0,36742687000,36742690000,-1,0,0,0,0,0,0,0,0
1,2,21,7,25607,0,0,0,36742691000,36753424000,-1,0,0,0,0,0,0,0,0
0,1,21,15,2,0,15,0,36763401000,36763566000,-1,0,0,0,0,0,0,0,0
1,1,21,15,20483,0,0,0,36763571000,36763581000,-1,0,0,0,0,0,0,0,0
1,1,21,15,1088704512,3066196212,0,0,36763583000,36763589000,-1,3066200064,3064438784,0,16777440,41943520,0,1,0
1,1,21,15,2147766273,0,0,0,36763591000,36763686000,-1,0,0,0,0,0,0,0,0
1,1,21,15,2147766276,3000,0,0,36763688000,36765562000,-1,0,0,0,0,0,0,0,0
1,1,21,15,2147766277,3064434148,0,0,36765565000,36765568000,6,0,0,0,0,0,0,0,0
1,1,21,15,20483,0,0,0,36765569000,36765572000,-1,0,0,0,0,0,0,0,0
2,1,21,15,0,0,0,0,36765608000,36765703000,-1,0,0,0,0,0,0,0,0
1,2,21,7,1076651027,2829312,0,0,36765711000,36765891000,-1,0,0,0,41943520,0,0,1280,3064438784
1,2,21,7,25602,0,0,0,36765893000,36765896000,-1,0,0,0,0,0,0,0,0
1,2,21,7,25607,0,0,0,36765897000,36770082000,-1,0,0,0,0,0,0,0,0
0,1,21,15,2,0,15,0,36777387000,36777543000,-1,0,0,0,0,0,0,0,0
1,1,21,15,20483,0,0,0,36777548000,36777559000,-1,0,0,0,0,0,0,0,0
1,1,21,15,1088704512,3066196212,0,0,36777561000,36777567000,-1,3066200064,3065053184,0,16777440,41943520,0,1,0
1,1,21,15,2147766273,0,0,0,36777568000,36777664000,-1,0,0,0,0,0,0,0,0
1,1,21,15,2147766276,3000,0,0,36777666000,36779540000,-1,0,0,0,0,0,0,0,0
1,1,21,15,2147766277,3064434148,0,0,36779543000,36779545000,6,0,0,0,0,0,0,0,0
1,1,21,15,20483,0,0,0,36779547000,36779549000,-1,0,0,0,0,0,0,0,0
2,1,21,15,0,0,0,0,36779551000,36779641000,-1,0,0,0,0,0,0,0,0
1,2,21,7,1076651027,2829356,0,0,36779648000,36779827000,-1,0,0,0,41943520,0,0,1280,3065053184
1,2,21,7,25602,0,0,0,36779828000,36779832000,-1,0,0,0,0,0,0,0,0
1,2,21,7,25607,0,0,0,36779833000,36786738000,-1,0,0,0,0,0,0,0,0
0,1,21,15,2,0,15,0,36793032000,36793200000,-1,0,0,0,0,0,0,0,0
1,1,21,15,20483,0,0,0,36793207000,36793216000,-1,0,0,0,0,0,0,0,0
1,1,21,15,1088704512,3066196212,0,0,36793218000,36793226000,-1,3066200064,3064438784,0,16777440,41943520,0,1,0
1,1,21,15,2147766273,0,0,0,36793227000,36793326000,-1,0,0,0,0,0,0,0,0
1,1,21,15,2147766276,3000,0,0,36793329000,36795205000,-1,0,0,0,0,0,0,0,0
1,1,21,15,2147766277,3064434148,0,0,36795208000,36795210000,6,0,0,0,0,0,0,0,0
1,1,21,15,20483,0,0,0,36795211000,36795214000,-1,0,0,0,0,0,0,0,0
2,1,21,15,0,0,0,0,36795216000,36795304000,-1,0,0,0,0,0,0,0,0
1,2,21,7,1076651027,2829312,0,0,36795310000,36795491000,-1,0,0,0,41943520,0,0,1280,3064438784
1,2,21,7,25602,0,0,0,36795492000,36795495000,-1,0,0,0,0,0,0,0,0
1,2,21,7,25607,0,0,0,36795497000,36803394000,-1,0,0,0,0,0,0,0,0
0,1,21,15,2,0,15,0,36807100000,36807259000,-1,0,0,0,0,0,0,0,0
1,1,21,15,20483,0,0,0,36807265000,36807275000,-1,0,0,0,0,0,0,0,0
1,1,21,15,1088704512,3066196212,0,0,36807277000,36807284000,-1,3066200064,3065053184,0,16777440,41943520,0,1,0
1,1,21,15,2147766273,0,0,0,36807285000,36807388000,-1,0,0,0,0,0,0,0,0
1,1,21,15,2147766276,3000,0,0,36807389000,36809267000,-1,0,0,0,0,0,0,0,0
1,1,21,15,2147766277,3064434148,0,0,36809270000,36809274000,6,0,0,0,0,0,0,0,0
1,1,21,15,20483,0,0,0,36809275000,36809278000,-1,0,0,0,0,0,0,0,0
2,1,21,15,0,0,0,0,36809280000,36809371000,-1,0,0,0,0,0,0,0,0
1,2,21,7,1076651027,2829356,0,0,36809379000,36809559000,-1,0,0,0,41943520,0,0,1280,3065053184
1,2,21,7,25602,0,0,0,36809561000,36809564000,-1,0,0,0,0,0,0,0,0
1,2,21,7,25607,0,0,0,36809566000,36820079000,-1,0,0,0,0,0,0,0,0
0,1,21,15,2,0,15,0,36828082000,36828236000,-1,0,0,0,0,0,0,0,0
1,1,21,15,20483,0,0,0,36828242000,36828253000,-1,0,0,0,0,0,0,0,0
1,1,21,15,1088704512,3066196212,0,0,36828255000,36828261000,-1,3066200064,3064438784,0,16777440,41943520,0,1,0
1,1,21,15,2147766273,0,0,0,36828263000,36828353000,-1,0,0,0,0,0,0,0,0
1,1,21,15,2147766276,3000,0,0,36828355000,36830229000,-1,0,0,0,0,0,0,0,0
1,1,21,15,2147766277,3064434148,0,0,36830232000,36830235000,6,0,0,0,0,0,0,0,0
1,1,21,15,20483,0,0,0,36830236000,36830240000,-1,0,0,0,0,0,0,0,0
2,1,21,15,0,0,0,0,36830242000,36830342000,-1,0,0,0,0,0,0,0,0
1,2,21,7,1076651027,2829312,0,0,36830352000,36830531000,-1,0,0,0,41943520,0,0,1280,3064438784
1,2,21,7,25602,0,0,0,36830568000,36830573000,-1,0,0,0,0,0,0,0,0
1,2,21,7,25607,0,0,0,36830574000,36836712000,-1,0,0,0,0,0,0,0,0
0,1,21,15,2,0,15,0,36844116000,36844271000,-1,0,0,0,0,0,0,0,0
1,1,21,15,20483,0,0,0,36844276000,36844286000,-1,0,0,0,0,0,0,0,0
1,1,21,15,1088704512,3066196212,0,0,36844288000,36844294000,-1,3066200064,3065053184,0,16777440,41943520,0,1,0
1,1,21,15,2147766273,0,0,0,36844296000,36844387000,-1,0,0,0,0,0,0,0,0
1,1,21,15,2147766276,3000,0,0,36844389000,36846266000,-1,0,0,0,0,0,0,0,0
1,1,21,15,2147766277,3064434148,0,0,36846269000,36846272000,6,0,0,0,0,0,0,0,0
1,1,21,15,20483,0,0,0,36846274000,36846278000,-1,0,0,0,0,0,0,0,0
2,1,21,15,0,0,0,0,36846279000,36846374000,-1,0,0,0,0,0,0,0,0
1,2,21,7,1076651027,2829356,0,0,36846383000,36846565000,-1,0,0,0,41943520,0,0,1280,3065053184
1,2,21,7,25602,0,0,0,36846566000,36846569000,-1,0,0,0,0,0,0,0,0
1,2,21,7,25607,0,0,0,36846571000,36853364000,-1,0,0,0,0,0,0,0,0
0,1,21,15,2,0,15,0,36860195000,36860354000,-1,0,0,0,0,0,0,0,0
1,1,21,15,20483,0,0,0,36860360000,36860370000,-1,0,0,0,0,0,0,0,0
1,1,21,15,1088704512,3066196212,0,0,36860372000,36860378000,-1,3066200064,3064438784,0,16777440,41943520,0,1,0
1,1,21,15,2147766273,0,0,0,36860380000,36860481000,-1,0,0,0,0,0,0,0,0
1,1,21,15,2147766276,3000,0,0,36860483000,36862362000,-1,0,0,0,0,0,0,0,0
1,1,21,15,2147766277,3064434148,0,0,36862365000,36862369000,6,0,0,0,0,0,0,0,0
1,1,21,15,20483,0,0,0,36862370000,36862373000,-1,0,0,0,0,0,0,0,0
2,1,21,15,0,0,0,0,36862375000,36862470000,-1,0,0,0,0,0,0,0,0
1,2,21,7,1076651027,2829312,0,0,36862478000,36862658000,-1,0,0,0,41943520,0,0,1280,3064438784
1,2,21,7,25602,0,0,0,36862660000,36862664000,-1,0,0,0,0,0,0,0,0
1,2,21,7,25607,0,0,0,36862665000,36870056000,-1,0,0,0,0,0,0,0,0
0,1,21,15,2,0,15,0,36876107000,36876261000,-1,0,0,0,0,0,0,0,0
1,1,21,15,20483,0,0,0,36876267000,36876278000,-1,0,0,0,0,0,0,0,0
1,1,21,15,1088704512,3066196212,0,0,36876280000,36876286000,-1,3066200064,3065053184,0,16777440,41943520,0,1,0
1,1,21,15,2147766273,0,0,0,36876288000,36876382000,-1,0,0,0,0,0,0,0,0
1,1,21,15,2147766276,3000,0,0,36876385000,36878262000,-1,0,0,0,0,0,0,0,0
1,1,21,15,2147766277,3064434148,0,0,36878265000,36878268000,6,0,0,0,0,0,0,0,0
1,1,21,15,20483,0,0,0,36878270000,36878273000,-1,0,0,0,0,0,0,0,0
2,1,21,15,0,0,0,0,36878275000,36878369000,-1,0,0,0,0,0,0,0,0
1,2,21,7,1076651027,2829356,0,0,36878377000,36878558000,-1,0,0,0,41943520,0,0,1280,3065053184
1,2,21,7,25602,0,0,0,36878559000,36878562000,-1,0,0,0,0,0,0,0,0
1,2,21,7,25607,0,0,0,36878563000,36886678000,-1,0,0,0,0,0,0,0,0
0,1,21,15,2,0,15,0,36892140000,36892298000,-1,0,0,0,0,0,0,0,0
1,1,21,15,20483,0,0,0,36892303000,36892314000,-1,0,0,0,0,0,0,0,0
1,1,21,15,1088704512,3066196212,0,0,36892316000,36892322000,-1,3066200064,3064438784,0,16777440,41943520,0,1,0
1,1,21,15,2147766273,0,0,0,36892324000,36892419000,-1,0,0,0,0,0,0,0,0
1,1,21,15,2147766276,3000,0,0,36892421000,36894305000,-1,0,0,0,0,0,0,0,0
1,1,21,15,2147766277,3064434148,0,0,36894308000,36894312000,6,0,0,0,0,0,0,0,0
1,1,21,15,20483,0,0,0,36894313000,36894317000,-1,0,0,0,0,0,0,0,0
2,1,21,15,0,0,0,0,36894318000,36894411000,-1,0,0,0,0,0,0,0,0
1,2,21,7,1076651027,2829312,0,0,36894420000,36894600000,-1,0,0,0,41943520,0,0,1280,3064438784
1,2,21,7,25602,0,0,0,36894601000,36894605000,-1,0,0,0,0,0,0,0,0
1,2,21,7,25607,0,0,0,36894606000,36903338000,-1,0,0,0,0,0,0,0,0
0,1,21,15,2,0,15,0,36908081000,36908232000,-1,0,0,0,0,0,0,0,0
1,1,21,15,20483,0,0,0,36908277000,36908289000,-1,0,0,0,0,0,0,0,0
1,1,21,15,1088704512,3066196212,0,0,36908291000,36908297000,-1,3066200064,3065053184,0,16777440,41943520,0,1,0
1,1,21,15,2147766273,0,0,0,36908299000,36908398000,-1,0,0,0,0,0,0,0,0
1,1,21,15,2147766276,3000,0,0,36908400000,36910266000,-1,0,0,0,0,0,0,0,0
1,1,21,15,2147766277,3064434148,0,0,36910271000,36910275000,6,0,0,0,0,0,0,0,0
1,1,21,15,20483,0,0,0,36910276000,36910280000,-1,0,0,0,0,0,0,0,0
2,1,21,15,0,0,0,0,36910281000,36910382000,-1,0,0,0,0,0,0,0,0
1,2,21,7,1076651027,2829356,0,0,36910390000,36910572000,-1,0,0,0,41943520,0,0,1280,3065053184
1,2,21,7,25602,0,0,0,36910573000,36910577000,-1,0,0,0,0,0,0,0,0
1,2,21,7,25607,0,0,0,36910578000,36919996000,-1,0,0,0,0,0,0,0,0
0,1,21,15,2,0,15,0,36924130000,36924288000,-1,0,0,0,0,0,0,0,0
1,1,21,15,20483,0,0,0,36924293000,36924304000,-1,0,0,0,0,0,0,0,0
1,1,21,15,1088704512,3066196212,0,0,36924306000,36924313000,-1,3066200064,3064438784,0,16777440,41943520,0,1,0
1,1,21,15,2147766273,0,0,0,36924315000,36924408000,-1,0,0,0,0,0,0,0,0
1,1,21,15,2147766276,3000,0,0,36924409000,36926294000,-1,0,0,0,0,0,0,0,0
1,1,21,15,2147766277,3064434148,0,0,36926297000,36926301000,6,0,0,0,0,0,0,0,0
1,1,21,15,20483,0,0,0,36926302000,36926305000,-1,0,0,0,0,0,0,0,0
2,1,21,15,0,0,0,0,36926307000,36926399000,-1,0,0,0,0,0,0,0,0
1,2,21,7,1076651027,2829312,0,0,36926407000,36926586000,-1,0,0,0,41943520,0,0,1280,3064438784
1,2,21,7,25602,0,0,0,36926588000,36926592000,-1,0,0,0,0,0,0,0,0
1,2,21,7,25607,0,0,0,36926593000,36936655000,-1,0,0,0,0,0,0,0,0
0,1,21,15,2,0,15,0,36940265000,36940428000,-1,0,0,0,0,0,0,0,0
1,1,21,15,20483,0,0,0,36940435000,36940446000,-1,0,0,0,0,0,0,0,0
1,1,21,15,1088704512,3066196212,0,0,36940448000,36940454000,-1,3066200064,3065053184,0,16777440,41943520,0,1,0
1,1,21,15,2147766273,0,0,0,36940456000,36940552000,-1,0,0,0,0,0,0,0,0
1,1,21,15,2147766276,3000,0,0,36940554000,36942427000,-1,0,0,0,0,0,0,0,0
1,1,21,15,2147766277,3064434148,0,0,36942430000,36942433000,6,0,0,0,0,0,0,0,0
1,1,21,15,20483,0,0,0,36942434000,36942437000,-1,0,0,0,0,0,0,0,0
2,1,21,15,0,0,0,0,36942439000,36942532000,-1,0,0,0,0,0,0,0,0
1,2,21,7,1076651027,2829356,0,0,36942541000,36942721000,-1,0,0,0,41943520,0,0,1280,3065053184
1,2,21,7,25602,0,0,0,36942723000,36942727000,-1,0,0,0,0,0,0,0,0
1,2,21,7,25607,0,0,0,36942728000,36953309000,-1,0,0,0,0,0,0,0,0
0,1,21,15,2,0,15,0,36956102000,36956261000,-1,0,0,0,0,0,0,0,0
1,1,21,15,20483,0,0,0,36956267000,36956278000,-1,0,0,0,0,0,0,0,0
1,1,21,15,1088704512,3066196212,0,0,36956280000,36956286000,-1,3066200064,3064438784,0,16777440,41943520,0,1,0
1,1,21,15,2147766273,0,0,0,36956287000,36956384000,-1,0,0,0,0,0,0,0,0
1,1,21,15,2147766276,3000,0,0,36956386000,36958269000,-1,0,0,0,0,0,0,0,0
1,1,21,15,2147766277,3064434148,0,0,36958272000,36958276000,6,0,0,0,0,0,0,0,0
1,1,21,15,20483,0,0,0,36958277000,36958280000,-1,0,0,0,0,0,0,0,0
2,1,21,15,0,0,0,0,36958282000,36958376000,-1,0,0,0,0,0,0,0,0
1,2,21,7,1076651027,2829312,0,0,36958384000,36958564000,-1,0,0,0,41943520,0,0,1280,3064438784
1,2,21,7,25602,0,0,0,36958565000,36958569000,-1,0,0,0,0,0,0,0,0
1,2,21,7,25607,0,0,0,36958570000,36969966000,-1,0,0,0,0,0,0,0,0
0,1,21,15,2,0,15,0,36972125000,36972283000,-1,0,0,0,0,0,0,0,0
1,1,21,15,20483,0,0,0,36972288000,36972299000,-1,0,0,0,0,0,0,0,0
1,1,21,15,1088704512,3066196212,0,0,36972301000,36972307000,-1,3066200064,3065053184,0,16777440,41943520,0,1,0
1,1,21,15,2147766273,0,0,0,36972309000,36972398000,-1,0,0,0,0,0,0,0,0
1,1,21,15,2147766276,3000,0,0,36972448000,36974279000,-1,0,0,0,0,0,0,0,0
1,1,21,15,2147766277,3064434148,0,0,36974282000,36974286000,6,0,0,0,0,0,0,0,0
1,1,21,15,20483,0,0,0,36974287000,36974290000,-1,0,0,0,0,0,0,0,0
2,1,21,15,0,0,0,0,36974292000,36974390000,-1,0,0,0,0,0,0,0,0
1,2,21,7,1076651027,2829356,0,0,36974398000,36974579000,-1,0,0,0,41943520,0,0,1280,3065053184
1,2,21,7,25602,0,0,0,36974580000,36974584000,-1,0,0,0,0,0,0,0,0
1,2,21,7,25607,0,0,0,36974585000,36986630000,-1,0,0,0,0,0,0,0,0
0,1,21,15,2,0,15,0,36988065000,36988221000,-1,0,0,0,0,0,0,0,0
1,1,21,15,20483,0,0,0,36988228000,36988238000,-1,0,0,0,0,0,0,0,0
1,1,21,15,1088704512,3066196212,0,0,36988240000,36988247000,-1,3066200064,3064438784,0,16777440,41943520,0,1,0
1,1,21,15,2147766273,0,0,0,36988248000,36988342000,-1,0,0,0,0,0,0,0,0
1,1,21,15,2147766276,3000,0,0,36988344000,36991915000,-1,0,0,0,0,0,0,0,0
1,1,21,15,2147766277,3064434148,0,0,36991918000,36991922000,6,0,0,0,0,0,0,0,0
1,1,21,15,20483,0,0,0,36991923000,36991927000,-1,0,0,0,0,0,0,0,0
2,1,21,15,0,0,0,0,36991929000,36992052000,-1,0,0,0,0,0,0,0,0
1,2,21,7,1076651027,2829312,0,0,36992061000,36992242000,-1,0,0,0,41943520,0,0,1280,3064438784
1,2,21,7,25602,0,0,0,36992244000,36992247000,-1,0,0,0,0,0,0,0,0
1,2,21,7,25607,0,0,0,36992248000,37003276000,-1,0,0,0,0,0,0,0,0
0,1,21,15,2,0,15,0,37005581000,37005736000,-1,0,0,0,0,0,0,0,0
1,1,21,15,20483,0,0,0,37005742000,37005753000,-1,0,0,0,0,0,0,0,0
1,1,21,15,1088704512,3066196212,0,0,37005755000,37005761000,-1,3066200064,3065053184,0,16777440,41943520,0,1,0
1,1,21,15,2147766273,0,0,0,37005763000,37005852000,-1,0,0,0,0,0,0,0,0
1,1,21,15,2147766276,3000,0,0,37005854000,37007725000,-1,0,0,0,0,0,0,0,0
1,1,21,15,2147766277,3064434148,0,0,37007728000,37007732000,6,0,0,0,0,0,0,0,0
1,1,21,15,20483,0,0,0,37007733000,37007736000,-1,0,0,0,0,0,0,0,0
2,1,21,15,0,0,0,0,37007738000,37007847000,-1,0,0,0,0,0,0,0,0
1,2,21,7,1076651027,2829356,0,0,37007857000,37008037000,-1,0,0,0,41943520,0,0,1280,3065053184
1,2,21,7,25602,0,0,0,37008039000,37008042000,-1,0,0,0,0,0,0,0,0
1,2,21,7,25607,0,0,0,37008044000,37019938000,-1,0,0,0,0,0,0,0,0
0,1,21,15,2,0,15,0,37028051000,37028212000,-1,0,0,0,0,0,0,0,0
1,1,21,15,20483,0,0,0,37028217000,37028228000,-1,0,0,0,0,0,0,0,0
1,1,21,15,1088704512,3066196212,0,0,37028230000,37028236000,-1,3066200064,3064438784,0,16777440,41943520,0,1,0
1,1,21,15,2147766273,0,0,0,37028238000,37028330000,-1,0,0,0,0,0,0,0,0
1,1,21,15,2147766276,3000,0,0,37028331000,37030198000,-1,0,0,0,0,0,0,0,0
1,1,21,15,2147766277,3064434148,0,0,37030203000,37030208000,6,0,0,0,0,0,0,0,0
1,1,21,15,20483,0,0,0,37030209000,37030213000,-1,0,0,0,0,0,0,0,0
2,1,21,15,0,0,0,0,37030215000,37030319000,-1,0,0,0,0,0,0,0,0
1,2,21,7,1076651027,2829312,0,0,37030330000,37030510000,-1,0,0,0,41943520,0,0,1280,3064438784
1,2,21,7,25602,0,0,0,37030512000,37030515000,-1,0,0,0,0,0,0,0,0
1,2,21,7,25607,0,0,0,37030516000,37036596000,-1,0,0,0,0,0,0,0,0
0,1,21,15,2,0,15,0,37044108000,37044265000,-1,0,0,0,0,0,0,0,0
1,1,21,15,20483,0,0,0,37044272000,37044281000,-1,0,0,0,0,0,0,0,0
1,1,21,15,1088704512,3066196212,0,0,37044283000,37044290000,-1,3066200064,3065053184,0,16777440,41943520,0,1,0
1,1,21,15,2147766273,0,0,0,37044291000,37044386000,-1,0,0,0,0,0,0,0,0
1,1,21,15,2147766276,3000,0,0,37044388000,37046265000,-1,0,0,0,0,0,0,0,0
1,1,21,15,2147766277,3064434148,0,0,37046269000,37046273000,6,0,0,0,0,0,0,0,0
1,1,21,15,20483,0,0,0,37046308000,37046313000,-1,0,0,0,0,0,0,0,0
2,1,21,15,0,0,0,0,37046315000,37046417000,-1,0,0,0,0,0,0,0,0
1,2,21,7,1076651027,2829356,0,0,37046426000,37046606000,-1,0,0,0,41943520,0,0,1280,3065053184
1,2,21,7,25602,0,0,0,37046607000,37046610000,-1,0,0,0,0,0,0,0,0
1,2,21,7,25607,0,0,0,37046612000,37053252000,-1,0,0,0,0,0,0,0,0
0,1,21,15,2,0,15,0,37060284000,37060446000,-1,0,0,0,0,0,0,0,0
1,1,21,15,20483,0,0,0,37060452000,37060463000,-1,0,0,0,0,0,0,0,0
1,1,21,15,1088704512,3066196212,0,0,37060465000,37060471000,-1,3066200064,3064438784,0,16777440,41943520,0,1,0
1,1,21,15,2147766273,0,0,0,37060473000,37060571000,-1,0,0,0,0,0,0,0,0
1,1,21,15,2147766276,3000,0,0,37060573000,37062451000,-1,0,0,0,0,0,0,0,0
1,1,21,15,2147766277,3064434148,0,0,37062455000,37062459000,6,0,0,0,0,0,0,0,0
1,1,21,15,20483,0,0,0,37062460000,37062464000,-1,0,0,0,0,0,0,0,0
2,1,21,15,0,0,0,0,37062466000,37062556000,-1,0,0,0,0,0,0,0,0
1,2,21,7,1076651027,2829312,0,0,37062565000,37062744000,-1,0,0,0,41943520,0,0,1280,3064438784
1,2,21,7,25602,0,0,0,37062781000,37062786000,-1,0,0,0,0,0,0,0,0
1,2,21,7,25607,0,0,0,37062788000,37069910000,-1,0,0,0,0,0,0,0,0
0,1,21,15,2,0,15,0,37076126000,37076282000,-1,0,0,0,0,0,0,0,0
1,1,21,15,20483,0,0,0,37076287000,37076297000,-1,0,0,0,0,0,0,0,0
1,1,21,15,1088704512,3066196212,0,0,37076300000,37076307000,-1,3066200064,3065053184,0,16777440,41943520,0,1,0
1,1,21,15,2147766273,0,0,0,37076308000,37076402000,-1,0,0,0,0,0,0,0,0
1,1,21,15,2147766276,3000,0,0,37076404000,37078287000,-1,0,0,0,0,0,0,0,0
1,1,21,15,2147766277,3064434148,0,0,37078291000,37078294000,6,0,0,0,0,0,0,0,0
1,1,21,15,20483,0,0,0,37078295000,37078298000,-1,0,0,0,0,0,0,0,0
2,1,21,15,0,0,0,0,37078300000,37078389000,-1,0,0,0,0,0,0,0,0
1,2,21,7,1076651027,2829356,0,0,37078398000,37078578000,-1,0,0,0,41943520,0,0,1280,3065053184
1,2,21,7,25602,0,0,0,37078579000,37078583000,-1,0,0,0,0,0,0,0,0
1,2,21,7,25607,0,0,0,37078585000,37086568000,-1,0,0,0,0,0,0,0,0
0,1,21,15,2,0,15,0,37092122000,37092280000,-1,0,0,0,0,0,0,0,0
1,1,21,15,20483,0,0,0,37092286000,37092296000,-1,0,0,0,0,0,0,0,0
1,1,21,15,1088704512,3066196212,0,0,37092297000,37092304000,-1,3066200064,3064438784,0,16777440,41943520,0,1,0
1,1,21,15,2147766273,0,0,0,37092305000,37092401000,-1,0,0,0,0,0,0,0,0
1,1,21,15,2147766276,3000,0,0,37092404000,37094286000,-1,0,0,0,0,0,0,0,0
1,1,21,15,2147766277,3064434148,0,0,37094289000,37094293000,6,0,0,0,0,0,0,0,0
1,1,21,15,20483,0,0,0,37094294000,37094298000,-1,0,0,0,0,0,0,0,0
2,1,21,15,0,0,0,0,37094300000,37094393000,-1,0,0,0,0,0,0,0,0
1,2,21,7,1076651027,2829312,0,0,37094401000,37094581000,-1,0,0,0,41943520,0,0,1280,3064438784
1,2,21,7,25602,0,0,0,37094582000,37094586000,-1,0,0,0,0,0,0,0,0
1,2,21,7,25607,0,0,0,37094587000,37103221000,-1,0,0,0,0,0,0,0,0
0,1,21,15,2,0,15,0,37108078000,37108226000,-1,0,0,0,0,0,0,0,0
1,1,21,15,20483,0,0,0,37108232000,37108242000,-1,0,0,0,0,0,0,0,0
1,1,21,15,1088704512,3066196212,0,0,37108244000,37108251000,-1,3066200064,3065053184,0,16777440,41943520,0,1,0
1,1,21,15,2147766273,0,0,0,37108252000,37108343000,-1,0,0,0,0,0,0,0,0
1,1,21,15,2147766276,3000,0,0,37108345000,37110243000,-1,0,0,0,0,0,0,0,0
1,1,21,15,2147766277,3064434148,0,0,37110247000,37110251000,6,0,0,0,0,0,0,0,0
1,1,21,15,20483,0,0,0,37110252000,37110255000,-1,0,0,0,0,0,0,0,0
2,1,21,15,0,0,0,0,37110257000,37110352000,-1,0,0,0,0,0,0,0,0
1,2,21,7,1076651027,2829356,0,0,37110359000,37110540000,-1,0,0,0,41943520,0,0,1280,3065053184
1,2,21,7,25602,0,0,0,37110577000,37110582000,-1,0,0,0,0,0,0,0,0
1,2,21,7,25607,0,0,0,37110583000,37119878000,-1,0,0,0,0,0,0,0,0
0,1,21,15,2,0,15,0,37124148000,37124305000,-1,0,0,0,0,0,0,0,0
1,1,21,15,20483,0,0,0,37124311000,37124320000,-1,0,0,0,0,0,0,0,0
1,1,21,15,1088704512,3066196212,0,0,37124323000,37124329000,-1,3066200064,3064438784,0,16777440,41943520,0,1,0
1,1,21,15,2147766273,0,0,0,37124331000,37124424000,-1,0,0,0,0,0,0,0,0
1,1,21,15,2147766276,3000,0,0,37124426000,37126308000,-1,0,0,0,0,0,0,0,0
1,1,21,15,2147766277,3064434148,0,0,37126313000,37126316000,6,0,0,0,0,0,0,0,0
1,1,21,15,20483,0,0,0,37126318000,37126320000,-1,0,0,0,0,0,0,0,0
2,1,21,15,0,0,0,0,37126322000,37126413000,-1,0,0,0,0,0,0,0,0
1,2,21,7,1076651027,2829312,0,0,37126421000,37126600000,-1,0,0,0,41943520,0,0,1280,3064438784
1,2,21,7,25602,0,0,0,37126601000,37126604000,-1,0,0,0,0,0,0,0,0
1,2,21,7,25607,0,0,0,37126605000,37136536000,-1,0,0,0,0,0,0,0,0
0,1,21,15,2,0,15,0,37140129000,37140288000,-1,0,0,0,0,0,0,0,0
1,1,21,15,20483,0,0,0,37140293000,37140304000,-1,0,0,0,0,0,0,0,0
1,1,21,15,1088704512,3066196212,0,0,37140306000,37140312000,-1,3066200064,3065053184,0,16777440,41943520,0,1,0
1,1,21,15,2147766273,0,0,0,37140314000,37140406000,-1,0,0,0,0,0,0,0,0
1,1,21,15,2147766276,3000,0,0,37140408000,37142282000,-1,0,0,0,0,0,0,0,0
1,1,21,15,2147766277,3064434148,0,0,37142285000,37142288000,6,0,0,0,0,0,0,0,0
1,1,21,15,20483,0,0,0,37142290000,37142293000,-1,0,0,0,0,0,0,0,0
2,1,21,15,0,0,0,0,37142295000,37142391000,-1,0,0,0,0,0,0,0,0
1,2,21,7,1076651027,2829356,0,0,37142399000,37142579000,-1,0,0,0,41943520,0,0,1280,3065053184
1,2,21,7,25602,0,0,0,37142581000,37142584000,-1,0,0,0,0,0,0,0,0
1,2,21,7,25607,0,0,0,37142585000,37153192000,-1,0,0,0,0,0,0,0,0
0,1,21,15,2,0,15,0,37156140000,37156296000,-1,0,0,0,0,0,0,0,0
1,1,21,15,20483,0,0,0,37156301000,37156311000,-1,0,0,0,0,0,0,0,0
1,1,21,15,1088704512,3066196212,0,0,37156313000,37156319000,-1,3066200064,3064438784,0,16777440,41943520,0,1,0
1,1,21,15,2147766273,0,0,0,37156321000,37156416000,-1,0,0,0,0,0,0,0,0
1,1,21,15,2147766276,3000,0,0,37156419000,37158296000,-1,0,0,0,0,0,0,0,0
1,1,21,15,2147766277,3064434148,0,0,37158299000,37158303000,6,0,0,0,0,0,0,0,0
1,1,21,15,20483,0,0,0,37158304000,37158307000,-1,0,0,0,0,0,0,0,0
2,1,21,15,0,0,0,0,37158309000,37158405000,-1,0,0,0,0,0,0,0,0
1,2,21,7,1076651027,2829312,0,0,37158413000,37158593000,-1,0,0,0,41943520,0,0,1280,3064438784
1,2,21,7,25602,0,0,0,37158595000,37158598000,-1,0,0,0,0,0,0,0,0
1,2,21,7,25607,0,0,0,37158599000,37169851000,-1,0,0,0,0,0,0,0,0
0,1,21,15,2,0,15,0,37172144000,37172309000,-1,0,0,0,0,0,0,0,0
1,1,21,15,20483,0,0,0,37172316000,37172326000,-1,0,0,0,0,0,0,0,0
1,1,21,15,1088704512,3066196212,0,0,37172329000,37172335000,-1,3066200064,3065053184,0,16777440,41943520,0,1,0
1,1,21,15,2147766273,0,0,0,37172337000,37172445000,-1,0,0,0,0,0,0,0,0
1,1,21,15,2147766276,3000,0,0,37172446000,37174324000,-1,0,0,0,0,0,0,0,0
1,1,21,15,2147766277,3064434148,0,0,37174328000,37174331000,6,0,0,0,0,0,0,0,0
1,1,21,15,20483,0,0,0,37174332000,37174335000,-1,0,0,0,0,0,0,0,0
2,1,21,15,0,0,0,0,37174337000,37174425000,-1,0,0,0,0,0,0,0,0
1,2,21,7,1076651027,2829356,0,0,37174434000,37174614000,-1,0,0,0,41943520,0,0,1280,3065053184
1,2,21,7,25602,0,0,0,37174616000,37174619000,-1,0,0,0,0,0,0,0,0
1,2,21,7,25607,0,0,0,37174620000,37186505000,-1,0,0,0,0,0,0,0,0
0,1,21,15,2,0,15,0,37188166000,37188329000,-1,0,0,0,0,0,0,0,0
1,1,21,15,20483,0,0,0,37188335000,37188345000,-1,0,0,0,0,0,0,0,0
1,1,21,15,1088704512,3066196212,0,0,37188347000,37188354000,-1,3066200064,3064438784,0,16777440,41943520,0,1,0
1,1,21,15,2147766273,0,0,0,37188355000,37188452000,-1,0,0,0,0,0,0,0,0
1,1,21,15,2147766276,3000,0,0,37188454000,37190325000,-1,0,0,0,0,0,0,0,0
1,1,21,15,2147766277,3064434148,0,0,37190330000,37190334000,6,0,0,0,0,0,0,0,0
1,1,21,15,20483,0,0,0,37190336000,37190339000,-1,0,0,0,0,0,0,0,0
2,1,21,15,0,0,0,0,37190342000,37190437000,-1,0,0,0,0,0,0,0,0
1,2,21,7,1076651027,2829312,0,0,37190445000,37190625000,-1,0,0,0,41943520,0,0,1280,3064438784
1,2,21,7,25602,0,0,0,37190627000,37190631000,-1,0,0,0,0,0,0,0,0
1,2,21,7,25607,0,0,0,37190632000,37203170000,-1,0,0,0,0,0,0,0,0
0,1,21,15,2,0,15,0,37213753000,37213918000,-1,0,0,0,0,0,0,0,0
1,1,21,15,20483,0,0,0,37213925000,37213935000,-1,0,0,0,0,0,0,0,0
1,1,21,15,1088704512,3066196212,0,0,37213938000,37213944000,-1,3066200064,3065053184,0,16777440,41943520,0,1,0
1,1,21,15,2147766273,0,0,0,37213946000,37214036000,-1,0,0,0,0,0,0,0,0
1,1,21,15,2147766276,3000,0,0,37214038000,37215904000,-1,0,0,0,0,0,0,0,0
1,1,21,15,2147766277,3064434148,0,0,37215907000,37215910000,6,0,0,0,0,0,0,0,0
1,1,21,15,20483,0,0,0,37215911000,37215914000,-1,0,0,0,0,0,0,0,0
2,1,21,15,0,0,0,0,37215916000,37216024000,-1,0,0,0,0,0,0,0,0
1,2,21,7,1076651027,2829356,0,0,37216031000,37216212000,-1,0,0,0,41943520,0,0,1280,3065053184
1,2,21,7,25602,0,0,0,37216213000,37216217000,-1,0,0,0,0,0,0,0,0
1,2,21,7,25607,0,0,0,37216218000,37219820000,-1,0,0,0,0,0,0,0,0
0,1,21,15,2,0,15,0,37228505000,37228667000,-1,0,0,0,0,0,0,0,0
1,1,21,15,20483,0,0,0,37228674000,37228684000,-1,0,0,0,0,0,0,0,0
1,1,21,15,1088704512,3066196212,0,0,37228686000,37228692000,-1,3066200064,3064438784,0,16777440,41943520,0,1,0
1,1,21,15,2147766273,0,0,0,37228694000,37228792000,-1,0,0,0,0,0,0,0,0
1,1,21,15,2147766276,3000,0,0,37228794000,37230689000,-1,0,0,0,0,0,0,0,0
1,1,21,15,2147766277,3064434148,0,0,37230692000,37230696000,6,0,0,0,0,0,0,0,0
1,1,21,15,20483,0,0,0,37230697000,37230700000,-1,0,0,0,0,0,0,0,0
2,1,21,15,0,0,0,0,37230703000,37230832000,-1,0,0,0,0,0,0,0,0
1,2,21,7,1076651027,2829312,0,0,37230842000,37231023000,-1,0,0,0,41943520,0,0,1280,3064438784
1,2,21,7,25602,0,0,0,37231025000,37231028000,-1,0,0,0,0,0,0,0,0
1,2,21,7,25607,0,0,0,37231029000,37236481000,-1,0,0,0,0,0,0,0,0
0,1,21,15,2,0,15,0,37244440000,37244599000,-1,0,0,0,0,0,0,0,0
1,1,21,15,20483,0,0,0,37244606000,37244616000,-1,0,0,0,0,0,0,0,0
1,1,21,15,1088704512,3066196212,0,0,37244618000,37244625000,-1,3066200064,3065053184,0,16777440,41943520,0,1,0
1,1,21,15,2147766273,0,0,0,37244626000,37244724000,-1,0,0,0,0,0,0,0,0
1,1,21,15,2147766276,3000,0,0,37244726000,37246607000,-1,0,0,0,0,0,0,0,0
1,1,21,15,2147766277,3064434148,0,0,37246609000,37246613000,6,0,0,0,0,0,0,0,0
1,1,21,15,20483,0,0,0,37246615000,37246618000,-1,0,0,0,0,0,0,0,0
2,1,21,15,0,0,0,0,37246620000,37246714000,-1,0,0,0,0,0,0,0,0
1,2,21,7,1076651027,2829356,0,0,37246721000,37246935000,-1,0,0,0,41943520,0,0,1280,3065053184
1,2,21,7,25602,0,0,0,37246937000,37246940000,-1,0,0,0,0,0,0,0,0
1,2,21,7,25607,0,0,0,37246942000,37253138000,-1,0,0,0,0,0,0,0,0
0,1,21,15,2,0,15,0,37260367000,37260532000,-1,0,0,0,0,0,0,0,0
1,1,21,15,20483,0,0,0,37260538000,37260549000,-1,0,0,0,0,0,0,0,0
1,1,21,15,1088704512,3066196212,0,0,37260551000,37260558000,-1,3066200064,3064438784,0,16777440,41943520,0,1,0
1,1,21,15,2147766273,0,0,0,37260598000,37260708000,-1,0,0,0,0,0,0,0,0
1,1,21,15,2147766276,3000,0,0,37260710000,37262586000,-1,0,0,0,0,0,0,0,0
1,1,21,15,2147766277,3064434148,0,0,37262589000,37262593000,6,0,0,0,0,0,0,0,0
1,1,21,15,20483,0,0,0,37262594000,37262597000,-1,0,0,0,0,0,0,0,0
2,1,21,15,0,0,0,0,37262599000,37262689000,-1,0,0,0,0,0,0,0,0
1,2,21,7,1076651027,2829312,0,0,37262697000,37262912000,-1,0,0,0,41943520,0,0,1280,3064438784
1,2,21,7,25602,0,0,0,37262914000,37262918000,-1,0,0,0,0,0,0,0,0
1,2,21,7,25607,0,0,0,37262919000,37269795000,-1,0,0,0,0,0,0,0,0
0,1,21,15,2,0,15,0,37276351000,37276522000,-1,0,0,0,0,0,0,0,0
1,1,21,15,20483,0,0,0,37276528000,37276538000,-1,0,0,0,0,0,0,0,0
1,1,21,15,1088704512,3066196212,0,0,37276540000,37276546000,-1,3066200064,3065053184,0,16777440,41943520,0,1,0
1,1,21,15,2147766273,0,0,0,37276548000,37276650000,-1,0,0,0,0,0,0,0,0
1,1,21,15,2147766276,3000,0,0,37276652000,37278537000,-1,0,0,0,0,0,0,0,0
1,1,21,15,2147766277,3064434148,0,0,37278541000,37278545000,6,0,0,0,0,0,0,0,0
1,1,21,15,20483,0,0,0,37278547000,37278549000,-1,0,0,0,0,0,0,0,0
2,1,21,15,0,0,0,0,37278551000,37278645000,-1,0,0,0,0,0,0,0,0
1,2,21,7,1076651027,2829356,0,0,37278654000,37278868000,-1,0,0,0,41943520,0,0,1280,3065053184
1,2,21,7,25602,0,0,0,37278870000,37278873000,-1,0,0,0,0,0,0,0,0
1,2,21,7,25607,0,0,0,37278875000,37286451000,-1,0,0,0,0,0,0,0,0
0,1,21,15,2,0,15,0,37292218000,37292373000,-1,0,0,0,0,0,0,0,0
1,1,21,15,20483,0,0,0,37292378000,37292388000,-1,0,0,0,0,0,0,0,0
1,1,21,15,1088704512,3066196212,0,0,37292390000,37292397000,-1,3066200064,3064438784,0,16777440,41943520,0,1,0
1,1,21,15,2147766273,0,0,0,37292399000,37292495000,-1,0,0,0,0,0,0,0,0
1,1,21,15,2147766276,3000,0,0,37292498000,37294375000,-1,0,0,0,0,0,0,0,0
1,1,21,15,2147766277,3064434148,0,0,37294378000,37294381000,6,0,0,0,0,0,0,0,0
1,1,21,15,20483,0,0,0,37294383000,37294386000,-1,0,0,0,0,0,0,0,0
2,1,21,15,0,0,0,0,37294387000,37294477000,-1,0,0,0,0,0,0,0,0
1,2,21,7,1076651027,2829312,0,0,37294486000,37294666000,-1,0,0,0,41943520,0,0,1280,3064438784
1,2,21,7,25602,0,0,0,37294667000,37294671000,-1,0,0,0,0,0,0,0,0
1,2,21,7,25607,0,0,0,37294672000,37303105000,-1,0,0,0,0,0,0,0,0
0,1,21,15,2,0,15,0,37308132000,37308289000,-1,0,0,0,0,0,0,0,0
1,1,21,15,20483,0,0,0,37308295000,37308305000,-1,0,0,0,0,0,0,0,0
1,1,21,15,1088704512,3066196212,0,0,37308307000,37308314000,-1,3066200064,3065053184,0,16777440,41943520,0,1,0
1,1,21,15,2147766273,0,0,0,37308315000,37308410000,-1,0,0,0,0,0,0,0,0
1,1,21,15,2147766276,3000,0,0,37308412000,37310310000,-1,0,0,0,0,0,0,0,0
1,1,21,15,2147766277,3064434148,0,0,37310314000,37310318000,6,0,0,0,0,0,0,0,0
1,1,21,15,20483,0,0,0,37310319000,37310323000,-1,0,0,0,0,0,0,0,0
2,1,21,15,0,0,0,0,37310325000,37310419000,-1,0,0,0,0,0,0,0,0
1,2,21,7,1076651027,2829356,0,0,37310428000,37310608000,-1,0,0,0,41943520,0,0,1280,3065053184
1,2,21,7,25602,0,0,0,37310609000,37310613000,-1,0,0,0,0,0,0,0,0
1,2,21,7,25607,0,0,0,37310614000,37319765000,-1,0,0,0,0,0,0,0,0
0,1,21,15,2,0,15,0,37324083000,37324238000,-1,0,0,0,0,0,0,0,0
1,1,21,15,20483,0,0,0,37324244000,37324254000,-1,0,0,0,0,0,0,0,0
1,1,21,15,1088704512,3066196212,0,0,37324257000,37324263000,-1,3066200064,3064438784,0,16777440,41943520,0,1,0
1,1,21,15,2147766273,0,0,0,37324265000,37324357000,-1,0,0,0,0,0,0,0,0
1,1,21,15,2147766276,3000,0,0,37324359000,37326236000,-1,0,0,0,0,0,0,0,0
1,1,21,15,2147766277,3064434148,0,0,37326273000,37326278000,6,0,0,0,0,0,0,0,0
1,1,21,15,20483,0,0,0,37326279000,37326283000,-1,0,0,0,0,0,0,0,0
2,1,21,15,0,0,0,0,37326285000,37326382000,-1,0,0,0,0,0,0,0,0
1,2,21,7,1076651027,2829312,0,0,37326391000,37326571000,-1,0,0,0,41943520,0,0,1280,3064438784
1,2,21,7,25602,0,0,0,37326572000,37326576000,-1,0,0,0,0,0,0,0,0
1,2,21,7,25607,0,0,0,37326577000,37336419000,-1,0,0,0,0,0,0,0,0
0,1,21,15,2,0,15,0,37340189000,37340354000,-1,0,0,0,0,0,0,0,0
1,1,21,15,20483,0,0,0,37340360000,37340371000,-1,0,0,0,0,0,0,0,0
1,1,21,15,1088704512,3066196212,0,0,37340373000,37340380000,-1,3066200064,3065053184,0,16777440,41943520,0,1,0
1,1,21,15,2147766273,0,0,0,37340381000,37340480000,-1,0,0,0,0,0,0,0,0
1,1,21,15,2147766276,3000,0,0,37340482000,37342361000,-1,0,0,0,0,0,0,0,0
1,1,21,15,2147766277,3064434148,0,0,37342365000,37342369000,6,0,0,0,0,0,0,0,0
1,1,21,15,20483,0,0,0,37342370000,37342373000,-1,0,0,0,0,0,0,0,0
2,1,21,15,0,0,0,0,37342375000,37342470000,-1,0,0,0,0,0,0,0,0
1,2,21,7,1076651027,2829356,0,0,37342478000,37342658000,-1,0,0,0,41943520,0,0,1280,3065053184
1,2,21,7,25602,0,0,0,37342659000,37342663000,-1,0,0,0,0,0,0,0,0
1,2,21,7,25607,0,0,0,37342664000,37353079000,-1,0,0,0,0,0,0,0,0
0,1,21,15,2,0,15,0,37356077000,37356234000,-1,0,0,0,0,0,0,0,0
1,1,21,15,20483,0,0,0,37356240000,37356249000,-1,0,0,0,0,0,0,0,0
1,1,21,15,1088704512,3066196212,0,0,37356250000,37356257000,-1,3066200064,3064438784,0,16777440,41943520,0,1,0
1,1,21,15,2147766273,0,0,0,37356258000,37356353000,-1,0,0,0,0,0,0,0,0
1,1,21,15,2147766276,3000,0,0,37356355000,37358235000,-1,0,0,0,0,0,0,0,0
1,1,21,15,2147766277,3064434148,0,0,37358238000,37358241000,6,0,0,0,0,0,0,0,0
1,1,21,15,20483,0,0,0,37358242000,37358245000,-1,0,0,0,0,0,0,0,0
2,1,21,15,0,0,0,0,37358247000,37358343000,-1,0,0,0,0,0,0,0,0
1,2,21,7,1076651027,2829312,0,0,37358351000,37358531000,-1,0,0,0,41943520,0,0,1280,3064438784
1,2,21,7,25602,0,0,0,37358533000,37358537000,-1,0,0,0,0,0,0,0,0
1,2,21,7,25607,0,0,0,37358538000,37369734000,-1,0,0,0,0,0,0,0,0
0,1,21,15,2,0,15,0,37372140000,37372301000,-1,0,0,0,0,0,0,0,0
1,1,21,15,20483,0,0,0,37372307000,37372318000,-1,0,0,0,0,0,0,0,0
1,1,21,15,1088704512,3066196212,0,0,37372320000,37372327000,-1,3066200064,3065053184,0,16777440,41943520,0,1,0
1,1,21,15,2147766273,0,0,0,37372328000,37372427000,-1,0,0,0,0,0,0,0,0
1,1,21,15,2147766276,3000,0,0,37372430000,37374307000,-1,0,0,0,0,0,0,0,0
1,1,21,15,2147766277,3064434148,0,0,37374311000,37374315000,6,0,0,0,0,0,0,0,0
1,1,21,15,20483,0,0,0,37374316000,37374320000,-1,0,0,0,0,0,0,0,0
2,1,21,15,0,0,0,0,37374321000,37374412000,-1,0,0,0,0,0,0,0,0
1,2,21,7,1076651027,2829356,0,0,37374420000,37374600000,-1,0,0,0,41943520,0,0,1280,3065053184
1,2,21,7,25602,0,0,0,37374602000,37374605000,-1,0,0,0,0,0,0,0,0
1,2,21,7,25607,0,0,0,37374607000,37386398000,-1,0,0,0,0,0,0,0,0
0,1,21,15,2,0,15,0,37396061000,37396228000,-1,0,0,0,0,0,0,0,0
1,1,21,15,20483,0,0,0,37396234000,37396245000,-1,0,0,0,0,0,0,0,0
1,1,21,15,1088704512,3066196212,0,0,37396246000,37396253000,-1,3066200064,3064438784,0,16777440,41943520,0,1,0
1,1,21,15,2147766273,0,0,0,37396255000,37396357000,-1,0,0,0,0,0,0,0,0
1,1,21,15,2147766276,3000,0,0,37396360000,37398237000,-1,0,0,0,0,0,0,0,0
1,1,21,15,2147766277,3064434148,0,0,37398240000,37398243000,6,0,0,0,0,0,0,0,0
1,1,21,15,20483,0,0,0,37398244000,37398248000,-1,0,0,0,0,0,0,0,0
2,1,21,15,0,0,0,0,37398249000,37398340000,-1,0,0,0,0,0,0,0,0
1,2,21,7,1076651027,2829312,0,0,37398385000,37398565000,-1,0,0,0,41943520,0,0,1280,3064438784
1,2,21,7,25602,0,0,0,37398566000,37398570000,-1,0,0,0,0,0,0,0,0
1,2,21,7,25607,0,0,0,37398572000,37403056000,-1,0,0,0,0,0,0,0,0
0,1,21,15,2,0,15,0,37413790000,37413956000,-1,0,0,0,0,0,0,0,0
1,1,21,15,20483,0,0,0,37413962000,37413973000,-1,0,0,0,0,0,0,0,0
1,1,21,15,1088704512,3066196212,0,0,37413975000,37413981000,-1,3066200064,3065053184,0,16777440,41943520,0,1,0
1,1,21,15,2147766273,0,0,0,37413983000,37414084000,-1,0,0,0,0,0,0,0,0
1,1,21,15,2147766276,3000,0,0,37414086000,37415953000,-1,0,0,0,0,0,0,0,0
1,1,21,15,2147766277,3064434148,0,0,37415956000,37415959000,6,0,0,0,0,0,0,0,0
1,1,21,15,20483,0,0,0,37415960000,37415963000,-1,0,0,0,0,0,0,0,0
2,1,21,15,0,0,0,0,37415965000,37416069000,-1,0,0,0,0,0,0,0,0
1,2,21,7,1076651027,2829356,0,0,37416078000,37416259000,-1,0,0,0,41943520,0,0,1280,3065053184
1,2,21,7,25602,0,0,0,37416260000,37416264000,-1,0,0,0,0,0,0,0,0
1,2,21,7,25607,0,0,0,37416265000,37419705000,-1,0,0,0,0,0,0,0,0
0,1,21,15,2,0,15,0,37428530000,37428690000,-1,0,0,0,0,0,0,0,0
1,1,21,15,20483,0,0,0,37428695000,37428704000,-1,0,0,0,0,0,0,0,0
1,1,21,15,1088704512,3066196212,0,0,37428706000,37428712000,-1,3066200064,3064438784,0,16777440,41943520,0,1,0
1,1,21,15,2147766273,0,0,0,37428714000,37428806000,-1,0,0,0,0,0,0,0,0
1,1,21,15,2147766276,3000,0,0,37428808000,37430707000,-1,0,0,0,0,0,0,0,0
1,1,21,15,2147766277,3064434148,0,0,37430710000,37430714000,6,0,0,0,0,0,0,0,0
1,1,21,15,20483,0,0,0,37430715000,37430718000,-1,0,0,0,0,0,0,0,0
2,1,21,15,0,0,0,0,37430720000,37430850000,-1,0,0,0,0,0,0,0,0
1,2,21,7,1076651027,2829312,0,0,37430861000,37431043000,-1,0,0,0,41943520,0,0,1280,3064438784
1,2,21,7,25602,0,0,0,37431044000,37431048000,-1,0,0,0,0,0,0,0,0
1,2,21,7,25607,0,0,0,37431049000,37436365000,-1,0,0,0,0,0,0,0,0
0,1,21,15,2,0,15,0,37444377000,37444542000,-1,0,0,0,0,0,0,0,0
1,1,21,15,20483,0,0,0,37444549000,37444559000,-1,0,0,0,0,0,0,0,0
1,1,21,15,1088704512,3066196212,0,0,37444562000,37444568000,-1,3066200064,3065053184,0,16777440,41943520,0,1,0
1,1,21,15,2147766273,0,0,0,37444570000,37444671000,-1,0,0,0,0,0,0,0,0
1,1,21,15,2147766276,3000,0,0,37444673000,37446548000,-1,0,0,0,0,0,0,0,0
1,1,21,15,2147766277,3064434148,0,0,37446551000,37446555000,6,0,0,0,0,0,0,0,0
1,1,21,15,20483,0,0,0,37446556000,37446560000,-1,0,0,0,0,0,0,0,0
2,1,21,15,0,0,0,0,37446562000,37446656000,-1,0,0,0,0,0,0,0,0
1,2,21,7,1076651027,2829356,0,0,37446664000,37446875000,-1,0,0,0,41943520,0,0,1280,3065053184
1,2,21,7,25602,0,0,0,37446877000,37446881000,-1,0,0,0,0,0,0,0,0
1,2,21,7,25607,0,0,0,37446882000,37453019000,-1,0,0,0,0,0,0,0,0
0,1,21,15,2,0,15,0,37460315000,37460472000,-1,0,0,0,0,0,0,0,0
1,1,21,15,20483,0,0,0,37460478000,37460488000,-1,0,0,0,0,0,0,0,0
1,1,21,15,1088704512,3066196212,0,0,37460490000,37460497000,-1,3066200064,3064438784,0,16777440,41943520,0,1,0
1,1,21,15,2147766273,0,0,0,37460498000,37460590000,-1,0,0,0,0,0,0,0,0
1,1,21,15,2147766276,3000,0,0,37460592000,37462474000,-1,0,0,0,0,0,0,0,0
1,1,21,15,2147766277,3064434148,0,0,37462478000,37462482000,6,0,0,0,0,0,0,0,0
1,1,21,15,20483,0,0,0,37462483000,37462487000,-1,0,0,0,0,0,0,0,0
2,1,21,15,0,0,0,0,37462489000,37462582000,-1,0,0,0,0,0,0,0,0
1,2,21,7,1076651027,2829312,0,0,37462589000,37462804000,-1,0,0,0,41943520,0,0,1280,3064438784
1,2,21,7,25602,0,0,0,37462807000,37462811000,-1,0,0,0,0,0,0,0,0
1,2,21,7,25607,0,0,0,37462847000,37469682000,-1,0,0,0,0,0,0,0,0
0,1,21,15,2,0,15,0,37476206000,37476370000,-1,0,0,0,0,0,0,0,0
1,1,21,15,20483,0,0,0,37476376000,37476387000,-1,0,0,0,0,0,0,0,0
1,1,21,15,1088704512,3066196212,0,0,37476390000,37476396000,-1,3066200064,3065053184,0,16777440,41943520,0,1,0
1,1,21,15,2147766273,0,0,0,37476397000,37476495000,-1,0,0,0,0,0,0,0,0
1,1,21,15,2147766276,3000,0,0,37476497000,37478374000,-1,0,0,0,0,0,0,0,0
1,1,21,15,2147766277,3064434148,0,0,37478377000,37478380000,6,0,0,0,0,0,0,0,0
1,1,21,15,20483,0,0,0,37478382000,37478384000,-1,0,0,0,0,0,0,0,0
2,1,21,15,0,0,0,0,37478386000,37478480000,-1,0,0,0,0,0,0,0,0
1,2,21,7,1076651027,2829356,0,0,37478488000,37478669000,-1,0,0,0,41943520,0,0,1280,3065053184
1,2,21,7,25602,0,0,0,37478670000,37478674000,-1,0,0,0,0,0,0,0,0
1,2,21,7,25607,0,0,0,37478675000,37486333000,-1,0,0,0,0,0,0,0,0
0,1,21,15,2,0,15,0,37492191000,37492354000,-1,0,0,0,0,0,0,0,0
1,1,21,15,20483,0,0,0,37492361000,37492372000,-1,0,0,0,0,0,0,0,0
1,1,21,15,1088704512,3066196212,0,0,37492374000,37492381000,-1,3066200064,3064438784,0,16777440,41943520,0,1,0
1,1,21,15,2147766273,0,0,0,37492382000,37492481000,-1,0,0,0,0,0,0,0,0
1,1,21,15,2147766276,3000,0,0,37492483000,37494364000,-1,0,0,0,0,0,0,0,0
1,1,21,15,2147766277,3064434148,0,0,37494367000,37494370000,6,0,0,0,0,0,0,0,0
1,1,21,15,20483,0,0,0,37494371000,37494374000,-1,0,0,0,0,0,0,0,0
2,1,21,15,0,0,0,0,37494376000,37494469000,-1,0,0,0,0,0,0,0,0
1,2,21,7,1076651027,2829312,0,0,37494477000,37494658000,-1,0,0,0,41943520,0,0,1280,3064438784
1,2,21,7,25602,0,0,0,37494659000,37494663000,-1,0,0,0,0,0,0,0,0
1,2,21,7,25607,0,0,0,37494664000,37502993000,-1,0,0,0,0,0,0,0,0
0,1,21,15,2,0,15,0,37508078000,37508246000,-1,0,0,0,0,0,0,0,0
1,1,21,15,20483,0,0,0,37508253000,37508264000,-1,0,0,0,0,0,0,0,0
1,1,21,15,1088704512,3066196212,0,0,37508266000,37508273000,-1,3066200064,3065053184,0,16777440,41943520,0,1,0
1,1,21,15,2147766273,0,0,0,37508274000,37508372000,-1,0,0,0,0,0,0,0,0
1,1,21,15,2147766276,3000,0,0,37508374000,37510304000,-1,0,0,0,0,0,0,0,0
1,1,21,15,2147766277,3064434148,0,0,37510308000,37510312000,6,0,0,0,0,0,0,0,0
1,1,21,15,20483,0,0,0,37510313000,37510317000,-1,0,0,0,0,0,0,0,0
2,1,21,15,0,0,0,0,37510319000,37510430000,-1,0,0,0,0,0,0,0,0
1,2,21,7,1076651027,2829356,0,0,37510438000,37510619000,-1,0,0,0,41943520,0,0,1280,3065053184
1,2,21,7,25602,0,0,0,37510621000,37510624000,-1,0,0,0,0,0,0,0,0
1,2,21,7,25607,0,0,0,37510625000,37519646000,-1,0,0,0,0,0,0,0,0
0,1,21,15,2,0,15,0,37533688000,37533853000,-1,0,0,0,0,0,0,0,0
1,1,21,15,20483,0,0,0,37533860000,37533869000,-1,0,0,0,0,0,0,0,0
1,1,21,15,1088704512,3066196212,0,0,37533872000,37533878000,-1,3066200064,3064438784,0,16777440,41943520,0,1,0
1,1,21,15,2147766273,0,0,0,37533879000,37533974000,-1,0,0,0,0,0,0,0,0
1,1,21,15,2147766276,3000,0,0,37533976000,37535840000,-1,0,0,0,0,0,0,0,0
1,1,21,15,2147766277,3064434148,0,0,37535843000,37535846000,6,0,0,0,0,0,0,0,0
1,1,21,15,20483,0,0,0,37535847000,37535850000,-1,0,0,0,0,0,0,0,0
2,1,21,15,0,0,0,0,37535852000,37535942000,-1,0,0,0,0,0,0,0,0
1,2,21,7,1076651027,2829312,0,0,37535950000,37536130000,-1,0,0,0,41943520,0,0,1280,3064438784
1,2,21,7,25602,0,0,0,37536131000,37536135000,-1,0,0,0,0,0,0,0,0
1,2,21,7,25607,0,0,0,37536136000,37536303000,-1,0,0,0,0,0,0,0,0
0,1,21,15,2,0,15,0,37547671000,37547823000,-1,0,0,0,0,0,0,0,0
1,1,21,15,20483,0,0,0,37547829000,37547839000,-1,0,0,0,0,0,0,0,0
1,1,21,15,1088704512,3066196212,0,0,37547882000,37547889000,-1,3066200064,3065053184,0,16777440,41943520,0,1,0
1,1,21,15,2147766273,0,0,0,37547891000,37547990000,-1,0,0,0,0,0,0,0,0
1,1,21,15,2147766276,3000,0,0,37547992000,37549868000,-1,0,0,0,0,0,0,0,0
1,1,21,15,2147766277,3064434148,0,0,37549870000,37549873000,6,0,0,0,0,0,0,0,0
1,1,21,15,20483,0,0,0,37549874000,37549877000,-1,0,0,0,0,0,0,0,0
2,1,21,15,0,0,0,0,37549879000,37549965000,-1,0,0,0,0,0,0,0,0
1,2,21,7,1076651027,2829356,0,0,37549972000,37550201000,-1,0,0,0,41943520,0,0,1280,3065053184
1,2,21,7,25602,0,0,0,37550203000,37550207000,-1,0,0,0,0,0,0,0,0
1,2,21,7,25607,0,0,0,37550208000,37552957000,-1,0,0,0,0,0,0,0,0
0,1,21,15,2,0,15,0,37561704000,37561870000,-1,0,0,0,0,0,0,0,0
1,1,21,15,20483,0,0,0,37561876000,37561887000,-1,0,0,0,0,0,0,0,0
1,1,21,15,1088704512,3066196212,0,0,37561889000,37561896000,-1,3066200064,3064438784,0,16777440,41943520,0,1,0
1,1,21,15,2147766273,0,0,0,37561898000,37561993000,-1,0,0,0,0,0,0,0,0
1,1,21,15,2147766276,3000,0,0,37561995000,37563869000,-1,0,0,0,0,0,0,0,0
1,1,21,15,2147766277,3064434148,0,0,37563872000,37563875000,6,0,0,0,0,0,0,0,0
1,1,21,15,20483,0,0,0,37563876000,37563879000,-1,0,0,0,0,0,0,0,0
2,1,21,15,0,0,0,0,37563880000,37563965000,-1,0,0,0,0,0,0,0,0
1,2,21,7,1076651027,2829312,0,0,37563972000,37564152000,-1,0,0,0,41943520,0,0,1280,3064438784
1,2,21,7,25602,0,0,0,37564153000,37564157000,-1,0,0,0,0,0,0,0,0
1,2,21,7,25607,0,0,0,37564158000,37569616000,-1,0,0,0,0,0,0,0,0
0,1,21,15,2,0,15,0,37575704000,37575858000,-1,0,0,0,0,0,0,0,0
1,1,21,15,20483,0,0,0,37575863000,37575873000,-1,0,0,0,0,0,0,0,0
1,1,21,15,1088704512,3066196212,0,0,37575875000,37575882000,-1,3066200064,3065053184,0,16777440,41943520,0,1,0
1,1,21,15,2147766273,0,0,0,37575883000,37575975000,-1,0,0,0,0,0,0,0,0
1,1,21,15,2147766276,3000,0,0,37575977000,37577861000,-1,0,0,0,0,0,0,0,0
1,1,21,15,2147766277,3064434148,0,0,37577865000,37577869000,6,0,0,0,0,0,0,0,0
1,1,21,15,20483,0,0,0,37577870000,37577873000,-1,0,0,0,0,0,0,0,0
2,1,21,15,0,0,0,0,37577875000,37577970000,-1,0,0,0,0,0,0,0,0
1,2,21,7,1076651027,2829356,0,0,37577978000,37578159000,-1,0,0,0,41943520,0,0,1280,3065053184
1,2,21,7,25602,0,0,0,37578160000,37578164000,-1,0,0,0,0,0,0,0,0
1,2,21,7,25607,0,0,0,37578165000,37586280000,-1,0,0,0,0,0,0,0,0
0,1,21,15,2,0,15,0,37596094000,37596250000,-1,0,0,0,0,0,0,0,0
1,1,21,15,20483,0,0,0,37596255000,37596265000,-1,0,0,0,0,0,0,0,0
1,1,21,15,1088704512,3066196212,0,0,37596267000,37596274000,-1,3066200064,3064438784,0,16777440,41943520,0,1,0
1,1,21,15,2147766273,0,0,0,37596276000,37596367000,-1,0,0,0,0,0,0,0,0
1,1,21,15,2147766276,3000,0,0,37596369000,37598247000,-1,0,0,0,0,0,0,0,0
1,1,21,15,2147766277,3064434148,0,0,37598250000,37598253000,6,0,0,0,0,0,0,0,0
1,1,21,15,20483,0,0,0,37598254000,37598257000,-1,0,0,0,0,0,0,0,0
2,1,21,15,0,0,0,0,37598259000,37598352000,-1,0,0,0,0,0,0,0,0
1,2,21,7,1076651027,2829312,0,0,37598361000,37598540000,-1,0,0,0,41943520,0,0,1280,3064438784
1,2,21,7,25602,0,0,0,37598541000,37598546000,-1,0,0,0,0,0,0,0,0
1,2,21,7,25607,0,0,0,37598547000,37602940000,-1,0,0,0,0,0,0,0,0
0,1,21,15,2,0,15,0,37612196000,37612361000,-1,0,0,0,0,0,0,0,0
1,1,21,15,20483,0,0,0,37612367000,37612379000,-1,0,0,0,0,0,0,0,0
1,1,21,15,1088704512,3066196212,0,0,37612381000,37612387000,-1,3066200064,3065053184,0,16777440,41943520,0,1,0
1,1,21,15,2147766273,0,0,0,37612389000,37612488000,-1,0,0,0,0,0,0,0,0
1,1,21,15,2147766276,3000,0,0,37612538000,37614369000,-1,0,0,0,0,0,0,0,0
1,1,21,15,2147766277,3064434148,0,0,37614372000,37614375000,6,0,0,0,0,0,0,0,0
1,1,21,15,20483,0,0,0,37614376000,37614379000,-1,0,0,0,0,0,0,0,0
2,1,21,15,0,0,0,0,37614382000,37614478000,-1,0,0,0,0,0,0,0,0
1,2,21,7,1076651027,2829356,0,0,37614486000,37614666000,-1,0,0,0,41943520,0,0,1280,3065053184
1,2,21,7,25602,0,0,0,37614668000,37614671000,-1,0,0,0,0,0,0,0,0
1,2,21,7,25607,0,0,0,37614672000,37619592000,-1,0,0,0,0,0,0,0,0
0,1,21,15,2,0,15,0,37629741000,37629902000,-1,0,0,0,0,0,0,0,0
1,1,21,15,20483,0,0,0,37629909000,37629918000,-1,0,0,0,0,0,0,0,0
1,1,21,15,1088704512,3066196212,0,0,37629920000,37629926000,-1,3066200064,3064438784,0,16777440,41943520,0,1,0
1,1,21,15,2147766273,0,0,0,37629928000,37630090000,-1,0,0,0,0,0,0,0,0
1,1,21,15,2147766276,3000,0,0,37630094000,37631954000,-1,0,0,0,0,0,0,0,0
1,1,21,15,2147766277,3064434148,0,0,37631957000,37631960000,6,0,0,0,0,0,0,0,0
1,1,21,15,20483,0,0,0,37631962000,37631965000,-1,0,0,0,0,0,0,0,0
2,1,21,15,0,0,0,0,37631967000,37632080000,-1,0,0,0,0,0,0,0,0
1,2,21,7,1076651027,2829312,0,0,37632088000,37632268000,-1,0,0,0,41943520,0,0,1280,3064438784
1,2,21,7,25602,0,0,0,37632270000,37632273000,-1,0,0,0,0,0,0,0,0
1,2,21,7,25607,0,0,0,37632275000,37636245000,-1,0,0,0,0,0,0,0,0
0,1,21,15,2,0,15,0,37644479000,37644637000,-1,0,0,0,0,0,0,0,0
1,1,21,15,20483,0,0,0,37644642000,37644653000,-1,0,0,0,0,0,0,0,0
1,1,21,15,1088704512,3066196212,0,0,37644655000,37644661000,-1,3066200064,3065053184,0,16777440,41943520,0,1,0
1,1,21,15,2147766273,0,0,0,37644663000,37644761000,-1,0,0,0,0,0,0,0,0
1,1,21,15,2147766276,3000,0,0,37644763000,37646641000,-1,0,0,0,0,0,0,0,0
1,1,21,15,2147766277,3064434148,0,0,37646645000,37646649000,6,0,0,0,0,0,0,0,0
1,1,21,15,20483,0,0,0,37646650000,37646653000,-1,0,0,0,0,0,0,0,0
2,1,21,15,0,0,0,0,37646655000,37646783000,-1,0,0,0,0,0,0,0,0
1,2,21,7,1076651027,2829356,0,0,37646792000,37646973000,-1,0,0,0,41943520,0,0,1280,3065053184
1,2,21,7,25602,0,0,0,37646975000,37646978000,-1,0,0,0,0,0,0,0,0
1,2,21,7,25607,0,0,0,37646980000,37652911000,-1,0,0,0,0,0,0,0,0
0,1,21,15,2,0,15,0,37660424000,37660582000,-1,0,0,0,0,0,0,0,0
1,1,21,15,20483,0,0,0,37660588000,37660600000,-1,0,0,0,0,0,0,0,0
1,1,21,15,1088704512,3066196212,0,0,37660602000,37660608000,-1,3066200064,3064438784,0,16777440,41943520,0,1,0
1,1,21,15,2147766273,0,0,0,37660609000,37660708000,-1,0,0,0,0,0,0,0,0
1,1,21,15,2147766276,3000,0,0,37660710000,37662590000,-1,0,0,0,0,0,0,0,0
1,1,21,15,2147766277,3064434148,0,0,37662593000,37662597000,6,0,0,0,0,0,0,0,0
1,1,21,15,20483,0,0,0,37662598000,37662600000,-1,0,0,0,0,0,0,0,0
2,1,21,15,0,0,0,0,37662602000,37662698000,-1,0,0,0,0,0,0,0,0
1,2,21,7,1076651027,2829312,0,0,37662705000,37662919000,-1,0,0,0,41943520,0,0,1280,3064438784
1,2,21,7,25602,0,0,0,37662921000,37662925000,-1,0,0,0,0,0,0,0,0
1,2,21,7,25607,0,0,0,37662926000,37669564000,-1,0,0,0,0,0,0,0,0
0,1,21,15,2,0,15,0,37676268000,37676426000,-1,0,0,0,0,0,0,0,0
1,1,21,15,20483,0,0,0,37676430000,37676441000,-1,0,0,0,0,0,0,0,0
1,1,21,15,1088704512,3066196212,0,0,37676442000,37676449000,-1,3066200064,3065053184,0,16777440,41943520,0,1,0
1,1,21,15,2147766273,0,0,0,37676451000,37676550000,-1,0,0,0,0,0,0,0,0
1,1,21,15,2147766276,3000,0,0,37676552000,37678433000,-1,0,0,0,0,0,0,0,0
1,1,21,15,2147766277,3064434148,0,0,37678436000,37678440000,6,0,0,0,0,0,0,0,0
1,1,21,15,20483,0,0,0,37678442000,37678445000,-1,0,0,0,0,0,0,0,0
2,1,21,15,0,0,0,0,37678481000,37678581000,-1,0,0,0,0,0,0,0,0
1,2,21,7,1076651027,2829356,0,0,37678589000,37678810000,-1,0,0,0,41943520,0,0,1280,3065053184
1,2,21,7,25602,0,0,0,37678811000,37678815000,-1,0,0,0,0,0,0,0,0
1,2,21,7,25607,0,0,0,37678816000,37686224000,-1,0,0,0,0,0,0,0,0
0,1,21,15,2,0,15,0,37692223000,37692377000,-1,0,0,0,0,0,0,0,0
1,1,21,15,20483,0,0,0,37692382000,37692392000,-1,0,0,0,0,0,0,0,0
1,1,21,15,1088704512,3066196212,0,0,37692394000,37692401000,-1,3066200064,3064438784,0,16777440,41943520,0,1,0
1,1,21,15,2147766273,0,0,0,37692403000,37692494000,-1,0,0,0,0,0,0,0,0
1,1,21,15,2147766276,3000,0,0,37692496000,37694377000,-1,0,0,0,0,0,0,0,0
1,1,21,15,2147766277,3064434148,0,0,37694380000,37694383000,6,0,0,0,0,0,0,0,0
1,1,21,15,20483,0,0,0,37694384000,37694387000,-1,0,0,0,0,0,0,0,0
2,1,21,15,0,0,0,0,37694389000,37694482000,-1,0,0,0,0,0,0,0,0
1,2,21,7,1076651027,2829312,0,0,37694490000,37694670000,-1,0,0,0,41943520,0,0,1280,3064438784
1,2,21,7,25602,0,0,0,37694671000,37694675000,-1,0,0,0,0,0,0,0,0
1,2,21,7,25607,0,0,0,37694676000,37702879000,-1,0,0,0,0,0,0,0,0
0,1,21,15,2,0,15,0,37708056000,37708220000,-1,0,0,0,0,0,0,0,0
1,1,21,15,20483,0,0,0,37708227000,37708237000,-1,0,0,0,0,0,0,0,0
1,1,21,15,1088704512,3066196212,0,0,37708239000,37708245000,-1,3066200064,3065053184,0,16777440,41943520,0,1,0
1,1,21,15,2147766273,0,0,0,37708246000,37708348000,-1,0,0,0,0,0,0,0,0
1,1,21,15,2147766276,3000,0,0,37708349000,37710220000,-1,0,0,0,0,0,0,0,0
1,1,21,15,2147766277,3064434148,0,0,37710224000,37710228000,6,0,0,0,0,0,0,0,0
1,1,21,15,20483,0,0,0,37710229000,37710233000,-1,0,0,0,0,0,0,0,0
2,1,21,15,0,0,0,0,37710234000,37710334000,-1,0,0,0,0,0,0,0,0
1,2,21,7,1076651027,2829356,0,0,37710343000,37710523000,-1,0,0,0,41943520,0,0,1280,3065053184
1,2,21,7,25602,0,0,0,37710525000,37710528000,-1,0,0,0,0,0,0,0,0
1,2,21,7,25607,0,0,0,37710530000,37719531000,-1,0,0,0,0,0,0,0,0
0,1,21,15,2,0,15,0,37724109000,37724270000,-1,0,0,0,0,0,0,0,0
1,1,21,15,20483,0,0,0,37724276000,37724286000,-1,0,0,0,0,0,0,0,0
1,1,21,15,1088704512,3066196212,0,0,37724288000,37724294000,-1,3066200064,3064438784,0,16777440,41943520,0,1,0
1,1,21,15,2147766273,0,0,0,37724296000,37724395000,-1,0,0,0,0,0,0,0,0
1,1,21,15,2147766276,3000,0,0,37724396000,37726280000,-1,0,0,0,0,0,0,0,0
1,1,21,15,2147766277,3064434148,0,0,37726284000,37726287000,6,0,0,0,0,0,0,0,0
1,1,21,15,20483,0,0,0,37726289000,37726292000,-1,0,0,0,0,0,0,0,0
2,1,21,15,0,0,0,0,37726294000,37726390000,-1,0,0,0,0,0,0,0,0
1,2,21,7,1076651027,2829312,0,0,37726399000,37726580000,-1,0,0,0,41943520,0,0,1280,3064438784
1,2,21,7,25602,0,0,0,37726582000,37726585000,-1,0,0,0,0,0,0,0,0
1,2,21,7,25607,0,0,0,37726586000,37736193000,-1,0,0,0,0,0,0,0,0
0,1,21,15,2,0,15,0,37740130000,37740295000,-1,0,0,0,0,0,0,0,0
1,1,21,15,20483,0,0,0,37740300000,37740311000,-1,0,0,0,0,0,0,0,0
1,1,21,15,1088704512,3066196212,0,0,37740313000,37740320000,-1,3066200064,3065053184,0,16777440,41943520,0,1,0
1,1,21,15,2147766273,0,0,0,37740321000,37740424000,-1,0,0,0,0,0,0,0,0
1,1,21,15,2147766276,3000,0,0,37740426000,37742300000,-1,0,0,0,0,0,0,0,0
1,1,21,15,2147766277,3064434148,0,0,37742304000,37742307000,6,0,0,0,0,0,0,0,0
1,1,21,15,20483,0,0,0,37742308000,37742311000,-1,0,0,0,0,0,0,0,0
2,1,21,15,0,0,0,0,37742313000,37742405000,-1,0,0,0,0,0,0,0,0
1,2,21,7,1076651027,2829356,0,0,37742413000,37742593000,-1,0,0,0,41943520,0,0,1280,3065053184
1,2,21,7,25602,0,0,0,37742594000,37742597000,-1,0,0,0,0,0,0,0,0
1,2,21,7,25607,0,0,0,37742633000,37752846000,-1,0,0,0,0,0,0,0,0
0,1,21,15,2,0,15,0,37756157000,37756313000,-1,0,0,0,0,0,0,0,0
1,1,21,15,20483,0,0,0,37756319000,37756329000,-1,0,0,0,0,0,0,0,0
1,1,21,15,1088704512,3066196212,0,0,37756331000,37756337000,-1,3066200064,3064438784,0,16777440,41943520,0,1,0
1,1,21,15,2147766273,0,0,0,37756339000,37756430000,-1,0,0,0,0,0,0,0,0
1,1,21,15,2147766276,3000,0,0,37756432000,37758316000,-1,0,0,0,0,0,0,0,0
1,1,21,15,2147766277,3064434148,0,0,37758320000,37758323000,6,0,0,0,0,0,0,0,0
1,1,21,15,20483,0,0,0,37758325000,37758328000,-1,0,0,0,0,0,0,0,0
2,1,21,15,0,0,0,0,37758329000,37758421000,-1,0,0,0,0,0,0,0,0
1,2,21,7,1076651027,2829312,0,0,37758429000,37758610000,-1,0,0,0,41943520,0,0,1280,3064438784
1,2,21,7,25602,0,0,0,37758611000,37758615000,-1,0,0,0,0,0,0,0,0
1,2,21,7,25607,0,0,0,37758616000,37769505000,-1,0,0,0,0,0,0,0,0
0,1,21,15,2,0,15,0,37780072000,37780227000,-1,0,0,0,0,0,0,0,0
1,1,21,15,20483,0,0,0,37780233000,37780244000,-1,0,0,0,0,0,0,0,0
1,1,21,15,1088704512,3066196212,0,0,37780246000,37780253000,-1,3066200064,3065053184,0,16777440,41943520,0,1,0
1,1,21,15,2147766273,0,0,0,37780254000,37780355000,-1,0,0,0,0,0,0,0,0
1,1,21,15,2147766276,3000,0,0,37780357000,37782233000,-1,0,0,0,0,0,0,0,0
1,1,21,15,2147766277,3064434148,0,0,37782236000,37782239000,6,0,0,0,0,0,0,0,0
1,1,21,15,20483,0,0,0,37782241000,37782244000,-1,0,0,0,0,0,0,0,0
2,1,21,15,0,0,0,0,37782246000,37782344000,-1,0,0,0,0,0,0,0,0
1,2,21,7,1076651027,2829356,0,0,37782352000,37782534000,-1,0,0,0,41943520,0,0,1280,3065053184
1,2,21,7,25602,0,0,0,37782535000,37782538000,-1,0,0,0,0,0,0,0,0
1,2,21,7,25607,0,0,0,37782540000,37786163000,-1,0,0,0,0,0,0,0,0
0,1,21,15,2,0,15,0,37796078000,37796240000,-1,0,0,0,0,0,0,0,0
1,1,21,15,20483,0,0,0,37796245000,37796256000,-1,0,0,0,0,0,0,0,0
1,1,21,15,1088704512,3066196212,0,0,37796258000,37796265000,-1,3066200064,3064438784,0,16777440,41943520,0,1,0
1,1,21,15,2147766273,0,0,0,37796267000,37796371000,-1,0,0,0,0,0,0,0,0
1,1,21,15,2147766276,3000,0,0,37796373000,37798254000,-1,0,0,0,0,0,0,0,0
1,1,21,15,2147766277,3064434148,0,0,37798257000,37798260000,6,0,0,0,0,0,0,0,0
1,1,21,15,20483,0,0,0,37798261000,37798264000,-1,0,0,0,0,0,0,0,0
2,1,21,15,0,0,0,0,37798266000,37798359000,-1,0,0,0,0,0,0,0,0
1,2,21,7,1076651027,2829312,0,0,37798367000,37798547000,-1,0,0,0,41943520,0,0,1280,3064438784
1,2,21,7,25602,0,0,0,37798549000,37798553000,-1,0,0,0,0,0,0,0,0
1,2,21,7,25607,0,0,0,37798554000,37802821000,-1,0,0,0,0,0,0,0,0
0,1,21,15,2,0,15,0,37812128000,37812286000,-1,0,0,0,0,0,0,0,0
1,1,21,15,20483,0,0,0,37812292000,37812302000,-1,0,0,0,0,0,0,0,0
1,1,21,15,1088704512,3066196212,0,0,37812305000,37812311000,-1,3066200064,3065053184,0,16777440,41943520,0,1,0
1,1,21,15,2147766273,0,0,0,37812312000,37812404000,-1,0,0,0,0,0,0,0,0
1,1,21,15,2147766276,3000,0,0,37812406000,37814283000,-1,0,0,0,0,0,0,0,0
1,1,21,15,2147766277,3064434148,0,0,37814287000,37814291000,6,0,0,0,0,0,0,0,0
1,1,21,15,20483,0,0,0,37814292000,37814295000,-1,0,0,0,0,0,0,0,0
2,1,21,15,0,0,0,0,37814297000,37814391000,-1,0,0,0,0,0,0,0,0
1,2,21,7,1076651027,2829356,0,0,37814400000,37814580000,-1,0,0,0,41943520,0,0,1280,3065053184
1,2,21,7,25602,0,0,0,37814581000,37814585000,-1,0,0,0,0,0,0,0,0
1,2,21,7,25607,0,0,0,37814586000,37819479000,-1,0,0,0,0,0,0,0,0
0,1,21,15,2,0,15,0,37828128000,37828294000,-1,0,0,0,0,0,0,0,0
1,1,21,15,20483,0,0,0,37828339000,37828350000,-1,0,0,0,0,0,0,0,0
1,1,21,15,1088704512,3066196212,0,0,37828353000,37828360000,-1,3066200064,3064438784,0,16777440,41943520,0,1,0
1,1,21,15,2147766273,0,0,0,37828361000,37828462000,-1,0,0,0,0,0,0,0,0
1,1,21,15,2147766276,3000,0,0,37828464000,37831889000,-1,0,0,0,0,0,0,0,0
1,1,21,15,2147766277,3064434148,0,0,37831892000,37831896000,6,0,0,0,0,0,0,0,0
1,1,21,15,20483,0,0,0,37831897000,37831901000,-1,0,0,0,0,0,0,0,0
2,1,21,15,0,0,0,0,37831902000,37832024000,-1,0,0,0,0,0,0,0,0
1,2,21,7,1076651027,2829312,0,0,37832033000,37832214000,-1,0,0,0,41943520,0,0,1280,3064438784
1,2,21,7,25602,0,0,0,37832216000,37832219000,-1,0,0,0,0,0,0,0,0
1,2,21,7,25607,0,0,0,37832220000,37836138000,-1,0,0,0,0,0,0,0,0
0,1,21,15,2,0,15,0,37845556000,37845715000,-1,0,0,0,0,0,0,0,0
1,1,21,15,20483,0,0,0,37845721000,37845731000,-1,0,0,0,0,0,0,0,0
1,1,21,15,1088704512,3066196212,0,0,37845733000,37845739000,-1,3066200064,3065053184,0,16777440,41943520,0,1,0
1,1,21,15,2147766273,0,0,0,37845741000,37845839000,-1,0,0,0,0,0,0,0,0
1,1,21,15,2147766276,3000,0,0,37845841000,37847705000,-1,0,0,0,0,0,0,0,0
1,1,21,15,2147766277,3064434148,0,0,37847709000,37847712000,6,0,0,0,0,0,0,0,0
1,1,21,15,20483,0,0,0,37847713000,37847716000,-1,0,0,0,0,0,0,0,0
2,1,21,15,0,0,0,0,37847718000,37847823000,-1,0,0,0,0,0,0,0,0
1,2,21,7,1076651027,2829356,0,0,37847832000,37848015000,-1,0,0,0,41943520,0,0,1280,3065053184
1,2,21,7,25602,0,0,0,37848016000,37848019000,-1,0,0,0,0,0,0,0,0
1,2,21,7,25607,0,0,0,37848021000,37852789000,-1,0,0,0,0,0,0,0,0
0,1,21,15,2,0,15,0,37860543000,37860706000,-1,0,0,0,0,0,0,0,0
1,1,21,15,20483,0,0,0,37860711000,37860722000,-1,0,0,0,0,0,0,0,0
1,1,21,15,1088704512,3066196212,0,0,37860724000,37860731000,-1,3066200064,3064438784,0,16777440,41943520,0,1,0
1,1,21,15,2147766273,0,0,0,37860732000,37860835000,-1,0,0,0,0,0,0,0,0
1,1,21,15,2147766276,3000,0,0,37860837000,37862715000,-1,0,0,0,0,0,0,0,0
1,1,21,15,2147766277,3064434148,0,0,37862719000,37862722000,6,0,0,0,0,0,0,0,0
1,1,21,15,20483,0,0,0,37862723000,37862727000,-1,0,0,0,0,0,0,0,0
2,1,21,15,0,0,0,0,37862757000,37862852000,-1,0,0,0,0,0,0,0,0
1,2,21,7,1076651027,2829312,0,0,37862861000,37863040000,-1,0,0,0,41943520,0,0,1280,3064438784
1,2,21,7,25602,0,0,0,37863042000,37863045000,-1,0,0,0,0,0,0,0,0
1,2,21,7,25607,0,0,0,37863047000,37869451000,-1,0,0,0,0,0,0,0,0
0,1,21,15,2,0,15,0,37876421000,37876578000,-1,0,0,0,0,0,0,0,0
1,1,21,15,20483,0,0,0,37876583000,37876593000,-1,0,0,0,0,0,0,0,0
1,1,21,15,1088704512,3066196212,0,0,37876595000,37876601000,-1,3066200064,3065053184,0,16777440,41943520,0,1,0
1,1,21,15,2147766273,0,0,0,37876603000,37876695000,-1,0,0,0,0,0,0,0,0
1,1,21,15,2147766276,3000,0,0,37876697000,37878579000,-1,0,0,0,0,0,0,0,0
1,1,21,15,2147766277,3064434148,0,0,37878582000,37878585000,6,0,0,0,0,0,0,0,0
1,1,21,15,20483,0,0,0,37878586000,37878589000,-1,0,0,0,0,0,0,0,0
2,1,21,15,0,0,0,0,37878591000,37878686000,-1,0,0,0,0,0,0,0,0
1,2,21,7,1076651027,2829356,0,0,37878695000,37878909000,-1,0,0,0,41943520,0,0,1280,3065053184
1,2,21,7,25602,0,0,0,37878911000,37878914000,-1,0,0,0,0,0,0,0,0
1,2,21,7,25607,0,0,0,37878916000,37886108000,-1,0,0,0,0,0,0,0,0
0,1,21,15,2,0,15,0,37892262000,37892420000,-1,0,0,0,0,0,0,0,0
1,1,21,15,20483,0,0,0,37892426000,37892436000,-1,0,0,0,0,0,0,0,0
1,1,21,15,1088704512,3066196212,0,0,37892437000,37892444000,-1,3066200064,3064438784,0,16777440,41943520,0,1,0
1,1,21,15,2147766273,0,0,0,37892446000,37892542000,-1,0,0,0,0,0,0,0,0
1,1,21,15,2147766276,3000,0,0,37892590000,37894423000,-1,0,0,0,0,0,0,0,0
1,1,21,15,2147766277,3064434148,0,0,37894425000,37894429000,6,0,0,0,0,0,0,0,0
1,1,21,15,20483,0,0,0,37894430000,37894433000,-1,0,0,0,0,0,0,0,0
2,1,21,15,0,0,0,0,37894435000,37894534000,-1,0,0,0,0,0,0,0,0
1,2,21,7,1076651027,2829312,0,0,37894544000,37894724000,-1,0,0,0,41943520,0,0,1280,3064438784
1,2,21,7,25602,0,0,0,37894725000,37894762000,-1,0,0,0,0,0,0,0,0
1,2,21,7,25607,0,0,0,37894764000,37902760000,-1,0,0,0,0,0,0,0,0
0,1,21,15,2,0,15,0,37908147000,37908308000,-1,0,0,0,0,0,0,0,0
1,1,21,15,20483,0,0,0,37908314000,37908324000,-1,0,0,0,0,0,0,0,0
1,1,21,15,1088704512,3066196212,0,0,37908326000,37908333000,-1,3066200064,3065053184,0,16777440,41943520,0,1,0
1,1,21,15,2147766273,0,0,0,37908334000,37908426000,-1,0,0,0,0,0,0,0,0
1,1,21,15,2147766276,3000,0,0,37908428000,37910330000,-1,0,0,0,0,0,0,0,0
1,1,21,15,2147766277,3064434148,0,0,37910333000,37910336000,6,0,0,0,0,0,0,0,0
1,1,21,15,20483,0,0,0,37910337000,37910341000,-1,0,0,0,0,0,0,0,0
2,1,21,15,0,0,0,0,37910343000,37910441000,-1,0,0,0,0,0,0,0,0
1,2,21,7,1076651027,2829356,0,0,37910449000,37910629000,-1,0,0,0,41943520,0,0,1280,3065053184
1,2,21,7,25602,0,0,0,37910631000,37910634000,-1,0,0,0,0,0,0,0,0
1,2,21,7,25607,0,0,0,37910635000,37919416000,-1,0,0,0,0,0,0,0,0
0,1,21,15,2,0,15,0,37924077000,37924234000,-1,0,0,0,0,0,0,0,0
1,1,21,15,20483,0,0,0,37924240000,37924249000,-1,0,0,0,0,0,0,0,0
1,1,21,15,1088704512,3066196212,0,0,37924251000,37924257000,-1,3066200064,3064438784,0,16777440,41943520,0,1,0
1,1,21,15,2147766273,0,0,0,37924259000,37924358000,-1,0,0,0,0,0,0,0,0
1,1,21,15,2147766276,3000,0,0,37924360000,37926236000,-1,0,0,0,0,0,0,0,0
1,1,21,15,2147766277,3064434148,0,0,37926239000,37926243000,6,0,0,0,0,0,0,0,0
1,1,21,15,20483,0,0,0,37926244000,37926247000,-1,0,0,0,0,0,0,0,0
2,1,21,15,0,0,0,0,37926249000,37926343000,-1,0,0,0,0,0,0,0,0
1,2,21,7,1076651027,2829312,0,0,37926351000,37926531000,-1,0,0,0,41943520,0,0,1280,3064438784
1,2,21,7,25602,0,0,0,37926532000,37926535000,-1,0,0,0,0,0,0,0,0
1,2,21,7,25607,0,0,0,37926536000,37936074000,-1,0,0,0,0,0,0,0,0
0,1,21,15,2,0,15,0,37940218000,37940381000,-1,0,0,0,0,0,0,0,0
1,1,21,15,20483,0,0,0,37940386000,37940397000,-1,0,0,0,0,0,0,0,0
1,1,21,15,1088704512,3066196212,0,0,37940399000,37940405000,-1,3066200064,3065053184,0,16777440,41943520,0,1,0
1,1,21,15,2147766273,0,0,0,37940407000,37940503000,-1,0,0,0,0,0,0,0,0
1,1,21,15,2147766276,3000,0,0,37940505000,37942385000,-1,0,0,0,0,0,0,0,0
1,1,21,15,2147766277,3064434148,0,0,37942389000,37942392000,6,0,0,0,0,0,0,0,0
1,1,21,15,20483,0,0,0,37942393000,37942396000,-1,0,0,0,0,0,0,0,0
2,1,21,15,0,0,0,0,37942398000,37942492000,-1,0,0,0,0,0,0,0,0
1,2,21,7,1076651027,2829356,0,0,37942501000,37942680000,-1,0,0,0,41943520,0,0,1280,3065053184
1,2,21,7,25602,0,0,0,37942681000,37942685000,-1,0,0,0,0,0,0,0,0
1,2,21,7,25607,0,0,0,37942686000,37952733000,-1,0,0,0,0,0,0,0,0
0,1,21,15,2,0,15,0,37964057000,37964214000,-1,0,0,0,0,0,0,0,0
1,1,21,15,20483,0,0,0,37964221000,37964231000,-1,0,0,0,0,0,0,0,0
1,1,21,15,1088704512,3066196212,0,0,37964233000,37964239000,-1,3066200064,3064438784,0,16777440,41943520,0,1,0
1,1,21,15,2147766273,0,0,0,37964240000,37964334000,-1,0,0,0,0,0,0,0,0
1,1,21,15,2147766276,3000,0,0,37964336000,37966216000,-1,0,0,0,0,0,0,0,0
1,1,21,15,2147766277,3064434148,0,0,37966219000,37966223000,6,0,0,0,0,0,0,0,0
1,1,21,15,20483,0,0,0,37966259000,37966264000,-1,0,0,0,0,0,0,0,0
2,1,21,15,0,0,0,0,37966266000,37966367000,-1,0,0,0,0,0,0,0,0
1,2,21,7,1076651027,2829312,0,0,37966375000,37966555000,-1,0,0,0,41943520,0,0,1280,3064438784
1,2,21,7,25602,0,0,0,37966557000,37966560000,-1,0,0,0,0,0,0,0,0
1,2,21,7,25607,0,0,0,37966562000,37969391000,-1,0,0,0,0,0,0,0,0
0,1,21,15,2,0,15,0,37980136000,37980297000,-1,0,0,0,0,0,0,0,0
1,1,21,15,20483,0,0,0,37980303000,37980313000,-1,0,0,0,0,0,0,0,0
1,1,21,15,1088704512,3066196212,0,0,37980315000,37980322000,-1,3066200064,3065053184,0,16777440,41943520,0,1,0
1,1,21,15,2147766273,0,0,0,37980323000,37980418000,-1,0,0,0,0,0,0,0,0
1,1,21,15,2147766276,3000,0,0,37980420000,37982295000,-1,0,0,0,0,0,0,0,0
1,1,21,15,2147766277,3064434148,0,0,37982298000,37982301000,6,0,0,0,0,0,0,0,0
1,1,21,15,20483,0,0,0,37982302000,37982305000,-1,0,0,0,0,0,0,0,0
2,1,21,15,0,0,0,0,37982307000,37982397000,-1,0,0,0,0,0,0,0,0
1,2,21,7,1076651027,2829356,0,0,37982405000,37982584000,-1,0,0,0,41943520,0,0,1280,3065053184
1,2,21,7,25602,0,0,0,37982585000,37982589000,-1,0,0,0,0,0,0,0,0
1,2,21,7,25607,0,0,0,37982591000,37986047000,-1,0,0,0,0,0,0,0,0
0,1,21,15,2,0,15,0,37996107000,37996275000,-1,0,0,0,0,0,0,0,0
1,1,21,15,20483,0,0,0,37996280000,37996290000,-1,0,0,0,0,0,0,0,0
1,1,21,15,1088704512,3066196212,0,0,37996292000,37996299000,-1,3066200064,3064438784,0,16777440,41943520,0,1,0
1,1,21,15,2147766273,0,0,0,37996301000,37996405000,-1,0,0,0,0,0,0,0,0
1,1,21,15,2147766276,3000,0,0,37996407000,37998289000,-1,0,0,0,0,0,0,0,0
1,1,21,15,2147766277,3064434148,0,0,37998292000,37998296000,6,0,0,0,0,0,0,0,0
1,1,21,15,20483,0,0,0,37998297000,37998300000,-1,0,0,0,0,0,0,0,0
2,1,21,15,0,0,0,0,37998302000,37998396000,-1,0,0,0,0,0,0,0,0
1,2,21,7,1076651027,2829312,0,0,37998403000,37998583000,-1,0,0,0,41943520,0,0,1280,3064438784
1,2,21,7,25602,0,0,0,37998584000,37998588000,-1,0,0,0,0,0,0,0,0
1,2,21,7,25607,0,0,0,37998589000,38002708000,-1,0,0,0,0,0,0,0,0
0,1,21,15,2,0,15,0,38012101000,38012266000,-1,0,0,0,0,0,0,0,0
1,1,21,15,20483,0,0,0,38012271000,38012281000,-1,0,0,0,0,0,0,0,0
1,1,21,15,1088704512,3066196212,0,0,38012283000,38012290000,-1,3066200064,3065053184,0,16777440,41943520,0,1,0
1,1,21,15,2147766273,0,0,0,38012291000,38012398000,-1,0,0,0,0,0,0,0,0
1,1,21,15,2147766276,3000,0,0,38012400000,38014278000,-1,0,0,0,0,0,0,0,0
1,1,21,15,2147766277,3064434148,0,0,38014281000,38014284000,6,0,0,0,0,0,0,0,0
1,1,21,15,20483,0,0,0,38014285000,38014288000,-1,0,0,0,0,0,0,0,0
2,1,21,15,0,0,0,0,38014290000,38014384000,-1,0,0,0,0,0,0,0,0
1,2,21,7,1076651027,2829356,0,0,38014392000,38014572000,-1,0,0,0,41943520,0,0,1280,3065053184
1,2,21,7,25602,0,0,0,38014573000,38014577000,-1,0,0,0,0,0,0,0,0
1,2,21,7,25607,0,0,0,38014578000,38019364000,-1,0,0,0,0,0,0,0,0
0,1,21,15,2,0,15,0,38028127000,38028288000,-1,0,0,0,0,0,0,0,0
1,1,21,15,20483,0,0,0,38028294000,38028305000,-1,0,0,0,0,0,0,0,0
1,1,21,15,1088704512,3066196212,0,0,38028306000,38028314000,-1,3066200064,3064438784,0,16777440,41943520,0,1,0
1,1,21,15,2147766273,0,0,0,38028315000,38028411000,-1,0,0,0,0,0,0,0,0
1,1,21,15,2147766276,3000,0,0,38028414000,38030285000,-1,0,0,0,0,0,0,0,0
1,1,21,15,2147766277,3064434148,0,0,38030289000,38030293000,6,0,0,0,0,0,0,0,0
1,1,21,15,20483,0,0,0,38030294000,38030298000,-1,0,0,0,0,0,0,0,0
2,1,21,15,0,0,0,0,38030300000,38030396000,-1,0,0,0,0,0,0,0,0
1,2,21,7,1076651027,2829312,0,0,38030404000,38030584000,-1,0,0,0,41943520,0,0,1280,3064438784
1,2,21,7,25602,0,0,0,38030619000,38030624000,-1,0,0,0,0,0,0,0,0
1,2,21,7,25607,0,0,0,38030626000,38036019000,-1,0,0,0,0,0,0,0,0
0,1,21,15,2,0,15,0,38045802000,38045965000,-1,0,0,0,0,0,0,0,0
1,1,21,15,20483,0,0,0,38045970000,38045980000,-1,0,0,0,0,0,0,0,0
1,1,21,15,1088704512,3066196212,0,0,38045982000,38045989000,-1,3066200064,3065053184,0,16777440,41943520,0,1,0
1,1,21,15,2147766273,0,0,0,38045990000,38046083000,-1,0,0,0,0,0,0,0,0
1,1,21,15,2147766276,3000,0,0,38046085000,38047951000,-1,0,0,0,0,0,0,0,0
1,1,21,15,2147766277,3064434148,0,0,38047954000,38047958000,6,0,0,0,0,0,0,0,0
1,1,21,15,20483,0,0,0,38047959000,38047962000,-1,0,0,0,0,0,0,0,0
2,1,21,15,0,0,0,0,38047963000,38048066000,-1,0,0,0,0,0,0,0,0
1,2,21,7,1076651027,2829356,0,0,38048073000,38048255000,-1,0,0,0,41943520,0,0,1280,3065053184
1,2,21,7,25602,0,0,0,38048257000,38048261000,-1,0,0,0,0,0,0,0,0
1,2,21,7,25607,0,0,0,38048262000,38052671000,-1,0,0,0,0,0,0,0,0
0,1,21,15,2,0,15,0,38060570000,38060728000,-1,0,0,0,0,0,0,0,0
1,1,21,15,20483,0,0,0,38060734000,38060745000,-1,0,0,0,0,0,0,0,0
1,1,21,15,1088704512,3066196212,0,0,38060747000,38060753000,-1,3066200064,3064438784,0,16777440,41943520,0,1,0
1,1,21,15,2147766273,0,0,0,38060755000,38060850000,-1,0,0,0,0,0,0,0,0
1,1,21,15,2147766276,3000,0,0,38060852000,38062763000,-1,0,0,0,0,0,0,0,0
1,1,21,15,2147766277,3064434148,0,0,38062767000,38062772000,6,0,0,0,0,0,0,0,0
1,1,21,15,20483,0,0,0,38062773000,38062776000,-1,0,0,0,0,0,0,0,0
2,1,21,15,0,0,0,0,38062777000,38062877000,-1,0,0,0,0,0,0,0,0
1,2,21,7,1076651027,2829312,0,0,38062885000,38063065000,-1,0,0,0,41943520,0,0,1280,3064438784
1,2,21,7,25602,0,0,0,38063067000,38063070000,-1,0,0,0,0,0,0,0,0
1,2,21,7,25607,0,0,0,38063071000,38069336000,-1,0,0,0,0,0,0,0,0
0,1,21,15,2,0,15,0,38076400000,38076560000,-1,0,0,0,0,0,0,0,0
1,1,21,15,20483,0,0,0,38076566000,38076576000,-1,0,0,0,0,0,0,0,0
1,1,21,15,1088704512,3066196212,0,0,38076578000,38076584000,-1,3066200064,3065053184,0,16777440,41943520,0,1,0
1,1,21,15,2147766273,0,0,0,38076586000,38076689000,-1,0,0,0,0,0,0,0,0
1,1,21,15,2147766276,3000,0,0,38076690000,38078566000,-1,0,0,0,0,0,0,0,0
1,1,21,15,2147766277,3064434148,0,0,38078569000,38078573000,6,0,0,0,0,0,0,0,0
1,1,21,15,20483,0,0,0,38078574000,38078577000,-1,0,0,0,0,0,0,0,0
2,1,21,15,0,0,0,0,38078579000,38078670000,-1,0,0,0,0,0,0,0,0
1,2,21,7,1076651027,2829356,0,0,38078678000,38078892000,-1,0,0,0,41943520,0,0,1280,3065053184
1,2,21,7,25602,0,0,0,38078894000,38078898000,-1,0,0,0,0,0,0,0,0
1,2,21,7,25607,0,0,0,38078899000,38085987000,-1,0,0,0,0,0,0,0,0
0,1,21,15,2,0,15,0,38092277000,38092440000,-1,0,0,0,0,0,0,0,0
1,1,21,15,20483,0,0,0,38092445000,38092456000,-1,0,0,0,0,0,0,0,0
1,1,21,15,1088704512,3066196212,0,0,38092458000,38092465000,-1,3066200064,3064438784,0,16777440,41943520,0,1,0
1,1,21,15,2147766273,0,0,0,38092467000,38092566000,-1,0,0,0,0,0,0,0,0
1,1,21,15,2147766276,3000,0,0,38092568000,38094452000,-1,0,0,0,0,0,0,0,0
1,1,21,15,2147766277,3064434148,0,0,38094455000,38094458000,6,0,0,0,0,0,0,0,0
1,1,21,15,20483,0,0,0,38094460000,38094462000,-1,0,0,0,0,0,0,0,0
2,1,21,15,0,0,0,0,38094464000,38094559000,-1,0,0,0,0,0,0,0,0
1,2,21,7,1076651027,2829312,0,0,38094567000,38094783000,-1,0,0,0,41943520,0,0,1280,3064438784
1,2,21,7,25602,0,0,0,38094785000,38094789000,-1,0,0,0,0,0,0,0,0
1,2,21,7,25607,0,0,0,38094790000,38102648000,-1,0,0,0,0,0,0,0,0
0,1,21,15,2,0,15,0,38108183000,38108347000,-1,0,0,0,0,0,0,0,0
1,1,21,15,20483,0,0,0,38108353000,38108363000,-1,0,0,0,0,0,0,0,0
1,1,21,15,1088704512,3066196212,0,0,38108365000,38108372000,-1,3066200064,3065053184,0,16777440,41943520,0,1,0
1,1,21,15,2147766273,0,0,0,38108374000,38108468000,-1,0,0,0,0,0,0,0,0
1,1,21,15,2147766276,3000,0,0,38108471000,38110337000,-1,0,0,0,0,0,0,0,0
1,1,21,15,2147766277,3064434148,0,0,38110341000,38110346000,6,0,0,0,0,0,0,0,0
1,1,21,15,20483,0,0,0,38110347000,38110351000,-1,0,0,0,0,0,0,0,0
2,1,21,15,0,0,0,0,38110353000,38110455000,-1,0,0,0,0,0,0,0,0
1,2,21,7,1076651027,2829356,0,0,38110464000,38110645000,-1,0,0,0,41943520,0,0,1280,3065053184
1,2,21,7,25602,0,0,0,38110646000,38110650000,-1,0,0,0,0,0,0,0,0
1,2,21,7,25607,0,0,0,38110651000,38119300000,-1,0,0,0,0,0,0,0,0
0,1,21,15,2,0,15,0,38124087000,38124261000,-1,0,0,0,0,0,0,0,0
1,1,21,15,20483,0,0,0,38124265000,38124276000,-1,0,0,0,0,0,0,0,0
1,1,21,15,1088704512,3066196212,0,0,38124278000,38124284000,-1,3066200064,3064438784,0,16777440,41943520,0,1,0
1,1,21,15,2147766273,0,0,0,38124286000,38124398000,-1,0,0,0,0,0,0,0,0
1,1,21,15,2147766276,3000,0,0,38124400000,38126285000,-1,0,0,0,0,0,0,0,0
1,1,21,15,2147766277,3064434148,0,0,38126288000,38126292000,6,0,0,0,0,0,0,0,0
1,1,21,15,20483,0,0,0,38126293000,38126296000,-1,0,0,0,0,0,0,0,0
2,1,21,15,0,0,0,0,38126298000,38126393000,-1,0,0,0,0,0,0,0,0
1,2,21,7,1076651027,2829312,0,0,38126402000,38126583000,-1,0,0,0,41943520,0,0,1280,3064438784
1,2,21,7,25602,0,0,0,38126584000,38126588000,-1,0,0,0,0,0,0,0,0
1,2,21,7,25607,0,0,0,38126589000,38135961000,-1,0,0,0,0,0,0,0,0
0,1,21,15,2,0,15,0,38148054000,38148214000,-1,0,0,0,0,0,0,0,0
1,1,21,15,20483,0,0,0,38148220000,38148230000,-1,0,0,0,0,0,0,0,0
1,1,21,15,1088704512,3066196212,0,0,38148232000,38148238000,-1,3066200064,3065053184,0,16777440,41943520,0,1,0
1,1,21,15,2147766273,0,0,0,38148240000,38148338000,-1,0,0,0,0,0,0,0,0
1,1,21,15,2147766276,3000,0,0,38148341000,38150214000,-1,0,0,0,0,0,0,0,0
1,1,21,15,2147766277,3064434148,0,0,38150218000,38150222000,6,0,0,0,0,0,0,0,0
1,1,21,15,20483,0,0,0,38150223000,38150226000,-1,0,0,0,0,0,0,0,0
2,1,21,15,0,0,0,0,38150228000,38150332000,-1,0,0,0,0,0,0,0,0
1,2,21,7,1076651027,2829356,0,0,38150341000,38150521000,-1,0,0,0,41943520,0,0,1280,3065053184
1,2,21,7,25602,0,0,0,38150522000,38150526000,-1,0,0,0,0,0,0,0,0
1,2,21,7,25607,0,0,0,38150527000,38152619000,-1,0,0,0,0,0,0,0,0
0,1,21,15,2,0,15,0,38164133000,38164295000,-1,0,0,0,0,0,0,0,0
1,1,21,15,20483,0,0,0,38164301000,38164311000,-1,0,0,0,0,0,0,0,0
1,1,21,15,1088704512,3066196212,0,0,38164313000,38164320000,-1,3066200064,3064438784,0,16777440,41943520,0,1,0
1,1,21,15,2147766273,0,0,0,38164321000,38164422000,-1,0,0,0,0,0,0,0,0
1,1,21,15,2147766276,3000,0,0,38164424000,38166300000,-1,0,0,0,0,0,0,0,0
1,1,21,15,2147766277,3064434148,0,0,38166302000,38166305000,6,0,0,0,0,0,0,0,0
1,1,21,15,20483,0,0,0,38166306000,38166309000,-1,0,0,0,0,0,0,0,0
2,1,21,15,0,0,0,0,38166311000,38166398000,-1,0,0,0,0,0,0,0,0
1,2,21,7,1076651027,2829312,0,0,38166405000,38166584000,-1,0,0,0,41943520,0,0,1280,3064438784
1,2,21,7,25602,0,0,0,38166586000,38166590000,-1,0,0,0,0,0,0,0,0
1,2,21,7,25607,0,0,0,38166591000,38169272000,-1,0,0,0,0,0,0,0,0
0,1,21,15,2,0,15,0,38178172000,38178329000,-1,0,0,0,0,0,0,0,0
1,1,21,15,20483,0,0,0,38178335000,38178345000,-1,0,0,0,0,0,0,0,0
1,1,21,15,1088704512,3066196212,0,0,38178347000,38178353000,-1,3066200064,3065053184,0,16777440,41943520,0,1,0
1,1,21,15,2147766273,0,0,0,38178394000,38178497000,-1,0,0,0,0,0,0,0,0
1,1,21,15,2147766276,3000,0,0,38178499000,38180403000,-1,0,0,0,0,0,0,0,0
1,1,21,15,2147766277,3064434148,0,0,38180409000,38180414000,6,0,0,0,0,0,0,0,0
1,1,21,15,20483,0,0,0,38180415000,38180419000,-1,0,0,0,0,0,0,0,0
2,1,21,15,0,0,0,0,38180421000,38180536000,-1,0,0,0,0,0,0,0,0
1,2,21,7,1076651027,2829356,0,0,38180560000,38180743000,-1,0,0,0,41943520,0,0,1280,3065053184
1,2,21,7,25602,0,0,0,38180744000,38180748000,-1,0,0,0,0,0,0,0,0
1,2,21,7,25607,0,0,0,38180749000,38185933000,-1,0,0,0,0,0,0,0,0
# captured=2651 dropped=0
