operation,kind,phase,fd,command,argument,rc,errno,begin_ns,end_ns,status,input_addr,output_a,output_b,input_wh,output_wh,queue_drop_flags,h_first_or_pitch,bitmap_addr
0,1,22,10,2,0,10,0,38352306000,38352486000,-1,0,0,0,0,0,0,0,0
1,1,22,10,20483,0,0,0,38352493000,38352504000,-1,0,0,0,0,0,0,0,0
1,1,22,10,1088704512,3066196212,0,0,38352506000,38352513000,-1,3066200064,3064438784,0,41943520,41943520,0,1,0
1,1,22,10,2147766273,0,0,0,38352515000,38352703000,-1,0,0,0,0,0,0,0,0
1,1,22,10,2147766276,3000,0,0,38352705000,38356929000,-1,0,0,0,0,0,0,0,0
1,1,22,10,2147766277,3064434148,0,0,38356933000,38356936000,6,0,0,0,0,0,0,0,0
1,1,22,10,20483,0,0,0,38356937000,38356941000,-1,0,0,0,0,0,0,0,0
2,1,22,10,0,0,0,0,38356943000,38357032000,-1,0,0,0,0,0,0,0,0
1,2,22,7,1076651027,2829312,0,0,38357054000,38357235000,-1,0,0,0,41943520,0,0,1280,3064438784
1,2,22,7,25602,0,0,0,38357236000,38357240000,-1,0,0,0,0,0,0,0,0
1,2,22,7,25607,0,0,0,38357241000,38369176000,-1,0,0,0,0,0,0,0,0
0,1,22,15,2,0,15,0,38398829000,38398993000,-1,0,0,0,0,0,0,0,0
1,1,22,15,20483,0,0,0,38399000000,38399009000,-1,0,0,0,0,0,0,0,0
1,1,22,15,1088704512,3066196212,0,0,38399011000,38399018000,-1,3066200064,3065053184,0,16777440,41943520,0,1,0
1,1,22,15,2147766273,0,0,0,38399020000,38399126000,-1,0,0,0,0,0,0,0,0
1,1,22,15,2147766276,3000,0,0,38399128000,38401002000,-1,0,0,0,0,0,0,0,0
1,1,22,15,2147766277,3064434148,0,0,38401005000,38401008000,6,0,0,0,0,0,0,0,0
1,1,22,15,20483,0,0,0,38401010000,38401012000,-1,0,0,0,0,0,0,0,0
2,1,22,15,0,0,0,0,38401014000,38401107000,-1,0,0,0,0,0,0,0,0
1,2,22,7,1076651027,2829356,0,0,38401116000,38401297000,-1,0,0,0,41943520,0,0,1280,3065053184
1,2,22,7,25602,0,0,0,38401298000,38401302000,-1,0,0,0,0,0,0,0,0
1,2,22,7,25607,0,0,0,38401303000,38402471000,-1,0,0,0,0,0,0,0,0
0,1,22,15,2,0,15,0,38412834000,38412995000,-1,0,0,0,0,0,0,0,0
1,1,22,15,20483,0,0,0,38413002000,38413011000,-1,0,0,0,0,0,0,0,0
1,1,22,15,1088704512,3066196212,0,0,38413013000,38413020000,-1,3066200064,3064438784,0,16777440,41943520,0,1,0
1,1,22,15,2147766273,0,0,0,38413022000,38413123000,-1,0,0,0,0,0,0,0,0
1,1,22,15,2147766276,3000,0,0,38413125000,38414988000,-1,0,0,0,0,0,0,0,0
1,1,22,15,2147766277,3064434148,0,0,38414991000,38414994000,6,0,0,0,0,0,0,0,0
1,1,22,15,20483,0,0,0,38414995000,38414998000,-1,0,0,0,0,0,0,0,0
2,1,22,15,0,0,0,0,38415000000,38415089000,-1,0,0,0,0,0,0,0,0
1,2,22,7,1076651027,2829312,0,0,38415097000,38415277000,-1,0,0,0,41943520,0,0,1280,3064438784
1,2,22,7,25602,0,0,0,38415278000,38415282000,-1,0,0,0,0,0,0,0,0
1,2,22,7,25607,0,0,0,38415283000,38419127000,-1,0,0,0,0,0,0,0,0
0,1,22,15,2,0,15,0,38426737000,38426895000,-1,0,0,0,0,0,0,0,0
1,1,22,15,20483,0,0,0,38426901000,38426911000,-1,0,0,0,0,0,0,0,0
1,1,22,15,1088704512,3066196212,0,0,38426914000,38426921000,-1,3066200064,3065053184,0,16777440,41943520,0,1,0
1,1,22,15,2147766273,0,0,0,38426923000,38427022000,-1,0,0,0,0,0,0,0,0
1,1,22,15,2147766276,3000,0,0,38427024000,38428899000,-1,0,0,0,0,0,0,0,0
1,1,22,15,2147766277,3064434148,0,0,38428938000,38428941000,6,0,0,0,0,0,0,0,0
1,1,22,15,20483,0,0,0,38428943000,38428946000,-1,0,0,0,0,0,0,0,0
2,1,22,15,0,0,0,0,38428948000,38429039000,-1,0,0,0,0,0,0,0,0
1,2,22,7,1076651027,2829356,0,0,38429047000,38429227000,-1,0,0,0,41943520,0,0,1280,3065053184
1,2,22,7,25602,0,0,0,38429228000,38429232000,-1,0,0,0,0,0,0,0,0
1,2,22,7,25607,0,0,0,38429234000,38435791000,-1,0,0,0,0,0,0,0,0
0,1,22,15,2,0,15,0,38441209000,38441377000,-1,0,0,0,0,0,0,0,0
1,1,22,15,20483,0,0,0,38441382000,38441393000,-1,0,0,0,0,0,0,0,0
1,1,22,15,1088704512,3066196212,0,0,38441395000,38441401000,-1,3066200064,3064438784,0,16777440,41943520,0,1,0
1,1,22,15,2147766273,0,0,0,38441403000,38441504000,-1,0,0,0,0,0,0,0,0
1,1,22,15,2147766276,3000,0,0,38441506000,38443380000,-1,0,0,0,0,0,0,0,0
1,1,22,15,2147766277,3064434148,0,0,38443383000,38443386000,6,0,0,0,0,0,0,0,0
1,1,22,15,20483,0,0,0,38443387000,38443390000,-1,0,0,0,0,0,0,0,0
2,1,22,15,0,0,0,0,38443392000,38443481000,-1,0,0,0,0,0,0,0,0
1,2,22,7,1076651027,2829312,0,0,38443489000,38443669000,-1,0,0,0,41943520,0,0,1280,3064438784
1,2,22,7,25602,0,0,0,38443670000,38443673000,-1,0,0,0,0,0,0,0,0
1,2,22,7,25607,0,0,0,38443675000,38452449000,-1,0,0,0,0,0,0,0,0
0,1,22,15,2,0,15,0,38455136000,38455287000,-1,0,0,0,0,0,0,0,0
1,1,22,15,20483,0,0,0,38455292000,38455302000,-1,0,0,0,0,0,0,0,0
1,1,22,15,1088704512,3066196212,0,0,38455304000,38455310000,-1,3066200064,3065053184,0,16777440,41943520,0,1,0
1,1,22,15,2147766273,0,0,0,38455312000,38455404000,-1,0,0,0,0,0,0,0,0
1,1,22,15,2147766276,3000,0,0,38455406000,38457280000,-1,0,0,0,0,0,0,0,0
1,1,22,15,2147766277,3064434148,0,0,38457282000,38457285000,6,0,0,0,0,0,0,0,0
1,1,22,15,20483,0,0,0,38457286000,38457288000,-1,0,0,0,0,0,0,0,0
2,1,22,15,0,0,0,0,38457291000,38457377000,-1,0,0,0,0,0,0,0,0
1,2,22,7,1076651027,2829356,0,0,38457386000,38457566000,-1,0,0,0,41943520,0,0,1280,3065053184
1,2,22,7,25602,0,0,0,38457567000,38457571000,-1,0,0,0,0,0,0,0,0
1,2,22,7,25607,0,0,0,38457572000,38469102000,-1,0,0,0,0,0,0,0,0
0,1,22,15,2,0,15,0,38470801000,38470962000,-1,0,0,0,0,0,0,0,0
1,1,22,15,20483,0,0,0,38470968000,38470980000,-1,0,0,0,0,0,0,0,0
1,1,22,15,1088704512,3066196212,0,0,38470982000,38470988000,-1,3066200064,3064438784,0,16777440,41943520,0,1,0
1,1,22,15,2147766273,0,0,0,38470990000,38471087000,-1,0,0,0,0,0,0,0,0
1,1,22,15,2147766276,3000,0,0,38471089000,38472964000,-1,0,0,0,0,0,0,0,0
1,1,22,15,2147766277,3064434148,0,0,38472966000,38472970000,6,0,0,0,0,0,0,0,0
1,1,22,15,20483,0,0,0,38472971000,38472973000,-1,0,0,0,0,0,0,0,0
2,1,22,15,0,0,0,0,38472975000,38473064000,-1,0,0,0,0,0,0,0,0
1,2,22,7,1076651027,2829312,0,0,38473072000,38473251000,-1,0,0,0,41943520,0,0,1280,3064438784
1,2,22,7,25602,0,0,0,38473252000,38473255000,-1,0,0,0,0,0,0,0,0
1,2,22,7,25607,0,0,0,38473257000,38485921000,-1,0,0,0,0,0,0,0,0
0,1,22,15,2,0,15,0,38485941000,38486084000,-1,0,0,0,0,0,0,0,0
1,1,22,15,20483,0,0,0,38486088000,38486095000,-1,0,0,0,0,0,0,0,0
1,1,22,15,1088704512,3066196212,0,0,38486096000,38486101000,-1,3066200064,3065053184,0,16777440,41943520,0,1,0
1,1,22,15,2147766273,0,0,0,38486103000,38486187000,-1,0,0,0,0,0,0,0,0
1,1,22,15,2147766276,3000,0,0,38486189000,38488061000,-1,0,0,0,0,0,0,0,0
1,1,22,15,2147766277,3064434148,0,0,38488063000,38488067000,6,0,0,0,0,0,0,0,0
1,1,22,15,20483,0,0,0,38488068000,38488071000,-1,0,0,0,0,0,0,0,0
2,1,22,15,0,0,0,0,38488073000,38488157000,-1,0,0,0,0,0,0,0,0
1,2,22,7,1076651027,2829356,0,0,38488202000,38488383000,-1,0,0,0,41943520,0,0,1280,3065053184
1,2,22,7,25602,0,0,0,38488385000,38488388000,-1,0,0,0,0,0,0,0,0
1,2,22,7,25607,0,0,0,38488389000,38502424000,-1,0,0,0,0,0,0,0,0
0,1,22,15,2,0,15,0,38502441000,38502586000,-1,0,0,0,0,0,0,0,0
1,1,22,15,20483,0,0,0,38502590000,38502597000,-1,0,0,0,0,0,0,0,0
1,1,22,15,1088704512,3066196212,0,0,38502599000,38502604000,-1,3066200064,3064438784,0,16777440,41943520,0,1,0
1,1,22,15,2147766273,0,0,0,38502606000,38502692000,-1,0,0,0,0,0,0,0,0
1,1,22,15,2147766276,3000,0,0,38502694000,38504559000,-1,0,0,0,0,0,0,0,0
1,1,22,15,2147766277,3064434148,0,0,38504562000,38504565000,6,0,0,0,0,0,0,0,0
1,1,22,15,20483,0,0,0,38504566000,38504569000,-1,0,0,0,0,0,0,0,0
2,1,22,15,0,0,0,0,38504571000,38504652000,-1,0,0,0,0,0,0,0,0
1,2,22,7,1076651027,2829312,0,0,38504659000,38504839000,-1,0,0,0,41943520,0,0,1280,3064438784
1,2,22,7,25602,0,0,0,38504840000,38504844000,-1,0,0,0,0,0,0,0,0
1,2,22,7,25607,0,0,0,38504845000,38519080000,-1,0,0,0,0,0,0,0,0
0,1,22,15,2,0,15,0,38519098000,38519246000,-1,0,0,0,0,0,0,0,0
1,1,22,15,20483,0,0,0,38519250000,38519257000,-1,0,0,0,0,0,0,0,0
1,1,22,15,1088704512,3066196212,0,0,38519259000,38519264000,-1,3066200064,3065053184,0,16777440,41943520,0,1,0
1,1,22,15,2147766273,0,0,0,38519266000,38519357000,-1,0,0,0,0,0,0,0,0
1,1,22,15,2147766276,3000,0,0,38519359000,38521225000,-1,0,0,0,0,0,0,0,0
1,1,22,15,2147766277,3064434148,0,0,38521228000,38521232000,6,0,0,0,0,0,0,0,0
1,1,22,15,20483,0,0,0,38521234000,38521236000,-1,0,0,0,0,0,0,0,0
2,1,22,15,0,0,0,0,38521238000,38521326000,-1,0,0,0,0,0,0,0,0
1,2,22,7,1076651027,2829356,0,0,38521333000,38521515000,-1,0,0,0,41943520,0,0,1280,3065053184
1,2,22,7,25602,0,0,0,38521516000,38521519000,-1,0,0,0,0,0,0,0,0
1,2,22,7,25607,0,0,0,38521520000,38535738000,-1,0,0,0,0,0,0,0,0
0,1,22,15,2,0,15,0,38535754000,38535900000,-1,0,0,0,0,0,0,0,0
1,1,22,15,20483,0,0,0,38535904000,38535912000,-1,0,0,0,0,0,0,0,0
1,1,22,15,1088704512,3066196212,0,0,38535913000,38535919000,-1,3066200064,3064438784,0,16777440,41943520,0,1,0
1,1,22,15,2147766273,0,0,0,38535921000,38536009000,-1,0,0,0,0,0,0,0,0
1,1,22,15,2147766276,3000,0,0,38536011000,38537875000,-1,0,0,0,0,0,0,0,0
1,1,22,15,2147766277,3064434148,0,0,38537878000,38537881000,6,0,0,0,0,0,0,0,0
1,1,22,15,20483,0,0,0,38537882000,38537885000,-1,0,0,0,0,0,0,0,0
2,1,22,15,0,0,0,0,38537887000,38537970000,-1,0,0,0,0,0,0,0,0
1,2,22,7,1076651027,2829312,0,0,38537978000,38538157000,-1,0,0,0,41943520,0,0,1280,3064438784
1,2,22,7,25602,0,0,0,38538158000,38538161000,-1,0,0,0,0,0,0,0,0
1,2,22,7,25607,0,0,0,38538163000,38552397000,-1,0,0,0,0,0,0,0,0
0,1,22,15,2,0,15,0,38552414000,38552559000,-1,0,0,0,0,0,0,0,0
1,1,22,15,20483,0,0,0,38552562000,38552570000,-1,0,0,0,0,0,0,0,0
1,1,22,15,1088704512,3066196212,0,0,38552572000,38552578000,-1,3066200064,3065053184,0,16777440,41943520,0,1,0
1,1,22,15,2147766273,0,0,0,38552579000,38552667000,-1,0,0,0,0,0,0,0,0
1,1,22,15,2147766276,3000,0,0,38552668000,38554530000,-1,0,0,0,0,0,0,0,0
1,1,22,15,2147766277,3064434148,0,0,38554533000,38554536000,6,0,0,0,0,0,0,0,0
1,1,22,15,20483,0,0,0,38554537000,38554540000,-1,0,0,0,0,0,0,0,0
2,1,22,15,0,0,0,0,38554541000,38554626000,-1,0,0,0,0,0,0,0,0
1,2,22,7,1076651027,2829356,0,0,38554633000,38554811000,-1,0,0,0,41943520,0,0,1280,3065053184
1,2,22,7,25602,0,0,0,38554813000,38554815000,-1,0,0,0,0,0,0,0,0
1,2,22,7,25607,0,0,0,38554850000,38569055000,-1,0,0,0,0,0,0,0,0
0,1,22,15,2,0,15,0,38569075000,38569221000,-1,0,0,0,0,0,0,0,0
1,1,22,15,20483,0,0,0,38569225000,38569232000,-1,0,0,0,0,0,0,0,0
1,1,22,15,1088704512,3066196212,0,0,38569234000,38569239000,-1,3066200064,3064438784,0,16777440,41943520,0,1,0
1,1,22,15,2147766273,0,0,0,38569241000,38569332000,-1,0,0,0,0,0,0,0,0
1,1,22,15,2147766276,3000,0,0,38569333000,38571220000,-1,0,0,0,0,0,0,0,0
1,1,22,15,2147766277,3064434148,0,0,38571223000,38571227000,6,0,0,0,0,0,0,0,0
1,1,22,15,20483,0,0,0,38571228000,38571231000,-1,0,0,0,0,0,0,0,0
2,1,22,15,0,0,0,0,38571233000,38571318000,-1,0,0,0,0,0,0,0,0
1,2,22,7,1076651027,2829312,0,0,38571326000,38571504000,-1,0,0,0,41943520,0,0,1280,3064438784
1,2,22,7,25602,0,0,0,38571506000,38571509000,-1,0,0,0,0,0,0,0,0
1,2,22,7,25607,0,0,0,38571510000,38585700000,-1,0,0,0,0,0,0,0,0
0,1,22,15,2,0,15,0,38586992000,38587145000,-1,0,0,0,0,0,0,0,0
1,1,22,15,20483,0,0,0,38587152000,38587162000,-1,0,0,0,0,0,0,0,0
1,1,22,15,1088704512,3066196212,0,0,38587164000,38587170000,-1,3066200064,3065053184,0,16777440,41943520,0,1,0
1,1,22,15,2147766273,0,0,0,38587172000,38587263000,-1,0,0,0,0,0,0,0,0
1,1,22,15,2147766276,3000,0,0,38587265000,38589140000,-1,0,0,0,0,0,0,0,0
1,1,22,15,2147766277,3064434148,0,0,38589143000,38589146000,6,0,0,0,0,0,0,0,0
1,1,22,15,20483,0,0,0,38589147000,38589150000,-1,0,0,0,0,0,0,0,0
2,1,22,15,0,0,0,0,38589152000,38589249000,-1,0,0,0,0,0,0,0,0
1,2,22,7,1076651027,2829356,0,0,38589257000,38589437000,-1,0,0,0,41943520,0,0,1280,3065053184
1,2,22,7,25602,0,0,0,38589439000,38589443000,-1,0,0,0,0,0,0,0,0
1,2,22,7,25607,0,0,0,38589444000,38602384000,-1,0,0,0,0,0,0,0,0
0,1,22,15,2,0,15,0,38603091000,38603240000,-1,0,0,0,0,0,0,0,0
1,1,22,15,20483,0,0,0,38603246000,38603256000,-1,0,0,0,0,0,0,0,0
1,1,22,15,1088704512,3066196212,0,0,38603258000,38603264000,-1,3066200064,3064438784,0,16777440,41943520,0,1,0
1,1,22,15,2147766273,0,0,0,38603266000,38603355000,-1,0,0,0,0,0,0,0,0
1,1,22,15,2147766276,3000,0,0,38603357000,38605239000,-1,0,0,0,0,0,0,0,0
1,1,22,15,2147766277,3064434148,0,0,38605241000,38605245000,6,0,0,0,0,0,0,0,0
1,1,22,15,20483,0,0,0,38605246000,38605250000,-1,0,0,0,0,0,0,0,0
2,1,22,15,0,0,0,0,38605252000,38605345000,-1,0,0,0,0,0,0,0,0
1,2,22,7,1076651027,2829312,0,0,38605355000,38605536000,-1,0,0,0,41943520,0,0,1280,3064438784
1,2,22,7,25602,0,0,0,38605537000,38605540000,-1,0,0,0,0,0,0,0,0
1,2,22,7,25607,0,0,0,38605542000,38619066000,-1,0,0,0,0,0,0,0,0
0,1,22,15,2,0,15,0,38619090000,38619240000,-1,0,0,0,0,0,0,0,0
1,1,22,15,20483,0,0,0,38619246000,38619254000,-1,0,0,0,0,0,0,0,0
1,1,22,15,1088704512,3066196212,0,0,38619256000,38619262000,-1,3066200064,3065053184,0,16777440,41943520,0,1,0
1,1,22,15,2147766273,0,0,0,38619263000,38619354000,-1,0,0,0,0,0,0,0,0
1,1,22,15,2147766276,3000,0,0,38619356000,38621220000,-1,0,0,0,0,0,0,0,0
1,1,22,15,2147766277,3064434148,0,0,38621224000,38621228000,6,0,0,0,0,0,0,0,0
1,1,22,15,20483,0,0,0,38621229000,38621233000,-1,0,0,0,0,0,0,0,0
2,1,22,15,0,0,0,0,38621235000,38621331000,-1,0,0,0,0,0,0,0,0
1,2,22,7,1076651027,2829356,0,0,38621339000,38621520000,-1,0,0,0,41943520,0,0,1280,3065053184
1,2,22,7,25602,0,0,0,38621522000,38621525000,-1,0,0,0,0,0,0,0,0
1,2,22,7,25607,0,0,0,38621526000,38635703000,-1,0,0,0,0,0,0,0,0
0,1,22,15,2,0,15,0,38635727000,38635877000,-1,0,0,0,0,0,0,0,0
1,1,22,15,20483,0,0,0,38635881000,38635889000,-1,0,0,0,0,0,0,0,0
1,1,22,15,1088704512,3066196212,0,0,38635926000,38635932000,-1,3066200064,3064438784,0,16777440,41943520,0,1,0
1,1,22,15,2147766273,0,0,0,38635934000,38636029000,-1,0,0,0,0,0,0,0,0
1,1,22,15,2147766276,3000,0,0,38636032000,38637894000,-1,0,0,0,0,0,0,0,0
1,1,22,15,2147766277,3064434148,0,0,38637897000,38637900000,6,0,0,0,0,0,0,0,0
1,1,22,15,20483,0,0,0,38637902000,38637904000,-1,0,0,0,0,0,0,0,0
2,1,22,15,0,0,0,0,38637906000,38637995000,-1,0,0,0,0,0,0,0,0
1,2,22,7,1076651027,2829312,0,0,38638002000,38638180000,-1,0,0,0,41943520,0,0,1280,3064438784
1,2,22,7,25602,0,0,0,38638182000,38638186000,-1,0,0,0,0,0,0,0,0
1,2,22,7,25607,0,0,0,38638187000,38652330000,-1,0,0,0,0,0,0,0,0
0,1,22,15,2,0,15,0,38653381000,38653533000,-1,0,0,0,0,0,0,0,0
1,1,22,15,20483,0,0,0,38653538000,38653547000,-1,0,0,0,0,0,0,0,0
1,1,22,15,1088704512,3066196212,0,0,38653549000,38653556000,-1,3066200064,3065053184,0,16777440,41943520,0,1,0
1,1,22,15,2147766273,0,0,0,38653557000,38653647000,-1,0,0,0,0,0,0,0,0
1,1,22,15,2147766276,3000,0,0,38653649000,38655514000,-1,0,0,0,0,0,0,0,0
1,1,22,15,2147766277,3064434148,0,0,38655517000,38655520000,6,0,0,0,0,0,0,0,0
1,1,22,15,20483,0,0,0,38655521000,38655524000,-1,0,0,0,0,0,0,0,0
2,1,22,15,0,0,0,0,38655526000,38655623000,-1,0,0,0,0,0,0,0,0
1,2,22,7,1076651027,2829356,0,0,38655631000,38655810000,-1,0,0,0,41943520,0,0,1280,3065053184
1,2,22,7,25602,0,0,0,38655811000,38655815000,-1,0,0,0,0,0,0,0,0
1,2,22,7,25607,0,0,0,38655816000,38669018000,-1,0,0,0,0,0,0,0,0
0,1,22,15,2,0,15,0,38669043000,38669193000,-1,0,0,0,0,0,0,0,0
1,1,22,15,20483,0,0,0,38669198000,38669205000,-1,0,0,0,0,0,0,0,0
1,1,22,15,1088704512,3066196212,0,0,38669207000,38669214000,-1,3066200064,3064438784,0,16777440,41943520,0,1,0
1,1,22,15,2147766273,0,0,0,38669216000,38669309000,-1,0,0,0,0,0,0,0,0
1,1,22,15,2147766276,3000,0,0,38669310000,38671776000,-1,0,0,0,0,0,0,0,0
1,1,22,15,2147766277,3064434148,0,0,38671782000,38671786000,6,0,0,0,0,0,0,0,0
1,1,22,15,20483,0,0,0,38671787000,38671791000,-1,0,0,0,0,0,0,0,0
2,1,22,15,0,0,0,0,38671793000,38671912000,-1,0,0,0,0,0,0,0,0
1,2,22,7,1076651027,2829312,0,0,38671922000,38672102000,-1,0,0,0,41943520,0,0,1280,3064438784
1,2,22,7,25602,0,0,0,38672103000,38672106000,-1,0,0,0,0,0,0,0,0
1,2,22,7,25607,0,0,0,38672107000,38685676000,-1,0,0,0,0,0,0,0,0
0,1,22,15,2,0,15,0,38685699000,38685876000,-1,0,0,0,0,0,0,0,0
1,1,22,15,20483,0,0,0,38685881000,38685889000,-1,0,0,0,0,0,0,0,0
1,1,22,15,1088704512,3066196212,0,0,38685891000,38685897000,-1,3066200064,3065053184,0,16777440,41943520,0,1,0
1,1,22,15,2147766273,0,0,0,38685899000,38685987000,-1,0,0,0,0,0,0,0,0
1,1,22,15,2147766276,3000,0,0,38685989000,38687855000,-1,0,0,0,0,0,0,0,0
1,1,22,15,2147766277,3064434148,0,0,38687858000,38687862000,6,0,0,0,0,0,0,0,0
1,1,22,15,20483,0,0,0,38687863000,38687866000,-1,0,0,0,0,0,0,0,0
2,1,22,15,0,0,0,0,38687867000,38687968000,-1,0,0,0,0,0,0,0,0
1,2,22,7,1076651027,2829356,0,0,38687977000,38688156000,-1,0,0,0,41943520,0,0,1280,3065053184
1,2,22,7,25602,0,0,0,38688158000,38688161000,-1,0,0,0,0,0,0,0,0
1,2,22,7,25607,0,0,0,38688162000,38702310000,-1,0,0,0,0,0,0,0,0
0,1,22,15,2,0,15,0,38702327000,38702474000,-1,0,0,0,0,0,0,0,0
1,1,22,15,20483,0,0,0,38702478000,38702485000,-1,0,0,0,0,0,0,0,0
1,1,22,15,1088704512,3066196212,0,0,38702487000,38702493000,-1,3066200064,3064438784,0,16777440,41943520,0,1,0
1,1,22,15,2147766273,0,0,0,38702494000,38702582000,-1,0,0,0,0,0,0,0,0
1,1,22,15,2147766276,3000,0,0,38702583000,38704448000,-1,0,0,0,0,0,0,0,0
1,1,22,15,2147766277,3064434148,0,0,38704489000,38704492000,6,0,0,0,0,0,0,0,0
1,1,22,15,20483,0,0,0,38704494000,38704497000,-1,0,0,0,0,0,0,0,0
2,1,22,15,0,0,0,0,38704499000,38704586000,-1,0,0,0,0,0,0,0,0
1,2,22,7,1076651027,2829312,0,0,38704595000,38704773000,-1,0,0,0,41943520,0,0,1280,3064438784
1,2,22,7,25602,0,0,0,38704775000,38704777000,-1,0,0,0,0,0,0,0,0
1,2,22,7,25607,0,0,0,38704778000,38718969000,-1,0,0,0,0,0,0,0,0
0,1,22,15,2,0,15,0,38718986000,38719134000,-1,0,0,0,0,0,0,0,0
1,1,22,15,20483,0,0,0,38719138000,38719147000,-1,0,0,0,0,0,0,0,0
1,1,22,15,1088704512,3066196212,0,0,38719149000,38719155000,-1,3066200064,3065053184,0,16777440,41943520,0,1,0
1,1,22,15,2147766273,0,0,0,38719156000,38719246000,-1,0,0,0,0,0,0,0,0
1,1,22,15,2147766276,3000,0,0,38719249000,38721113000,-1,0,0,0,0,0,0,0,0
1,1,22,15,2147766277,3064434148,0,0,38721116000,38721119000,6,0,0,0,0,0,0,0,0
1,1,22,15,20483,0,0,0,38721121000,38721123000,-1,0,0,0,0,0,0,0,0
2,1,22,15,0,0,0,0,38721125000,38721216000,-1,0,0,0,0,0,0,0,0
1,2,22,7,1076651027,2829356,0,0,38721225000,38721404000,-1,0,0,0,41943520,0,0,1280,3065053184
1,2,22,7,25602,0,0,0,38721406000,38721409000,-1,0,0,0,0,0,0,0,0
1,2,22,7,25607,0,0,0,38721411000,38735625000,-1,0,0,0,0,0,0,0,0
0,1,22,15,2,0,15,0,38735641000,38735788000,-1,0,0,0,0,0,0,0,0
1,1,22,15,20483,0,0,0,38735793000,38735800000,-1,0,0,0,0,0,0,0,0
1,1,22,15,1088704512,3066196212,0,0,38735801000,38735806000,-1,3066200064,3064438784,0,16777440,41943520,0,1,0
1,1,22,15,2147766273,0,0,0,38735808000,38735902000,-1,0,0,0,0,0,0,0,0
1,1,22,15,2147766276,3000,0,0,38735903000,38737770000,-1,0,0,0,0,0,0,0,0
1,1,22,15,2147766277,3064434148,0,0,38737772000,38737775000,6,0,0,0,0,0,0,0,0
1,1,22,15,20483,0,0,0,38737776000,38737778000,-1,0,0,0,0,0,0,0,0
2,1,22,15,0,0,0,0,38737781000,38737862000,-1,0,0,0,0,0,0,0,0
1,2,22,7,1076651027,2829312,0,0,38737869000,38738047000,-1,0,0,0,41943520,0,0,1280,3064438784
1,2,22,7,25602,0,0,0,38738049000,38738052000,-1,0,0,0,0,0,0,0,0
1,2,22,7,25607,0,0,0,38738053000,38752300000,-1,0,0,0,0,0,0,0,0
0,1,22,15,2,0,15,0,38752322000,38752469000,-1,0,0,0,0,0,0,0,0
1,1,22,15,20483,0,0,0,38752473000,38752480000,-1,0,0,0,0,0,0,0,0
1,1,22,15,1088704512,3066196212,0,0,38752482000,38752488000,-1,3066200064,3065053184,0,16777440,41943520,0,1,0
1,1,22,15,2147766273,0,0,0,38752489000,38752580000,-1,0,0,0,0,0,0,0,0
1,1,22,15,2147766276,3000,0,0,38752582000,38754455000,-1,0,0,0,0,0,0,0,0
1,1,22,15,2147766277,3064434148,0,0,38754458000,38754462000,6,0,0,0,0,0,0,0,0
1,1,22,15,20483,0,0,0,38754463000,38754466000,-1,0,0,0,0,0,0,0,0
2,1,22,15,0,0,0,0,38754468000,38754552000,-1,0,0,0,0,0,0,0,0
1,2,22,7,1076651027,2829356,0,0,38754560000,38754738000,-1,0,0,0,41943520,0,0,1280,3065053184
1,2,22,7,25602,0,0,0,38754739000,38754743000,-1,0,0,0,0,0,0,0,0
1,2,22,7,25607,0,0,0,38754744000,38768928000,-1,0,0,0,0,0,0,0,0
0,1,22,15,2,0,15,0,38771129000,38771298000,-1,0,0,0,0,0,0,0,0
1,1,22,15,20483,0,0,0,38771304000,38771314000,-1,0,0,0,0,0,0,0,0
1,1,22,15,1088704512,3066196212,0,0,38771317000,38771324000,-1,3066200064,3064438784,0,16777440,41943520,0,1,0
1,1,22,15,2147766273,0,0,0,38771325000,38771430000,-1,0,0,0,0,0,0,0,0
1,1,22,15,2147766276,3000,0,0,38771432000,38773313000,-1,0,0,0,0,0,0,0,0
1,1,22,15,2147766277,3064434148,0,0,38773317000,38773320000,6,0,0,0,0,0,0,0,0
1,1,22,15,20483,0,0,0,38773321000,38773325000,-1,0,0,0,0,0,0,0,0
2,1,22,15,0,0,0,0,38773361000,38773457000,-1,0,0,0,0,0,0,0,0
1,2,22,7,1076651027,2829312,0,0,38773466000,38773646000,-1,0,0,0,41943520,0,0,1280,3064438784
1,2,22,7,25602,0,0,0,38773648000,38773652000,-1,0,0,0,0,0,0,0,0
1,2,22,7,25607,0,0,0,38773653000,38785587000,-1,0,0,0,0,0,0,0,0
0,1,22,15,2,0,15,0,38787029000,38787186000,-1,0,0,0,0,0,0,0,0
1,1,22,15,20483,0,0,0,38787192000,38787202000,-1,0,0,0,0,0,0,0,0
1,1,22,15,1088704512,3066196212,0,0,38787204000,38787211000,-1,3066200064,3065053184,0,16777440,41943520,0,1,0
1,1,22,15,2147766273,0,0,0,38787212000,38787307000,-1,0,0,0,0,0,0,0,0
1,1,22,15,2147766276,3000,0,0,38787308000,38789192000,-1,0,0,0,0,0,0,0,0
1,1,22,15,2147766277,3064434148,0,0,38789195000,38789198000,6,0,0,0,0,0,0,0,0
1,1,22,15,20483,0,0,0,38789200000,38789203000,-1,0,0,0,0,0,0,0,0
2,1,22,15,0,0,0,0,38789205000,38789294000,-1,0,0,0,0,0,0,0,0
1,2,22,7,1076651027,2829356,0,0,38789302000,38789482000,-1,0,0,0,41943520,0,0,1280,3065053184
1,2,22,7,25602,0,0,0,38789483000,38789487000,-1,0,0,0,0,0,0,0,0
1,2,22,7,25607,0,0,0,38789488000,38802341000,-1,0,0,0,0,0,0,0,0
0,1,22,15,2,0,15,0,38803043000,38803195000,-1,0,0,0,0,0,0,0,0
1,1,22,15,20483,0,0,0,38803200000,38803209000,-1,0,0,0,0,0,0,0,0
1,1,22,15,1088704512,3066196212,0,0,38803211000,38803217000,-1,3066200064,3064438784,0,16777440,41943520,0,1,0
1,1,22,15,2147766273,0,0,0,38803219000,38803309000,-1,0,0,0,0,0,0,0,0
1,1,22,15,2147766276,3000,0,0,38803311000,38805188000,-1,0,0,0,0,0,0,0,0
1,1,22,15,2147766277,3064434148,0,0,38805191000,38805194000,6,0,0,0,0,0,0,0,0
1,1,22,15,20483,0,0,0,38805195000,38805199000,-1,0,0,0,0,0,0,0,0
2,1,22,15,0,0,0,0,38805201000,38805295000,-1,0,0,0,0,0,0,0,0
1,2,22,7,1076651027,2829312,0,0,38805304000,38805485000,-1,0,0,0,41943520,0,0,1280,3064438784
1,2,22,7,25602,0,0,0,38805486000,38805490000,-1,0,0,0,0,0,0,0,0
1,2,22,7,25607,0,0,0,38805491000,38818932000,-1,0,0,0,0,0,0,0,0
0,1,22,15,2,0,15,0,38819106000,38819263000,-1,0,0,0,0,0,0,0,0
1,1,22,15,20483,0,0,0,38819267000,38819277000,-1,0,0,0,0,0,0,0,0
1,1,22,15,1088704512,3066196212,0,0,38819279000,38819286000,-1,3066200064,3065053184,0,16777440,41943520,0,1,0
1,1,22,15,2147766273,0,0,0,38819287000,38819380000,-1,0,0,0,0,0,0,0,0
1,1,22,15,2147766276,3000,0,0,38819382000,38821278000,-1,0,0,0,0,0,0,0,0
1,1,22,15,2147766277,3064434148,0,0,38821281000,38821284000,6,0,0,0,0,0,0,0,0
1,1,22,15,20483,0,0,0,38821285000,38821289000,-1,0,0,0,0,0,0,0,0
2,1,22,15,0,0,0,0,38821290000,38821386000,-1,0,0,0,0,0,0,0,0
1,2,22,7,1076651027,2829356,0,0,38821395000,38821574000,-1,0,0,0,41943520,0,0,1280,3065053184
1,2,22,7,25602,0,0,0,38821576000,38821579000,-1,0,0,0,0,0,0,0,0
1,2,22,7,25607,0,0,0,38821580000,38835591000,-1,0,0,0,0,0,0,0,0
0,1,22,15,2,0,15,0,38835613000,38835759000,-1,0,0,0,0,0,0,0,0
1,1,22,15,20483,0,0,0,38835763000,38835772000,-1,0,0,0,0,0,0,0,0
1,1,22,15,1088704512,3066196212,0,0,38835774000,38835780000,-1,3066200064,3064438784,0,16777440,41943520,0,1,0
1,1,22,15,2147766273,0,0,0,38835782000,38835873000,-1,0,0,0,0,0,0,0,0
1,1,22,15,2147766276,3000,0,0,38835874000,38837885000,-1,0,0,0,0,0,0,0,0
1,1,22,15,2147766277,3064434148,0,0,38837888000,38837892000,6,0,0,0,0,0,0,0,0
1,1,22,15,20483,0,0,0,38837893000,38837896000,-1,0,0,0,0,0,0,0,0
2,1,22,15,0,0,0,0,38837899000,38837997000,-1,0,0,0,0,0,0,0,0
1,2,22,7,1076651027,2829312,0,0,38838004000,38838182000,-1,0,0,0,41943520,0,0,1280,3064438784
1,2,22,7,25602,0,0,0,38838184000,38838187000,-1,0,0,0,0,0,0,0,0
1,2,22,7,25607,0,0,0,38838223000,38852247000,-1,0,0,0,0,0,0,0,0
0,1,22,15,2,0,15,0,38852270000,38852420000,-1,0,0,0,0,0,0,0,0
1,1,22,15,20483,0,0,0,38852424000,38852433000,-1,0,0,0,0,0,0,0,0
1,1,22,15,1088704512,3066196212,0,0,38852435000,38852440000,-1,3066200064,3065053184,0,16777440,41943520,0,1,0
1,1,22,15,2147766273,0,0,0,38852442000,38852536000,-1,0,0,0,0,0,0,0,0
1,1,22,15,2147766276,3000,0,0,38852537000,38854404000,-1,0,0,0,0,0,0,0,0
1,1,22,15,2147766277,3064434148,0,0,38854407000,38854410000,6,0,0,0,0,0,0,0,0
1,1,22,15,20483,0,0,0,38854411000,38854414000,-1,0,0,0,0,0,0,0,0
2,1,22,15,0,0,0,0,38854416000,38854516000,-1,0,0,0,0,0,0,0,0
1,2,22,7,1076651027,2829356,0,0,38854523000,38854704000,-1,0,0,0,41943520,0,0,1280,3065053184
1,2,22,7,25602,0,0,0,38854705000,38854709000,-1,0,0,0,0,0,0,0,0
1,2,22,7,25607,0,0,0,38854710000,38868868000,-1,0,0,0,0,0,0,0,0
0,1,22,15,2,0,15,0,38885178000,38885336000,-1,0,0,0,0,0,0,0,0
1,1,22,15,20483,0,0,0,38885341000,38885351000,-1,0,0,0,0,0,0,0,0
1,1,22,15,1088704512,3066196212,0,0,38885353000,38885359000,-1,3066200064,3064438784,0,16777440,41943520,0,1,0
1,1,22,15,2147766273,0,0,0,38885360000,38885452000,-1,0,0,0,0,0,0,0,0
1,1,22,15,2147766276,3000,0,0,38885455000,38887321000,-1,0,0,0,0,0,0,0,0
1,1,22,15,2147766277,3064434148,0,0,38887324000,38887327000,6,0,0,0,0,0,0,0,0
1,1,22,15,20483,0,0,0,38887328000,38887331000,-1,0,0,0,0,0,0,0,0
2,1,22,15,0,0,0,0,38887333000,38887443000,-1,0,0,0,0,0,0,0,0
1,2,22,7,1076651027,2829312,0,0,38887451000,38887632000,-1,0,0,0,41943520,0,0,1280,3064438784
1,2,22,7,25602,0,0,0,38887634000,38887638000,-1,0,0,0,0,0,0,0,0
1,2,22,7,25607,0,0,0,38887639000,38902195000,-1,0,0,0,0,0,0,0,0
0,1,22,15,2,0,15,0,38902212000,38902361000,-1,0,0,0,0,0,0,0,0
1,1,22,15,20483,0,0,0,38902365000,38902372000,-1,0,0,0,0,0,0,0,0
1,1,22,15,1088704512,3066196212,0,0,38902374000,38902379000,-1,3066200064,3065053184,0,16777440,41943520,0,1,0
1,1,22,15,2147766273,0,0,0,38902381000,38902470000,-1,0,0,0,0,0,0,0,0
1,1,22,15,2147766276,3000,0,0,38902472000,38904341000,-1,0,0,0,0,0,0,0,0
1,1,22,15,2147766277,3064434148,0,0,38904344000,38904347000,6,0,0,0,0,0,0,0,0
1,1,22,15,20483,0,0,0,38904348000,38904350000,-1,0,0,0,0,0,0,0,0
2,1,22,15,0,0,0,0,38904352000,38904435000,-1,0,0,0,0,0,0,0,0
1,2,22,7,1076651027,2829356,0,0,38904443000,38904623000,-1,0,0,0,41943520,0,0,1280,3065053184
1,2,22,7,25602,0,0,0,38904624000,38904627000,-1,0,0,0,0,0,0,0,0
1,2,22,7,25607,0,0,0,38904628000,38918851000,-1,0,0,0,0,0,0,0,0
0,1,22,15,2,0,15,0,38918868000,38919015000,-1,0,0,0,0,0,0,0,0
1,1,22,15,20483,0,0,0,38919019000,38919026000,-1,0,0,0,0,0,0,0,0
1,1,22,15,1088704512,3066196212,0,0,38919028000,38919034000,-1,3066200064,3064438784,0,16777440,41943520,0,1,0
1,1,22,15,2147766273,0,0,0,38919036000,38919129000,-1,0,0,0,0,0,0,0,0
1,1,22,15,2147766276,3000,0,0,38919131000,38920990000,-1,0,0,0,0,0,0,0,0
1,1,22,15,2147766277,3064434148,0,0,38920994000,38920998000,6,0,0,0,0,0,0,0,0
1,1,22,15,20483,0,0,0,38920999000,38921002000,-1,0,0,0,0,0,0,0,0
2,1,22,15,0,0,0,0,38921004000,38921100000,-1,0,0,0,0,0,0,0,0
1,2,22,7,1076651027,2829312,0,0,38921110000,38921291000,-1,0,0,0,41943520,0,0,1280,3064438784
1,2,22,7,25602,0,0,0,38921292000,38921296000,-1,0,0,0,0,0,0,0,0
1,2,22,7,25607,0,0,0,38921297000,38935507000,-1,0,0,0,0,0,0,0,0
0,1,22,15,2,0,15,0,38935523000,38935667000,-1,0,0,0,0,0,0,0,0
1,1,22,15,20483,0,0,0,38935705000,38935713000,-1,0,0,0,0,0,0,0,0
1,1,22,15,1088704512,3066196212,0,0,38935716000,38935721000,-1,3066200064,3065053184,0,16777440,41943520,0,1,0
1,1,22,15,2147766273,0,0,0,38935723000,38935818000,-1,0,0,0,0,0,0,0,0
1,1,22,15,2147766276,3000,0,0,38935820000,38937686000,-1,0,0,0,0,0,0,0,0
1,1,22,15,2147766277,3064434148,0,0,38937688000,38937691000,6,0,0,0,0,0,0,0,0
1,1,22,15,20483,0,0,0,38937692000,38937695000,-1,0,0,0,0,0,0,0,0
2,1,22,15,0,0,0,0,38937697000,38937780000,-1,0,0,0,0,0,0,0,0
1,2,22,7,1076651027,2829356,0,0,38937788000,38937967000,-1,0,0,0,41943520,0,0,1280,3065053184
1,2,22,7,25602,0,0,0,38937968000,38937972000,-1,0,0,0,0,0,0,0,0
1,2,22,7,25607,0,0,0,38937973000,38952164000,-1,0,0,0,0,0,0,0,0
0,1,22,15,2,0,15,0,38952187000,38952332000,-1,0,0,0,0,0,0,0,0
1,1,22,15,20483,0,0,0,38952336000,38952343000,-1,0,0,0,0,0,0,0,0
1,1,22,15,1088704512,3066196212,0,0,38952345000,38952351000,-1,3066200064,3064438784,0,16777440,41943520,0,1,0
1,1,22,15,2147766273,0,0,0,38952353000,38952441000,-1,0,0,0,0,0,0,0,0
1,1,22,15,2147766276,3000,0,0,38952443000,38954315000,-1,0,0,0,0,0,0,0,0
1,1,22,15,2147766277,3064434148,0,0,38954319000,38954321000,6,0,0,0,0,0,0,0,0
1,1,22,15,20483,0,0,0,38954322000,38954325000,-1,0,0,0,0,0,0,0,0
2,1,22,15,0,0,0,0,38954327000,38954409000,-1,0,0,0,0,0,0,0,0
1,2,22,7,1076651027,2829312,0,0,38954416000,38954594000,-1,0,0,0,41943520,0,0,1280,3064438784
1,2,22,7,25602,0,0,0,38954596000,38954598000,-1,0,0,0,0,0,0,0,0
1,2,22,7,25607,0,0,0,38954600000,38968813000,-1,0,0,0,0,0,0,0,0
0,1,22,15,2,0,15,0,38971056000,38971215000,-1,0,0,0,0,0,0,0,0
1,1,22,15,20483,0,0,0,38971221000,38971232000,-1,0,0,0,0,0,0,0,0
1,1,22,15,1088704512,3066196212,0,0,38971234000,38971241000,-1,3066200064,3065053184,0,16777440,41943520,0,1,0
1,1,22,15,2147766273,0,0,0,38971242000,38971338000,-1,0,0,0,0,0,0,0,0
1,1,22,15,2147766276,3000,0,0,38971339000,38973216000,-1,0,0,0,0,0,0,0,0
1,1,22,15,2147766277,3064434148,0,0,38973219000,38973222000,6,0,0,0,0,0,0,0,0
1,1,22,15,20483,0,0,0,38973223000,38973226000,-1,0,0,0,0,0,0,0,0
2,1,22,15,0,0,0,0,38973228000,38973320000,-1,0,0,0,0,0,0,0,0
1,2,22,7,1076651027,2829356,0,0,38973330000,38973510000,-1,0,0,0,41943520,0,0,1280,3065053184
1,2,22,7,25602,0,0,0,38973511000,38973515000,-1,0,0,0,0,0,0,0,0
1,2,22,7,25607,0,0,0,38973516000,38985468000,-1,0,0,0,0,0,0,0,0
0,1,22,15,2,0,15,0,38987056000,38987210000,-1,0,0,0,0,0,0,0,0
1,1,22,15,20483,0,0,0,38987215000,38987225000,-1,0,0,0,0,0,0,0,0
1,1,22,15,1088704512,3066196212,0,0,38987228000,38987234000,-1,3066200064,3064438784,0,16777440,41943520,0,1,0
1,1,22,15,2147766273,0,0,0,38987235000,38987329000,-1,0,0,0,0,0,0,0,0
1,1,22,15,2147766276,3000,0,0,38987331000,38989210000,-1,0,0,0,0,0,0,0,0
1,1,22,15,2147766277,3064434148,0,0,38989213000,38989216000,6,0,0,0,0,0,0,0,0
1,1,22,15,20483,0,0,0,38989217000,38989221000,-1,0,0,0,0,0,0,0,0
2,1,22,15,0,0,0,0,38989223000,38989315000,-1,0,0,0,0,0,0,0,0
1,2,22,7,1076651027,2829312,0,0,38989323000,38989502000,-1,0,0,0,41943520,0,0,1280,3064438784
1,2,22,7,25602,0,0,0,38989503000,38989507000,-1,0,0,0,0,0,0,0,0
1,2,22,7,25607,0,0,0,38989508000,39002129000,-1,0,0,0,0,0,0,0,0
0,1,22,15,2,0,15,0,39002998000,39003148000,-1,0,0,0,0,0,0,0,0
1,1,22,15,20483,0,0,0,39003154000,39003165000,-1,0,0,0,0,0,0,0,0
1,1,22,15,1088704512,3066196212,0,0,39003167000,39003174000,-1,3066200064,3065053184,0,16777440,41943520,0,1,0
1,1,22,15,2147766273,0,0,0,39003176000,39003272000,-1,0,0,0,0,0,0,0,0
1,1,22,15,2147766276,3000,0,0,39003319000,39005151000,-1,0,0,0,0,0,0,0,0
1,1,22,15,2147766277,3064434148,0,0,39005155000,39005159000,6,0,0,0,0,0,0,0,0
1,1,22,15,20483,0,0,0,39005160000,39005163000,-1,0,0,0,0,0,0,0,0
2,1,22,15,0,0,0,0,39005165000,39005265000,-1,0,0,0,0,0,0,0,0
1,2,22,7,1076651027,2829356,0,0,39005274000,39005454000,-1,0,0,0,41943520,0,0,1280,3065053184
1,2,22,7,25602,0,0,0,39005456000,39005460000,-1,0,0,0,0,0,0,0,0
1,2,22,7,25607,0,0,0,39005461000,39018819000,-1,0,0,0,0,0,0,0,0
0,1,22,15,2,0,15,0,39019108000,39019264000,-1,0,0,0,0,0,0,0,0
1,1,22,15,20483,0,0,0,39019271000,39019280000,-1,0,0,0,0,0,0,0,0
1,1,22,15,1088704512,3066196212,0,0,39019282000,39019288000,-1,3066200064,3064438784,0,16777440,41943520,0,1,0
1,1,22,15,2147766273,0,0,0,39019290000,39019385000,-1,0,0,0,0,0,0,0,0
1,1,22,15,2147766276,3000,0,0,39019387000,39021283000,-1,0,0,0,0,0,0,0,0
1,1,22,15,2147766277,3064434148,0,0,39021287000,39021291000,6,0,0,0,0,0,0,0,0
1,1,22,15,20483,0,0,0,39021292000,39021295000,-1,0,0,0,0,0,0,0,0
2,1,22,15,0,0,0,0,39021298000,39021392000,-1,0,0,0,0,0,0,0,0
1,2,22,7,1076651027,2829312,0,0,39021400000,39021580000,-1,0,0,0,41943520,0,0,1280,3064438784
1,2,22,7,25602,0,0,0,39021581000,39021585000,-1,0,0,0,0,0,0,0,0
1,2,22,7,25607,0,0,0,39021587000,39035470000,-1,0,0,0,0,0,0,0,0
0,1,22,15,2,0,15,0,39035492000,39035639000,-1,0,0,0,0,0,0,0,0
1,1,22,15,20483,0,0,0,39035643000,39035650000,-1,0,0,0,0,0,0,0,0
1,1,22,15,1088704512,3066196212,0,0,39035652000,39035658000,-1,3066200064,3065053184,0,16777440,41943520,0,1,0
1,1,22,15,2147766273,0,0,0,39035659000,39035748000,-1,0,0,0,0,0,0,0,0
1,1,22,15,2147766276,3000,0,0,39035750000,39037617000,-1,0,0,0,0,0,0,0,0
1,1,22,15,2147766277,3064434148,0,0,39037620000,39037623000,6,0,0,0,0,0,0,0,0
1,1,22,15,20483,0,0,0,39037624000,39037627000,-1,0,0,0,0,0,0,0,0
2,1,22,15,0,0,0,0,39037629000,39037743000,-1,0,0,0,0,0,0,0,0
1,2,22,7,1076651027,2829356,0,0,39037752000,39037933000,-1,0,0,0,41943520,0,0,1280,3065053184
1,2,22,7,25602,0,0,0,39037934000,39037937000,-1,0,0,0,0,0,0,0,0
1,2,22,7,25607,0,0,0,39037938000,39052131000,-1,0,0,0,0,0,0,0,0
0,1,22,15,2,0,15,0,39052155000,39052303000,-1,0,0,0,0,0,0,0,0
1,1,22,15,20483,0,0,0,39052308000,39052315000,-1,0,0,0,0,0,0,0,0
1,1,22,15,1088704512,3066196212,0,0,39052318000,39052324000,-1,3066200064,3064438784,0,16777440,41943520,0,1,0
1,1,22,15,2147766273,0,0,0,39052325000,39052416000,-1,0,0,0,0,0,0,0,0
1,1,22,15,2147766276,3000,0,0,39052418000,39054281000,-1,0,0,0,0,0,0,0,0
1,1,22,15,2147766277,3064434148,0,0,39054284000,39054288000,6,0,0,0,0,0,0,0,0
1,1,22,15,20483,0,0,0,39054289000,39054292000,-1,0,0,0,0,0,0,0,0
2,1,22,15,0,0,0,0,39054294000,39054397000,-1,0,0,0,0,0,0,0,0
1,2,22,7,1076651027,2829312,0,0,39054404000,39054584000,-1,0,0,0,41943520,0,0,1280,3064438784
1,2,22,7,25602,0,0,0,39054585000,39054589000,-1,0,0,0,0,0,0,0,0
1,2,22,7,25607,0,0,0,39054590000,39068783000,-1,0,0,0,0,0,0,0,0
0,1,22,15,2,0,15,0,39068806000,39068948000,-1,0,0,0,0,0,0,0,0
1,1,22,15,20483,0,0,0,39068952000,39068960000,-1,0,0,0,0,0,0,0,0
1,1,22,15,1088704512,3066196212,0,0,39068962000,39068967000,-1,3066200064,3065053184,0,16777440,41943520,0,1,0
1,1,22,15,2147766273,0,0,0,39068969000,39069056000,-1,0,0,0,0,0,0,0,0
1,1,22,15,2147766276,3000,0,0,39069058000,39070919000,-1,0,0,0,0,0,0,0,0
1,1,22,15,2147766277,3064434148,0,0,39070922000,39070927000,6,0,0,0,0,0,0,0,0
1,1,22,15,20483,0,0,0,39070966000,39070970000,-1,0,0,0,0,0,0,0,0
2,1,22,15,0,0,0,0,39070973000,39071084000,-1,0,0,0,0,0,0,0,0
1,2,22,7,1076651027,2829356,0,0,39071093000,39071273000,-1,0,0,0,41943520,0,0,1280,3065053184
1,2,22,7,25602,0,0,0,39071274000,39071278000,-1,0,0,0,0,0,0,0,0
1,2,22,7,25607,0,0,0,39071279000,39085445000,-1,0,0,0,0,0,0,0,0
0,1,22,15,2,0,15,0,39085468000,39085621000,-1,0,0,0,0,0,0,0,0
1,1,22,15,20483,0,0,0,39085625000,39085633000,-1,0,0,0,0,0,0,0,0
1,1,22,15,1088704512,3066196212,0,0,39085635000,39085641000,-1,3066200064,3064438784,0,16777440,41943520,0,1,0
1,1,22,15,2147766273,0,0,0,39085643000,39085777000,-1,0,0,0,0,0,0,0,0
1,1,22,15,2147766276,3000,0,0,39085779000,39087641000,-1,0,0,0,0,0,0,0,0
1,1,22,15,2147766277,3064434148,0,0,39087644000,39087648000,6,0,0,0,0,0,0,0,0
1,1,22,15,20483,0,0,0,39087649000,39087652000,-1,0,0,0,0,0,0,0,0
2,1,22,15,0,0,0,0,39087654000,39087755000,-1,0,0,0,0,0,0,0,0
1,2,22,7,1076651027,2829312,0,0,39087763000,39087943000,-1,0,0,0,41943520,0,0,1280,3064438784
1,2,22,7,25602,0,0,0,39087945000,39087948000,-1,0,0,0,0,0,0,0,0
1,2,22,7,25607,0,0,0,39087950000,39102078000,-1,0,0,0,0,0,0,0,0
0,1,22,15,2,0,15,0,39102097000,39102250000,-1,0,0,0,0,0,0,0,0
1,1,22,15,20483,0,0,0,39102254000,39102263000,-1,0,0,0,0,0,0,0,0
1,1,22,15,1088704512,3066196212,0,0,39102265000,39102270000,-1,3066200064,3065053184,0,16777440,41943520,0,1,0
1,1,22,15,2147766273,0,0,0,39102272000,39102363000,-1,0,0,0,0,0,0,0,0
1,1,22,15,2147766276,3000,0,0,39102365000,39104234000,-1,0,0,0,0,0,0,0,0
1,1,22,15,2147766277,3064434148,0,0,39104236000,39104240000,6,0,0,0,0,0,0,0,0
1,1,22,15,20483,0,0,0,39104241000,39104244000,-1,0,0,0,0,0,0,0,0
2,1,22,15,0,0,0,0,39104246000,39104329000,-1,0,0,0,0,0,0,0,0
1,2,22,7,1076651027,2829356,0,0,39104338000,39104515000,-1,0,0,0,41943520,0,0,1280,3065053184
1,2,22,7,25602,0,0,0,39104516000,39104520000,-1,0,0,0,0,0,0,0,0
1,2,22,7,25607,0,0,0,39104521000,39118734000,-1,0,0,0,0,0,0,0,0
0,1,22,15,2,0,15,0,39118750000,39118898000,-1,0,0,0,0,0,0,0,0
1,1,22,15,20483,0,0,0,39118903000,39118911000,-1,0,0,0,0,0,0,0,0
1,1,22,15,1088704512,3066196212,0,0,39118912000,39118918000,-1,3066200064,3064438784,0,16777440,41943520,0,1,0
1,1,22,15,2147766273,0,0,0,39118919000,39119010000,-1,0,0,0,0,0,0,0,0
1,1,22,15,2147766276,3000,0,0,39119013000,39120878000,-1,0,0,0,0,0,0,0,0
1,1,22,15,2147766277,3064434148,0,0,39120880000,39120884000,6,0,0,0,0,0,0,0,0
1,1,22,15,20483,0,0,0,39120885000,39120887000,-1,0,0,0,0,0,0,0,0
2,1,22,15,0,0,0,0,39120889000,39120977000,-1,0,0,0,0,0,0,0,0
1,2,22,7,1076651027,2829312,0,0,39120984000,39121163000,-1,0,0,0,41943520,0,0,1280,3064438784
1,2,22,7,25602,0,0,0,39121165000,39121168000,-1,0,0,0,0,0,0,0,0
1,2,22,7,25607,0,0,0,39121170000,39135393000,-1,0,0,0,0,0,0,0,0
0,1,22,15,2,0,15,0,39135410000,39135552000,-1,0,0,0,0,0,0,0,0
1,1,22,15,20483,0,0,0,39135556000,39135563000,-1,0,0,0,0,0,0,0,0
1,1,22,15,1088704512,3066196212,0,0,39135565000,39135571000,-1,3066200064,3065053184,0,16777440,41943520,0,1,0
1,1,22,15,2147766273,0,0,0,39135573000,39135657000,-1,0,0,0,0,0,0,0,0
1,1,22,15,2147766276,3000,0,0,39135659000,39137523000,-1,0,0,0,0,0,0,0,0
1,1,22,15,2147766277,3064434148,0,0,39137526000,39137529000,6,0,0,0,0,0,0,0,0
1,1,22,15,20483,0,0,0,39137530000,39137533000,-1,0,0,0,0,0,0,0,0
2,1,22,15,0,0,0,0,39137535000,39137615000,-1,0,0,0,0,0,0,0,0
1,2,22,7,1076651027,2829356,0,0,39137623000,39137801000,-1,0,0,0,41943520,0,0,1280,3065053184
1,2,22,7,25602,0,0,0,39137837000,39137841000,-1,0,0,0,0,0,0,0,0
1,2,22,7,25607,0,0,0,39137843000,39152068000,-1,0,0,0,0,0,0,0,0
0,1,22,15,2,0,15,0,39152089000,39152235000,-1,0,0,0,0,0,0,0,0
1,1,22,15,20483,0,0,0,39152239000,39152247000,-1,0,0,0,0,0,0,0,0
1,1,22,15,1088704512,3066196212,0,0,39152249000,39152255000,-1,3066200064,3064438784,0,16777440,41943520,0,1,0
1,1,22,15,2147766273,0,0,0,39152256000,39152344000,-1,0,0,0,0,0,0,0,0
1,1,22,15,2147766276,3000,0,0,39152345000,39154213000,-1,0,0,0,0,0,0,0,0
1,1,22,15,2147766277,3064434148,0,0,39154216000,39154219000,6,0,0,0,0,0,0,0,0
1,1,22,15,20483,0,0,0,39154220000,39154223000,-1,0,0,0,0,0,0,0,0
2,1,22,15,0,0,0,0,39154225000,39154309000,-1,0,0,0,0,0,0,0,0
1,2,22,7,1076651027,2829312,0,0,39154317000,39154495000,-1,0,0,0,41943520,0,0,1280,3064438784
1,2,22,7,25602,0,0,0,39154497000,39154500000,-1,0,0,0,0,0,0,0,0
1,2,22,7,25607,0,0,0,39154501000,39168696000,-1,0,0,0,0,0,0,0,0
0,1,22,15,2,0,15,0,39171119000,39171284000,-1,0,0,0,0,0,0,0,0
1,1,22,15,20483,0,0,0,39171290000,39171301000,-1,0,0,0,0,0,0,0,0
1,1,22,15,1088704512,3066196212,0,0,39171303000,39171310000,-1,3066200064,3065053184,0,16777440,41943520,0,1,0
1,1,22,15,2147766273,0,0,0,39171312000,39171413000,-1,0,0,0,0,0,0,0,0
1,1,22,15,2147766276,3000,0,0,39171415000,39173298000,-1,0,0,0,0,0,0,0,0
1,1,22,15,2147766277,3064434148,0,0,39173301000,39173305000,6,0,0,0,0,0,0,0,0
1,1,22,15,20483,0,0,0,39173306000,39173309000,-1,0,0,0,0,0,0,0,0
2,1,22,15,0,0,0,0,39173311000,39173405000,-1,0,0,0,0,0,0,0,0
1,2,22,7,1076651027,2829356,0,0,39173412000,39173593000,-1,0,0,0,41943520,0,0,1280,3065053184
1,2,22,7,25602,0,0,0,39173594000,39173598000,-1,0,0,0,0,0,0,0,0
1,2,22,7,25607,0,0,0,39173599000,39185355000,-1,0,0,0,0,0,0,0,0
0,1,22,15,2,0,15,0,39187030000,39187198000,-1,0,0,0,0,0,0,0,0
1,1,22,15,20483,0,0,0,39187204000,39187216000,-1,0,0,0,0,0,0,0,0
1,1,22,15,1088704512,3066196212,0,0,39187217000,39187225000,-1,3066200064,3064438784,0,16777440,41943520,0,1,0
1,1,22,15,2147766273,0,0,0,39187226000,39187331000,-1,0,0,0,0,0,0,0,0
1,1,22,15,2147766276,3000,0,0,39187333000,39189210000,-1,0,0,0,0,0,0,0,0
1,1,22,15,2147766277,3064434148,0,0,39189214000,39189218000,6,0,0,0,0,0,0,0,0
1,1,22,15,20483,0,0,0,39189219000,39189222000,-1,0,0,0,0,0,0,0,0
2,1,22,15,0,0,0,0,39189224000,39189317000,-1,0,0,0,0,0,0,0,0
1,2,22,7,1076651027,2829312,0,0,39189325000,39189506000,-1,0,0,0,41943520,0,0,1280,3064438784
1,2,22,7,25602,0,0,0,39189507000,39189510000,-1,0,0,0,0,0,0,0,0
1,2,22,7,25607,0,0,0,39189512000,39202012000,-1,0,0,0,0,0,0,0,0
0,1,22,15,2,0,15,0,39203055000,39203213000,-1,0,0,0,0,0,0,0,0
1,1,22,15,20483,0,0,0,39203218000,39203229000,-1,0,0,0,0,0,0,0,0
1,1,22,15,1088704512,3066196212,0,0,39203231000,39203238000,-1,3066200064,3065053184,0,16777440,41943520,0,1,0
1,1,22,15,2147766273,0,0,0,39203239000,39203334000,-1,0,0,0,0,0,0,0,0
1,1,22,15,2147766276,3000,0,0,39203336000,39205221000,-1,0,0,0,0,0,0,0,0
1,1,22,15,2147766277,3064434148,0,0,39205225000,39205228000,6,0,0,0,0,0,0,0,0
1,1,22,15,20483,0,0,0,39205229000,39205233000,-1,0,0,0,0,0,0,0,0
2,1,22,15,0,0,0,0,39205234000,39205326000,-1,0,0,0,0,0,0,0,0
1,2,22,7,1076651027,2829356,0,0,39205334000,39205515000,-1,0,0,0,41943520,0,0,1280,3065053184
1,2,22,7,25602,0,0,0,39205516000,39205520000,-1,0,0,0,0,0,0,0,0
1,2,22,7,25607,0,0,0,39205521000,39218696000,-1,0,0,0,0,0,0,0,0
0,1,22,15,2,0,15,0,39219091000,39219239000,-1,0,0,0,0,0,0,0,0
1,1,22,15,20483,0,0,0,39219244000,39219254000,-1,0,0,0,0,0,0,0,0
1,1,22,15,1088704512,3066196212,0,0,39219256000,39219262000,-1,3066200064,3064438784,0,16777440,41943520,0,1,0
1,1,22,15,2147766273,0,0,0,39219264000,39219355000,-1,0,0,0,0,0,0,0,0
1,1,22,15,2147766276,3000,0,0,39219356000,39221222000,-1,0,0,0,0,0,0,0,0
1,1,22,15,2147766277,3064434148,0,0,39221226000,39221231000,6,0,0,0,0,0,0,0,0
1,1,22,15,20483,0,0,0,39221232000,39221236000,-1,0,0,0,0,0,0,0,0
2,1,22,15,0,0,0,0,39221238000,39221339000,-1,0,0,0,0,0,0,0,0
1,2,22,7,1076651027,2829312,0,0,39221347000,39221526000,-1,0,0,0,41943520,0,0,1280,3064438784
1,2,22,7,25602,0,0,0,39221528000,39221531000,-1,0,0,0,0,0,0,0,0
1,2,22,7,25607,0,0,0,39221533000,39235365000,-1,0,0,0,0,0,0,0,0
0,1,22,15,2,0,15,0,39235389000,39235537000,-1,0,0,0,0,0,0,0,0
1,1,22,15,20483,0,0,0,39235541000,39235549000,-1,0,0,0,0,0,0,0,0
1,1,22,15,1088704512,3066196212,0,0,39235551000,39235556000,-1,3066200064,3065053184,0,16777440,41943520,0,1,0
1,1,22,15,2147766273,0,0,0,39235558000,39235653000,-1,0,0,0,0,0,0,0,0
1,1,22,15,2147766276,3000,0,0,39235655000,39237527000,-1,0,0,0,0,0,0,0,0
1,1,22,15,2147766277,3064434148,0,0,39237529000,39237532000,6,0,0,0,0,0,0,0,0
1,1,22,15,20483,0,0,0,39237533000,39237536000,-1,0,0,0,0,0,0,0,0
2,1,22,15,0,0,0,0,39237538000,39237622000,-1,0,0,0,0,0,0,0,0
1,2,22,7,1076651027,2829356,0,0,39237630000,39237847000,-1,0,0,0,41943520,0,0,1280,3065053184
1,2,22,7,25602,0,0,0,39237849000,39237852000,-1,0,0,0,0,0,0,0,0
1,2,22,7,25607,0,0,0,39237854000,39252016000,-1,0,0,0,0,0,0,0,0
0,1,22,15,2,0,15,0,39252040000,39252193000,-1,0,0,0,0,0,0,0,0
1,1,22,15,20483,0,0,0,39252197000,39252205000,-1,0,0,0,0,0,0,0,0
1,1,22,15,1088704512,3066196212,0,0,39252208000,39252213000,-1,3066200064,3064438784,0,16777440,41943520,0,1,0
1,1,22,15,2147766273,0,0,0,39252215000,39252304000,-1,0,0,0,0,0,0,0,0
1,1,22,15,2147766276,3000,0,0,39252306000,39254171000,-1,0,0,0,0,0,0,0,0
1,1,22,15,2147766277,3064434148,0,0,39254173000,39254176000,6,0,0,0,0,0,0,0,0
1,1,22,15,20483,0,0,0,39254177000,39254180000,-1,0,0,0,0,0,0,0,0
2,1,22,15,0,0,0,0,39254182000,39254284000,-1,0,0,0,0,0,0,0,0
1,2,22,7,1076651027,2829312,0,0,39254292000,39254471000,-1,0,0,0,41943520,0,0,1280,3064438784
1,2,22,7,25602,0,0,0,39254472000,39254476000,-1,0,0,0,0,0,0,0,0
1,2,22,7,25607,0,0,0,39254477000,39268677000,-1,0,0,0,0,0,0,0,0
0,1,22,15,2,0,15,0,39268700000,39268851000,-1,0,0,0,0,0,0,0,0
1,1,22,15,20483,0,0,0,39268855000,39268864000,-1,0,0,0,0,0,0,0,0
1,1,22,15,1088704512,3066196212,0,0,39268865000,39268872000,-1,3066200064,3065053184,0,16777440,41943520,0,1,0
1,1,22,15,2147766273,0,0,0,39268873000,39268969000,-1,0,0,0,0,0,0,0,0
1,1,22,15,2147766276,3000,0,0,39268971000,39270838000,-1,0,0,0,0,0,0,0,0
1,1,22,15,2147766277,3064434148,0,0,39270842000,39270846000,6,0,0,0,0,0,0,0,0
1,1,22,15,20483,0,0,0,39270847000,39270850000,-1,0,0,0,0,0,0,0,0
2,1,22,15,0,0,0,0,39270852000,39270957000,-1,0,0,0,0,0,0,0,0
1,2,22,7,1076651027,2829356,0,0,39270967000,39271147000,-1,0,0,0,41943520,0,0,1280,3065053184
1,2,22,7,25602,0,0,0,39271149000,39271152000,-1,0,0,0,0,0,0,0,0
1,2,22,7,25607,0,0,0,39271153000,39285327000,-1,0,0,0,0,0,0,0,0
0,1,22,15,2,0,15,0,39285351000,39285499000,-1,0,0,0,0,0,0,0,0
1,1,22,15,20483,0,0,0,39285503000,39285511000,-1,0,0,0,0,0,0,0,0
1,1,22,15,1088704512,3066196212,0,0,39285513000,39285519000,-1,3066200064,3064438784,0,16777440,41943520,0,1,0
1,1,22,15,2147766273,0,0,0,39285559000,39285656000,-1,0,0,0,0,0,0,0,0
1,1,22,15,2147766276,3000,0,0,39285659000,39287524000,-1,0,0,0,0,0,0,0,0
1,1,22,15,2147766277,3064434148,0,0,39287528000,39287531000,6,0,0,0,0,0,0,0,0
1,1,22,15,20483,0,0,0,39287532000,39287535000,-1,0,0,0,0,0,0,0,0
2,1,22,15,0,0,0,0,39287537000,39287639000,-1,0,0,0,0,0,0,0,0
1,2,22,7,1076651027,2829312,0,0,39287646000,39287827000,-1,0,0,0,41943520,0,0,1280,3064438784
1,2,22,7,25602,0,0,0,39287828000,39287831000,-1,0,0,0,0,0,0,0,0
1,2,22,7,25607,0,0,0,39287833000,39301964000,-1,0,0,0,0,0,0,0,0
0,1,22,15,2,0,15,0,39301981000,39302128000,-1,0,0,0,0,0,0,0,0
1,1,22,15,20483,0,0,0,39302131000,39302139000,-1,0,0,0,0,0,0,0,0
1,1,22,15,1088704512,3066196212,0,0,39302140000,39302146000,-1,3066200064,3065053184,0,16777440,41943520,0,1,0
1,1,22,15,2147766273,0,0,0,39302147000,39302235000,-1,0,0,0,0,0,0,0,0
1,1,22,15,2147766276,3000,0,0,39302236000,39304101000,-1,0,0,0,0,0,0,0,0
1,1,22,15,2147766277,3064434148,0,0,39304104000,39304107000,6,0,0,0,0,0,0,0,0
1,1,22,15,20483,0,0,0,39304108000,39304110000,-1,0,0,0,0,0,0,0,0
2,1,22,15,0,0,0,0,39304112000,39304196000,-1,0,0,0,0,0,0,0,0
1,2,22,7,1076651027,2829356,0,0,39304205000,39304383000,-1,0,0,0,41943520,0,0,1280,3065053184
1,2,22,7,25602,0,0,0,39304385000,39304387000,-1,0,0,0,0,0,0,0,0
1,2,22,7,25607,0,0,0,39304389000,39318620000,-1,0,0,0,0,0,0,0,0
0,1,22,15,2,0,15,0,39318637000,39318783000,-1,0,0,0,0,0,0,0,0
1,1,22,15,20483,0,0,0,39318787000,39318795000,-1,0,0,0,0,0,0,0,0
1,1,22,15,1088704512,3066196212,0,0,39318797000,39318802000,-1,3066200064,3064438784,0,16777440,41943520,0,1,0
1,1,22,15,2147766273,0,0,0,39318803000,39318889000,-1,0,0,0,0,0,0,0,0
1,1,22,15,2147766276,3000,0,0,39318891000,39320758000,-1,0,0,0,0,0,0,0,0
1,1,22,15,2147766277,3064434148,0,0,39320761000,39320764000,6,0,0,0,0,0,0,0,0
1,1,22,15,20483,0,0,0,39320766000,39320769000,-1,0,0,0,0,0,0,0,0
2,1,22,15,0,0,0,0,39320771000,39320859000,-1,0,0,0,0,0,0,0,0
1,2,22,7,1076651027,2829312,0,0,39320867000,39321048000,-1,0,0,0,41943520,0,0,1280,3064438784
1,2,22,7,25602,0,0,0,39321050000,39321053000,-1,0,0,0,0,0,0,0,0
1,2,22,7,25607,0,0,0,39321054000,39335278000,-1,0,0,0,0,0,0,0,0
0,1,22,15,2,0,15,0,39335298000,39335436000,-1,0,0,0,0,0,0,0,0
1,1,22,15,20483,0,0,0,39335440000,39335448000,-1,0,0,0,0,0,0,0,0
1,1,22,15,1088704512,3066196212,0,0,39335450000,39335456000,-1,3066200064,3065053184,0,16777440,41943520,0,1,0
1,1,22,15,2147766273,0,0,0,39335457000,39335544000,-1,0,0,0,0,0,0,0,0
1,1,22,15,2147766276,3000,0,0,39335545000,39337412000,-1,0,0,0,0,0,0,0,0
1,1,22,15,2147766277,3064434148,0,0,39337415000,39337418000,6,0,0,0,0,0,0,0,0
1,1,22,15,20483,0,0,0,39337419000,39337422000,-1,0,0,0,0,0,0,0,0
2,1,22,15,0,0,0,0,39337423000,39337506000,-1,0,0,0,0,0,0,0,0
1,2,22,7,1076651027,2829356,0,0,39337514000,39337691000,-1,0,0,0,41943520,0,0,1280,3065053184
1,2,22,7,25602,0,0,0,39337693000,39337695000,-1,0,0,0,0,0,0,0,0
1,2,22,7,25607,0,0,0,39337697000,39351927000,-1,0,0,0,0,0,0,0,0
0,1,22,15,2,0,15,0,39355027000,39355186000,-1,0,0,0,0,0,0,0,0
1,1,22,15,20483,0,0,0,39355192000,39355201000,-1,0,0,0,0,0,0,0,0
1,1,22,15,1088704512,3066196212,0,0,39355203000,39355210000,-1,3066200064,3064438784,0,16777440,41943520,0,1,0
1,1,22,15,2147766273,0,0,0,39355211000,39355303000,-1,0,0,0,0,0,0,0,0
1,1,22,15,2147766276,3000,0,0,39355305000,39357182000,-1,0,0,0,0,0,0,0,0
1,1,22,15,2147766277,3064434148,0,0,39357220000,39357224000,6,0,0,0,0,0,0,0,0
1,1,22,15,20483,0,0,0,39357225000,39357229000,-1,0,0,0,0,0,0,0,0
2,1,22,15,0,0,0,0,39357230000,39357329000,-1,0,0,0,0,0,0,0,0
1,2,22,7,1076651027,2829312,0,0,39357337000,39357518000,-1,0,0,0,41943520,0,0,1280,3064438784
1,2,22,7,25602,0,0,0,39357519000,39357523000,-1,0,0,0,0,0,0,0,0
1,2,22,7,25607,0,0,0,39357524000,39368582000,-1,0,0,0,0,0,0,0,0
0,1,22,15,2,0,15,0,39371188000,39371349000,-1,0,0,0,0,0,0,0,0
1,1,22,15,20483,0,0,0,39371355000,39371365000,-1,0,0,0,0,0,0,0,0
1,1,22,15,1088704512,3066196212,0,0,39371368000,39371374000,-1,3066200064,3065053184,0,16777440,41943520,0,1,0
1,1,22,15,2147766273,0,0,0,39371376000,39371468000,-1,0,0,0,0,0,0,0,0
1,1,22,15,2147766276,3000,0,0,39371470000,39373351000,-1,0,0,0,0,0,0,0,0
1,1,22,15,2147766277,3064434148,0,0,39373355000,39373358000,6,0,0,0,0,0,0,0,0
1,1,22,15,20483,0,0,0,39373359000,39373362000,-1,0,0,0,0,0,0,0,0
2,1,22,15,0,0,0,0,39373364000,39373459000,-1,0,0,0,0,0,0,0,0
1,2,22,7,1076651027,2829356,0,0,39373467000,39373647000,-1,0,0,0,41943520,0,0,1280,3065053184
1,2,22,7,25602,0,0,0,39373648000,39373651000,-1,0,0,0,0,0,0,0,0
1,2,22,7,25607,0,0,0,39373653000,39385242000,-1,0,0,0,0,0,0,0,0
0,1,22,15,2,0,15,0,39403051000,39403213000,-1,0,0,0,0,0,0,0,0
1,1,22,15,20483,0,0,0,39403218000,39403229000,-1,0,0,0,0,0,0,0,0
1,1,22,15,1088704512,3066196212,0,0,39403231000,39403239000,-1,3066200064,3064438784,0,16777440,41943520,0,1,0
1,1,22,15,2147766273,0,0,0,39403240000,39403334000,-1,0,0,0,0,0,0,0,0
1,1,22,15,2147766276,3000,0,0,39403336000,39405209000,-1,0,0,0,0,0,0,0,0
1,1,22,15,2147766277,3064434148,0,0,39405212000,39405215000,6,0,0,0,0,0,0,0,0
1,1,22,15,20483,0,0,0,39405216000,39405219000,-1,0,0,0,0,0,0,0,0
2,1,22,15,0,0,0,0,39405221000,39405310000,-1,0,0,0,0,0,0,0,0
1,2,22,7,1076651027,2829312,0,0,39405317000,39405496000,-1,0,0,0,41943520,0,0,1280,3064438784
1,2,22,7,25602,0,0,0,39405497000,39405501000,-1,0,0,0,0,0,0,0,0
1,2,22,7,25607,0,0,0,39405502000,39418586000,-1,0,0,0,0,0,0,0,0
0,1,22,15,2,0,15,0,39418606000,39418747000,-1,0,0,0,0,0,0,0,0
1,1,22,15,20483,0,0,0,39418751000,39418758000,-1,0,0,0,0,0,0,0,0
1,1,22,15,1088704512,3066196212,0,0,39418760000,39418766000,-1,3066200064,3065053184,0,16777440,41943520,0,1,0
1,1,22,15,2147766273,0,0,0,39418768000,39418853000,-1,0,0,0,0,0,0,0,0
1,1,22,15,2147766276,3000,0,0,39418855000,39420720000,-1,0,0,0,0,0,0,0,0
1,1,22,15,2147766277,3064434148,0,0,39420723000,39420727000,6,0,0,0,0,0,0,0,0
1,1,22,15,20483,0,0,0,39420729000,39420731000,-1,0,0,0,0,0,0,0,0
2,1,22,15,0,0,0,0,39420734000,39420820000,-1,0,0,0,0,0,0,0,0
1,2,22,7,1076651027,2829356,0,0,39420829000,39421008000,-1,0,0,0,41943520,0,0,1280,3065053184
1,2,22,7,25602,0,0,0,39421009000,39421012000,-1,0,0,0,0,0,0,0,0
1,2,22,7,25607,0,0,0,39421014000,39435236000,-1,0,0,0,0,0,0,0,0
0,1,22,15,2,0,15,0,39435254000,39435402000,-1,0,0,0,0,0,0,0,0
1,1,22,15,20483,0,0,0,39435407000,39435415000,-1,0,0,0,0,0,0,0,0
1,1,22,15,1088704512,3066196212,0,0,39435417000,39435422000,-1,3066200064,3064438784,0,16777440,41943520,0,1,0
1,1,22,15,2147766273,0,0,0,39435423000,39435514000,-1,0,0,0,0,0,0,0,0
1,1,22,15,2147766276,3000,0,0,39435517000,39437388000,-1,0,0,0,0,0,0,0,0
1,1,22,15,2147766277,3064434148,0,0,39437391000,39437394000,6,0,0,0,0,0,0,0,0
1,1,22,15,20483,0,0,0,39437395000,39437397000,-1,0,0,0,0,0,0,0,0
2,1,22,15,0,0,0,0,39437399000,39437484000,-1,0,0,0,0,0,0,0,0
1,2,22,7,1076651027,2829312,0,0,39437529000,39437737000,-1,0,0,0,41943520,0,0,1280,3064438784
1,2,22,7,25602,0,0,0,39437739000,39437743000,-1,0,0,0,0,0,0,0,0
1,2,22,7,25607,0,0,0,39437744000,39451879000,-1,0,0,0,0,0,0,0,0
0,1,22,15,2,0,15,0,39451897000,39452044000,-1,0,0,0,0,0,0,0,0
1,1,22,15,20483,0,0,0,39452047000,39452054000,-1,0,0,0,0,0,0,0,0
1,1,22,15,1088704512,3066196212,0,0,39452056000,39452062000,-1,3066200064,3065053184,0,16777440,41943520,0,1,0
1,1,22,15,2147766273,0,0,0,39452064000,39452155000,-1,0,0,0,0,0,0,0,0
1,1,22,15,2147766276,3000,0,0,39452157000,39454025000,-1,0,0,0,0,0,0,0,0
1,1,22,15,2147766277,3064434148,0,0,39454027000,39454030000,6,0,0,0,0,0,0,0,0
1,1,22,15,20483,0,0,0,39454031000,39454033000,-1,0,0,0,0,0,0,0,0
2,1,22,15,0,0,0,0,39454035000,39454123000,-1,0,0,0,0,0,0,0,0
1,2,22,7,1076651027,2829356,0,0,39454130000,39454309000,-1,0,0,0,41943520,0,0,1280,3065053184
1,2,22,7,25602,0,0,0,39454311000,39454314000,-1,0,0,0,0,0,0,0,0
1,2,22,7,25607,0,0,0,39454315000,39468533000,-1,0,0,0,0,0,0,0,0
0,1,22,15,2,0,15,0,39468549000,39468697000,-1,0,0,0,0,0,0,0,0
1,1,22,15,20483,0,0,0,39468700000,39468708000,-1,0,0,0,0,0,0,0,0
1,1,22,15,1088704512,3066196212,0,0,39468710000,39468715000,-1,3066200064,3064438784,0,16777440,41943520,0,1,0
1,1,22,15,2147766273,0,0,0,39468717000,39468805000,-1,0,0,0,0,0,0,0,0
1,1,22,15,2147766276,3000,0,0,39468807000,39470669000,-1,0,0,0,0,0,0,0,0
1,1,22,15,2147766277,3064434148,0,0,39470673000,39470677000,6,0,0,0,0,0,0,0,0
1,1,22,15,20483,0,0,0,39470678000,39470681000,-1,0,0,0,0,0,0,0,0
2,1,22,15,0,0,0,0,39470683000,39470780000,-1,0,0,0,0,0,0,0,0
1,2,22,7,1076651027,2829312,0,0,39470790000,39470968000,-1,0,0,0,41943520,0,0,1280,3064438784
1,2,22,7,25602,0,0,0,39470970000,39470973000,-1,0,0,0,0,0,0,0,0
1,2,22,7,25607,0,0,0,39470974000,39485193000,-1,0,0,0,0,0,0,0,0
0,1,22,15,2,0,15,0,39485211000,39485354000,-1,0,0,0,0,0,0,0,0
1,1,22,15,20483,0,0,0,39485358000,39485366000,-1,0,0,0,0,0,0,0,0
1,1,22,15,1088704512,3066196212,0,0,39485368000,39485373000,-1,3066200064,3065053184,0,16777440,41943520,0,1,0
1,1,22,15,2147766273,0,0,0,39485375000,39485463000,-1,0,0,0,0,0,0,0,0
1,1,22,15,2147766276,3000,0,0,39485464000,39487324000,-1,0,0,0,0,0,0,0,0
1,1,22,15,2147766277,3064434148,0,0,39487327000,39487331000,6,0,0,0,0,0,0,0,0
1,1,22,15,20483,0,0,0,39487332000,39487335000,-1,0,0,0,0,0,0,0,0
2,1,22,15,0,0,0,0,39487337000,39487420000,-1,0,0,0,0,0,0,0,0
1,2,22,7,1076651027,2829356,0,0,39487427000,39487606000,-1,0,0,0,41943520,0,0,1280,3065053184
1,2,22,7,25602,0,0,0,39487608000,39487611000,-1,0,0,0,0,0,0,0,0
1,2,22,7,25607,0,0,0,39487612000,39501847000,-1,0,0,0,0,0,0,0,0
0,1,22,15,2,0,15,0,39501865000,39502013000,-1,0,0,0,0,0,0,0,0
1,1,22,15,20483,0,0,0,39502017000,39502025000,-1,0,0,0,0,0,0,0,0
1,1,22,15,1088704512,3066196212,0,0,39502027000,39502032000,-1,3066200064,3064438784,0,16777440,41943520,0,1,0
1,1,22,15,2147766273,0,0,0,39502034000,39502123000,-1,0,0,0,0,0,0,0,0
1,1,22,15,2147766276,3000,0,0,39502124000,39503988000,-1,0,0,0,0,0,0,0,0
1,1,22,15,2147766277,3064434148,0,0,39503990000,39503993000,6,0,0,0,0,0,0,0,0
1,1,22,15,20483,0,0,0,39503995000,39503997000,-1,0,0,0,0,0,0,0,0
2,1,22,15,0,0,0,0,39503999000,39504081000,-1,0,0,0,0,0,0,0,0
1,2,22,7,1076651027,2829312,0,0,39504088000,39504266000,-1,0,0,0,41943520,0,0,1280,3064438784
1,2,22,7,25602,0,0,0,39504268000,39504271000,-1,0,0,0,0,0,0,0,0
1,2,22,7,25607,0,0,0,39504272000,39518504000,-1,0,0,0,0,0,0,0,0
0,1,22,15,2,0,15,0,39518553000,39518699000,-1,0,0,0,0,0,0,0,0
1,1,22,15,20483,0,0,0,39518703000,39518711000,-1,0,0,0,0,0,0,0,0
1,1,22,15,1088704512,3066196212,0,0,39518714000,39518719000,-1,3066200064,3065053184,0,16777440,41943520,0,1,0
1,1,22,15,2147766273,0,0,0,39518721000,39518804000,-1,0,0,0,0,0,0,0,0
1,1,22,15,2147766276,3000,0,0,39518806000,39520666000,-1,0,0,0,0,0,0,0,0
1,1,22,15,2147766277,3064434148,0,0,39520669000,39520673000,6,0,0,0,0,0,0,0,0
1,1,22,15,20483,0,0,0,39520674000,39520677000,-1,0,0,0,0,0,0,0,0
2,1,22,15,0,0,0,0,39520678000,39520771000,-1,0,0,0,0,0,0,0,0
1,2,22,7,1076651027,2829356,0,0,39520780000,39520959000,-1,0,0,0,41943520,0,0,1280,3065053184
1,2,22,7,25602,0,0,0,39520961000,39520964000,-1,0,0,0,0,0,0,0,0
1,2,22,7,25607,0,0,0,39520965000,39535162000,-1,0,0,0,0,0,0,0,0
0,1,22,15,2,0,15,0,39535179000,39535321000,-1,0,0,0,0,0,0,0,0
1,1,22,15,20483,0,0,0,39535325000,39535332000,-1,0,0,0,0,0,0,0,0
1,1,22,15,1088704512,3066196212,0,0,39535334000,39535339000,-1,3066200064,3064438784,0,16777440,41943520,0,1,0
1,1,22,15,2147766273,0,0,0,39535340000,39535430000,-1,0,0,0,0,0,0,0,0
1,1,22,15,2147766276,3000,0,0,39535432000,39537296000,-1,0,0,0,0,0,0,0,0
1,1,22,15,2147766277,3064434148,0,0,39537299000,39537301000,6,0,0,0,0,0,0,0,0
1,1,22,15,20483,0,0,0,39537303000,39537305000,-1,0,0,0,0,0,0,0,0
2,1,22,15,0,0,0,0,39537307000,39537390000,-1,0,0,0,0,0,0,0,0
1,2,22,7,1076651027,2829312,0,0,39537398000,39537576000,-1,0,0,0,41943520,0,0,1280,3064438784
1,2,22,7,25602,0,0,0,39537578000,39537581000,-1,0,0,0,0,0,0,0,0
1,2,22,7,25607,0,0,0,39537582000,39551817000,-1,0,0,0,0,0,0,0,0
0,1,22,15,2,0,15,0,39551835000,39551984000,-1,0,0,0,0,0,0,0,0
1,1,22,15,20483,0,0,0,39551988000,39551997000,-1,0,0,0,0,0,0,0,0
1,1,22,15,1088704512,3066196212,0,0,39551999000,39552005000,-1,3066200064,3065053184,0,16777440,41943520,0,1,0
1,1,22,15,2147766273,0,0,0,39552006000,39552096000,-1,0,0,0,0,0,0,0,0
1,1,22,15,2147766276,3000,0,0,39552098000,39553966000,-1,0,0,0,0,0,0,0,0
1,1,22,15,2147766277,3064434148,0,0,39553968000,39553971000,6,0,0,0,0,0,0,0,0
1,1,22,15,20483,0,0,0,39553972000,39553974000,-1,0,0,0,0,0,0,0,0
2,1,22,15,0,0,0,0,39553977000,39554057000,-1,0,0,0,0,0,0,0,0
1,2,22,7,1076651027,2829356,0,0,39554066000,39554244000,-1,0,0,0,41943520,0,0,1280,3065053184
1,2,22,7,25602,0,0,0,39554245000,39554248000,-1,0,0,0,0,0,0,0,0
1,2,22,7,25607,0,0,0,39554249000,39568476000,-1,0,0,0,0,0,0,0,0
0,1,22,15,2,0,15,0,39568493000,39568639000,-1,0,0,0,0,0,0,0,0
1,1,22,15,20483,0,0,0,39568643000,39568651000,-1,0,0,0,0,0,0,0,0
1,1,22,15,1088704512,3066196212,0,0,39568653000,39568659000,-1,3066200064,3064438784,0,16777440,41943520,0,1,0
1,1,22,15,2147766273,0,0,0,39568661000,39568747000,-1,0,0,0,0,0,0,0,0
1,1,22,15,2147766276,3000,0,0,39568749000,39570614000,-1,0,0,0,0,0,0,0,0
1,1,22,15,2147766277,3064434148,0,0,39570617000,39570621000,6,0,0,0,0,0,0,0,0
1,1,22,15,20483,0,0,0,39570622000,39570625000,-1,0,0,0,0,0,0,0,0
2,1,22,15,0,0,0,0,39570627000,39570716000,-1,0,0,0,0,0,0,0,0
1,2,22,7,1076651027,2829312,0,0,39570725000,39570904000,-1,0,0,0,41943520,0,0,1280,3064438784
1,2,22,7,25602,0,0,0,39570906000,39570909000,-1,0,0,0,0,0,0,0,0
1,2,22,7,25607,0,0,0,39570910000,39585132000,-1,0,0,0,0,0,0,0,0
0,1,22,15,2,0,15,0,39585149000,39585294000,-1,0,0,0,0,0,0,0,0
1,1,22,15,20483,0,0,0,39585297000,39585304000,-1,0,0,0,0,0,0,0,0
1,1,22,15,1088704512,3066196212,0,0,39585341000,39585347000,-1,3066200064,3065053184,0,16777440,41943520,0,1,0
1,1,22,15,2147766273,0,0,0,39585349000,39585442000,-1,0,0,0,0,0,0,0,0
1,1,22,15,2147766276,3000,0,0,39585444000,39587311000,-1,0,0,0,0,0,0,0,0
1,1,22,15,2147766277,3064434148,0,0,39587313000,39587316000,6,0,0,0,0,0,0,0,0
1,1,22,15,20483,0,0,0,39587318000,39587321000,-1,0,0,0,0,0,0,0,0
2,1,22,15,0,0,0,0,39587323000,39587405000,-1,0,0,0,0,0,0,0,0
1,2,22,7,1076651027,2829356,0,0,39587412000,39587591000,-1,0,0,0,41943520,0,0,1280,3065053184
1,2,22,7,25602,0,0,0,39587592000,39587595000,-1,0,0,0,0,0,0,0,0
1,2,22,7,25607,0,0,0,39587596000,39601790000,-1,0,0,0,0,0,0,0,0
0,1,22,15,2,0,15,0,39601808000,39601951000,-1,0,0,0,0,0,0,0,0
1,1,22,15,20483,0,0,0,39601955000,39601962000,-1,0,0,0,0,0,0,0,0
1,1,22,15,1088704512,3066196212,0,0,39601964000,39601970000,-1,3066200064,3064438784,0,16777440,41943520,0,1,0
1,1,22,15,2147766273,0,0,0,39601971000,39602056000,-1,0,0,0,0,0,0,0,0
1,1,22,15,2147766276,3000,0,0,39602058000,39603921000,-1,0,0,0,0,0,0,0,0
1,1,22,15,2147766277,3064434148,0,0,39603924000,39603927000,6,0,0,0,0,0,0,0,0
1,1,22,15,20483,0,0,0,39603928000,39603930000,-1,0,0,0,0,0,0,0,0
2,1,22,15,0,0,0,0,39603932000,39604017000,-1,0,0,0,0,0,0,0,0
1,2,22,7,1076651027,2829312,0,0,39604025000,39604203000,-1,0,0,0,41943520,0,0,1280,3064438784
1,2,22,7,25602,0,0,0,39604205000,39604208000,-1,0,0,0,0,0,0,0,0
1,2,22,7,25607,0,0,0,39604209000,39618446000,-1,0,0,0,0,0,0,0,0
0,1,22,15,2,0,15,0,39618463000,39618608000,-1,0,0,0,0,0,0,0,0
1,1,22,15,20483,0,0,0,39618612000,39618619000,-1,0,0,0,0,0,0,0,0
1,1,22,15,1088704512,3066196212,0,0,39618621000,39618626000,-1,3066200064,3065053184,0,16777440,41943520,0,1,0
1,1,22,15,2147766273,0,0,0,39618628000,39618713000,-1,0,0,0,0,0,0,0,0
1,1,22,15,2147766276,3000,0,0,39618715000,39620582000,-1,0,0,0,0,0,0,0,0
1,1,22,15,2147766277,3064434148,0,0,39620585000,39620588000,6,0,0,0,0,0,0,0,0
1,1,22,15,20483,0,0,0,39620590000,39620593000,-1,0,0,0,0,0,0,0,0
2,1,22,15,0,0,0,0,39620595000,39620681000,-1,0,0,0,0,0,0,0,0
1,2,22,7,1076651027,2829356,0,0,39620689000,39620868000,-1,0,0,0,41943520,0,0,1280,3065053184
1,2,22,7,25602,0,0,0,39620869000,39620872000,-1,0,0,0,0,0,0,0,0
1,2,22,7,25607,0,0,0,39620873000,39635109000,-1,0,0,0,0,0,0,0,0
0,1,22,15,2,0,15,0,39635127000,39635271000,-1,0,0,0,0,0,0,0,0
1,1,22,15,20483,0,0,0,39635275000,39635282000,-1,0,0,0,0,0,0,0,0
1,1,22,15,1088704512,3066196212,0,0,39635284000,39635290000,-1,3066200064,3064438784,0,16777440,41943520,0,1,0
1,1,22,15,2147766273,0,0,0,39635292000,39635379000,-1,0,0,0,0,0,0,0,0
1,1,22,15,2147766276,3000,0,0,39635381000,39637255000,-1,0,0,0,0,0,0,0,0
1,1,22,15,2147766277,3064434148,0,0,39637257000,39637260000,6,0,0,0,0,0,0,0,0
1,1,22,15,20483,0,0,0,39637261000,39637264000,-1,0,0,0,0,0,0,0,0
2,1,22,15,0,0,0,0,39637266000,39637351000,-1,0,0,0,0,0,0,0,0
1,2,22,7,1076651027,2829312,0,0,39637359000,39637538000,-1,0,0,0,41943520,0,0,1280,3064438784
1,2,22,7,25602,0,0,0,39637539000,39637542000,-1,0,0,0,0,0,0,0,0
1,2,22,7,25607,0,0,0,39637543000,39651765000,-1,0,0,0,0,0,0,0,0
0,1,22,15,2,0,15,0,39651781000,39651928000,-1,0,0,0,0,0,0,0,0
1,1,22,15,20483,0,0,0,39651931000,39651939000,-1,0,0,0,0,0,0,0,0
1,1,22,15,1088704512,3066196212,0,0,39651940000,39651946000,-1,3066200064,3065053184,0,16777440,41943520,0,1,0
1,1,22,15,2147766273,0,0,0,39651947000,39652033000,-1,0,0,0,0,0,0,0,0
1,1,22,15,2147766276,3000,0,0,39652034000,39653897000,-1,0,0,0,0,0,0,0,0
1,1,22,15,2147766277,3064434148,0,0,39653933000,39653938000,6,0,0,0,0,0,0,0,0
1,1,22,15,20483,0,0,0,39653940000,39653944000,-1,0,0,0,0,0,0,0,0
2,1,22,15,0,0,0,0,39653946000,39654040000,-1,0,0,0,0,0,0,0,0
1,2,22,7,1076651027,2829356,0,0,39654048000,39654229000,-1,0,0,0,41943520,0,0,1280,3065053184
1,2,22,7,25602,0,0,0,39654230000,39654233000,-1,0,0,0,0,0,0,0,0
1,2,22,7,25607,0,0,0,39654234000,39668419000,-1,0,0,0,0,0,0,0,0
0,1,22,15,2,0,15,0,39668434000,39668581000,-1,0,0,0,0,0,0,0,0
1,1,22,15,20483,0,0,0,39668586000,39668595000,-1,0,0,0,0,0,0,0,0
1,1,22,15,1088704512,3066196212,0,0,39668597000,39668602000,-1,3066200064,3064438784,0,16777440,41943520,0,1,0
1,1,22,15,2147766273,0,0,0,39668604000,39668693000,-1,0,0,0,0,0,0,0,0
1,1,22,15,2147766276,3000,0,0,39668696000,39670556000,-1,0,0,0,0,0,0,0,0
1,1,22,15,2147766277,3064434148,0,0,39670560000,39670564000,6,0,0,0,0,0,0,0,0
1,1,22,15,20483,0,0,0,39670565000,39670568000,-1,0,0,0,0,0,0,0,0
2,1,22,15,0,0,0,0,39670570000,39670666000,-1,0,0,0,0,0,0,0,0
1,2,22,7,1076651027,2829312,0,0,39670674000,39670854000,-1,0,0,0,41943520,0,0,1280,3064438784
1,2,22,7,25602,0,0,0,39670855000,39670859000,-1,0,0,0,0,0,0,0,0
1,2,22,7,25607,0,0,0,39670860000,39685076000,-1,0,0,0,0,0,0,0,0
0,1,22,15,2,0,15,0,39685092000,39685235000,-1,0,0,0,0,0,0,0,0
1,1,22,15,20483,0,0,0,39685239000,39685245000,-1,0,0,0,0,0,0,0,0
1,1,22,15,1088704512,3066196212,0,0,39685247000,39685252000,-1,3066200064,3065053184,0,16777440,41943520,0,1,0
1,1,22,15,2147766273,0,0,0,39685254000,39685338000,-1,0,0,0,0,0,0,0,0
1,1,22,15,2147766276,3000,0,0,39685340000,39687202000,-1,0,0,0,0,0,0,0,0
1,1,22,15,2147766277,3064434148,0,0,39687205000,39687209000,6,0,0,0,0,0,0,0,0
1,1,22,15,20483,0,0,0,39687210000,39687212000,-1,0,0,0,0,0,0,0,0
2,1,22,15,0,0,0,0,39687215000,39687299000,-1,0,0,0,0,0,0,0,0
1,2,22,7,1076651027,2829356,0,0,39687307000,39687488000,-1,0,0,0,41943520,0,0,1280,3065053184
1,2,22,7,25602,0,0,0,39687489000,39687492000,-1,0,0,0,0,0,0,0,0
1,2,22,7,25607,0,0,0,39687494000,39701735000,-1,0,0,0,0,0,0,0,0
0,1,22,15,2,0,15,0,39701752000,39701895000,-1,0,0,0,0,0,0,0,0
1,1,22,15,20483,0,0,0,39701899000,39701907000,-1,0,0,0,0,0,0,0,0
1,1,22,15,1088704512,3066196212,0,0,39701908000,39701915000,-1,3066200064,3064438784,0,16777440,41943520,0,1,0
1,1,22,15,2147766273,0,0,0,39701916000,39702006000,-1,0,0,0,0,0,0,0,0
1,1,22,15,2147766276,3000,0,0,39702007000,39703872000,-1,0,0,0,0,0,0,0,0
1,1,22,15,2147766277,3064434148,0,0,39703874000,39703877000,6,0,0,0,0,0,0,0,0
1,1,22,15,20483,0,0,0,39703878000,39703880000,-1,0,0,0,0,0,0,0,0
2,1,22,15,0,0,0,0,39703882000,39703964000,-1,0,0,0,0,0,0,0,0
1,2,22,7,1076651027,2829312,0,0,39703972000,39704152000,-1,0,0,0,41943520,0,0,1280,3064438784
1,2,22,7,25602,0,0,0,39704154000,39704157000,-1,0,0,0,0,0,0,0,0
1,2,22,7,25607,0,0,0,39704158000,39718388000,-1,0,0,0,0,0,0,0,0
0,1,22,15,2,0,15,0,39718404000,39718545000,-1,0,0,0,0,0,0,0,0
1,1,22,15,20483,0,0,0,39718548000,39718555000,-1,0,0,0,0,0,0,0,0
1,1,22,15,1088704512,3066196212,0,0,39718557000,39718562000,-1,3066200064,3065053184,0,16777440,41943520,0,1,0
1,1,22,15,2147766273,0,0,0,39718563000,39718648000,-1,0,0,0,0,0,0,0,0
1,1,22,15,2147766276,3000,0,0,39718650000,39721762000,-1,0,0,0,0,0,0,0,0
1,1,22,15,2147766277,3064434148,0,0,39721768000,39721772000,6,0,0,0,0,0,0,0,0
1,1,22,15,20483,0,0,0,39721773000,39721776000,-1,0,0,0,0,0,0,0,0
2,1,22,15,0,0,0,0,39721808000,39721918000,-1,0,0,0,0,0,0,0,0
1,2,22,7,1076651027,2829356,0,0,39721927000,39722109000,-1,0,0,0,41943520,0,0,1280,3065053184
1,2,22,7,25602,0,0,0,39722111000,39722115000,-1,0,0,0,0,0,0,0,0
1,2,22,7,25607,0,0,0,39722116000,39735045000,-1,0,0,0,0,0,0,0,0
0,1,22,15,2,0,15,0,39735062000,39735211000,-1,0,0,0,0,0,0,0,0
1,1,22,15,20483,0,0,0,39735215000,39735223000,-1,0,0,0,0,0,0,0,0
1,1,22,15,1088704512,3066196212,0,0,39735224000,39735230000,-1,3066200064,3064438784,0,16777440,41943520,0,1,0
1,1,22,15,2147766273,0,0,0,39735231000,39735321000,-1,0,0,0,0,0,0,0,0
1,1,22,15,2147766276,3000,0,0,39735323000,39737187000,-1,0,0,0,0,0,0,0,0
1,1,22,15,2147766277,3064434148,0,0,39737190000,39737193000,6,0,0,0,0,0,0,0,0
1,1,22,15,20483,0,0,0,39737194000,39737196000,-1,0,0,0,0,0,0,0,0
2,1,22,15,0,0,0,0,39737198000,39737282000,-1,0,0,0,0,0,0,0,0
1,2,22,7,1076651027,2829312,0,0,39737289000,39737468000,-1,0,0,0,41943520,0,0,1280,3064438784
1,2,22,7,25602,0,0,0,39737470000,39737473000,-1,0,0,0,0,0,0,0,0
1,2,22,7,25607,0,0,0,39737474000,39751708000,-1,0,0,0,0,0,0,0,0
0,1,22,15,2,0,15,0,39751725000,39751874000,-1,0,0,0,0,0,0,0,0
1,1,22,15,20483,0,0,0,39751877000,39751883000,-1,0,0,0,0,0,0,0,0
1,1,22,15,1088704512,3066196212,0,0,39751885000,39751891000,-1,3066200064,3065053184,0,16777440,41943520,0,1,0
1,1,22,15,2147766273,0,0,0,39751893000,39751984000,-1,0,0,0,0,0,0,0,0
1,1,22,15,2147766276,3000,0,0,39751986000,39753852000,-1,0,0,0,0,0,0,0,0
1,1,22,15,2147766277,3064434148,0,0,39753854000,39753857000,6,0,0,0,0,0,0,0,0
1,1,22,15,20483,0,0,0,39753859000,39753861000,-1,0,0,0,0,0,0,0,0
2,1,22,15,0,0,0,0,39753863000,39753944000,-1,0,0,0,0,0,0,0,0
1,2,22,7,1076651027,2829356,0,0,39753951000,39754130000,-1,0,0,0,41943520,0,0,1280,3065053184
1,2,22,7,25602,0,0,0,39754132000,39754135000,-1,0,0,0,0,0,0,0,0
1,2,22,7,25607,0,0,0,39754136000,39768361000,-1,0,0,0,0,0,0,0,0
0,1,22,15,2,0,15,0,39768377000,39768525000,-1,0,0,0,0,0,0,0,0
1,1,22,15,20483,0,0,0,39768529000,39768537000,-1,0,0,0,0,0,0,0,0
1,1,22,15,1088704512,3066196212,0,0,39768539000,39768545000,-1,3066200064,3064438784,0,16777440,41943520,0,1,0
1,1,22,15,2147766273,0,0,0,39768547000,39768638000,-1,0,0,0,0,0,0,0,0
1,1,22,15,2147766276,3000,0,0,39768639000,39770507000,-1,0,0,0,0,0,0,0,0
1,1,22,15,2147766277,3064434148,0,0,39770510000,39770513000,6,0,0,0,0,0,0,0,0
1,1,22,15,20483,0,0,0,39770514000,39770517000,-1,0,0,0,0,0,0,0,0
2,1,22,15,0,0,0,0,39770519000,39770609000,-1,0,0,0,0,0,0,0,0
1,2,22,7,1076651027,2829312,0,0,39770617000,39770796000,-1,0,0,0,41943520,0,0,1280,3064438784
1,2,22,7,25602,0,0,0,39770797000,39770800000,-1,0,0,0,0,0,0,0,0
1,2,22,7,25607,0,0,0,39770801000,39785020000,-1,0,0,0,0,0,0,0,0
0,1,22,15,2,0,15,0,39785037000,39785183000,-1,0,0,0,0,0,0,0,0
1,1,22,15,20483,0,0,0,39785187000,39785193000,-1,0,0,0,0,0,0,0,0
1,1,22,15,1088704512,3066196212,0,0,39785195000,39785201000,-1,3066200064,3065053184,0,16777440,41943520,0,1,0
1,1,22,15,2147766273,0,0,0,39785202000,39785292000,-1,0,0,0,0,0,0,0,0
1,1,22,15,2147766276,3000,0,0,39785293000,39787161000,-1,0,0,0,0,0,0,0,0
1,1,22,15,2147766277,3064434148,0,0,39787164000,39787166000,6,0,0,0,0,0,0,0,0
1,1,22,15,20483,0,0,0,39787167000,39787170000,-1,0,0,0,0,0,0,0,0
2,1,22,15,0,0,0,0,39787172000,39787255000,-1,0,0,0,0,0,0,0,0
1,2,22,7,1076651027,2829356,0,0,39787263000,39787441000,-1,0,0,0,41943520,0,0,1280,3065053184
1,2,22,7,25602,0,0,0,39787442000,39787445000,-1,0,0,0,0,0,0,0,0
1,2,22,7,25607,0,0,0,39787481000,39801680000,-1,0,0,0,0,0,0,0,0
0,1,22,15,2,0,15,0,39801698000,39801846000,-1,0,0,0,0,0,0,0,0
1,1,22,15,20483,0,0,0,39801850000,39801857000,-1,0,0,0,0,0,0,0,0
1,1,22,15,1088704512,3066196212,0,0,39801859000,39801864000,-1,3066200064,3064438784,0,16777440,41943520,0,1,0
1,1,22,15,2147766273,0,0,0,39801866000,39801955000,-1,0,0,0,0,0,0,0,0
1,1,22,15,2147766276,3000,0,0,39801957000,39803823000,-1,0,0,0,0,0,0,0,0
1,1,22,15,2147766277,3064434148,0,0,39803825000,39803828000,6,0,0,0,0,0,0,0,0
1,1,22,15,20483,0,0,0,39803829000,39803832000,-1,0,0,0,0,0,0,0,0
2,1,22,15,0,0,0,0,39803834000,39803919000,-1,0,0,0,0,0,0,0,0
1,2,22,7,1076651027,2829312,0,0,39803927000,39804106000,-1,0,0,0,41943520,0,0,1280,3064438784
1,2,22,7,25602,0,0,0,39804107000,39804110000,-1,0,0,0,0,0,0,0,0
1,2,22,7,25607,0,0,0,39804112000,39818333000,-1,0,0,0,0,0,0,0,0
0,1,22,15,2,0,15,0,39818349000,39818495000,-1,0,0,0,0,0,0,0,0
1,1,22,15,20483,0,0,0,39818499000,39818507000,-1,0,0,0,0,0,0,0,0
1,1,22,15,1088704512,3066196212,0,0,39818509000,39818515000,-1,3066200064,3065053184,0,16777440,41943520,0,1,0
1,1,22,15,2147766273,0,0,0,39818516000,39818604000,-1,0,0,0,0,0,0,0,0
1,1,22,15,2147766276,3000,0,0,39818606000,39820464000,-1,0,0,0,0,0,0,0,0
1,1,22,15,2147766277,3064434148,0,0,39820468000,39820472000,6,0,0,0,0,0,0,0,0
1,1,22,15,20483,0,0,0,39820473000,39820476000,-1,0,0,0,0,0,0,0,0
2,1,22,15,0,0,0,0,39820478000,39820571000,-1,0,0,0,0,0,0,0,0
1,2,22,7,1076651027,2829356,0,0,39820579000,39820759000,-1,0,0,0,41943520,0,0,1280,3065053184
1,2,22,7,25602,0,0,0,39820760000,39820763000,-1,0,0,0,0,0,0,0,0
1,2,22,7,25607,0,0,0,39820765000,39834992000,-1,0,0,0,0,0,0,0,0
0,1,22,15,2,0,15,0,39835009000,39835154000,-1,0,0,0,0,0,0,0,0
1,1,22,15,20483,0,0,0,39835159000,39835166000,-1,0,0,0,0,0,0,0,0
1,1,22,15,1088704512,3066196212,0,0,39835168000,39835173000,-1,3066200064,3064438784,0,16777440,41943520,0,1,0
1,1,22,15,2147766273,0,0,0,39835175000,39835263000,-1,0,0,0,0,0,0,0,0
1,1,22,15,2147766276,3000,0,0,39835264000,39837128000,-1,0,0,0,0,0,0,0,0
1,1,22,15,2147766277,3064434148,0,0,39837130000,39837133000,6,0,0,0,0,0,0,0,0
1,1,22,15,20483,0,0,0,39837134000,39837137000,-1,0,0,0,0,0,0,0,0
2,1,22,15,0,0,0,0,39837139000,39837222000,-1,0,0,0,0,0,0,0,0
1,2,22,7,1076651027,2829312,0,0,39837230000,39837409000,-1,0,0,0,41943520,0,0,1280,3064438784
1,2,22,7,25602,0,0,0,39837411000,39837414000,-1,0,0,0,0,0,0,0,0
1,2,22,7,25607,0,0,0,39837415000,39851641000,-1,0,0,0,0,0,0,0,0
0,1,22,15,2,0,15,0,39851658000,39851804000,-1,0,0,0,0,0,0,0,0
1,1,22,15,20483,0,0,0,39851808000,39851816000,-1,0,0,0,0,0,0,0,0
1,1,22,15,1088704512,3066196212,0,0,39851819000,39851824000,-1,3066200064,3065053184,0,16777440,41943520,0,1,0
1,1,22,15,2147766273,0,0,0,39851826000,39851913000,-1,0,0,0,0,0,0,0,0
1,1,22,15,2147766276,3000,0,0,39851914000,39853775000,-1,0,0,0,0,0,0,0,0
1,1,22,15,2147766277,3064434148,0,0,39853779000,39853782000,6,0,0,0,0,0,0,0,0
1,1,22,15,20483,0,0,0,39853783000,39853786000,-1,0,0,0,0,0,0,0,0
2,1,22,15,0,0,0,0,39853788000,39853872000,-1,0,0,0,0,0,0,0,0
1,2,22,7,1076651027,2829356,0,0,39853881000,39854060000,-1,0,0,0,41943520,0,0,1280,3065053184
1,2,22,7,25602,0,0,0,39854061000,39854064000,-1,0,0,0,0,0,0,0,0
1,2,22,7,25607,0,0,0,39854065000,39868302000,-1,0,0,0,0,0,0,0,0
0,1,22,15,2,0,15,0,39868319000,39868466000,-1,0,0,0,0,0,0,0,0
1,1,22,15,20483,0,0,0,39868508000,39868516000,-1,0,0,0,0,0,0,0,0
1,1,22,15,1088704512,3066196212,0,0,39868518000,39868524000,-1,3066200064,3064438784,0,16777440,41943520,0,1,0
1,1,22,15,2147766273,0,0,0,39868526000,39868623000,-1,0,0,0,0,0,0,0,0
1,1,22,15,2147766276,3000,0,0,39868624000,39870487000,-1,0,0,0,0,0,0,0,0
1,1,22,15,2147766277,3064434148,0,0,39870490000,39870494000,6,0,0,0,0,0,0,0,0
1,1,22,15,20483,0,0,0,39870495000,39870498000,-1,0,0,0,0,0,0,0,0
2,1,22,15,0,0,0,0,39870500000,39870597000,-1,0,0,0,0,0,0,0,0
1,2,22,7,1076651027,2829312,0,0,39870604000,39870784000,-1,0,0,0,41943520,0,0,1280,3064438784
1,2,22,7,25602,0,0,0,39870785000,39870788000,-1,0,0,0,0,0,0,0,0
1,2,22,7,25607,0,0,0,39870789000,39884955000,-1,0,0,0,0,0,0,0,0
0,1,22,15,2,0,15,0,39884971000,39885114000,-1,0,0,0,0,0,0,0,0
1,1,22,15,20483,0,0,0,39885118000,39885126000,-1,0,0,0,0,0,0,0,0
1,1,22,15,1088704512,3066196212,0,0,39885127000,39885134000,-1,3066200064,3065053184,0,16777440,41943520,0,1,0
1,1,22,15,2147766273,0,0,0,39885135000,39885219000,-1,0,0,0,0,0,0,0,0
1,1,22,15,2147766276,3000,0,0,39885221000,39887081000,-1,0,0,0,0,0,0,0,0
1,1,22,15,2147766277,3064434148,0,0,39887083000,39887087000,6,0,0,0,0,0,0,0,0
1,1,22,15,20483,0,0,0,39887088000,39887091000,-1,0,0,0,0,0,0,0,0
2,1,22,15,0,0,0,0,39887092000,39887176000,-1,0,0,0,0,0,0,0,0
1,2,22,7,1076651027,2829356,0,0,39887184000,39887363000,-1,0,0,0,41943520,0,0,1280,3065053184
1,2,22,7,25602,0,0,0,39887364000,39887367000,-1,0,0,0,0,0,0,0,0
1,2,22,7,25607,0,0,0,39887368000,39901607000,-1,0,0,0,0,0,0,0,0
0,1,22,15,2,0,15,0,39907750000,39907915000,-1,0,0,0,0,0,0,0,0
1,1,22,15,20483,0,0,0,39907921000,39907931000,-1,0,0,0,0,0,0,0,0
1,1,22,15,1088704512,3066196212,0,0,39907933000,39907939000,-1,3066200064,3064438784,0,16777440,41943520,0,1,0
1,1,22,15,2147766273,0,0,0,39907941000,39908041000,-1,0,0,0,0,0,0,0,0
1,1,22,15,2147766276,3000,0,0,39908043000,39909908000,-1,0,0,0,0,0,0,0,0
1,1,22,15,2147766277,3064434148,0,0,39909911000,39909915000,6,0,0,0,0,0,0,0,0
1,1,22,15,20483,0,0,0,39909916000,39909919000,-1,0,0,0,0,0,0,0,0
2,1,22,15,0,0,0,0,39909921000,39910087000,-1,0,0,0,0,0,0,0,0
1,2,22,7,1076651027,2829312,0,0,39910097000,39910279000,-1,0,0,0,41943520,0,0,1280,3064438784
1,2,22,7,25602,0,0,0,39910280000,39910283000,-1,0,0,0,0,0,0,0,0
1,2,22,7,25607,0,0,0,39910285000,39918266000,-1,0,0,0,0,0,0,0,0
0,1,22,15,2,0,15,0,39923632000,39923796000,-1,0,0,0,0,0,0,0,0
1,1,22,15,20483,0,0,0,39923801000,39923812000,-1,0,0,0,0,0,0,0,0
1,1,22,15,1088704512,3066196212,0,0,39923814000,39923820000,-1,3066200064,3065053184,0,16777440,41943520,0,1,0
1,1,22,15,2147766273,0,0,0,39923822000,39923923000,-1,0,0,0,0,0,0,0,0
1,1,22,15,2147766276,3000,0,0,39923925000,39925925000,-1,0,0,0,0,0,0,0,0
1,1,22,15,2147766277,3064434148,0,0,39925928000,39925931000,6,0,0,0,0,0,0,0,0
1,1,22,15,20483,0,0,0,39925932000,39925935000,-1,0,0,0,0,0,0,0,0
2,1,22,15,0,0,0,0,39925937000,39926043000,-1,0,0,0,0,0,0,0,0
1,2,22,7,1076651027,2829356,0,0,39926053000,39926233000,-1,0,0,0,41943520,0,0,1280,3065053184
1,2,22,7,25602,0,0,0,39926234000,39926238000,-1,0,0,0,0,0,0,0,0
1,2,22,7,25607,0,0,0,39926239000,39934928000,-1,0,0,0,0,0,0,0,0
0,1,22,15,2,0,15,0,39947077000,39947251000,-1,0,0,0,0,0,0,0,0
1,1,22,15,20483,0,0,0,39947257000,39947267000,-1,0,0,0,0,0,0,0,0
1,1,22,15,1088704512,3066196212,0,0,39947269000,39947275000,-1,3066200064,3064438784,0,16777440,41943520,0,1,0
1,1,22,15,2147766273,0,0,0,39947277000,39947383000,-1,0,0,0,0,0,0,0,0
1,1,22,15,2147766276,3000,0,0,39947430000,39949274000,-1,0,0,0,0,0,0,0,0
1,1,22,15,2147766277,3064434148,0,0,39949278000,39949282000,6,0,0,0,0,0,0,0,0
1,1,22,15,20483,0,0,0,39949283000,39949286000,-1,0,0,0,0,0,0,0,0
2,1,22,15,0,0,0,0,39949288000,39949385000,-1,0,0,0,0,0,0,0,0
1,2,22,7,1076651027,2829312,0,0,39949393000,39949574000,-1,0,0,0,41943520,0,0,1280,3064438784
1,2,22,7,25602,0,0,0,39949576000,39949579000,-1,0,0,0,0,0,0,0,0
1,2,22,7,25607,0,0,0,39949580000,39951584000,-1,0,0,0,0,0,0,0,0
0,1,22,15,2,0,15,0,39963054000,39963205000,-1,0,0,0,0,0,0,0,0
1,1,22,15,20483,0,0,0,39963211000,39963221000,-1,0,0,0,0,0,0,0,0
1,1,22,15,1088704512,3066196212,0,0,39963223000,39963229000,-1,3066200064,3065053184,0,16777440,41943520,0,1,0
1,1,22,15,2147766273,0,0,0,39963231000,39963322000,-1,0,0,0,0,0,0,0,0
1,1,22,15,2147766276,3000,0,0,39963324000,39965201000,-1,0,0,0,0,0,0,0,0
1,1,22,15,2147766277,3064434148,0,0,39965204000,39965208000,6,0,0,0,0,0,0,0,0
1,1,22,15,20483,0,0,0,39965209000,39965212000,-1,0,0,0,0,0,0,0,0
2,1,22,15,0,0,0,0,39965214000,39965308000,-1,0,0,0,0,0,0,0,0
1,2,22,7,1076651027,2829356,0,0,39965316000,39965496000,-1,0,0,0,41943520,0,0,1280,3065053184
1,2,22,7,25602,0,0,0,39965498000,39965501000,-1,0,0,0,0,0,0,0,0
1,2,22,7,25607,0,0,0,39965503000,39968240000,-1,0,0,0,0,0,0,0,0
0,1,22,15,2,0,15,0,39979074000,39979232000,-1,0,0,0,0,0,0,0,0
1,1,22,15,20483,0,0,0,39979239000,39979249000,-1,0,0,0,0,0,0,0,0
1,1,22,15,1088704512,3066196212,0,0,39979250000,39979256000,-1,3066200064,3064438784,0,16777440,41943520,0,1,0
1,1,22,15,2147766273,0,0,0,39979258000,39979352000,-1,0,0,0,0,0,0,0,0
1,1,22,15,2147766276,3000,0,0,39979354000,39981250000,-1,0,0,0,0,0,0,0,0
1,1,22,15,2147766277,3064434148,0,0,39981254000,39981258000,6,0,0,0,0,0,0,0,0
1,1,22,15,20483,0,0,0,39981259000,39981263000,-1,0,0,0,0,0,0,0,0
2,1,22,15,0,0,0,0,39981265000,39981366000,-1,0,0,0,0,0,0,0,0
1,2,22,7,1076651027,2829312,0,0,39981373000,39981553000,-1,0,0,0,41943520,0,0,1280,3064438784
1,2,22,7,25602,0,0,0,39981555000,39981558000,-1,0,0,0,0,0,0,0,0
1,2,22,7,25607,0,0,0,39981559000,39984897000,-1,0,0,0,0,0,0,0,0
0,1,22,15,2,0,15,0,39995014000,39995170000,-1,0,0,0,0,0,0,0,0
1,1,22,15,20483,0,0,0,39995175000,39995185000,-1,0,0,0,0,0,0,0,0
1,1,22,15,1088704512,3066196212,0,0,39995187000,39995193000,-1,3066200064,3065053184,0,16777440,41943520,0,1,0
1,1,22,15,2147766273,0,0,0,39995194000,39995284000,-1,0,0,0,0,0,0,0,0
1,1,22,15,2147766276,3000,0,0,39995286000,39997163000,-1,0,0,0,0,0,0,0,0
1,1,22,15,2147766277,3064434148,0,0,39997167000,39997170000,6,0,0,0,0,0,0,0,0
1,1,22,15,20483,0,0,0,39997172000,39997174000,-1,0,0,0,0,0,0,0,0
2,1,22,15,0,0,0,0,39997176000,39997270000,-1,0,0,0,0,0,0,0,0
1,2,22,7,1076651027,2829356,0,0,39997278000,39997458000,-1,0,0,0,41943520,0,0,1280,3065053184
1,2,22,7,25602,0,0,0,39997459000,39997463000,-1,0,0,0,0,0,0,0,0
1,2,22,7,25607,0,0,0,39997464000,40001550000,-1,0,0,0,0,0,0,0,0
0,1,22,15,2,0,15,0,40011105000,40011270000,-1,0,0,0,0,0,0,0,0
1,1,22,15,20483,0,0,0,40011276000,40011287000,-1,0,0,0,0,0,0,0,0
1,1,22,15,1088704512,3066196212,0,0,40011289000,40011296000,-1,3066200064,3064438784,0,16777440,41943520,0,1,0
1,1,22,15,2147766273,0,0,0,40011298000,40011401000,-1,0,0,0,0,0,0,0,0
1,1,22,15,2147766276,3000,0,0,40011403000,40013281000,-1,0,0,0,0,0,0,0,0
1,1,22,15,2147766277,3064434148,0,0,40013284000,40013287000,6,0,0,0,0,0,0,0,0
1,1,22,15,20483,0,0,0,40013324000,40013327000,-1,0,0,0,0,0,0,0,0
2,1,22,15,0,0,0,0,40013329000,40013429000,-1,0,0,0,0,0,0,0,0
1,2,22,7,1076651027,2829312,0,0,40013438000,40013619000,-1,0,0,0,41943520,0,0,1280,3064438784
1,2,22,7,25602,0,0,0,40013620000,40013624000,-1,0,0,0,0,0,0,0,0
1,2,22,7,25607,0,0,0,40013625000,40018209000,-1,0,0,0,0,0,0,0,0
0,1,22,15,2,0,15,0,40027088000,40027243000,-1,0,0,0,0,0,0,0,0
1,1,22,15,20483,0,0,0,40027249000,40027259000,-1,0,0,0,0,0,0,0,0
1,1,22,15,1088704512,3066196212,0,0,40027261000,40027268000,-1,3066200064,3065053184,0,16777440,41943520,0,1,0
1,1,22,15,2147766273,0,0,0,40027270000,40027361000,-1,0,0,0,0,0,0,0,0
1,1,22,15,2147766276,3000,0,0,40027364000,40029239000,-1,0,0,0,0,0,0,0,0
1,1,22,15,2147766277,3064434148,0,0,40029242000,40029246000,6,0,0,0,0,0,0,0,0
1,1,22,15,20483,0,0,0,40029247000,40029250000,-1,0,0,0,0,0,0,0,0
2,1,22,15,0,0,0,0,40029252000,40029341000,-1,0,0,0,0,0,0,0,0
1,2,22,7,1076651027,2829356,0,0,40029350000,40029530000,-1,0,0,0,41943520,0,0,1280,3065053184
1,2,22,7,25602,0,0,0,40029531000,40029535000,-1,0,0,0,0,0,0,0,0
1,2,22,7,25607,0,0,0,40029536000,40034864000,-1,0,0,0,0,0,0,0,0
0,1,22,15,2,0,15,0,40043071000,40043226000,-1,0,0,0,0,0,0,0,0
1,1,22,15,20483,0,0,0,40043231000,40043241000,-1,0,0,0,0,0,0,0,0
1,1,22,15,1088704512,3066196212,0,0,40043242000,40043248000,-1,3066200064,3064438784,0,16777440,41943520,0,1,0
1,1,22,15,2147766273,0,0,0,40043250000,40043341000,-1,0,0,0,0,0,0,0,0
1,1,22,15,2147766276,3000,0,0,40043343000,40045225000,-1,0,0,0,0,0,0,0,0
1,1,22,15,2147766277,3064434148,0,0,40045230000,40045233000,6,0,0,0,0,0,0,0,0
1,1,22,15,20483,0,0,0,40045234000,40045237000,-1,0,0,0,0,0,0,0,0
2,1,22,15,0,0,0,0,40045239000,40045332000,-1,0,0,0,0,0,0,0,0
1,2,22,7,1076651027,2829312,0,0,40045340000,40045520000,-1,0,0,0,41943520,0,0,1280,3064438784
1,2,22,7,25602,0,0,0,40045521000,40045525000,-1,0,0,0,0,0,0,0,0
1,2,22,7,25607,0,0,0,40045526000,40051527000,-1,0,0,0,0,0,0,0,0
0,1,22,15,2,0,15,0,40059017000,40059184000,-1,0,0,0,0,0,0,0,0
1,1,22,15,20483,0,0,0,40059189000,40059199000,-1,0,0,0,0,0,0,0,0
1,1,22,15,1088704512,3066196212,0,0,40059201000,40059207000,-1,3066200064,3065053184,0,16777440,41943520,0,1,0
1,1,22,15,2147766273,0,0,0,40059209000,40059304000,-1,0,0,0,0,0,0,0,0
1,1,22,15,2147766276,3000,0,0,40059306000,40061172000,-1,0,0,0,0,0,0,0,0
1,1,22,15,2147766277,3064434148,0,0,40061177000,40061181000,6,0,0,0,0,0,0,0,0
1,1,22,15,20483,0,0,0,40061182000,40061186000,-1,0,0,0,0,0,0,0,0
2,1,22,15,0,0,0,0,40061188000,40061288000,-1,0,0,0,0,0,0,0,0
1,2,22,7,1076651027,2829356,0,0,40061297000,40061477000,-1,0,0,0,41943520,0,0,1280,3065053184
1,2,22,7,25602,0,0,0,40061479000,40061482000,-1,0,0,0,0,0,0,0,0
1,2,22,7,25607,0,0,0,40061484000,40068183000,-1,0,0,0,0,0,0,0,0
0,1,22,15,2,0,15,0,40075040000,40075200000,-1,0,0,0,0,0,0,0,0
1,1,22,15,20483,0,0,0,40075207000,40075217000,-1,0,0,0,0,0,0,0,0
1,1,22,15,1088704512,3066196212,0,0,40075219000,40075226000,-1,3066200064,3064438784,0,16777440,41943520,0,1,0
1,1,22,15,2147766273,0,0,0,40075228000,40075323000,-1,0,0,0,0,0,0,0,0
1,1,22,15,2147766276,3000,0,0,40075325000,40077205000,-1,0,0,0,0,0,0,0,0
1,1,22,15,2147766277,3064434148,0,0,40077208000,40077212000,6,0,0,0,0,0,0,0,0
1,1,22,15,20483,0,0,0,40077213000,40077216000,-1,0,0,0,0,0,0,0,0
2,1,22,15,0,0,0,0,40077218000,40077309000,-1,0,0,0,0,0,0,0,0
1,2,22,7,1076651027,2829312,0,0,40077317000,40077498000,-1,0,0,0,41943520,0,0,1280,3064438784
1,2,22,7,25602,0,0,0,40077535000,40077540000,-1,0,0,0,0,0,0,0,0
1,2,22,7,25607,0,0,0,40077541000,40084840000,-1,0,0,0,0,0,0,0,0
0,1,22,15,2,0,15,0,40091126000,40091287000,-1,0,0,0,0,0,0,0,0
1,1,22,15,20483,0,0,0,40091291000,40091301000,-1,0,0,0,0,0,0,0,0
1,1,22,15,1088704512,3066196212,0,0,40091303000,40091310000,-1,3066200064,3065053184,0,16777440,41943520,0,1,0
1,1,22,15,2147766273,0,0,0,40091312000,40091408000,-1,0,0,0,0,0,0,0,0
1,1,22,15,2147766276,3000,0,0,40091410000,40093294000,-1,0,0,0,0,0,0,0,0
1,1,22,15,2147766277,3064434148,0,0,40093297000,40093301000,6,0,0,0,0,0,0,0,0
1,1,22,15,20483,0,0,0,40093302000,40093306000,-1,0,0,0,0,0,0,0,0
2,1,22,15,0,0,0,0,40093307000,40093400000,-1,0,0,0,0,0,0,0,0
1,2,22,7,1076651027,2829356,0,0,40093408000,40093588000,-1,0,0,0,41943520,0,0,1280,3065053184
1,2,22,7,25602,0,0,0,40093590000,40093594000,-1,0,0,0,0,0,0,0,0
1,2,22,7,25607,0,0,0,40093595000,40101498000,-1,0,0,0,0,0,0,0,0
0,1,22,15,2,0,15,0,40107027000,40107196000,-1,0,0,0,0,0,0,0,0
1,1,22,15,20483,0,0,0,40107203000,40107214000,-1,0,0,0,0,0,0,0,0
1,1,22,15,1088704512,3066196212,0,0,40107216000,40107223000,-1,3066200064,3064438784,0,16777440,41943520,0,1,0
1,1,22,15,2147766273,0,0,0,40107225000,40107325000,-1,0,0,0,0,0,0,0,0
1,1,22,15,2147766276,3000,0,0,40107327000,40109211000,-1,0,0,0,0,0,0,0,0
1,1,22,15,2147766277,3064434148,0,0,40109214000,40109218000,6,0,0,0,0,0,0,0,0
1,1,22,15,20483,0,0,0,40109219000,40109223000,-1,0,0,0,0,0,0,0,0
2,1,22,15,0,0,0,0,40109224000,40109320000,-1,0,0,0,0,0,0,0,0
1,2,22,7,1076651027,2829312,0,0,40109328000,40109508000,-1,0,0,0,41943520,0,0,1280,3064438784
1,2,22,7,25602,0,0,0,40109510000,40109513000,-1,0,0,0,0,0,0,0,0
1,2,22,7,25607,0,0,0,40109514000,40118153000,-1,0,0,0,0,0,0,0,0
0,1,22,15,2,0,15,0,40131107000,40131272000,-1,0,0,0,0,0,0,0,0
1,1,22,15,20483,0,0,0,40131278000,40131288000,-1,0,0,0,0,0,0,0,0
1,1,22,15,1088704512,3066196212,0,0,40131290000,40131297000,-1,3066200064,3065053184,0,16777440,41943520,0,1,0
1,1,22,15,2147766273,0,0,0,40131298000,40131396000,-1,0,0,0,0,0,0,0,0
1,1,22,15,2147766276,3000,0,0,40131398000,40133275000,-1,0,0,0,0,0,0,0,0
1,1,22,15,2147766277,3064434148,0,0,40133278000,40133282000,6,0,0,0,0,0,0,0,0
1,1,22,15,20483,0,0,0,40133283000,40133286000,-1,0,0,0,0,0,0,0,0
2,1,22,15,0,0,0,0,40133288000,40133384000,-1,0,0,0,0,0,0,0,0
1,2,22,7,1076651027,2829356,0,0,40133392000,40133573000,-1,0,0,0,41943520,0,0,1280,3065053184
1,2,22,7,25602,0,0,0,40133575000,40133579000,-1,0,0,0,0,0,0,0,0
1,2,22,7,25607,0,0,0,40133580000,40134810000,-1,0,0,0,0,0,0,0,0
0,1,22,15,2,0,15,0,40148723000,40148885000,-1,0,0,0,0,0,0,0,0
1,1,22,15,20483,0,0,0,40148892000,40148902000,-1,0,0,0,0,0,0,0,0
1,1,22,15,1088704512,3066196212,0,0,40148905000,40148911000,-1,3066200064,3064438784,0,16777440,41943520,0,1,0
1,1,22,15,2147766273,0,0,0,40148912000,40149009000,-1,0,0,0,0,0,0,0,0
1,1,22,15,2147766276,3000,0,0,40149011000,40150871000,-1,0,0,0,0,0,0,0,0
1,1,22,15,2147766277,3064434148,0,0,40150874000,40150879000,6,0,0,0,0,0,0,0,0
1,1,22,15,20483,0,0,0,40150880000,40150883000,-1,0,0,0,0,0,0,0,0
2,1,22,15,0,0,0,0,40150885000,40151000000,-1,0,0,0,0,0,0,0,0
1,2,22,7,1076651027,2829312,0,0,40151008000,40151190000,-1,0,0,0,41943520,0,0,1280,3064438784
1,2,22,7,25602,0,0,0,40151192000,40151195000,-1,0,0,0,0,0,0,0,0
1,2,22,7,25607,0,0,0,40151196000,40151464000,-1,0,0,0,0,0,0,0,0
0,1,22,15,2,0,15,0,40163548000,40163711000,-1,0,0,0,0,0,0,0,0
1,1,22,15,20483,0,0,0,40163718000,40163728000,-1,0,0,0,0,0,0,0,0
1,1,22,15,1088704512,3066196212,0,0,40163730000,40163736000,-1,3066200064,3065053184,0,16777440,41943520,0,1,0
1,1,22,15,2147766273,0,0,0,40163738000,40163835000,-1,0,0,0,0,0,0,0,0
1,1,22,15,2147766276,3000,0,0,40163836000,40165847000,-1,0,0,0,0,0,0,0,0
1,1,22,15,2147766277,3064434148,0,0,40165850000,40165853000,6,0,0,0,0,0,0,0,0
1,1,22,15,20483,0,0,0,40165854000,40165858000,-1,0,0,0,0,0,0,0,0
2,1,22,15,0,0,0,0,40165860000,40165971000,-1,0,0,0,0,0,0,0,0
1,2,22,7,1076651027,2829356,0,0,40165979000,40166160000,-1,0,0,0,41943520,0,0,1280,3065053184
1,2,22,7,25602,0,0,0,40166162000,40166165000,-1,0,0,0,0,0,0,0,0
1,2,22,7,25607,0,0,0,40166166000,40168125000,-1,0,0,0,0,0,0,0,0
0,1,22,15,2,0,15,0,40179425000,40179591000,-1,0,0,0,0,0,0,0,0
1,1,22,15,20483,0,0,0,40179596000,40179606000,-1,0,0,0,0,0,0,0,0
1,1,22,15,1088704512,3066196212,0,0,40179608000,40179615000,-1,3066200064,3064438784,0,16777440,41943520,0,1,0
1,1,22,15,2147766273,0,0,0,40179617000,40179715000,-1,0,0,0,0,0,0,0,0
1,1,22,15,2147766276,3000,0,0,40179717000,40181584000,-1,0,0,0,0,0,0,0,0
1,1,22,15,2147766277,3064434148,0,0,40181589000,40181593000,6,0,0,0,0,0,0,0,0
1,1,22,15,20483,0,0,0,40181594000,40181598000,-1,0,0,0,0,0,0,0,0
2,1,22,15,0,0,0,0,40181599000,40181738000,-1,0,0,0,0,0,0,0,0
1,2,22,7,1076651027,2829312,0,0,40181747000,40181929000,-1,0,0,0,41943520,0,0,1280,3064438784
1,2,22,7,25602,0,0,0,40181930000,40181935000,-1,0,0,0,0,0,0,0,0
1,2,22,7,25607,0,0,0,40181936000,40184783000,-1,0,0,0,0,0,0,0,0
0,1,22,15,2,0,15,0,40195279000,40195441000,-1,0,0,0,0,0,0,0,0
1,1,22,15,20483,0,0,0,40195447000,40195457000,-1,0,0,0,0,0,0,0,0
1,1,22,15,1088704512,3066196212,0,0,40195459000,40195465000,-1,3066200064,3065053184,0,16777440,41943520,0,1,0
1,1,22,15,2147766273,0,0,0,40195467000,40195572000,-1,0,0,0,0,0,0,0,0
1,1,22,15,2147766276,3000,0,0,40195574000,40197455000,-1,0,0,0,0,0,0,0,0
1,1,22,15,2147766277,3064434148,0,0,40197458000,40197461000,6,0,0,0,0,0,0,0,0
1,1,22,15,20483,0,0,0,40197462000,40197466000,-1,0,0,0,0,0,0,0,0
2,1,22,15,0,0,0,0,40197468000,40197560000,-1,0,0,0,0,0,0,0,0
1,2,22,7,1076651027,2829356,0,0,40197568000,40197782000,-1,0,0,0,41943520,0,0,1280,3065053184
1,2,22,7,25602,0,0,0,40197785000,40197788000,-1,0,0,0,0,0,0,0,0
1,2,22,7,25607,0,0,0,40197790000,40201438000,-1,0,0,0,0,0,0,0,0
0,1,22,15,2,0,15,0,40211215000,40211381000,-1,0,0,0,0,0,0,0,0
1,1,22,15,20483,0,0,0,40211387000,40211398000,-1,0,0,0,0,0,0,0,0
1,1,22,15,1088704512,3066196212,0,0,40211400000,40211407000,-1,3066200064,3064438784,0,16777440,41943520,0,1,0
1,1,22,15,2147766273,0,0,0,40211409000,40211506000,-1,0,0,0,0,0,0,0,0
1,1,22,15,2147766276,3000,0,0,40211508000,40213384000,-1,0,0,0,0,0,0,0,0
1,1,22,15,2147766277,3064434148,0,0,40213387000,40213391000,6,0,0,0,0,0,0,0,0
1,1,22,15,20483,0,0,0,40213392000,40213395000,-1,0,0,0,0,0,0,0,0
2,1,22,15,0,0,0,0,40213397000,40213487000,-1,0,0,0,0,0,0,0,0
1,2,22,7,1076651027,2829312,0,0,40213495000,40213676000,-1,0,0,0,41943520,0,0,1280,3064438784
1,2,22,7,25602,0,0,0,40213677000,40213681000,-1,0,0,0,0,0,0,0,0
1,2,22,7,25607,0,0,0,40213682000,40218092000,-1,0,0,0,0,0,0,0,0
0,1,22,15,2,0,15,0,40233337000,40233492000,-1,0,0,0,0,0,0,0,0
1,1,22,15,20483,0,0,0,40233497000,40233508000,-1,0,0,0,0,0,0,0,0
1,1,22,15,1088704512,3066196212,0,0,40233509000,40233516000,-1,3066200064,3065053184,0,16777440,41943520,0,1,0
1,1,22,15,2147766273,0,0,0,40233555000,40233655000,-1,0,0,0,0,0,0,0,0
1,1,22,15,2147766276,3000,0,0,40233657000,40235531000,-1,0,0,0,0,0,0,0,0
1,1,22,15,2147766277,3064434148,0,0,40235533000,40235537000,6,0,0,0,0,0,0,0,0
1,1,22,15,20483,0,0,0,40235538000,40235541000,-1,0,0,0,0,0,0,0,0
2,1,22,15,0,0,0,0,40235542000,40235629000,-1,0,0,0,0,0,0,0,0
1,2,22,7,1076651027,2829356,0,0,40235637000,40235816000,-1,0,0,0,41943520,0,0,1280,3065053184
1,2,22,7,25602,0,0,0,40235817000,40235821000,-1,0,0,0,0,0,0,0,0
1,2,22,7,25607,0,0,0,40235822000,40251434000,-1,0,0,0,0,0,0,0,0
0,1,22,15,2,0,15,0,40251453000,40251600000,-1,0,0,0,0,0,0,0,0
1,1,22,15,20483,0,0,0,40251604000,40251611000,-1,0,0,0,0,0,0,0,0
1,1,22,15,1088704512,3066196212,0,0,40251614000,40251619000,-1,3066200064,3064438784,0,16777440,41943520,0,1,0
1,1,22,15,2147766273,0,0,0,40251621000,40251711000,-1,0,0,0,0,0,0,0,0
1,1,22,15,2147766276,3000,0,0,40251713000,40253579000,-1,0,0,0,0,0,0,0,0
1,1,22,15,2147766277,3064434148,0,0,40253582000,40253585000,6,0,0,0,0,0,0,0,0
1,1,22,15,20483,0,0,0,40253586000,40253589000,-1,0,0,0,0,0,0,0,0
2,1,22,15,0,0,0,0,40253591000,40253673000,-1,0,0,0,0,0,0,0,0
1,2,22,7,1076651027,2829312,0,0,40253681000,40253883000,-1,0,0,0,41943520,0,0,1280,3064438784
1,2,22,7,25602,0,0,0,40253885000,40253889000,-1,0,0,0,0,0,0,0,0
1,2,22,7,25607,0,0,0,40253890000,40268071000,-1,0,0,0,0,0,0,0,0
0,1,22,15,2,0,15,0,40268088000,40268236000,-1,0,0,0,0,0,0,0,0
1,1,22,15,20483,0,0,0,40268240000,40268247000,-1,0,0,0,0,0,0,0,0
1,1,22,15,1088704512,3066196212,0,0,40268249000,40268254000,-1,3066200064,3065053184,0,16777440,41943520,0,1,0
1,1,22,15,2147766273,0,0,0,40268255000,40268348000,-1,0,0,0,0,0,0,0,0
1,1,22,15,2147766276,3000,0,0,40268350000,40270208000,-1,0,0,0,0,0,0,0,0
1,1,22,15,2147766277,3064434148,0,0,40270211000,40270215000,6,0,0,0,0,0,0,0,0
1,1,22,15,20483,0,0,0,40270217000,40270220000,-1,0,0,0,0,0,0,0,0
2,1,22,15,0,0,0,0,40270222000,40270318000,-1,0,0,0,0,0,0,0,0
1,2,22,7,1076651027,2829356,0,0,40270327000,40270507000,-1,0,0,0,41943520,0,0,1280,3065053184
1,2,22,7,25602,0,0,0,40270508000,40270511000,-1,0,0,0,0,0,0,0,0
1,2,22,7,25607,0,0,0,40270512000,40284732000,-1,0,0,0,0,0,0,0,0
0,1,22,15,2,0,15,0,40284749000,40284894000,-1,0,0,0,0,0,0,0,0
1,1,22,15,20483,0,0,0,40284898000,40284906000,-1,0,0,0,0,0,0,0,0
1,1,22,15,1088704512,3066196212,0,0,40284908000,40284913000,-1,3066200064,3064438784,0,16777440,41943520,0,1,0
1,1,22,15,2147766273,0,0,0,40284915000,40285005000,-1,0,0,0,0,0,0,0,0
1,1,22,15,2147766276,3000,0,0,40285007000,40286868000,-1,0,0,0,0,0,0,0,0
1,1,22,15,2147766277,3064434148,0,0,40286871000,40286873000,6,0,0,0,0,0,0,0,0
1,1,22,15,20483,0,0,0,40286874000,40286877000,-1,0,0,0,0,0,0,0,0
2,1,22,15,0,0,0,0,40286879000,40286966000,-1,0,0,0,0,0,0,0,0
1,2,22,7,1076651027,2829312,0,0,40286974000,40287153000,-1,0,0,0,41943520,0,0,1280,3064438784
1,2,22,7,25602,0,0,0,40287155000,40287157000,-1,0,0,0,0,0,0,0,0
1,2,22,7,25607,0,0,0,40287159000,40301389000,-1,0,0,0,0,0,0,0,0
0,1,22,15,2,0,15,0,40301412000,40301553000,-1,0,0,0,0,0,0,0,0
1,1,22,15,20483,0,0,0,40301557000,40301565000,-1,0,0,0,0,0,0,0,0
1,1,22,15,1088704512,3066196212,0,0,40301567000,40301572000,-1,3066200064,3065053184,0,16777440,41943520,0,1,0
1,1,22,15,2147766273,0,0,0,40301574000,40301658000,-1,0,0,0,0,0,0,0,0
1,1,22,15,2147766276,3000,0,0,40301660000,40303522000,-1,0,0,0,0,0,0,0,0
1,1,22,15,2147766277,3064434148,0,0,40303525000,40303529000,6,0,0,0,0,0,0,0,0
1,1,22,15,20483,0,0,0,40303566000,40303571000,-1,0,0,0,0,0,0,0,0
2,1,22,15,0,0,0,0,40303573000,40303678000,-1,0,0,0,0,0,0,0,0
1,2,22,7,1076651027,2829356,0,0,40303685000,40303865000,-1,0,0,0,41943520,0,0,1280,3065053184
1,2,22,7,25602,0,0,0,40303867000,40303870000,-1,0,0,0,0,0,0,0,0
1,2,22,7,25607,0,0,0,40303871000,40318044000,-1,0,0,0,0,0,0,0,0
0,1,22,15,2,0,15,0,40318062000,40318207000,-1,0,0,0,0,0,0,0,0
1,1,22,15,20483,0,0,0,40318211000,40318218000,-1,0,0,0,0,0,0,0,0
1,1,22,15,1088704512,3066196212,0,0,40318220000,40318226000,-1,3066200064,3064438784,0,16777440,41943520,0,1,0
1,1,22,15,2147766273,0,0,0,40318227000,40318317000,-1,0,0,0,0,0,0,0,0
1,1,22,15,2147766276,3000,0,0,40318318000,40320185000,-1,0,0,0,0,0,0,0,0
1,1,22,15,2147766277,3064434148,0,0,40320188000,40320192000,6,0,0,0,0,0,0,0,0
1,1,22,15,20483,0,0,0,40320193000,40320195000,-1,0,0,0,0,0,0,0,0
2,1,22,15,0,0,0,0,40320197000,40320285000,-1,0,0,0,0,0,0,0,0
1,2,22,7,1076651027,2829312,0,0,40320293000,40320472000,-1,0,0,0,41943520,0,0,1280,3064438784
1,2,22,7,25602,0,0,0,40320474000,40320477000,-1,0,0,0,0,0,0,0,0
1,2,22,7,25607,0,0,0,40320478000,40334703000,-1,0,0,0,0,0,0,0,0
0,1,22,15,2,0,15,0,40334720000,40334867000,-1,0,0,0,0,0,0,0,0
1,1,22,15,20483,0,0,0,40334870000,40334878000,-1,0,0,0,0,0,0,0,0
1,1,22,15,1088704512,3066196212,0,0,40334879000,40334885000,-1,3066200064,3065053184,0,16777440,41943520,0,1,0
1,1,22,15,2147766273,0,0,0,40334886000,40334977000,-1,0,0,0,0,0,0,0,0
1,1,22,15,2147766276,3000,0,0,40334979000,40336845000,-1,0,0,0,0,0,0,0,0
1,1,22,15,2147766277,3064434148,0,0,40336848000,40336851000,6,0,0,0,0,0,0,0,0
1,1,22,15,20483,0,0,0,40336852000,40336855000,-1,0,0,0,0,0,0,0,0
2,1,22,15,0,0,0,0,40336857000,40336937000,-1,0,0,0,0,0,0,0,0
1,2,22,7,1076651027,2829356,0,0,40336945000,40337124000,-1,0,0,0,41943520,0,0,1280,3065053184
1,2,22,7,25602,0,0,0,40337125000,40337129000,-1,0,0,0,0,0,0,0,0
1,2,22,7,25607,0,0,0,40337130000,40351760000,-1,0,0,0,0,0,0,0,0
0,1,22,15,2,0,15,0,40351782000,40351924000,-1,0,0,0,0,0,0,0,0
1,1,22,15,20483,0,0,0,40351929000,40351936000,-1,0,0,0,0,0,0,0,0
1,1,22,15,1088704512,3066196212,0,0,40351938000,40351943000,-1,3066200064,3064438784,0,16777440,41943520,0,1,0
1,1,22,15,2147766273,0,0,0,40351945000,40352028000,-1,0,0,0,0,0,0,0,0
1,1,22,15,2147766276,3000,0,0,40352030000,40353898000,-1,0,0,0,0,0,0,0,0
1,1,22,15,2147766277,3064434148,0,0,40353900000,40353903000,6,0,0,0,0,0,0,0,0
1,1,22,15,20483,0,0,0,40353904000,40353908000,-1,0,0,0,0,0,0,0,0
2,1,22,15,0,0,0,0,40353910000,40353994000,-1,0,0,0,0,0,0,0,0
1,2,22,7,1076651027,2829312,0,0,40354002000,40354180000,-1,0,0,0,41943520,0,0,1280,3064438784
1,2,22,7,25602,0,0,0,40354181000,40354185000,-1,0,0,0,0,0,0,0,0
1,2,22,7,25607,0,0,0,40354186000,40368017000,-1,0,0,0,0,0,0,0,0
0,1,22,15,2,0,15,0,40368032000,40368178000,-1,0,0,0,0,0,0,0,0
1,1,22,15,20483,0,0,0,40368182000,40368189000,-1,0,0,0,0,0,0,0,0
1,1,22,15,1088704512,3066196212,0,0,40368191000,40368196000,-1,3066200064,3065053184,0,16777440,41943520,0,1,0
1,1,22,15,2147766273,0,0,0,40368198000,40368285000,-1,0,0,0,0,0,0,0,0
1,1,22,15,2147766276,3000,0,0,40368287000,40370153000,-1,0,0,0,0,0,0,0,0
1,1,22,15,2147766277,3064434148,0,0,40370156000,40370159000,6,0,0,0,0,0,0,0,0
1,1,22,15,20483,0,0,0,40370160000,40370163000,-1,0,0,0,0,0,0,0,0
2,1,22,15,0,0,0,0,40370166000,40370253000,-1,0,0,0,0,0,0,0,0
1,2,22,7,1076651027,2829356,0,0,40370299000,40370478000,-1,0,0,0,41943520,0,0,1280,3065053184
1,2,22,7,25602,0,0,0,40370480000,40370483000,-1,0,0,0,0,0,0,0,0
1,2,22,7,25607,0,0,0,40370484000,40384670000,-1,0,0,0,0,0,0,0,0
0,1,22,15,2,0,15,0,40384686000,40384829000,-1,0,0,0,0,0,0,0,0
1,1,22,15,20483,0,0,0,40384833000,40384841000,-1,0,0,0,0,0,0,0,0
1,1,22,15,1088704512,3066196212,0,0,40384843000,40384849000,-1,3066200064,3064438784,0,16777440,41943520,0,1,0
1,1,22,15,2147766273,0,0,0,40384851000,40384935000,-1,0,0,0,0,0,0,0,0
1,1,22,15,2147766276,3000,0,0,40384937000,40386801000,-1,0,0,0,0,0,0,0,0
1,1,22,15,2147766277,3064434148,0,0,40386804000,40386806000,6,0,0,0,0,0,0,0,0
1,1,22,15,20483,0,0,0,40386807000,40386810000,-1,0,0,0,0,0,0,0,0
2,1,22,15,0,0,0,0,40386812000,40386894000,-1,0,0,0,0,0,0,0,0
1,2,22,7,1076651027,2829312,0,0,40386901000,40387080000,-1,0,0,0,41943520,0,0,1280,3064438784
1,2,22,7,25602,0,0,0,40387081000,40387084000,-1,0,0,0,0,0,0,0,0
1,2,22,7,25607,0,0,0,40387085000,40401332000,-1,0,0,0,0,0,0,0,0
0,1,22,15,2,0,15,0,40401349000,40401496000,-1,0,0,0,0,0,0,0,0
1,1,22,15,20483,0,0,0,40401501000,40401508000,-1,0,0,0,0,0,0,0,0
1,1,22,15,1088704512,3066196212,0,0,40401510000,40401516000,-1,3066200064,3065053184,0,16777440,41943520,0,1,0
1,1,22,15,2147766273,0,0,0,40401517000,40401604000,-1,0,0,0,0,0,0,0,0
1,1,22,15,2147766276,3000,0,0,40401606000,40403470000,-1,0,0,0,0,0,0,0,0
1,1,22,15,2147766277,3064434148,0,0,40403473000,40403476000,6,0,0,0,0,0,0,0,0
1,1,22,15,20483,0,0,0,40403477000,40403480000,-1,0,0,0,0,0,0,0,0
2,1,22,15,0,0,0,0,40403482000,40403562000,-1,0,0,0,0,0,0,0,0
1,2,22,7,1076651027,2829356,0,0,40403570000,40403748000,-1,0,0,0,41943520,0,0,1280,3065053184
1,2,22,7,25602,0,0,0,40403749000,40403753000,-1,0,0,0,0,0,0,0,0
1,2,22,7,25607,0,0,0,40403754000,40417976000,-1,0,0,0,0,0,0,0,0
0,1,22,15,2,0,15,0,40427735000,40427897000,-1,0,0,0,0,0,0,0,0
1,1,22,15,20483,0,0,0,40427905000,40427915000,-1,0,0,0,0,0,0,0,0
1,1,22,15,1088704512,3066196212,0,0,40427917000,40427923000,-1,3066200064,3064438784,0,16777440,41943520,0,1,0
1,1,22,15,2147766273,0,0,0,40427924000,40428023000,-1,0,0,0,0,0,0,0,0
1,1,22,15,2147766276,3000,0,0,40428025000,40429891000,-1,0,0,0,0,0,0,0,0
1,1,22,15,2147766277,3064434148,0,0,40429894000,40429897000,6,0,0,0,0,0,0,0,0
1,1,22,15,20483,0,0,0,40429898000,40429901000,-1,0,0,0,0,0,0,0,0
2,1,22,15,0,0,0,0,40429903000,40429992000,-1,0,0,0,0,0,0,0,0
1,2,22,7,1076651027,2829312,0,0,40430051000,40430233000,-1,0,0,0,41943520,0,0,1280,3064438784
1,2,22,7,25602,0,0,0,40430235000,40430238000,-1,0,0,0,0,0,0,0,0
1,2,22,7,25607,0,0,0,40430239000,40434634000,-1,0,0,0,0,0,0,0,0
0,1,22,15,2,0,15,0,40441707000,40441871000,-1,0,0,0,0,0,0,0,0
1,1,22,15,20483,0,0,0,40441877000,40441887000,-1,0,0,0,0,0,0,0,0
1,1,22,15,1088704512,3066196212,0,0,40441890000,40441896000,-1,3066200064,3065053184,0,16777440,41943520,0,1,0
1,1,22,15,2147766273,0,0,0,40441897000,40441999000,-1,0,0,0,0,0,0,0,0
1,1,22,15,2147766276,3000,0,0,40442000000,40443878000,-1,0,0,0,0,0,0,0,0
1,1,22,15,2147766277,3064434148,0,0,40443880000,40443883000,6,0,0,0,0,0,0,0,0
1,1,22,15,20483,0,0,0,40443884000,40443887000,-1,0,0,0,0,0,0,0,0
2,1,22,15,0,0,0,0,40443889000,40443976000,-1,0,0,0,0,0,0,0,0
1,2,22,7,1076651027,2829356,0,0,40443983000,40444162000,-1,0,0,0,41943520,0,0,1280,3065053184
1,2,22,7,25602,0,0,0,40444164000,40444167000,-1,0,0,0,0,0,0,0,0
1,2,22,7,25607,0,0,0,40444168000,40451289000,-1,0,0,0,0,0,0,0,0
0,1,22,15,2,0,15,0,40455739000,40455900000,-1,0,0,0,0,0,0,0,0
1,1,22,15,20483,0,0,0,40455906000,40455917000,-1,0,0,0,0,0,0,0,0
1,1,22,15,1088704512,3066196212,0,0,40455919000,40455925000,-1,3066200064,3064438784,0,16777440,41943520,0,1,0
1,1,22,15,2147766273,0,0,0,40455927000,40456022000,-1,0,0,0,0,0,0,0,0
1,1,22,15,2147766276,3000,0,0,40456024000,40457896000,-1,0,0,0,0,0,0,0,0
1,1,22,15,2147766277,3064434148,0,0,40457899000,40457902000,6,0,0,0,0,0,0,0,0
1,1,22,15,20483,0,0,0,40457903000,40457906000,-1,0,0,0,0,0,0,0,0
2,1,22,15,0,0,0,0,40457908000,40457995000,-1,0,0,0,0,0,0,0,0
1,2,22,7,1076651027,2829312,0,0,40458002000,40458182000,-1,0,0,0,41943520,0,0,1280,3064438784
1,2,22,7,25602,0,0,0,40458183000,40458186000,-1,0,0,0,0,0,0,0,0
1,2,22,7,25607,0,0,0,40458187000,40467946000,-1,0,0,0,0,0,0,0,0
0,1,22,15,2,0,15,0,40469839000,40469995000,-1,0,0,0,0,0,0,0,0
1,1,22,15,20483,0,0,0,40470055000,40470064000,-1,0,0,0,0,0,0,0,0
1,1,22,15,1088704512,3066196212,0,0,40470067000,40470073000,-1,3066200064,3065053184,0,16777440,41943520,0,1,0
1,1,22,15,2147766273,0,0,0,40470074000,40470174000,-1,0,0,0,0,0,0,0,0
1,1,22,15,2147766276,3000,0,0,40470176000,40472045000,-1,0,0,0,0,0,0,0,0
1,1,22,15,2147766277,3064434148,0,0,40472047000,40472050000,6,0,0,0,0,0,0,0,0
1,1,22,15,20483,0,0,0,40472051000,40472055000,-1,0,0,0,0,0,0,0,0
2,1,22,15,0,0,0,0,40472057000,40472154000,-1,0,0,0,0,0,0,0,0
1,2,22,7,1076651027,2829356,0,0,40472161000,40472343000,-1,0,0,0,41943520,0,0,1280,3065053184
1,2,22,7,25602,0,0,0,40472345000,40472349000,-1,0,0,0,0,0,0,0,0
1,2,22,7,25607,0,0,0,40472350000,40484642000,-1,0,0,0,0,0,0,0,0
0,1,22,15,2,0,15,0,40484667000,40484823000,-1,0,0,0,0,0,0,0,0
1,1,22,15,20483,0,0,0,40484827000,40484836000,-1,0,0,0,0,0,0,0,0
1,1,22,15,1088704512,3066196212,0,0,40484838000,40484844000,-1,3066200064,3064438784,0,16777440,41943520,0,1,0
1,1,22,15,2147766273,0,0,0,40484846000,40484940000,-1,0,0,0,0,0,0,0,0
1,1,22,15,2147766276,3000,0,0,40484941000,40486806000,-1,0,0,0,0,0,0,0,0
1,1,22,15,2147766277,3064434148,0,0,40486809000,40486812000,6,0,0,0,0,0,0,0,0
1,1,22,15,20483,0,0,0,40486814000,40486816000,-1,0,0,0,0,0,0,0,0
2,1,22,15,0,0,0,0,40486819000,40486919000,-1,0,0,0,0,0,0,0,0
1,2,22,7,1076651027,2829312,0,0,40486927000,40487107000,-1,0,0,0,41943520,0,0,1280,3064438784
1,2,22,7,25602,0,0,0,40487109000,40487112000,-1,0,0,0,0,0,0,0,0
1,2,22,7,25607,0,0,0,40487113000,40501310000,-1,0,0,0,0,0,0,0,0
0,1,22,15,2,0,15,0,40501333000,40501472000,-1,0,0,0,0,0,0,0,0
1,1,22,15,20483,0,0,0,40501476000,40501484000,-1,0,0,0,0,0,0,0,0
1,1,22,15,1088704512,3066196212,0,0,40501486000,40501492000,-1,3066200064,3065053184,0,16777440,41943520,0,1,0
1,1,22,15,2147766273,0,0,0,40501494000,40501582000,-1,0,0,0,0,0,0,0,0
1,1,22,15,2147766276,3000,0,0,40501584000,40503451000,-1,0,0,0,0,0,0,0,0
1,1,22,15,2147766277,3064434148,0,0,40503454000,40503458000,6,0,0,0,0,0,0,0,0
1,1,22,15,20483,0,0,0,40503460000,40503463000,-1,0,0,0,0,0,0,0,0
2,1,22,15,0,0,0,0,40503465000,40503573000,-1,0,0,0,0,0,0,0,0
1,2,22,7,1076651027,2829356,0,0,40503581000,40503762000,-1,0,0,0,41943520,0,0,1280,3065053184
1,2,22,7,25602,0,0,0,40503763000,40503766000,-1,0,0,0,0,0,0,0,0
1,2,22,7,25607,0,0,0,40503768000,40517919000,-1,0,0,0,0,0,0,0,0
0,1,22,15,2,0,15,0,40523016000,40523170000,-1,0,0,0,0,0,0,0,0
1,1,22,15,20483,0,0,0,40523176000,40523185000,-1,0,0,0,0,0,0,0,0
1,1,22,15,1088704512,3066196212,0,0,40523226000,40523234000,-1,3066200064,3064438784,0,16777440,41943520,0,1,0
1,1,22,15,2147766273,0,0,0,40523235000,40523334000,-1,0,0,0,0,0,0,0,0
1,1,22,15,2147766276,3000,0,0,40523336000,40525225000,-1,0,0,0,0,0,0,0,0
1,1,22,15,2147766277,3064434148,0,0,40525229000,40525233000,6,0,0,0,0,0,0,0,0
1,1,22,15,20483,0,0,0,40525234000,40525237000,-1,0,0,0,0,0,0,0,0
2,1,22,15,0,0,0,0,40525239000,40525331000,-1,0,0,0,0,0,0,0,0
1,2,22,7,1076651027,2829312,0,0,40525340000,40525519000,-1,0,0,0,41943520,0,0,1280,3064438784
1,2,22,7,25602,0,0,0,40525521000,40525524000,-1,0,0,0,0,0,0,0,0
1,2,22,7,25607,0,0,0,40525526000,40534580000,-1,0,0,0,0,0,0,0,0
0,1,22,15,2,0,15,0,40539017000,40539179000,-1,0,0,0,0,0,0,0,0
1,1,22,15,20483,0,0,0,40539185000,40539195000,-1,0,0,0,0,0,0,0,0
1,1,22,15,1088704512,3066196212,0,0,40539196000,40539203000,-1,3066200064,3065053184,0,16777440,41943520,0,1,0
1,1,22,15,2147766273,0,0,0,40539205000,40539301000,-1,0,0,0,0,0,0,0,0
1,1,22,15,2147766276,3000,0,0,40539303000,40541164000,-1,0,0,0,0,0,0,0,0
1,1,22,15,2147766277,3064434148,0,0,40541169000,40541173000,6,0,0,0,0,0,0,0,0
1,1,22,15,20483,0,0,0,40541174000,40541178000,-1,0,0,0,0,0,0,0,0
2,1,22,15,0,0,0,0,40541179000,40541284000,-1,0,0,0,0,0,0,0,0
1,2,22,7,1076651027,2829356,0,0,40541292000,40541474000,-1,0,0,0,41943520,0,0,1280,3065053184
1,2,22,7,25602,0,0,0,40541475000,40541479000,-1,0,0,0,0,0,0,0,0
1,2,22,7,25607,0,0,0,40541480000,40551236000,-1,0,0,0,0,0,0,0,0
0,1,22,15,2,0,15,0,40555017000,40555172000,-1,0,0,0,0,0,0,0,0
1,1,22,15,20483,0,0,0,40555177000,40555187000,-1,0,0,0,0,0,0,0,0
1,1,22,15,1088704512,3066196212,0,0,40555189000,40555195000,-1,3066200064,3064438784,0,16777440,41943520,0,1,0
1,1,22,15,2147766273,0,0,0,40555196000,40555287000,-1,0,0,0,0,0,0,0,0
1,1,22,15,2147766276,3000,0,0,40555289000,40557168000,-1,0,0,0,0,0,0,0,0
1,1,22,15,2147766277,3064434148,0,0,40557171000,40557174000,6,0,0,0,0,0,0,0,0
1,1,22,15,20483,0,0,0,40557175000,40557179000,-1,0,0,0,0,0,0,0,0
2,1,22,15,0,0,0,0,40557181000,40557272000,-1,0,0,0,0,0,0,0,0
1,2,22,7,1076651027,2829312,0,0,40557279000,40557458000,-1,0,0,0,41943520,0,0,1280,3064438784
1,2,22,7,25602,0,0,0,40557460000,40557463000,-1,0,0,0,0,0,0,0,0
1,2,22,7,25607,0,0,0,40557464000,40567895000,-1,0,0,0,0,0,0,0,0
0,1,22,15,2,0,15,0,40572801000,40572962000,-1,0,0,0,0,0,0,0,0
1,1,22,15,20483,0,0,0,40572967000,40572977000,-1,0,0,0,0,0,0,0,0
1,1,22,15,1088704512,3066196212,0,0,40572979000,40572985000,-1,3066200064,3065053184,0,16777440,41943520,0,1,0
1,1,22,15,2147766273,0,0,0,40572987000,40573073000,-1,0,0,0,0,0,0,0,0
1,1,22,15,2147766276,3000,0,0,40573075000,40574944000,-1,0,0,0,0,0,0,0,0
1,1,22,15,2147766277,3064434148,0,0,40574947000,40574950000,6,0,0,0,0,0,0,0,0
1,1,22,15,20483,0,0,0,40574951000,40574954000,-1,0,0,0,0,0,0,0,0
2,1,22,15,0,0,0,0,40574956000,40575059000,-1,0,0,0,0,0,0,0,0
1,2,22,7,1076651027,2829356,0,0,40575067000,40575248000,-1,0,0,0,41943520,0,0,1280,3065053184
1,2,22,7,25602,0,0,0,40575250000,40575253000,-1,0,0,0,0,0,0,0,0
1,2,22,7,25607,0,0,0,40575254000,40584548000,-1,0,0,0,0,0,0,0,0
0,1,22,15,2,0,15,0,40587441000,40587600000,-1,0,0,0,0,0,0,0,0
1,1,22,15,20483,0,0,0,40587606000,40587617000,-1,0,0,0,0,0,0,0,0
1,1,22,15,1088704512,3066196212,0,0,40587619000,40587626000,-1,3066200064,3064438784,0,16777440,41943520,0,1,0
1,1,22,15,2147766273,0,0,0,40587628000,40587726000,-1,0,0,0,0,0,0,0,0
1,1,22,15,2147766276,3000,0,0,40587728000,40589613000,-1,0,0,0,0,0,0,0,0
1,1,22,15,2147766277,3064434148,0,0,40589651000,40589656000,6,0,0,0,0,0,0,0,0
1,1,22,15,20483,0,0,0,40589657000,40589661000,-1,0,0,0,0,0,0,0,0
2,1,22,15,0,0,0,0,40589663000,40589799000,-1,0,0,0,0,0,0,0,0
1,2,22,7,1076651027,2829312,0,0,40589809000,40589991000,-1,0,0,0,41943520,0,0,1280,3064438784
1,2,22,7,25602,0,0,0,40589992000,40589995000,-1,0,0,0,0,0,0,0,0
1,2,22,7,25607,0,0,0,40589996000,40601204000,-1,0,0,0,0,0,0,0,0
0,1,22,15,2,0,15,0,40603424000,40603589000,-1,0,0,0,0,0,0,0,0
1,1,22,15,20483,0,0,0,40603595000,40603605000,-1,0,0,0,0,0,0,0,0
1,1,22,15,1088704512,3066196212,0,0,40603608000,40603614000,-1,3066200064,3065053184,0,16777440,41943520,0,1,0
1,1,22,15,2147766273,0,0,0,40603616000,40603714000,-1,0,0,0,0,0,0,0,0
1,1,22,15,2147766276,3000,0,0,40603716000,40605597000,-1,0,0,0,0,0,0,0,0
1,1,22,15,2147766277,3064434148,0,0,40605601000,40605604000,6,0,0,0,0,0,0,0,0
1,1,22,15,20483,0,0,0,40605605000,40605608000,-1,0,0,0,0,0,0,0,0
2,1,22,15,0,0,0,0,40605610000,40605735000,-1,0,0,0,0,0,0,0,0
1,2,22,7,1076651027,2829356,0,0,40605744000,40605925000,-1,0,0,0,41943520,0,0,1280,3065053184
1,2,22,7,25602,0,0,0,40605927000,40605930000,-1,0,0,0,0,0,0,0,0
1,2,22,7,25607,0,0,0,40605931000,40617865000,-1,0,0,0,0,0,0,0,0
0,1,22,15,2,0,15,0,40619236000,40619406000,-1,0,0,0,0,0,0,0,0
1,1,22,15,20483,0,0,0,40619412000,40619422000,-1,0,0,0,0,0,0,0,0
1,1,22,15,1088704512,3066196212,0,0,40619424000,40619431000,-1,3066200064,3064438784,0,16777440,41943520,0,1,0
1,1,22,15,2147766273,0,0,0,40619432000,40619538000,-1,0,0,0,0,0,0,0,0
1,1,22,15,2147766276,3000,0,0,40619540000,40621437000,-1,0,0,0,0,0,0,0,0
1,1,22,15,2147766277,3064434148,0,0,40621440000,40621444000,6,0,0,0,0,0,0,0,0
1,1,22,15,20483,0,0,0,40621445000,40621449000,-1,0,0,0,0,0,0,0,0
2,1,22,15,0,0,0,0,40621451000,40621544000,-1,0,0,0,0,0,0,0,0
1,2,22,7,1076651027,2829312,0,0,40621551000,40621766000,-1,0,0,0,41943520,0,0,1280,3064438784
1,2,22,7,25602,0,0,0,40621768000,40621772000,-1,0,0,0,0,0,0,0,0
1,2,22,7,25607,0,0,0,40621773000,40634529000,-1,0,0,0,0,0,0,0,0
0,1,22,15,2,0,15,0,40635148000,40635303000,-1,0,0,0,0,0,0,0,0
1,1,22,15,20483,0,0,0,40635308000,40635319000,-1,0,0,0,0,0,0,0,0
1,1,22,15,1088704512,3066196212,0,0,40635321000,40635327000,-1,3066200064,3065053184,0,16777440,41943520,0,1,0
1,1,22,15,2147766273,0,0,0,40635328000,40635419000,-1,0,0,0,0,0,0,0,0
1,1,22,15,2147766276,3000,0,0,40635422000,40637304000,-1,0,0,0,0,0,0,0,0
1,1,22,15,2147766277,3064434148,0,0,40637308000,40637311000,6,0,0,0,0,0,0,0,0
1,1,22,15,20483,0,0,0,40637312000,40637315000,-1,0,0,0,0,0,0,0,0
2,1,22,15,0,0,0,0,40637317000,40637412000,-1,0,0,0,0,0,0,0,0
1,2,22,7,1076651027,2829356,0,0,40637421000,40637602000,-1,0,0,0,41943520,0,0,1280,3065053184
1,2,22,7,25602,0,0,0,40637604000,40637607000,-1,0,0,0,0,0,0,0,0
1,2,22,7,25607,0,0,0,40637608000,40651206000,-1,0,0,0,0,0,0,0,0
0,1,22,15,2,0,15,0,40651229000,40651375000,-1,0,0,0,0,0,0,0,0
1,1,22,15,20483,0,0,0,40651379000,40651388000,-1,0,0,0,0,0,0,0,0
1,1,22,15,1088704512,3066196212,0,0,40651390000,40651395000,-1,3066200064,3064438784,0,16777440,41943520,0,1,0
1,1,22,15,2147766273,0,0,0,40651397000,40651489000,-1,0,0,0,0,0,0,0,0
1,1,22,15,2147766276,3000,0,0,40651491000,40653359000,-1,0,0,0,0,0,0,0,0
1,1,22,15,2147766277,3064434148,0,0,40653361000,40653364000,6,0,0,0,0,0,0,0,0
1,1,22,15,20483,0,0,0,40653365000,40653368000,-1,0,0,0,0,0,0,0,0
2,1,22,15,0,0,0,0,40653403000,40653493000,-1,0,0,0,0,0,0,0,0
1,2,22,7,1076651027,2829312,0,0,40653502000,40653718000,-1,0,0,0,41943520,0,0,1280,3064438784
1,2,22,7,25602,0,0,0,40653720000,40653724000,-1,0,0,0,0,0,0,0,0
1,2,22,7,25607,0,0,0,40653725000,40667870000,-1,0,0,0,0,0,0,0,0
0,1,22,15,2,0,15,0,40667894000,40668044000,-1,0,0,0,0,0,0,0,0
1,1,22,15,20483,0,0,0,40668048000,40668056000,-1,0,0,0,0,0,0,0,0
1,1,22,15,1088704512,3066196212,0,0,40668057000,40668063000,-1,3066200064,3065053184,0,16777440,41943520,0,1,0
1,1,22,15,2147766273,0,0,0,40668065000,40668159000,-1,0,0,0,0,0,0,0,0
1,1,22,15,2147766276,3000,0,0,40668160000,40670067000,-1,0,0,0,0,0,0,0,0
1,1,22,15,2147766277,3064434148,0,0,40670071000,40670075000,6,0,0,0,0,0,0,0,0
1,1,22,15,20483,0,0,0,40670076000,40670079000,-1,0,0,0,0,0,0,0,0
2,1,22,15,0,0,0,0,40670081000,40670185000,-1,0,0,0,0,0,0,0,0
1,2,22,7,1076651027,2829356,0,0,40670192000,40670373000,-1,0,0,0,41943520,0,0,1280,3065053184
1,2,22,7,25602,0,0,0,40670376000,40670379000,-1,0,0,0,0,0,0,0,0
1,2,22,7,25607,0,0,0,40670380000,40684526000,-1,0,0,0,0,0,0,0,0
0,1,22,15,2,0,15,0,40684549000,40684699000,-1,0,0,0,0,0,0,0,0
1,1,22,15,20483,0,0,0,40684702000,40684711000,-1,0,0,0,0,0,0,0,0
1,1,22,15,1088704512,3066196212,0,0,40684713000,40684719000,-1,3066200064,3064438784,0,16777440,41943520,0,1,0
1,1,22,15,2147766273,0,0,0,40684720000,40684813000,-1,0,0,0,0,0,0,0,0
1,1,22,15,2147766276,3000,0,0,40684815000,40686682000,-1,0,0,0,0,0,0,0,0
1,1,22,15,2147766277,3064434148,0,0,40686685000,40686688000,6,0,0,0,0,0,0,0,0
1,1,22,15,20483,0,0,0,40686690000,40686693000,-1,0,0,0,0,0,0,0,0
2,1,22,15,0,0,0,0,40686695000,40686801000,-1,0,0,0,0,0,0,0,0
1,2,22,7,1076651027,2829312,0,0,40686809000,40686989000,-1,0,0,0,41943520,0,0,1280,3064438784
1,2,22,7,25602,0,0,0,40686990000,40686994000,-1,0,0,0,0,0,0,0,0
1,2,22,7,25607,0,0,0,40686995000,40701151000,-1,0,0,0,0,0,0,0,0
0,1,22,15,2,0,15,0,40706990000,40707161000,-1,0,0,0,0,0,0,0,0
1,1,22,15,20483,0,0,0,40707166000,40707177000,-1,0,0,0,0,0,0,0,0
1,1,22,15,1088704512,3066196212,0,0,40707179000,40707185000,-1,3066200064,3065053184,0,16777440,41943520,0,1,0
1,1,22,15,2147766273,0,0,0,40707187000,40707294000,-1,0,0,0,0,0,0,0,0
1,1,22,15,2147766276,3000,0,0,40707296000,40709179000,-1,0,0,0,0,0,0,0,0
1,1,22,15,2147766277,3064434148,0,0,40709182000,40709187000,6,0,0,0,0,0,0,0,0
1,1,22,15,20483,0,0,0,40709188000,40709191000,-1,0,0,0,0,0,0,0,0
2,1,22,15,0,0,0,0,40709192000,40709290000,-1,0,0,0,0,0,0,0,0
1,2,22,7,1076651027,2829356,0,0,40709299000,40709480000,-1,0,0,0,41943520,0,0,1280,3065053184
1,2,22,7,25602,0,0,0,40709482000,40709485000,-1,0,0,0,0,0,0,0,0
1,2,22,7,25607,0,0,0,40709486000,40717806000,-1,0,0,0,0,0,0,0,0
0,1,22,15,2,0,15,0,40723062000,40723222000,-1,0,0,0,0,0,0,0,0
1,1,22,15,20483,0,0,0,40723228000,40723238000,-1,0,0,0,0,0,0,0,0
1,1,22,15,1088704512,3066196212,0,0,40723240000,40723247000,-1,3066200064,3064438784,0,16777440,41943520,0,1,0
1,1,22,15,2147766273,0,0,0,40723249000,40723347000,-1,0,0,0,0,0,0,0,0
1,1,22,15,2147766276,3000,0,0,40723349000,40725231000,-1,0,0,0,0,0,0,0,0
1,1,22,15,2147766277,3064434148,0,0,40725234000,40725238000,6,0,0,0,0,0,0,0,0
1,1,22,15,20483,0,0,0,40725239000,40725242000,-1,0,0,0,0,0,0,0,0
2,1,22,15,0,0,0,0,40725244000,40725339000,-1,0,0,0,0,0,0,0,0
1,2,22,7,1076651027,2829312,0,0,40725347000,40725526000,-1,0,0,0,41943520,0,0,1280,3064438784
1,2,22,7,25602,0,0,0,40725528000,40725532000,-1,0,0,0,0,0,0,0,0
1,2,22,7,25607,0,0,0,40725568000,40734463000,-1,0,0,0,0,0,0,0,0
0,1,22,15,2,0,15,0,40739039000,40739201000,-1,0,0,0,0,0,0,0,0
1,1,22,15,20483,0,0,0,40739206000,40739217000,-1,0,0,0,0,0,0,0,0
1,1,22,15,1088704512,3066196212,0,0,40739219000,40739225000,-1,3066200064,3065053184,0,16777440,41943520,0,1,0
1,1,22,15,2147766273,0,0,0,40739227000,40739325000,-1,0,0,0,0,0,0,0,0
1,1,22,15,2147766276,3000,0,0,40739327000,40741224000,-1,0,0,0,0,0,0,0,0
1,1,22,15,2147766277,3064434148,0,0,40741228000,40741231000,6,0,0,0,0,0,0,0,0
1,1,22,15,20483,0,0,0,40741232000,40741235000,-1,0,0,0,0,0,0,0,0
2,1,22,15,0,0,0,0,40741238000,40741331000,-1,0,0,0,0,0,0,0,0
1,2,22,7,1076651027,2829356,0,0,40741340000,40741520000,-1,0,0,0,41943520,0,0,1280,3065053184
1,2,22,7,25602,0,0,0,40741521000,40741525000,-1,0,0,0,0,0,0,0,0
1,2,22,7,25607,0,0,0,40741526000,40751117000,-1,0,0,0,0,0,0,0,0
0,1,22,15,2,0,15,0,40755046000,40755215000,-1,0,0,0,0,0,0,0,0
1,1,22,15,20483,0,0,0,40755220000,40755231000,-1,0,0,0,0,0,0,0,0
1,1,22,15,1088704512,3066196212,0,0,40755233000,40755240000,-1,3066200064,3064438784,0,16777440,41943520,0,1,0
1,1,22,15,2147766273,0,0,0,40755242000,40755342000,-1,0,0,0,0,0,0,0,0
1,1,22,15,2147766276,3000,0,0,40755345000,40757220000,-1,0,0,0,0,0,0,0,0
1,1,22,15,2147766277,3064434148,0,0,40757224000,40757228000,6,0,0,0,0,0,0,0,0
1,1,22,15,20483,0,0,0,40757229000,40757232000,-1,0,0,0,0,0,0,0,0
2,1,22,15,0,0,0,0,40757234000,40757324000,-1,0,0,0,0,0,0,0,0
1,2,22,7,1076651027,2829312,0,0,40757332000,40757512000,-1,0,0,0,41943520,0,0,1280,3064438784
1,2,22,7,25602,0,0,0,40757513000,40757517000,-1,0,0,0,0,0,0,0,0
1,2,22,7,25607,0,0,0,40757518000,40767779000,-1,0,0,0,0,0,0,0,0
0,1,22,15,2,0,15,0,40772742000,40772904000,-1,0,0,0,0,0,0,0,0
1,1,22,15,20483,0,0,0,40772911000,40772922000,-1,0,0,0,0,0,0,0,0
1,1,22,15,1088704512,3066196212,0,0,40772924000,40772931000,-1,3066200064,3065053184,0,16777440,41943520,0,1,0
1,1,22,15,2147766273,0,0,0,40772932000,40773031000,-1,0,0,0,0,0,0,0,0
1,1,22,15,2147766276,3000,0,0,40773033000,40774899000,-1,0,0,0,0,0,0,0,0
1,1,22,15,2147766277,3064434148,0,0,40774902000,40774906000,6,0,0,0,0,0,0,0,0
1,1,22,15,20483,0,0,0,40774907000,40774909000,-1,0,0,0,0,0,0,0,0
2,1,22,15,0,0,0,0,40774911000,40775014000,-1,0,0,0,0,0,0,0,0
1,2,22,7,1076651027,2829356,0,0,40775023000,40775203000,-1,0,0,0,41943520,0,0,1280,3065053184
1,2,22,7,25602,0,0,0,40775204000,40775208000,-1,0,0,0,0,0,0,0,0
1,2,22,7,25607,0,0,0,40775209000,40784432000,-1,0,0,0,0,0,0,0,0
0,1,22,15,2,0,15,0,40787461000,40787618000,-1,0,0,0,0,0,0,0,0
1,1,22,15,20483,0,0,0,40787624000,40787633000,-1,0,0,0,0,0,0,0,0
1,1,22,15,1088704512,3066196212,0,0,40787635000,40787641000,-1,3066200064,3064438784,0,16777440,41943520,0,1,0
1,1,22,15,2147766273,0,0,0,40787643000,40787740000,-1,0,0,0,0,0,0,0,0
1,1,22,15,2147766276,3000,0,0,40787741000,40789619000,-1,0,0,0,0,0,0,0,0
1,1,22,15,2147766277,3064434148,0,0,40789622000,40789625000,6,0,0,0,0,0,0,0,0
1,1,22,15,20483,0,0,0,40789626000,40789630000,-1,0,0,0,0,0,0,0,0
2,1,22,15,0,0,0,0,40789632000,40789756000,-1,0,0,0,0,0,0,0,0
1,2,22,7,1076651027,2829312,0,0,40789765000,40789947000,-1,0,0,0,41943520,0,0,1280,3064438784
1,2,22,7,25602,0,0,0,40789949000,40789952000,-1,0,0,0,0,0,0,0,0
1,2,22,7,25607,0,0,0,40789953000,40801100000,-1,0,0,0,0,0,0,0,0
0,1,22,15,2,0,15,0,40803409000,40803567000,-1,0,0,0,0,0,0,0,0
1,1,22,15,20483,0,0,0,40803611000,40803622000,-1,0,0,0,0,0,0,0,0
1,1,22,15,1088704512,3066196212,0,0,40803624000,40803631000,-1,3066200064,3065053184,0,16777440,41943520,0,1,0
1,1,22,15,2147766273,0,0,0,40803632000,40803730000,-1,0,0,0,0,0,0,0,0
1,1,22,15,2147766276,3000,0,0,40803732000,40805609000,-1,0,0,0,0,0,0,0,0
1,1,22,15,2147766277,3064434148,0,0,40805612000,40805615000,6,0,0,0,0,0,0,0,0
1,1,22,15,20483,0,0,0,40805616000,40805619000,-1,0,0,0,0,0,0,0,0
2,1,22,15,0,0,0,0,40805621000,40805746000,-1,0,0,0,0,0,0,0,0
1,2,22,7,1076651027,2829356,0,0,40805756000,40805939000,-1,0,0,0,41943520,0,0,1280,3065053184
1,2,22,7,25602,0,0,0,40805940000,40805943000,-1,0,0,0,0,0,0,0,0
1,2,22,7,25607,0,0,0,40805944000,40817748000,-1,0,0,0,0,0,0,0,0
0,1,22,15,2,0,15,0,40819334000,40819491000,-1,0,0,0,0,0,0,0,0
1,1,22,15,20483,0,0,0,40819496000,40819506000,-1,0,0,0,0,0,0,0,0
1,1,22,15,1088704512,3066196212,0,0,40819508000,40819514000,-1,3066200064,3064438784,0,16777440,41943520,0,1,0
1,1,22,15,2147766273,0,0,0,40819516000,40819605000,-1,0,0,0,0,0,0,0,0
1,1,22,15,2147766276,3000,0,0,40819607000,40821504000,-1,0,0,0,0,0,0,0,0
1,1,22,15,2147766277,3064434148,0,0,40821508000,40821512000,6,0,0,0,0,0,0,0,0
1,1,22,15,20483,0,0,0,40821513000,40821516000,-1,0,0,0,0,0,0,0,0
2,1,22,15,0,0,0,0,40821518000,40821610000,-1,0,0,0,0,0,0,0,0
1,2,22,7,1076651027,2829312,0,0,40821619000,40821835000,-1,0,0,0,41943520,0,0,1280,3064438784
1,2,22,7,25602,0,0,0,40821838000,40821842000,-1,0,0,0,0,0,0,0,0
1,2,22,7,25607,0,0,0,40821843000,40834432000,-1,0,0,0,0,0,0,0,0
0,1,22,15,2,0,15,0,40835132000,40835275000,-1,0,0,0,0,0,0,0,0
1,1,22,15,20483,0,0,0,40835279000,40835288000,-1,0,0,0,0,0,0,0,0
1,1,22,15,1088704512,3066196212,0,0,40835290000,40835296000,-1,3066200064,3065053184,0,16777440,41943520,0,1,0
1,1,22,15,2147766273,0,0,0,40835298000,40835384000,-1,0,0,0,0,0,0,0,0
1,1,22,15,2147766276,3000,0,0,40835386000,40837263000,-1,0,0,0,0,0,0,0,0
1,1,22,15,2147766277,3064434148,0,0,40837266000,40837269000,6,0,0,0,0,0,0,0,0
1,1,22,15,20483,0,0,0,40837271000,40837273000,-1,0,0,0,0,0,0,0,0
2,1,22,15,0,0,0,0,40837275000,40837368000,-1,0,0,0,0,0,0,0,0
1,2,22,7,1076651027,2829356,0,0,40837377000,40837557000,-1,0,0,0,41943520,0,0,1280,3065053184
1,2,22,7,25602,0,0,0,40837558000,40837561000,-1,0,0,0,0,0,0,0,0
1,2,22,7,25607,0,0,0,40837562000,40851108000,-1,0,0,0,0,0,0,0,0
0,1,22,15,2,0,15,0,40851132000,40851289000,-1,0,0,0,0,0,0,0,0
1,1,22,15,20483,0,0,0,40851294000,40851303000,-1,0,0,0,0,0,0,0,0
1,1,22,15,1088704512,3066196212,0,0,40851305000,40851311000,-1,3066200064,3064438784,0,16777440,41943520,0,1,0
1,1,22,15,2147766273,0,0,0,40851312000,40851414000,-1,0,0,0,0,0,0,0,0
1,1,22,15,2147766276,3000,0,0,40851416000,40853293000,-1,0,0,0,0,0,0,0,0
1,1,22,15,2147766277,3064434148,0,0,40853296000,40853300000,6,0,0,0,0,0,0,0,0
1,1,22,15,20483,0,0,0,40853301000,40853304000,-1,0,0,0,0,0,0,0,0
2,1,22,15,0,0,0,0,40853306000,40853393000,-1,0,0,0,0,0,0,0,0
1,2,22,7,1076651027,2829312,0,0,40853401000,40853581000,-1,0,0,0,41943520,0,0,1280,3064438784
1,2,22,7,25602,0,0,0,40853582000,40853585000,-1,0,0,0,0,0,0,0,0
1,2,22,7,25607,0,0,0,40853586000,40867750000,-1,0,0,0,0,0,0,0,0
0,1,22,15,2,0,15,0,40867772000,40867920000,-1,0,0,0,0,0,0,0,0
1,1,22,15,20483,0,0,0,40867925000,40867933000,-1,0,0,0,0,0,0,0,0
1,1,22,15,1088704512,3066196212,0,0,40867935000,40867941000,-1,3066200064,3065053184,0,16777440,41943520,0,1,0
1,1,22,15,2147766273,0,0,0,40867942000,40868033000,-1,0,0,0,0,0,0,0,0
1,1,22,15,2147766276,3000,0,0,40868078000,40869932000,-1,0,0,0,0,0,0,0,0
1,1,22,15,2147766277,3064434148,0,0,40869936000,40869938000,6,0,0,0,0,0,0,0,0
1,1,22,15,20483,0,0,0,40869939000,40869943000,-1,0,0,0,0,0,0,0,0
2,1,22,15,0,0,0,0,40869944000,40870111000,-1,0,0,0,0,0,0,0,0
1,2,22,7,1076651027,2829356,0,0,40870120000,40870302000,-1,0,0,0,41943520,0,0,1280,3065053184
1,2,22,7,25602,0,0,0,40870303000,40870306000,-1,0,0,0,0,0,0,0,0
1,2,22,7,25607,0,0,0,40870308000,40884380000,-1,0,0,0,0,0,0,0,0
0,1,22,15,2,0,15,0,40891006000,40891163000,-1,0,0,0,0,0,0,0,0
1,1,22,15,20483,0,0,0,40891169000,40891178000,-1,0,0,0,0,0,0,0,0
1,1,22,15,1088704512,3066196212,0,0,40891180000,40891187000,-1,3066200064,3064438784,0,16777440,41943520,0,1,0
1,1,22,15,2147766273,0,0,0,40891189000,40891280000,-1,0,0,0,0,0,0,0,0
1,1,22,15,2147766276,3000,0,0,40891283000,40893158000,-1,0,0,0,0,0,0,0,0
1,1,22,15,2147766277,3064434148,0,0,40893161000,40893164000,6,0,0,0,0,0,0,0,0
1,1,22,15,20483,0,0,0,40893166000,40893169000,-1,0,0,0,0,0,0,0,0
2,1,22,15,0,0,0,0,40893171000,40893264000,-1,0,0,0,0,0,0,0,0
1,2,22,7,1076651027,2829312,0,0,40893272000,40893451000,-1,0,0,0,41943520,0,0,1280,3064438784
1,2,22,7,25602,0,0,0,40893453000,40893456000,-1,0,0,0,0,0,0,0,0
1,2,22,7,25607,0,0,0,40893457000,40901033000,-1,0,0,0,0,0,0,0,0
0,1,22,15,2,0,15,0,40907101000,40907263000,-1,0,0,0,0,0,0,0,0
1,1,22,15,20483,0,0,0,40907269000,40907278000,-1,0,0,0,0,0,0,0,0
1,1,22,15,1088704512,3066196212,0,0,40907280000,40907286000,-1,3066200064,3065053184,0,16777440,41943520,0,1,0
1,1,22,15,2147766273,0,0,0,40907288000,40907385000,-1,0,0,0,0,0,0,0,0
1,1,22,15,2147766276,3000,0,0,40907387000,40909268000,-1,0,0,0,0,0,0,0,0
1,1,22,15,2147766277,3064434148,0,0,40909271000,40909275000,6,0,0,0,0,0,0,0,0
1,1,22,15,20483,0,0,0,40909276000,40909278000,-1,0,0,0,0,0,0,0,0
2,1,22,15,0,0,0,0,40909280000,40909375000,-1,0,0,0,0,0,0,0,0
1,2,22,7,1076651027,2829356,0,0,40909382000,40909563000,-1,0,0,0,41943520,0,0,1280,3065053184
1,2,22,7,25602,0,0,0,40909565000,40909569000,-1,0,0,0,0,0,0,0,0
1,2,22,7,25607,0,0,0,40909570000,40917703000,-1,0,0,0,0,0,0,0,0
0,1,22,15,2,0,15,0,40939048000,40939214000,-1,0,0,0,0,0,0,0,0
1,1,22,15,20483,0,0,0,40939220000,40939230000,-1,0,0,0,0,0,0,0,0
1,1,22,15,1088704512,3066196212,0,0,40939233000,40939239000,-1,3066200064,3064438784,0,16777440,41943520,0,1,0
1,1,22,15,2147766273,0,0,0,40939240000,40939339000,-1,0,0,0,0,0,0,0,0
1,1,22,15,2147766276,3000,0,0,40939341000,40941213000,-1,0,0,0,0,0,0,0,0
1,1,22,15,2147766277,3064434148,0,0,40941216000,40941219000,6,0,0,0,0,0,0,0,0
1,1,22,15,20483,0,0,0,40941220000,40941222000,-1,0,0,0,0,0,0,0,0
2,1,22,15,0,0,0,0,40941224000,40941315000,-1,0,0,0,0,0,0,0,0
1,2,22,7,1076651027,2829312,0,0,40941322000,40941503000,-1,0,0,0,41943520,0,0,1280,3064438784
1,2,22,7,25602,0,0,0,40941505000,40941508000,-1,0,0,0,0,0,0,0,0
1,2,22,7,25607,0,0,0,40941509000,40951003000,-1,0,0,0,0,0,0,0,0
0,1,22,15,2,0,15,0,40953004000,40953159000,-1,0,0,0,0,0,0,0,0
1,1,22,15,20483,0,0,0,40953164000,40953174000,-1,0,0,0,0,0,0,0,0
1,1,22,15,1088704512,3066196212,0,0,40953176000,40953182000,-1,3066200064,3065053184,0,16777440,41943520,0,1,0
1,1,22,15,2147766273,0,0,0,40953184000,40953280000,-1,0,0,0,0,0,0,0,0
1,1,22,15,2147766276,3000,0,0,40953283000,40955158000,-1,0,0,0,0,0,0,0,0
1,1,22,15,2147766277,3064434148,0,0,40955160000,40955163000,6,0,0,0,0,0,0,0,0
1,1,22,15,20483,0,0,0,40955199000,40955203000,-1,0,0,0,0,0,0,0,0
2,1,22,15,0,0,0,0,40955205000,40955300000,-1,0,0,0,0,0,0,0,0
1,2,22,7,1076651027,2829356,0,0,40955310000,40955490000,-1,0,0,0,41943520,0,0,1280,3065053184
1,2,22,7,25602,0,0,0,40955492000,40955495000,-1,0,0,0,0,0,0,0,0
1,2,22,7,25607,0,0,0,40955496000,40967697000,-1,0,0,0,0,0,0,0,0
0,1,22,15,2,0,15,0,40967716000,40967867000,-1,0,0,0,0,0,0,0,0
1,1,22,15,20483,0,0,0,40967872000,40967880000,-1,0,0,0,0,0,0,0,0
1,1,22,15,1088704512,3066196212,0,0,40967882000,40967888000,-1,3066200064,3064438784,0,16777440,41943520,0,1,0
1,1,22,15,2147766273,0,0,0,40967889000,40967987000,-1,0,0,0,0,0,0,0,0
1,1,22,15,2147766276,3000,0,0,40967989000,40969854000,-1,0,0,0,0,0,0,0,0
1,1,22,15,2147766277,3064434148,0,0,40969856000,40969859000,6,0,0,0,0,0,0,0,0
1,1,22,15,20483,0,0,0,40969860000,40969863000,-1,0,0,0,0,0,0,0,0
2,1,22,15,0,0,0,0,40969864000,40969946000,-1,0,0,0,0,0,0,0,0
1,2,22,7,1076651027,2829312,0,0,40969954000,40970183000,-1,0,0,0,41943520,0,0,1280,3064438784
1,2,22,7,25602,0,0,0,40970185000,40970188000,-1,0,0,0,0,0,0,0,0
1,2,22,7,25607,0,0,0,40970190000,40984350000,-1,0,0,0,0,0,0,0,0
0,1,22,15,2,0,15,0,40984368000,40984514000,-1,0,0,0,0,0,0,0,0
1,1,22,15,20483,0,0,0,40984517000,40984525000,-1,0,0,0,0,0,0,0,0
1,1,22,15,1088704512,3066196212,0,0,40984528000,40984533000,-1,3066200064,3065053184,0,16777440,41943520,0,1,0
1,1,22,15,2147766273,0,0,0,40984535000,40984624000,-1,0,0,0,0,0,0,0,0
1,1,22,15,2147766276,3000,0,0,40984625000,40986499000,-1,0,0,0,0,0,0,0,0
1,1,22,15,2147766277,3064434148,0,0,40986501000,40986504000,6,0,0,0,0,0,0,0,0
1,1,22,15,20483,0,0,0,40986505000,40986507000,-1,0,0,0,0,0,0,0,0
2,1,22,15,0,0,0,0,40986509000,40986590000,-1,0,0,0,0,0,0,0,0
1,2,22,7,1076651027,2829356,0,0,40986598000,40986777000,-1,0,0,0,41943520,0,0,1280,3065053184
1,2,22,7,25602,0,0,0,40986778000,40986781000,-1,0,0,0,0,0,0,0,0
1,2,22,7,25607,0,0,0,40986782000,41000987000,-1,0,0,0,0,0,0,0,0
0,1,22,15,2,0,15,0,41001004000,41001157000,-1,0,0,0,0,0,0,0,0
1,1,22,15,20483,0,0,0,41001160000,41001168000,-1,0,0,0,0,0,0,0,0
1,1,22,15,1088704512,3066196212,0,0,41001170000,41001176000,-1,3066200064,3064438784,0,16777440,41943520,0,1,0
1,1,22,15,2147766273,0,0,0,41001177000,41001269000,-1,0,0,0,0,0,0,0,0
1,1,22,15,2147766276,3000,0,0,41001270000,41003134000,-1,0,0,0,0,0,0,0,0
1,1,22,15,2147766277,3064434148,0,0,41003137000,41003140000,6,0,0,0,0,0,0,0,0
1,1,22,15,20483,0,0,0,41003141000,41003143000,-1,0,0,0,0,0,0,0,0
2,1,22,15,0,0,0,0,41003145000,41003227000,-1,0,0,0,0,0,0,0,0
1,2,22,7,1076651027,2829312,0,0,41003235000,41003414000,-1,0,0,0,41943520,0,0,1280,3064438784
1,2,22,7,25602,0,0,0,41003415000,41003418000,-1,0,0,0,0,0,0,0,0
1,2,22,7,25607,0,0,0,41003419000,41017656000,-1,0,0,0,0,0,0,0,0
0,1,22,15,2,0,15,0,41017679000,41017825000,-1,0,0,0,0,0,0,0,0
1,1,22,15,20483,0,0,0,41017829000,41017837000,-1,0,0,0,0,0,0,0,0
1,1,22,15,1088704512,3066196212,0,0,41017838000,41017843000,-1,3066200064,3065053184,0,16777440,41943520,0,1,0
1,1,22,15,2147766273,0,0,0,41017845000,41017936000,-1,0,0,0,0,0,0,0,0
1,1,22,15,2147766276,3000,0,0,41017938000,41019804000,-1,0,0,0,0,0,0,0,0
1,1,22,15,2147766277,3064434148,0,0,41019807000,41019810000,6,0,0,0,0,0,0,0,0
1,1,22,15,20483,0,0,0,41019811000,41019814000,-1,0,0,0,0,0,0,0,0
2,1,22,15,0,0,0,0,41019816000,41019898000,-1,0,0,0,0,0,0,0,0
1,2,22,7,1076651027,2829356,0,0,41019906000,41020147000,-1,0,0,0,41943520,0,0,1280,3065053184
1,2,22,7,25602,0,0,0,41020186000,41020190000,-1,0,0,0,0,0,0,0,0
1,2,22,7,25607,0,0,0,41020192000,41034322000,-1,0,0,0,0,0,0,0,0
0,1,22,15,2,0,15,0,41034341000,41034490000,-1,0,0,0,0,0,0,0,0
1,1,22,15,20483,0,0,0,41034494000,41034502000,-1,0,0,0,0,0,0,0,0
1,1,22,15,1088704512,3066196212,0,0,41034504000,41034510000,-1,3066200064,3064438784,0,16777440,41943520,0,1,0
1,1,22,15,2147766273,0,0,0,41034511000,41034602000,-1,0,0,0,0,0,0,0,0
1,1,22,15,2147766276,3000,0,0,41034603000,41036469000,-1,0,0,0,0,0,0,0,0
1,1,22,15,2147766277,3064434148,0,0,41036472000,41036475000,6,0,0,0,0,0,0,0,0
1,1,22,15,20483,0,0,0,41036476000,41036478000,-1,0,0,0,0,0,0,0,0
2,1,22,15,0,0,0,0,41036480000,41036565000,-1,0,0,0,0,0,0,0,0
1,2,22,7,1076651027,2829312,0,0,41036572000,41036750000,-1,0,0,0,41943520,0,0,1280,3064438784
1,2,22,7,25602,0,0,0,41036751000,41036755000,-1,0,0,0,0,0,0,0,0
1,2,22,7,25607,0,0,0,41036756000,41050952000,-1,0,0,0,0,0,0,0,0
0,1,22,15,2,0,15,0,41050971000,41051116000,-1,0,0,0,0,0,0,0,0
1,1,22,15,20483,0,0,0,41051120000,41051127000,-1,0,0,0,0,0,0,0,0
1,1,22,15,1088704512,3066196212,0,0,41051129000,41051135000,-1,3066200064,3065053184,0,16777440,41943520,0,1,0
1,1,22,15,2147766273,0,0,0,41051136000,41051223000,-1,0,0,0,0,0,0,0,0
1,1,22,15,2147766276,3000,0,0,41051225000,41053089000,-1,0,0,0,0,0,0,0,0
1,1,22,15,2147766277,3064434148,0,0,41053092000,41053095000,6,0,0,0,0,0,0,0,0
1,1,22,15,20483,0,0,0,41053096000,41053099000,-1,0,0,0,0,0,0,0,0
2,1,22,15,0,0,0,0,41053101000,41053182000,-1,0,0,0,0,0,0,0,0
1,2,22,7,1076651027,2829356,0,0,41053190000,41053368000,-1,0,0,0,41943520,0,0,1280,3065053184
1,2,22,7,25602,0,0,0,41053370000,41053373000,-1,0,0,0,0,0,0,0,0
1,2,22,7,25607,0,0,0,41053374000,41067615000,-1,0,0,0,0,0,0,0,0
0,1,22,15,2,0,15,0,41067638000,41067790000,-1,0,0,0,0,0,0,0,0
1,1,22,15,20483,0,0,0,41067794000,41067802000,-1,0,0,0,0,0,0,0,0
1,1,22,15,1088704512,3066196212,0,0,41067804000,41067809000,-1,3066200064,3064438784,0,16777440,41943520,0,1,0
1,1,22,15,2147766273,0,0,0,41067810000,41067902000,-1,0,0,0,0,0,0,0,0
1,1,22,15,2147766276,3000,0,0,41067904000,41069826000,-1,0,0,0,0,0,0,0,0
1,1,22,15,2147766277,3064434148,0,0,41069829000,41069832000,6,0,0,0,0,0,0,0,0
1,1,22,15,20483,0,0,0,41069833000,41069835000,-1,0,0,0,0,0,0,0,0
2,1,22,15,0,0,0,0,41069838000,41069937000,-1,0,0,0,0,0,0,0,0
1,2,22,7,1076651027,2829312,0,0,41069944000,41070168000,-1,0,0,0,41943520,0,0,1280,3064438784
1,2,22,7,25602,0,0,0,41070170000,41070174000,-1,0,0,0,0,0,0,0,0
1,2,22,7,25607,0,0,0,41070175000,41084293000,-1,0,0,0,0,0,0,0,0
0,1,22,15,2,0,15,0,41084317000,41084462000,-1,0,0,0,0,0,0,0,0
1,1,22,15,20483,0,0,0,41084467000,41084476000,-1,0,0,0,0,0,0,0,0
1,1,22,15,1088704512,3066196212,0,0,41084478000,41084484000,-1,3066200064,3065053184,0,16777440,41943520,0,1,0
1,1,22,15,2147766273,0,0,0,41084485000,41084578000,-1,0,0,0,0,0,0,0,0
1,1,22,15,2147766276,3000,0,0,41084580000,41086444000,-1,0,0,0,0,0,0,0,0
1,1,22,15,2147766277,3064434148,0,0,41086448000,41086451000,6,0,0,0,0,0,0,0,0
1,1,22,15,20483,0,0,0,41086452000,41086455000,-1,0,0,0,0,0,0,0,0
2,1,22,15,0,0,0,0,41086457000,41086560000,-1,0,0,0,0,0,0,0,0
1,2,22,7,1076651027,2829356,0,0,41086569000,41086748000,-1,0,0,0,41943520,0,0,1280,3065053184
1,2,22,7,25602,0,0,0,41086750000,41086754000,-1,0,0,0,0,0,0,0,0
1,2,22,7,25607,0,0,0,41086755000,41100964000,-1,0,0,0,0,0,0,0,0
0,1,22,15,2,0,15,0,41100988000,41101134000,-1,0,0,0,0,0,0,0,0
1,1,22,15,20483,0,0,0,41101176000,41101186000,-1,0,0,0,0,0,0,0,0
1,1,22,15,1088704512,3066196212,0,0,41101189000,41101195000,-1,3066200064,3064438784,0,16777440,41943520,0,1,0
1,1,22,15,2147766273,0,0,0,41101197000,41101293000,-1,0,0,0,0,0,0,0,0
1,1,22,15,2147766276,3000,0,0,41101295000,41103163000,-1,0,0,0,0,0,0,0,0
1,1,22,15,2147766277,3064434148,0,0,41103167000,41103170000,6,0,0,0,0,0,0,0,0
1,1,22,15,20483,0,0,0,41103171000,41103174000,-1,0,0,0,0,0,0,0,0
2,1,22,15,0,0,0,0,41103176000,41103277000,-1,0,0,0,0,0,0,0,0
1,2,22,7,1076651027,2829312,0,0,41103285000,41103466000,-1,0,0,0,41943520,0,0,1280,3064438784
1,2,22,7,25602,0,0,0,41103468000,41103471000,-1,0,0,0,0,0,0,0,0
1,2,22,7,25607,0,0,0,41103473000,41117606000,-1,0,0,0,0,0,0,0,0
0,1,22,15,2,0,15,0,41117629000,41117803000,-1,0,0,0,0,0,0,0,0
1,1,22,15,20483,0,0,0,41117808000,41117816000,-1,0,0,0,0,0,0,0,0
1,1,22,15,1088704512,3066196212,0,0,41117818000,41117824000,-1,3066200064,3065053184,0,16777440,41943520,0,1,0
1,1,22,15,2147766273,0,0,0,41117826000,41117917000,-1,0,0,0,0,0,0,0,0
1,1,22,15,2147766276,3000,0,0,41117919000,41119788000,-1,0,0,0,0,0,0,0,0
1,1,22,15,2147766277,3064434148,0,0,41119790000,41119794000,6,0,0,0,0,0,0,0,0
1,1,22,15,20483,0,0,0,41119795000,41119797000,-1,0,0,0,0,0,0,0,0
2,1,22,15,0,0,0,0,41119799000,41119899000,-1,0,0,0,0,0,0,0,0
1,2,22,7,1076651027,2829356,0,0,41119907000,41120137000,-1,0,0,0,41943520,0,0,1280,3065053184
1,2,22,7,25602,0,0,0,41120139000,41120143000,-1,0,0,0,0,0,0,0,0
1,2,22,7,25607,0,0,0,41120144000,41134240000,-1,0,0,0,0,0,0,0,0
0,1,22,15,2,0,15,0,41134258000,41134407000,-1,0,0,0,0,0,0,0,0
1,1,22,15,20483,0,0,0,41134411000,41134418000,-1,0,0,0,0,0,0,0,0
1,1,22,15,1088704512,3066196212,0,0,41134420000,41134425000,-1,3066200064,3064438784,0,16777440,41943520,0,1,0
1,1,22,15,2147766273,0,0,0,41134427000,41134521000,-1,0,0,0,0,0,0,0,0
1,1,22,15,2147766276,3000,0,0,41134523000,41136388000,-1,0,0,0,0,0,0,0,0
1,1,22,15,2147766277,3064434148,0,0,41136390000,41136393000,6,0,0,0,0,0,0,0,0
1,1,22,15,20483,0,0,0,41136394000,41136397000,-1,0,0,0,0,0,0,0,0
2,1,22,15,0,0,0,0,41136399000,41136481000,-1,0,0,0,0,0,0,0,0
1,2,22,7,1076651027,2829312,0,0,41136489000,41136667000,-1,0,0,0,41943520,0,0,1280,3064438784
1,2,22,7,25602,0,0,0,41136668000,41136672000,-1,0,0,0,0,0,0,0,0
1,2,22,7,25607,0,0,0,41136673000,41150901000,-1,0,0,0,0,0,0,0,0
0,1,22,15,2,0,15,0,41150920000,41151071000,-1,0,0,0,0,0,0,0,0
1,1,22,15,20483,0,0,0,41151075000,41151084000,-1,0,0,0,0,0,0,0,0
1,1,22,15,1088704512,3066196212,0,0,41151086000,41151093000,-1,3066200064,3065053184,0,16777440,41943520,0,1,0
1,1,22,15,2147766273,0,0,0,41151094000,41151186000,-1,0,0,0,0,0,0,0,0
1,1,22,15,2147766276,3000,0,0,41151188000,41153057000,-1,0,0,0,0,0,0,0,0
1,1,22,15,2147766277,3064434148,0,0,41153060000,41153062000,6,0,0,0,0,0,0,0,0
1,1,22,15,20483,0,0,0,41153063000,41153066000,-1,0,0,0,0,0,0,0,0
2,1,22,15,0,0,0,0,41153067000,41153150000,-1,0,0,0,0,0,0,0,0
1,2,22,7,1076651027,2829356,0,0,41153158000,41153336000,-1,0,0,0,41943520,0,0,1280,3065053184
1,2,22,7,25602,0,0,0,41153338000,41153341000,-1,0,0,0,0,0,0,0,0
1,2,22,7,25607,0,0,0,41153342000,41167555000,-1,0,0,0,0,0,0,0,0
0,1,22,15,2,0,15,0,41167572000,41167715000,-1,0,0,0,0,0,0,0,0
1,1,22,15,20483,0,0,0,41167719000,41167728000,-1,0,0,0,0,0,0,0,0
1,1,22,15,1088704512,3066196212,0,0,41167729000,41167734000,-1,3066200064,3064438784,0,16777440,41943520,0,1,0
1,1,22,15,2147766273,0,0,0,41167773000,41167870000,-1,0,0,0,0,0,0,0,0
1,1,22,15,2147766276,3000,0,0,41167872000,41169740000,-1,0,0,0,0,0,0,0,0
1,1,22,15,2147766277,3064434148,0,0,41169742000,41169745000,6,0,0,0,0,0,0,0,0
1,1,22,15,20483,0,0,0,41169746000,41169749000,-1,0,0,0,0,0,0,0,0
2,1,22,15,0,0,0,0,41169750000,41169836000,-1,0,0,0,0,0,0,0,0
1,2,22,7,1076651027,2829312,0,0,41169843000,41170079000,-1,0,0,0,41943520,0,0,1280,3064438784
1,2,22,7,25602,0,0,0,41170082000,41170085000,-1,0,0,0,0,0,0,0,0
1,2,22,7,25607,0,0,0,41170086000,41184214000,-1,0,0,0,0,0,0,0,0
0,1,22,15,2,0,15,0,41184232000,41184381000,-1,0,0,0,0,0,0,0,0
1,1,22,15,20483,0,0,0,41184385000,41184392000,-1,0,0,0,0,0,0,0,0
1,1,22,15,1088704512,3066196212,0,0,41184394000,41184399000,-1,3066200064,3065053184,0,16777440,41943520,0,1,0
1,1,22,15,2147766273,0,0,0,41184401000,41184489000,-1,0,0,0,0,0,0,0,0
1,1,22,15,2147766276,3000,0,0,41184490000,41186356000,-1,0,0,0,0,0,0,0,0
1,1,22,15,2147766277,3064434148,0,0,41186359000,41186362000,6,0,0,0,0,0,0,0,0
1,1,22,15,20483,0,0,0,41186363000,41186366000,-1,0,0,0,0,0,0,0,0
2,1,22,15,0,0,0,0,41186368000,41186447000,-1,0,0,0,0,0,0,0,0
1,2,22,7,1076651027,2829356,0,0,41186455000,41186634000,-1,0,0,0,41943520,0,0,1280,3065053184
1,2,22,7,25602,0,0,0,41186635000,41186638000,-1,0,0,0,0,0,0,0,0
1,2,22,7,25607,0,0,0,41186640000,41200863000,-1,0,0,0,0,0,0,0,0
0,1,22,15,2,0,15,0,41200881000,41201036000,-1,0,0,0,0,0,0,0,0
1,1,22,15,20483,0,0,0,41201041000,41201048000,-1,0,0,0,0,0,0,0,0
1,1,22,15,1088704512,3066196212,0,0,41201049000,41201056000,-1,3066200064,3064438784,0,16777440,41943520,0,1,0
1,1,22,15,2147766273,0,0,0,41201057000,41201146000,-1,0,0,0,0,0,0,0,0
1,1,22,15,2147766276,3000,0,0,41201147000,41203013000,-1,0,0,0,0,0,0,0,0
1,1,22,15,2147766277,3064434148,0,0,41203015000,41203018000,6,0,0,0,0,0,0,0,0
1,1,22,15,20483,0,0,0,41203019000,41203021000,-1,0,0,0,0,0,0,0,0
2,1,22,15,0,0,0,0,41203023000,41203104000,-1,0,0,0,0,0,0,0,0
1,2,22,7,1076651027,2829312,0,0,41203112000,41203291000,-1,0,0,0,41943520,0,0,1280,3064438784
1,2,22,7,25602,0,0,0,41203292000,41203296000,-1,0,0,0,0,0,0,0,0
1,2,22,7,25607,0,0,0,41203297000,41217525000,-1,0,0,0,0,0,0,0,0
0,1,22,15,2,0,15,0,41217543000,41217688000,-1,0,0,0,0,0,0,0,0
1,1,22,15,20483,0,0,0,41217692000,41217700000,-1,0,0,0,0,0,0,0,0
1,1,22,15,1088704512,3066196212,0,0,41217702000,41217708000,-1,3066200064,3065053184,0,16777440,41943520,0,1,0
1,1,22,15,2147766273,0,0,0,41217709000,41217795000,-1,0,0,0,0,0,0,0,0
1,1,22,15,2147766276,3000,0,0,41217797000,41219663000,-1,0,0,0,0,0,0,0,0
1,1,22,15,2147766277,3064434148,0,0,41219666000,41219669000,6,0,0,0,0,0,0,0,0
1,1,22,15,20483,0,0,0,41219671000,41219674000,-1,0,0,0,0,0,0,0,0
2,1,22,15,0,0,0,0,41219676000,41219759000,-1,0,0,0,0,0,0,0,0
1,2,22,7,1076651027,2829356,0,0,41219768000,41219946000,-1,0,0,0,41943520,0,0,1280,3065053184
1,2,22,7,25602,0,0,0,41219948000,41219951000,-1,0,0,0,0,0,0,0,0
1,2,22,7,25607,0,0,0,41219952000,41234178000,-1,0,0,0,0,0,0,0,0
0,1,22,15,2,0,15,0,41234196000,41234342000,-1,0,0,0,0,0,0,0,0
1,1,22,15,20483,0,0,0,41234346000,41234355000,-1,0,0,0,0,0,0,0,0
1,1,22,15,1088704512,3066196212,0,0,41234357000,41234362000,-1,3066200064,3064438784,0,16777440,41943520,0,1,0
1,1,22,15,2147766273,0,0,0,41234364000,41234450000,-1,0,0,0,0,0,0,0,0
1,1,22,15,2147766276,3000,0,0,41234452000,41236317000,-1,0,0,0,0,0,0,0,0
1,1,22,15,2147766277,3064434148,0,0,41236319000,41236322000,6,0,0,0,0,0,0,0,0
1,1,22,15,20483,0,0,0,41236357000,41236361000,-1,0,0,0,0,0,0,0,0
2,1,22,15,0,0,0,0,41236363000,41236453000,-1,0,0,0,0,0,0,0,0
1,2,22,7,1076651027,2829312,0,0,41236462000,41236641000,-1,0,0,0,41943520,0,0,1280,3064438784
1,2,22,7,25602,0,0,0,41236642000,41236645000,-1,0,0,0,0,0,0,0,0
1,2,22,7,25607,0,0,0,41236646000,41250843000,-1,0,0,0,0,0,0,0,0
0,1,22,15,2,0,15,0,41250860000,41251003000,-1,0,0,0,0,0,0,0,0
1,1,22,15,20483,0,0,0,41251008000,41251015000,-1,0,0,0,0,0,0,0,0
1,1,22,15,1088704512,3066196212,0,0,41251017000,41251022000,-1,3066200064,3065053184,0,16777440,41943520,0,1,0
1,1,22,15,2147766273,0,0,0,41251023000,41251108000,-1,0,0,0,0,0,0,0,0
1,1,22,15,2147766276,3000,0,0,41251110000,41252974000,-1,0,0,0,0,0,0,0,0
1,1,22,15,2147766277,3064434148,0,0,41252977000,41252980000,6,0,0,0,0,0,0,0,0
1,1,22,15,20483,0,0,0,41252981000,41252983000,-1,0,0,0,0,0,0,0,0
2,1,22,15,0,0,0,0,41252985000,41253066000,-1,0,0,0,0,0,0,0,0
1,2,22,7,1076651027,2829356,0,0,41253073000,41253252000,-1,0,0,0,41943520,0,0,1280,3065053184
1,2,22,7,25602,0,0,0,41253253000,41253257000,-1,0,0,0,0,0,0,0,0
1,2,22,7,25607,0,0,0,41253258000,41267500000,-1,0,0,0,0,0,0,0,0
0,1,22,15,2,0,15,0,41267521000,41267666000,-1,0,0,0,0,0,0,0,0
1,1,22,15,20483,0,0,0,41267670000,41267678000,-1,0,0,0,0,0,0,0,0
1,1,22,15,1088704512,3066196212,0,0,41267680000,41267686000,-1,3066200064,3064438784,0,16777440,41943520,0,1,0
1,1,22,15,2147766273,0,0,0,41267687000,41267775000,-1,0,0,0,0,0,0,0,0
1,1,22,15,2147766276,3000,0,0,41267777000,41269649000,-1,0,0,0,0,0,0,0,0
1,1,22,15,2147766277,3064434148,0,0,41269651000,41269654000,6,0,0,0,0,0,0,0,0
1,1,22,15,20483,0,0,0,41269655000,41269658000,-1,0,0,0,0,0,0,0,0
2,1,22,15,0,0,0,0,41269660000,41269768000,-1,0,0,0,0,0,0,0,0
1,2,22,7,1076651027,2829312,0,0,41269778000,41269956000,-1,0,0,0,41943520,0,0,1280,3064438784
1,2,22,7,25602,0,0,0,41269957000,41269960000,-1,0,0,0,0,0,0,0,0
1,2,22,7,25607,0,0,0,41269961000,41284174000,-1,0,0,0,0,0,0,0,0
0,1,22,15,2,0,15,0,41284198000,41284346000,-1,0,0,0,0,0,0,0,0
1,1,22,15,20483,0,0,0,41284351000,41284359000,-1,0,0,0,0,0,0,0,0
1,1,22,15,1088704512,3066196212,0,0,41284362000,41284368000,-1,3066200064,3065053184,0,16777440,41943520,0,1,0
1,1,22,15,2147766273,0,0,0,41284369000,41284462000,-1,0,0,0,0,0,0,0,0
1,1,22,15,2147766276,3000,0,0,41284463000,41286327000,-1,0,0,0,0,0,0,0,0
1,1,22,15,2147766277,3064434148,0,0,41286330000,41286333000,6,0,0,0,0,0,0,0,0
1,1,22,15,20483,0,0,0,41286335000,41286338000,-1,0,0,0,0,0,0,0,0
2,1,22,15,0,0,0,0,41286339000,41286441000,-1,0,0,0,0,0,0,0,0
1,2,22,7,1076651027,2829356,0,0,41286450000,41286630000,-1,0,0,0,41943520,0,0,1280,3065053184
1,2,22,7,25602,0,0,0,41286631000,41286634000,-1,0,0,0,0,0,0,0,0
1,2,22,7,25607,0,0,0,41286636000,41300851000,-1,0,0,0,0,0,0,0,0
0,1,22,15,2,0,15,0,41300873000,41301020000,-1,0,0,0,0,0,0,0,0
1,1,22,15,20483,0,0,0,41301024000,41301031000,-1,0,0,0,0,0,0,0,0
1,1,22,15,1088704512,3066196212,0,0,41301033000,41301039000,-1,3066200064,3064438784,0,16777440,41943520,0,1,0
1,1,22,15,2147766273,0,0,0,41301040000,41301130000,-1,0,0,0,0,0,0,0,0
1,1,22,15,2147766276,3000,0,0,41301132000,41302997000,-1,0,0,0,0,0,0,0,0
1,1,22,15,2147766277,3064434148,0,0,41303000000,41303003000,6,0,0,0,0,0,0,0,0
1,1,22,15,20483,0,0,0,41303005000,41303008000,-1,0,0,0,0,0,0,0,0
2,1,22,15,0,0,0,0,41303010000,41303111000,-1,0,0,0,0,0,0,0,0
1,2,22,7,1076651027,2829312,0,0,41303155000,41303334000,-1,0,0,0,41943520,0,0,1280,3064438784
1,2,22,7,25602,0,0,0,41303336000,41303339000,-1,0,0,0,0,0,0,0,0
1,2,22,7,25607,0,0,0,41303340000,41317488000,-1,0,0,0,0,0,0,0,0
0,1,22,15,2,0,15,0,41317510000,41317653000,-1,0,0,0,0,0,0,0,0
1,1,22,15,20483,0,0,0,41317657000,41317701000,-1,0,0,0,0,0,0,0,0
1,1,22,15,1088704512,3066196212,0,0,41317704000,41317710000,-1,3066200064,3065053184,0,16777440,41943520,0,1,0
1,1,22,15,2147766273,0,0,0,41317711000,41317805000,-1,0,0,0,0,0,0,0,0
1,1,22,15,2147766276,3000,0,0,41317807000,41319673000,-1,0,0,0,0,0,0,0,0
1,1,22,15,2147766277,3064434148,0,0,41319676000,41319679000,6,0,0,0,0,0,0,0,0
1,1,22,15,20483,0,0,0,41319680000,41319683000,-1,0,0,0,0,0,0,0,0
2,1,22,15,0,0,0,0,41319685000,41319779000,-1,0,0,0,0,0,0,0,0
1,2,22,7,1076651027,2829356,0,0,41319786000,41319966000,-1,0,0,0,41943520,0,0,1280,3065053184
1,2,22,7,25602,0,0,0,41319967000,41319970000,-1,0,0,0,0,0,0,0,0
1,2,22,7,25607,0,0,0,41319971000,41334128000,-1,0,0,0,0,0,0,0,0
0,1,22,15,2,0,15,0,41334145000,41334294000,-1,0,0,0,0,0,0,0,0
1,1,22,15,20483,0,0,0,41334299000,41334307000,-1,0,0,0,0,0,0,0,0
1,1,22,15,1088704512,3066196212,0,0,41334309000,41334314000,-1,3066200064,3064438784,0,16777440,41943520,0,1,0
1,1,22,15,2147766273,0,0,0,41334316000,41334406000,-1,0,0,0,0,0,0,0,0
1,1,22,15,2147766276,3000,0,0,41334408000,41336275000,-1,0,0,0,0,0,0,0,0
1,1,22,15,2147766277,3064434148,0,0,41336278000,41336280000,6,0,0,0,0,0,0,0,0
1,1,22,15,20483,0,0,0,41336281000,41336284000,-1,0,0,0,0,0,0,0,0
2,1,22,15,0,0,0,0,41336286000,41336368000,-1,0,0,0,0,0,0,0,0
1,2,22,7,1076651027,2829312,0,0,41336376000,41336554000,-1,0,0,0,41943520,0,0,1280,3064438784
1,2,22,7,25602,0,0,0,41336556000,41336560000,-1,0,0,0,0,0,0,0,0
1,2,22,7,25607,0,0,0,41336561000,41350778000,-1,0,0,0,0,0,0,0,0
0,1,22,15,2,0,15,0,41350795000,41350950000,-1,0,0,0,0,0,0,0,0
1,1,22,15,20483,0,0,0,41350955000,41350963000,-1,0,0,0,0,0,0,0,0
1,1,22,15,1088704512,3066196212,0,0,41350965000,41350971000,-1,3066200064,3065053184,0,16777440,41943520,0,1,0
1,1,22,15,2147766273,0,0,0,41350972000,41351064000,-1,0,0,0,0,0,0,0,0
1,1,22,15,2147766276,3000,0,0,41351066000,41352928000,-1,0,0,0,0,0,0,0,0
1,1,22,15,2147766277,3064434148,0,0,41352930000,41352933000,6,0,0,0,0,0,0,0,0
1,1,22,15,20483,0,0,0,41352935000,41352937000,-1,0,0,0,0,0,0,0,0
2,1,22,15,0,0,0,0,41352939000,41353022000,-1,0,0,0,0,0,0,0,0
1,2,22,7,1076651027,2829356,0,0,41353028000,41353207000,-1,0,0,0,41943520,0,0,1280,3065053184
1,2,22,7,25602,0,0,0,41353208000,41353211000,-1,0,0,0,0,0,0,0,0
1,2,22,7,25607,0,0,0,41353212000,41367441000,-1,0,0,0,0,0,0,0,0
0,1,22,15,2,0,15,0,41367458000,41367605000,-1,0,0,0,0,0,0,0,0
1,1,22,15,20483,0,0,0,41367609000,41367615000,-1,0,0,0,0,0,0,0,0
1,1,22,15,1088704512,3066196212,0,0,41367617000,41367623000,-1,3066200064,3064438784,0,16777440,41943520,0,1,0
1,1,22,15,2147766273,0,0,0,41367624000,41367715000,-1,0,0,0,0,0,0,0,0
1,1,22,15,2147766276,3000,0,0,41367716000,41369581000,-1,0,0,0,0,0,0,0,0
1,1,22,15,2147766277,3064434148,0,0,41369584000,41369587000,6,0,0,0,0,0,0,0,0
1,1,22,15,20483,0,0,0,41369588000,41369591000,-1,0,0,0,0,0,0,0,0
2,1,22,15,0,0,0,0,41369593000,41369674000,-1,0,0,0,0,0,0,0,0
1,2,22,7,1076651027,2829312,0,0,41369682000,41369861000,-1,0,0,0,41943520,0,0,1280,3064438784
1,2,22,7,25602,0,0,0,41369863000,41369866000,-1,0,0,0,0,0,0,0,0
1,2,22,7,25607,0,0,0,41369867000,41384096000,-1,0,0,0,0,0,0,0,0
0,1,22,15,2,0,15,0,41384150000,41384296000,-1,0,0,0,0,0,0,0,0
1,1,22,15,20483,0,0,0,41384299000,41384308000,-1,0,0,0,0,0,0,0,0
1,1,22,15,1088704512,3066196212,0,0,41384310000,41384315000,-1,3066200064,3065053184,0,16777440,41943520,0,1,0
1,1,22,15,2147766273,0,0,0,41384316000,41384399000,-1,0,0,0,0,0,0,0,0
1,1,22,15,2147766276,3000,0,0,41384401000,41386268000,-1,0,0,0,0,0,0,0,0
1,1,22,15,2147766277,3064434148,0,0,41386270000,41386273000,6,0,0,0,0,0,0,0,0
1,1,22,15,20483,0,0,0,41386274000,41386277000,-1,0,0,0,0,0,0,0,0
2,1,22,15,0,0,0,0,41386279000,41386363000,-1,0,0,0,0,0,0,0,0
1,2,22,7,1076651027,2829356,0,0,41386371000,41386549000,-1,0,0,0,41943520,0,0,1280,3065053184
1,2,22,7,25602,0,0,0,41386551000,41386554000,-1,0,0,0,0,0,0,0,0
1,2,22,7,25607,0,0,0,41386555000,41401719000,-1,0,0,0,0,0,0,0,0
0,1,22,15,2,0,15,0,41401741000,41401893000,-1,0,0,0,0,0,0,0,0
1,1,22,15,20483,0,0,0,41401897000,41401905000,-1,0,0,0,0,0,0,0,0
1,1,22,15,1088704512,3066196212,0,0,41401907000,41401914000,-1,3066200064,3064438784,0,16777440,41943520,0,1,0
1,1,22,15,2147766273,0,0,0,41401915000,41402006000,-1,0,0,0,0,0,0,0,0
1,1,22,15,2147766276,3000,0,0,41402008000,41403876000,-1,0,0,0,0,0,0,0,0
1,1,22,15,2147766277,3064434148,0,0,41403879000,41403882000,6,0,0,0,0,0,0,0,0
1,1,22,15,20483,0,0,0,41403883000,41403886000,-1,0,0,0,0,0,0,0,0
2,1,22,15,0,0,0,0,41403888000,41403973000,-1,0,0,0,0,0,0,0,0
1,2,22,7,1076651027,2829312,0,0,41403981000,41404161000,-1,0,0,0,41943520,0,0,1280,3064438784
1,2,22,7,25602,0,0,0,41404162000,41404165000,-1,0,0,0,0,0,0,0,0
1,2,22,7,25607,0,0,0,41404166000,41417409000,-1,0,0,0,0,0,0,0,0
0,1,22,15,2,0,15,0,41417426000,41417574000,-1,0,0,0,0,0,0,0,0
1,1,22,15,20483,0,0,0,41417577000,41417585000,-1,0,0,0,0,0,0,0,0
1,1,22,15,1088704512,3066196212,0,0,41417586000,41417591000,-1,3066200064,3065053184,0,16777440,41943520,0,1,0
1,1,22,15,2147766273,0,0,0,41417593000,41417682000,-1,0,0,0,0,0,0,0,0
1,1,22,15,2147766276,3000,0,0,41417684000,41419547000,-1,0,0,0,0,0,0,0,0
1,1,22,15,2147766277,3064434148,0,0,41419550000,41419552000,6,0,0,0,0,0,0,0,0
1,1,22,15,20483,0,0,0,41419554000,41419556000,-1,0,0,0,0,0,0,0,0
2,1,22,15,0,0,0,0,41419558000,41419641000,-1,0,0,0,0,0,0,0,0
1,2,22,7,1076651027,2829356,0,0,41419649000,41419828000,-1,0,0,0,41943520,0,0,1280,3065053184
1,2,22,7,25602,0,0,0,41419829000,41419832000,-1,0,0,0,0,0,0,0,0
1,2,22,7,25607,0,0,0,41419833000,41434059000,-1,0,0,0,0,0,0,0,0
0,1,22,15,2,0,15,0,41443735000,41443890000,-1,0,0,0,0,0,0,0,0
1,1,22,15,20483,0,0,0,41443895000,41443904000,-1,0,0,0,0,0,0,0,0
1,1,22,15,1088704512,3066196212,0,0,41443907000,41443913000,-1,3066200064,3064438784,0,16777440,41943520,0,1,0
1,1,22,15,2147766273,0,0,0,41443915000,41444005000,-1,0,0,0,0,0,0,0,0
1,1,22,15,2147766276,3000,0,0,41444007000,41445872000,-1,0,0,0,0,0,0,0,0
1,1,22,15,2147766277,3064434148,0,0,41445876000,41445880000,6,0,0,0,0,0,0,0,0
1,1,22,15,20483,0,0,0,41445881000,41445884000,-1,0,0,0,0,0,0,0,0
2,1,22,15,0,0,0,0,41445886000,41445989000,-1,0,0,0,0,0,0,0,0
1,2,22,7,1076651027,2829312,0,0,41445997000,41446177000,-1,0,0,0,41943520,0,0,1280,3064438784
1,2,22,7,25602,0,0,0,41446178000,41446182000,-1,0,0,0,0,0,0,0,0
1,2,22,7,25607,0,0,0,41446183000,41450717000,-1,0,0,0,0,0,0,0,0
0,1,22,15,2,0,15,0,41459508000,41459672000,-1,0,0,0,0,0,0,0,0
1,1,22,15,20483,0,0,0,41459677000,41459687000,-1,0,0,0,0,0,0,0,0
1,1,22,15,1088704512,3066196212,0,0,41459728000,41459737000,-1,3066200064,3065053184,0,16777440,41943520,0,1,0
1,1,22,15,2147766273,0,0,0,41459739000,41459843000,-1,0,0,0,0,0,0,0,0
1,1,22,15,2147766276,3000,0,0,41459845000,41461900000,-1,0,0,0,0,0,0,0,0
1,1,22,15,2147766277,3064434148,0,0,41461903000,41461906000,6,0,0,0,0,0,0,0,0
1,1,22,15,20483,0,0,0,41461907000,41461911000,-1,0,0,0,0,0,0,0,0
2,1,22,15,0,0,0,0,41461913000,41462018000,-1,0,0,0,0,0,0,0,0
1,2,22,7,1076651027,2829356,0,0,41462025000,41462207000,-1,0,0,0,41943520,0,0,1280,3065053184
1,2,22,7,25602,0,0,0,41462209000,41462212000,-1,0,0,0,0,0,0,0,0
1,2,22,7,25607,0,0,0,41462213000,41467379000,-1,0,0,0,0,0,0,0,0
0,1,22,15,2,0,15,0,41482961000,41483117000,-1,0,0,0,0,0,0,0,0
1,1,22,15,20483,0,0,0,41483122000,41483132000,-1,0,0,0,0,0,0,0,0
1,1,22,15,1088704512,3066196212,0,0,41483134000,41483140000,-1,3066200064,3064438784,0,16777440,41943520,0,1,0
1,1,22,15,2147766273,0,0,0,41483142000,41483238000,-1,0,0,0,0,0,0,0,0
1,1,22,15,2147766276,3000,0,0,41483240000,41485121000,-1,0,0,0,0,0,0,0,0
1,1,22,15,2147766277,3064434148,0,0,41485124000,41485128000,6,0,0,0,0,0,0,0,0
1,1,22,15,20483,0,0,0,41485129000,41485132000,-1,0,0,0,0,0,0,0,0
2,1,22,15,0,0,0,0,41485134000,41485225000,-1,0,0,0,0,0,0,0,0
1,2,22,7,1076651027,2829312,0,0,41485232000,41485412000,-1,0,0,0,41943520,0,0,1280,3064438784
1,2,22,7,25602,0,0,0,41485414000,41485417000,-1,0,0,0,0,0,0,0,0
1,2,22,7,25607,0,0,0,41485419000,41500702000,-1,0,0,0,0,0,0,0,0
0,1,22,15,2,0,15,0,41500727000,41500878000,-1,0,0,0,0,0,0,0,0
1,1,22,15,20483,0,0,0,41500881000,41500889000,-1,0,0,0,0,0,0,0,0
1,1,22,15,1088704512,3066196212,0,0,41500891000,41500897000,-1,3066200064,3065053184,0,16777440,41943520,0,1,0
1,1,22,15,2147766273,0,0,0,41500899000,41500989000,-1,0,0,0,0,0,0,0,0
1,1,22,15,2147766276,3000,0,0,41500992000,41502856000,-1,0,0,0,0,0,0,0,0
1,1,22,15,2147766277,3064434148,0,0,41502859000,41502863000,6,0,0,0,0,0,0,0,0
1,1,22,15,20483,0,0,0,41502864000,41502867000,-1,0,0,0,0,0,0,0,0
2,1,22,15,0,0,0,0,41502869000,41502970000,-1,0,0,0,0,0,0,0,0
1,2,22,7,1076651027,2829356,0,0,41502977000,41503156000,-1,0,0,0,41943520,0,0,1280,3065053184
1,2,22,7,25602,0,0,0,41503158000,41503161000,-1,0,0,0,0,0,0,0,0
1,2,22,7,25607,0,0,0,41503162000,41517382000,-1,0,0,0,0,0,0,0,0
0,1,22,15,2,0,15,0,41517408000,41517563000,-1,0,0,0,0,0,0,0,0
1,1,22,15,20483,0,0,0,41517567000,41517576000,-1,0,0,0,0,0,0,0,0
1,1,22,15,1088704512,3066196212,0,0,41517577000,41517584000,-1,3066200064,3064438784,0,16777440,41943520,0,1,0
1,1,22,15,2147766273,0,0,0,41517586000,41517720000,-1,0,0,0,0,0,0,0,0
1,1,22,15,2147766276,3000,0,0,41517723000,41519587000,-1,0,0,0,0,0,0,0,0
1,1,22,15,2147766277,3064434148,0,0,41519589000,41519592000,6,0,0,0,0,0,0,0,0
1,1,22,15,20483,0,0,0,41519593000,41519596000,-1,0,0,0,0,0,0,0,0
2,1,22,15,0,0,0,0,41519598000,41519697000,-1,0,0,0,0,0,0,0,0
1,2,22,7,1076651027,2829312,0,0,41519705000,41519885000,-1,0,0,0,41943520,0,0,1280,3064438784
1,2,22,7,25602,0,0,0,41519887000,41519890000,-1,0,0,0,0,0,0,0,0
1,2,22,7,25607,0,0,0,41519891000,41534011000,-1,0,0,0,0,0,0,0,0
0,1,22,15,2,0,15,0,41534028000,41534177000,-1,0,0,0,0,0,0,0,0
1,1,22,15,20483,0,0,0,41534180000,41534188000,-1,0,0,0,0,0,0,0,0
1,1,22,15,1088704512,3066196212,0,0,41534190000,41534196000,-1,3066200064,3065053184,0,16777440,41943520,0,1,0
1,1,22,15,2147766273,0,0,0,41534198000,41534286000,-1,0,0,0,0,0,0,0,0
1,1,22,15,2147766276,3000,0,0,41534288000,41536157000,-1,0,0,0,0,0,0,0,0
1,1,22,15,2147766277,3064434148,0,0,41536194000,41536197000,6,0,0,0,0,0,0,0,0
1,1,22,15,20483,0,0,0,41536199000,41536201000,-1,0,0,0,0,0,0,0,0
2,1,22,15,0,0,0,0,41536203000,41536292000,-1,0,0,0,0,0,0,0,0
1,2,22,7,1076651027,2829356,0,0,41536302000,41536480000,-1,0,0,0,41943520,0,0,1280,3065053184
1,2,22,7,25602,0,0,0,41536481000,41536485000,-1,0,0,0,0,0,0,0,0
1,2,22,7,25607,0,0,0,41536486000,41550668000,-1,0,0,0,0,0,0,0,0
0,1,22,15,2,0,15,0,41550685000,41550832000,-1,0,0,0,0,0,0,0,0
1,1,22,15,20483,0,0,0,41550835000,41550842000,-1,0,0,0,0,0,0,0,0
1,1,22,15,1088704512,3066196212,0,0,41550844000,41550850000,-1,3066200064,3064438784,0,16777440,41943520,0,1,0
1,1,22,15,2147766273,0,0,0,41550852000,41550939000,-1,0,0,0,0,0,0,0,0
1,1,22,15,2147766276,3000,0,0,41550941000,41552805000,-1,0,0,0,0,0,0,0,0
1,1,22,15,2147766277,3064434148,0,0,41552807000,41552810000,6,0,0,0,0,0,0,0,0
1,1,22,15,20483,0,0,0,41552812000,41552814000,-1,0,0,0,0,0,0,0,0
2,1,22,15,0,0,0,0,41552816000,41552898000,-1,0,0,0,0,0,0,0,0
1,2,22,7,1076651027,2829312,0,0,41552905000,41553084000,-1,0,0,0,41943520,0,0,1280,3064438784
1,2,22,7,25602,0,0,0,41553085000,41553089000,-1,0,0,0,0,0,0,0,0
1,2,22,7,25607,0,0,0,41553090000,41567326000,-1,0,0,0,0,0,0,0,0
0,1,22,15,2,0,15,0,41567344000,41567498000,-1,0,0,0,0,0,0,0,0
1,1,22,15,20483,0,0,0,41567502000,41567509000,-1,0,0,0,0,0,0,0,0
1,1,22,15,1088704512,3066196212,0,0,41567511000,41567516000,-1,3066200064,3065053184,0,16777440,41943520,0,1,0
1,1,22,15,2147766273,0,0,0,41567518000,41567606000,-1,0,0,0,0,0,0,0,0
1,1,22,15,2147766276,3000,0,0,41567608000,41569474000,-1,0,0,0,0,0,0,0,0
1,1,22,15,2147766277,3064434148,0,0,41569476000,41569479000,6,0,0,0,0,0,0,0,0
1,1,22,15,20483,0,0,0,41569481000,41569483000,-1,0,0,0,0,0,0,0,0
2,1,22,15,0,0,0,0,41569485000,41569566000,-1,0,0,0,0,0,0,0,0
1,2,22,7,1076651027,2829356,0,0,41569574000,41569753000,-1,0,0,0,41943520,0,0,1280,3065053184
1,2,22,7,25602,0,0,0,41569754000,41569757000,-1,0,0,0,0,0,0,0,0
1,2,22,7,25607,0,0,0,41569758000,41583980000,-1,0,0,0,0,0,0,0,0
0,1,22,15,2,0,15,0,41583997000,41584145000,-1,0,0,0,0,0,0,0,0
1,1,22,15,20483,0,0,0,41584149000,41584157000,-1,0,0,0,0,0,0,0,0
1,1,22,15,1088704512,3066196212,0,0,41584158000,41584165000,-1,3066200064,3064438784,0,16777440,41943520,0,1,0
1,1,22,15,2147766273,0,0,0,41584166000,41584256000,-1,0,0,0,0,0,0,0,0
1,1,22,15,2147766276,3000,0,0,41584258000,41586125000,-1,0,0,0,0,0,0,0,0
1,1,22,15,2147766277,3064434148,0,0,41586127000,41586129000,6,0,0,0,0,0,0,0,0
1,1,22,15,20483,0,0,0,41586131000,41586133000,-1,0,0,0,0,0,0,0,0
2,1,22,15,0,0,0,0,41586135000,41586219000,-1,0,0,0,0,0,0,0,0
1,2,22,7,1076651027,2829312,0,0,41586225000,41586405000,-1,0,0,0,41943520,0,0,1280,3064438784
1,2,22,7,25602,0,0,0,41586406000,41586409000,-1,0,0,0,0,0,0,0,0
1,2,22,7,25607,0,0,0,41586411000,41600642000,-1,0,0,0,0,0,0,0,0
0,1,22,15,2,0,15,0,41600660000,41600805000,-1,0,0,0,0,0,0,0,0
1,1,22,15,20483,0,0,0,41600809000,41600817000,-1,0,0,0,0,0,0,0,0
1,1,22,15,1088704512,3066196212,0,0,41600819000,41600824000,-1,3066200064,3065053184,0,16777440,41943520,0,1,0
1,1,22,15,2147766273,0,0,0,41600826000,41600914000,-1,0,0,0,0,0,0,0,0
1,1,22,15,2147766276,3000,0,0,41600915000,41602782000,-1,0,0,0,0,0,0,0,0
1,1,22,15,2147766277,3064434148,0,0,41602785000,41602788000,6,0,0,0,0,0,0,0,0
1,1,22,15,20483,0,0,0,41602789000,41602791000,-1,0,0,0,0,0,0,0,0
2,1,22,15,0,0,0,0,41602829000,41602921000,-1,0,0,0,0,0,0,0,0
1,2,22,7,1076651027,2829356,0,0,41602930000,41603109000,-1,0,0,0,41943520,0,0,1280,3065053184
1,2,22,7,25602,0,0,0,41603110000,41603113000,-1,0,0,0,0,0,0,0,0
1,2,22,7,25607,0,0,0,41603114000,41617297000,-1,0,0,0,0,0,0,0,0
0,1,22,15,2,0,15,0,41617316000,41617464000,-1,0,0,0,0,0,0,0,0
1,1,22,15,20483,0,0,0,41617469000,41617476000,-1,0,0,0,0,0,0,0,0
1,1,22,15,1088704512,3066196212,0,0,41617478000,41617483000,-1,3066200064,3064438784,0,16777440,41943520,0,1,0
1,1,22,15,2147766273,0,0,0,41617485000,41617574000,-1,0,0,0,0,0,0,0,0
1,1,22,15,2147766276,3000,0,0,41617576000,41619441000,-1,0,0,0,0,0,0,0,0
1,1,22,15,2147766277,3064434148,0,0,41619444000,41619447000,6,0,0,0,0,0,0,0,0
1,1,22,15,20483,0,0,0,41619448000,41619451000,-1,0,0,0,0,0,0,0,0
2,1,22,15,0,0,0,0,41619453000,41619533000,-1,0,0,0,0,0,0,0,0
1,2,22,7,1076651027,2829312,0,0,41619540000,41619719000,-1,0,0,0,41943520,0,0,1280,3064438784
1,2,22,7,25602,0,0,0,41619721000,41619724000,-1,0,0,0,0,0,0,0,0
1,2,22,7,25607,0,0,0,41619726000,41633957000,-1,0,0,0,0,0,0,0,0
0,1,22,15,2,0,15,0,41633974000,41634120000,-1,0,0,0,0,0,0,0,0
1,1,22,15,20483,0,0,0,41634124000,41634132000,-1,0,0,0,0,0,0,0,0
1,1,22,15,1088704512,3066196212,0,0,41634134000,41634140000,-1,3066200064,3065053184,0,16777440,41943520,0,1,0
1,1,22,15,2147766273,0,0,0,41634142000,41634229000,-1,0,0,0,0,0,0,0,0
1,1,22,15,2147766276,3000,0,0,41634231000,41636096000,-1,0,0,0,0,0,0,0,0
1,1,22,15,2147766277,3064434148,0,0,41636099000,41636102000,6,0,0,0,0,0,0,0,0
1,1,22,15,20483,0,0,0,41636103000,41636105000,-1,0,0,0,0,0,0,0,0
2,1,22,15,0,0,0,0,41636107000,41636189000,-1,0,0,0,0,0,0,0,0
1,2,22,7,1076651027,2829356,0,0,41636198000,41636378000,-1,0,0,0,41943520,0,0,1280,3065053184
1,2,22,7,25602,0,0,0,41636380000,41636383000,-1,0,0,0,0,0,0,0,0
1,2,22,7,25607,0,0,0,41636384000,41650610000,-1,0,0,0,0,0,0,0,0
0,1,22,15,2,0,15,0,41650634000,41650780000,-1,0,0,0,0,0,0,0,0
1,1,22,15,20483,0,0,0,41650785000,41650793000,-1,0,0,0,0,0,0,0,0
1,1,22,15,1088704512,3066196212,0,0,41650795000,41650800000,-1,3066200064,3064438784,0,16777440,41943520,0,1,0
1,1,22,15,2147766273,0,0,0,41650801000,41650893000,-1,0,0,0,0,0,0,0,0
1,1,22,15,2147766276,3000,0,0,41650895000,41652765000,-1,0,0,0,0,0,0,0,0
1,1,22,15,2147766277,3064434148,0,0,41652768000,41652771000,6,0,0,0,0,0,0,0,0
1,1,22,15,20483,0,0,0,41652773000,41652776000,-1,0,0,0,0,0,0,0,0
2,1,22,15,0,0,0,0,41652777000,41652860000,-1,0,0,0,0,0,0,0,0
1,2,22,7,1076651027,2829312,0,0,41652868000,41653046000,-1,0,0,0,41943520,0,0,1280,3064438784
1,2,22,7,25602,0,0,0,41653048000,41653051000,-1,0,0,0,0,0,0,0,0
1,2,22,7,25607,0,0,0,41653052000,41667286000,-1,0,0,0,0,0,0,0,0
0,1,22,15,2,0,15,0,41667309000,41667459000,-1,0,0,0,0,0,0,0,0
1,1,22,15,20483,0,0,0,41667464000,41667472000,-1,0,0,0,0,0,0,0,0
1,1,22,15,1088704512,3066196212,0,0,41667473000,41667479000,-1,3066200064,3065053184,0,16777440,41943520,0,1,0
1,1,22,15,2147766273,0,0,0,41667480000,41667575000,-1,0,0,0,0,0,0,0,0
1,1,22,15,2147766276,3000,0,0,41667577000,41669446000,-1,0,0,0,0,0,0,0,0
1,1,22,15,2147766277,3064434148,0,0,41669448000,41669451000,6,0,0,0,0,0,0,0,0
1,1,22,15,20483,0,0,0,41669452000,41669455000,-1,0,0,0,0,0,0,0,0
2,1,22,15,0,0,0,0,41669457000,41669540000,-1,0,0,0,0,0,0,0,0
1,2,22,7,1076651027,2829356,0,0,41669548000,41669761000,-1,0,0,0,41943520,0,0,1280,3065053184
1,2,22,7,25602,0,0,0,41669764000,41669767000,-1,0,0,0,0,0,0,0,0
1,2,22,7,25607,0,0,0,41669804000,41683951000,-1,0,0,0,0,0,0,0,0
0,1,22,15,2,0,15,0,41683974000,41684124000,-1,0,0,0,0,0,0,0,0
1,1,22,15,20483,0,0,0,41684129000,41684137000,-1,0,0,0,0,0,0,0,0
1,1,22,15,1088704512,3066196212,0,0,41684139000,41684146000,-1,3066200064,3064438784,0,16777440,41943520,0,1,0
1,1,22,15,2147766273,0,0,0,41684147000,41684241000,-1,0,0,0,0,0,0,0,0
1,1,22,15,2147766276,3000,0,0,41684243000,41686108000,-1,0,0,0,0,0,0,0,0
1,1,22,15,2147766277,3064434148,0,0,41686111000,41686115000,6,0,0,0,0,0,0,0,0
1,1,22,15,20483,0,0,0,41686116000,41686118000,-1,0,0,0,0,0,0,0,0
2,1,22,15,0,0,0,0,41686120000,41686225000,-1,0,0,0,0,0,0,0,0
1,2,22,7,1076651027,2829312,0,0,41686232000,41686412000,-1,0,0,0,41943520,0,0,1280,3064438784
1,2,22,7,25602,0,0,0,41686414000,41686418000,-1,0,0,0,0,0,0,0,0
1,2,22,7,25607,0,0,0,41686419000,41700620000,-1,0,0,0,0,0,0,0,0
0,1,22,15,2,0,15,0,41700641000,41700789000,-1,0,0,0,0,0,0,0,0
1,1,22,15,20483,0,0,0,41700792000,41700800000,-1,0,0,0,0,0,0,0,0
1,1,22,15,1088704512,3066196212,0,0,41700801000,41700807000,-1,3066200064,3065053184,0,16777440,41943520,0,1,0
1,1,22,15,2147766273,0,0,0,41700809000,41700899000,-1,0,0,0,0,0,0,0,0
1,1,22,15,2147766276,3000,0,0,41700901000,41702766000,-1,0,0,0,0,0,0,0,0
1,1,22,15,2147766277,3064434148,0,0,41702770000,41702774000,6,0,0,0,0,0,0,0,0
1,1,22,15,20483,0,0,0,41702775000,41702777000,-1,0,0,0,0,0,0,0,0
2,1,22,15,0,0,0,0,41702779000,41702883000,-1,0,0,0,0,0,0,0,0
1,2,22,7,1076651027,2829356,0,0,41702891000,41703071000,-1,0,0,0,41943520,0,0,1280,3065053184
1,2,22,7,25602,0,0,0,41703072000,41703076000,-1,0,0,0,0,0,0,0,0
1,2,22,7,25607,0,0,0,41703077000,41717265000,-1,0,0,0,0,0,0,0,0
0,1,22,15,2,0,15,0,41717290000,41717440000,-1,0,0,0,0,0,0,0,0
1,1,22,15,20483,0,0,0,41717445000,41717453000,-1,0,0,0,0,0,0,0,0
1,1,22,15,1088704512,3066196212,0,0,41717455000,41717461000,-1,3066200064,3064438784,0,16777440,41943520,0,1,0
1,1,22,15,2147766273,0,0,0,41717463000,41717558000,-1,0,0,0,0,0,0,0,0
1,1,22,15,2147766276,3000,0,0,41717560000,41719428000,-1,0,0,0,0,0,0,0,0
1,1,22,15,2147766277,3064434148,0,0,41719432000,41719435000,6,0,0,0,0,0,0,0,0
1,1,22,15,20483,0,0,0,41719436000,41719439000,-1,0,0,0,0,0,0,0,0
2,1,22,15,0,0,0,0,41719441000,41719544000,-1,0,0,0,0,0,0,0,0
1,2,22,7,1076651027,2829312,0,0,41719553000,41719732000,-1,0,0,0,41943520,0,0,1280,3064438784
1,2,22,7,25602,0,0,0,41719733000,41719737000,-1,0,0,0,0,0,0,0,0
1,2,22,7,25607,0,0,0,41719738000,41733895000,-1,0,0,0,0,0,0,0,0
0,1,22,15,2,0,15,0,41733913000,41734060000,-1,0,0,0,0,0,0,0,0
1,1,22,15,20483,0,0,0,41734064000,41734071000,-1,0,0,0,0,0,0,0,0
1,1,22,15,1088704512,3066196212,0,0,41734073000,41734078000,-1,3066200064,3065053184,0,16777440,41943520,0,1,0
1,1,22,15,2147766273,0,0,0,41734079000,41734170000,-1,0,0,0,0,0,0,0,0
1,1,22,15,2147766276,3000,0,0,41734172000,41736036000,-1,0,0,0,0,0,0,0,0
1,1,22,15,2147766277,3064434148,0,0,41736038000,41736040000,6,0,0,0,0,0,0,0,0
1,1,22,15,20483,0,0,0,41736042000,41736044000,-1,0,0,0,0,0,0,0,0
2,1,22,15,0,0,0,0,41736046000,41736126000,-1,0,0,0,0,0,0,0,0
1,2,22,7,1076651027,2829356,0,0,41736134000,41736313000,-1,0,0,0,41943520,0,0,1280,3065053184
1,2,22,7,25602,0,0,0,41736314000,41736317000,-1,0,0,0,0,0,0,0,0
1,2,22,7,25607,0,0,0,41736319000,41750557000,-1,0,0,0,0,0,0,0,0
0,1,22,15,2,0,15,0,41750573000,41750718000,-1,0,0,0,0,0,0,0,0
1,1,22,15,20483,0,0,0,41750757000,41750765000,-1,0,0,0,0,0,0,0,0
1,1,22,15,1088704512,3066196212,0,0,41750767000,41750772000,-1,3066200064,3064438784,0,16777440,41943520,0,1,0
1,1,22,15,2147766273,0,0,0,41750774000,41750865000,-1,0,0,0,0,0,0,0,0
1,1,22,15,2147766276,3000,0,0,41750867000,41752733000,-1,0,0,0,0,0,0,0,0
1,1,22,15,2147766277,3064434148,0,0,41752736000,41752739000,6,0,0,0,0,0,0,0,0
1,1,22,15,20483,0,0,0,41752740000,41752743000,-1,0,0,0,0,0,0,0,0
2,1,22,15,0,0,0,0,41752745000,41752828000,-1,0,0,0,0,0,0,0,0
1,2,22,7,1076651027,2829312,0,0,41752835000,41753015000,-1,0,0,0,41943520,0,0,1280,3064438784
1,2,22,7,25602,0,0,0,41753017000,41753020000,-1,0,0,0,0,0,0,0,0
1,2,22,7,25607,0,0,0,41753021000,41767208000,-1,0,0,0,0,0,0,0,0
0,1,22,15,2,0,15,0,41767224000,41767373000,-1,0,0,0,0,0,0,0,0
1,1,22,15,20483,0,0,0,41767377000,41767384000,-1,0,0,0,0,0,0,0,0
1,1,22,15,1088704512,3066196212,0,0,41767386000,41767391000,-1,3066200064,3065053184,0,16777440,41943520,0,1,0
1,1,22,15,2147766273,0,0,0,41767392000,41767482000,-1,0,0,0,0,0,0,0,0
1,1,22,15,2147766276,3000,0,0,41767484000,41769352000,-1,0,0,0,0,0,0,0,0
1,1,22,15,2147766277,3064434148,0,0,41769354000,41769356000,6,0,0,0,0,0,0,0,0
1,1,22,15,20483,0,0,0,41769357000,41769360000,-1,0,0,0,0,0,0,0,0
2,1,22,15,0,0,0,0,41769362000,41769443000,-1,0,0,0,0,0,0,0,0
1,2,22,7,1076651027,2829356,0,0,41769452000,41769631000,-1,0,0,0,41943520,0,0,1280,3065053184
1,2,22,7,25602,0,0,0,41769632000,41769635000,-1,0,0,0,0,0,0,0,0
1,2,22,7,25607,0,0,0,41769636000,41783863000,-1,0,0,0,0,0,0,0,0
0,1,22,15,2,0,15,0,41783880000,41784024000,-1,0,0,0,0,0,0,0,0
1,1,22,15,20483,0,0,0,41784028000,41784036000,-1,0,0,0,0,0,0,0,0
1,1,22,15,1088704512,3066196212,0,0,41784038000,41784043000,-1,3066200064,3064438784,0,16777440,41943520,0,1,0
1,1,22,15,2147766273,0,0,0,41784045000,41784131000,-1,0,0,0,0,0,0,0,0
1,1,22,15,2147766276,3000,0,0,41784132000,41785998000,-1,0,0,0,0,0,0,0,0
1,1,22,15,2147766277,3064434148,0,0,41786000000,41786003000,6,0,0,0,0,0,0,0,0
1,1,22,15,20483,0,0,0,41786004000,41786006000,-1,0,0,0,0,0,0,0,0
2,1,22,15,0,0,0,0,41786009000,41786091000,-1,0,0,0,0,0,0,0,0
1,2,22,7,1076651027,2829312,0,0,41786098000,41786277000,-1,0,0,0,41943520,0,0,1280,3064438784
1,2,22,7,25602,0,0,0,41786278000,41786281000,-1,0,0,0,0,0,0,0,0
1,2,22,7,25607,0,0,0,41786282000,41800518000,-1,0,0,0,0,0,0,0,0
0,1,22,15,2,0,15,0,41800535000,41800683000,-1,0,0,0,0,0,0,0,0
1,1,22,15,20483,0,0,0,41800687000,41800695000,-1,0,0,0,0,0,0,0,0
1,1,22,15,1088704512,3066196212,0,0,41800696000,41800702000,-1,3066200064,3065053184,0,16777440,41943520,0,1,0
1,1,22,15,2147766273,0,0,0,41800704000,41800794000,-1,0,0,0,0,0,0,0,0
1,1,22,15,2147766276,3000,0,0,41800795000,41802660000,-1,0,0,0,0,0,0,0,0
1,1,22,15,2147766277,3064434148,0,0,41802663000,41802665000,6,0,0,0,0,0,0,0,0
1,1,22,15,20483,0,0,0,41802666000,41802669000,-1,0,0,0,0,0,0,0,0
2,1,22,15,0,0,0,0,41802671000,41802751000,-1,0,0,0,0,0,0,0,0
1,2,22,7,1076651027,2829356,0,0,41802759000,41802939000,-1,0,0,0,41943520,0,0,1280,3065053184
1,2,22,7,25602,0,0,0,41802940000,41802944000,-1,0,0,0,0,0,0,0,0
1,2,22,7,25607,0,0,0,41802945000,41817180000,-1,0,0,0,0,0,0,0,0
0,1,22,15,2,0,15,0,41817198000,41817348000,-1,0,0,0,0,0,0,0,0
1,1,22,15,20483,0,0,0,41817352000,41817359000,-1,0,0,0,0,0,0,0,0
1,1,22,15,1088704512,3066196212,0,0,41817361000,41817367000,-1,3066200064,3064438784,0,16777440,41943520,0,1,0
1,1,22,15,2147766273,0,0,0,41817369000,41817459000,-1,0,0,0,0,0,0,0,0
1,1,22,15,2147766276,3000,0,0,41817504000,41819331000,-1,0,0,0,0,0,0,0,0
1,1,22,15,2147766277,3064434148,0,0,41819334000,41819337000,6,0,0,0,0,0,0,0,0
1,1,22,15,20483,0,0,0,41819338000,41819341000,-1,0,0,0,0,0,0,0,0
2,1,22,15,0,0,0,0,41819343000,41819433000,-1,0,0,0,0,0,0,0,0
1,2,22,7,1076651027,2829312,0,0,41819442000,41819622000,-1,0,0,0,41943520,0,0,1280,3064438784
1,2,22,7,25602,0,0,0,41819623000,41819625000,-1,0,0,0,0,0,0,0,0
1,2,22,7,25607,0,0,0,41819626000,41833833000,-1,0,0,0,0,0,0,0,0
0,1,22,15,2,0,15,0,41833851000,41834001000,-1,0,0,0,0,0,0,0,0
1,1,22,15,20483,0,0,0,41834005000,41834013000,-1,0,0,0,0,0,0,0,0
1,1,22,15,1088704512,3066196212,0,0,41834015000,41834021000,-1,3066200064,3065053184,0,16777440,41943520,0,1,0
1,1,22,15,2147766273,0,0,0,41834022000,41834113000,-1,0,0,0,0,0,0,0,0
1,1,22,15,2147766276,3000,0,0,41834115000,41835979000,-1,0,0,0,0,0,0,0,0
1,1,22,15,2147766277,3064434148,0,0,41835981000,41835984000,6,0,0,0,0,0,0,0,0
1,1,22,15,20483,0,0,0,41835986000,41835988000,-1,0,0,0,0,0,0,0,0
2,1,22,15,0,0,0,0,41835990000,41836073000,-1,0,0,0,0,0,0,0,0
1,2,22,7,1076651027,2829356,0,0,41836080000,41836259000,-1,0,0,0,41943520,0,0,1280,3065053184
1,2,22,7,25602,0,0,0,41836260000,41836264000,-1,0,0,0,0,0,0,0,0
1,2,22,7,25607,0,0,0,41836265000,41850516000,-1,0,0,0,0,0,0,0,0
0,1,22,15,2,0,15,0,41850538000,41850684000,-1,0,0,0,0,0,0,0,0
1,1,22,15,20483,0,0,0,41850689000,41850697000,-1,0,0,0,0,0,0,0,0
1,1,22,15,1088704512,3066196212,0,0,41850698000,41850704000,-1,3066200064,3064438784,0,16777440,41943520,0,1,0
1,1,22,15,2147766273,0,0,0,41850705000,41850796000,-1,0,0,0,0,0,0,0,0
1,1,22,15,2147766276,3000,0,0,41850798000,41852667000,-1,0,0,0,0,0,0,0,0
1,1,22,15,2147766277,3064434148,0,0,41852670000,41852673000,6,0,0,0,0,0,0,0,0
1,1,22,15,20483,0,0,0,41852674000,41852677000,-1,0,0,0,0,0,0,0,0
2,1,22,15,0,0,0,0,41852678000,41852763000,-1,0,0,0,0,0,0,0,0
1,2,22,7,1076651027,2829312,0,0,41852771000,41852950000,-1,0,0,0,41943520,0,0,1280,3064438784
1,2,22,7,25602,0,0,0,41852951000,41852954000,-1,0,0,0,0,0,0,0,0
1,2,22,7,25607,0,0,0,41852955000,41867178000,-1,0,0,0,0,0,0,0,0
0,1,22,15,2,0,15,0,41867201000,41867350000,-1,0,0,0,0,0,0,0,0
1,1,22,15,20483,0,0,0,41867354000,41867362000,-1,0,0,0,0,0,0,0,0
1,1,22,15,1088704512,3066196212,0,0,41867363000,41867369000,-1,3066200064,3065053184,0,16777440,41943520,0,1,0
1,1,22,15,2147766273,0,0,0,41867370000,41867464000,-1,0,0,0,0,0,0,0,0
1,1,22,15,2147766276,3000,0,0,41867466000,41869338000,-1,0,0,0,0,0,0,0,0
1,1,22,15,2147766277,3064434148,0,0,41869340000,41869343000,6,0,0,0,0,0,0,0,0
1,1,22,15,20483,0,0,0,41869345000,41869347000,-1,0,0,0,0,0,0,0,0
2,1,22,15,0,0,0,0,41869349000,41869434000,-1,0,0,0,0,0,0,0,0
1,2,22,7,1076651027,2829356,0,0,41869441000,41869620000,-1,0,0,0,41943520,0,0,1280,3065053184
1,2,22,7,25602,0,0,0,41869621000,41869624000,-1,0,0,0,0,0,0,0,0
1,2,22,7,25607,0,0,0,41869626000,41883832000,-1,0,0,0,0,0,0,0,0
0,1,22,15,2,0,15,0,41883855000,41884003000,-1,0,0,0,0,0,0,0,0
1,1,22,15,20483,0,0,0,41884008000,41884016000,-1,0,0,0,0,0,0,0,0
1,1,22,15,1088704512,3066196212,0,0,41884018000,41884024000,-1,3066200064,3064438784,0,16777440,41943520,0,1,0
1,1,22,15,2147766273,0,0,0,41884025000,41884116000,-1,0,0,0,0,0,0,0,0
1,1,22,15,2147766276,3000,0,0,41884119000,41885982000,-1,0,0,0,0,0,0,0,0
1,1,22,15,2147766277,3064434148,0,0,41885985000,41885988000,6,0,0,0,0,0,0,0,0
1,1,22,15,20483,0,0,0,41885989000,41885992000,-1,0,0,0,0,0,0,0,0
2,1,22,15,0,0,0,0,41886033000,41886140000,-1,0,0,0,0,0,0,0,0
1,2,22,7,1076651027,2829312,0,0,41886149000,41886330000,-1,0,0,0,41943520,0,0,1280,3064438784
1,2,22,7,25602,0,0,0,41886331000,41886334000,-1,0,0,0,0,0,0,0,0
1,2,22,7,25607,0,0,0,41886335000,41900502000,-1,0,0,0,0,0,0,0,0
0,1,22,15,2,0,15,0,41900524000,41900667000,-1,0,0,0,0,0,0,0,0
1,1,22,15,20483,0,0,0,41900671000,41900680000,-1,0,0,0,0,0,0,0,0
1,1,22,15,1088704512,3066196212,0,0,41900681000,41900687000,-1,3066200064,3065053184,0,16777440,41943520,0,1,0
1,1,22,15,2147766273,0,0,0,41900689000,41900775000,-1,0,0,0,0,0,0,0,0
1,1,22,15,2147766276,3000,0,0,41900777000,41902642000,-1,0,0,0,0,0,0,0,0
1,1,22,15,2147766277,3064434148,0,0,41902645000,41902648000,6,0,0,0,0,0,0,0,0
1,1,22,15,20483,0,0,0,41902650000,41902652000,-1,0,0,0,0,0,0,0,0
2,1,22,15,0,0,0,0,41902654000,41902758000,-1,0,0,0,0,0,0,0,0
1,2,22,7,1076651027,2829356,0,0,41902767000,41902947000,-1,0,0,0,41943520,0,0,1280,3065053184
1,2,22,7,25602,0,0,0,41902949000,41902952000,-1,0,0,0,0,0,0,0,0
1,2,22,7,25607,0,0,0,41902953000,41917147000,-1,0,0,0,0,0,0,0,0
0,1,22,15,2,0,15,0,41917171000,41917324000,-1,0,0,0,0,0,0,0,0
1,1,22,15,20483,0,0,0,41917328000,41917337000,-1,0,0,0,0,0,0,0,0
1,1,22,15,1088704512,3066196212,0,0,41917338000,41917344000,-1,3066200064,3064438784,0,16777440,41943520,0,1,0
1,1,22,15,2147766273,0,0,0,41917346000,41917446000,-1,0,0,0,0,0,0,0,0
1,1,22,15,2147766276,3000,0,0,41917447000,41919313000,-1,0,0,0,0,0,0,0,0
1,1,22,15,2147766277,3064434148,0,0,41919316000,41919320000,6,0,0,0,0,0,0,0,0
1,1,22,15,20483,0,0,0,41919321000,41919324000,-1,0,0,0,0,0,0,0,0
2,1,22,15,0,0,0,0,41919326000,41919430000,-1,0,0,0,0,0,0,0,0
1,2,22,7,1076651027,2829312,0,0,41919438000,41919618000,-1,0,0,0,41943520,0,0,1280,3064438784
1,2,22,7,25602,0,0,0,41919620000,41919623000,-1,0,0,0,0,0,0,0,0
1,2,22,7,25607,0,0,0,41919624000,41933844000,-1,0,0,0,0,0,0,0,0
0,1,22,15,2,0,15,0,41933864000,41934013000,-1,0,0,0,0,0,0,0,0
1,1,22,15,20483,0,0,0,41934016000,41934024000,-1,0,0,0,0,0,0,0,0
1,1,22,15,1088704512,3066196212,0,0,41934026000,41934031000,-1,3066200064,3065053184,0,16777440,41943520,0,1,0
1,1,22,15,2147766273,0,0,0,41934033000,41934126000,-1,0,0,0,0,0,0,0,0
1,1,22,15,2147766276,3000,0,0,41934127000,41935994000,-1,0,0,0,0,0,0,0,0
1,1,22,15,2147766277,3064434148,0,0,41935997000,41936000000,6,0,0,0,0,0,0,0,0
1,1,22,15,20483,0,0,0,41936001000,41936004000,-1,0,0,0,0,0,0,0,0
2,1,22,15,0,0,0,0,41936006000,41936095000,-1,0,0,0,0,0,0,0,0
1,2,22,7,1076651027,2829356,0,0,41936103000,41936282000,-1,0,0,0,41943520,0,0,1280,3065053184
1,2,22,7,25602,0,0,0,41936284000,41936287000,-1,0,0,0,0,0,0,0,0
1,2,22,7,25607,0,0,0,41936288000,41950424000,-1,0,0,0,0,0,0,0,0
0,1,22,15,2,0,15,0,41963772000,41963931000,-1,0,0,0,0,0,0,0,0
1,1,22,15,20483,0,0,0,41963936000,41963945000,-1,0,0,0,0,0,0,0,0
1,1,22,15,1088704512,3066196212,0,0,41963948000,41963954000,-1,3066200064,3064438784,0,16777440,41943520,0,1,0
1,1,22,15,2147766273,0,0,0,41963956000,41964047000,-1,0,0,0,0,0,0,0,0
1,1,22,15,2147766276,3000,0,0,41964048000,41965913000,-1,0,0,0,0,0,0,0,0
1,1,22,15,2147766277,3064434148,0,0,41965915000,41965918000,6,0,0,0,0,0,0,0,0
1,1,22,15,20483,0,0,0,41965920000,41965922000,-1,0,0,0,0,0,0,0,0
2,1,22,15,0,0,0,0,41965924000,41966011000,-1,0,0,0,0,0,0,0,0
1,2,22,7,1076651027,2829312,0,0,41966019000,41966198000,-1,0,0,0,41943520,0,0,1280,3064438784
1,2,22,7,25602,0,0,0,41966234000,41966239000,-1,0,0,0,0,0,0,0,0
1,2,22,7,25607,0,0,0,41966240000,41967085000,-1,0,0,0,0,0,0,0,0
0,1,22,15,2,0,15,0,41977741000,41977899000,-1,0,0,0,0,0,0,0,0
1,1,22,15,20483,0,0,0,41977905000,41977915000,-1,0,0,0,0,0,0,0,0
1,1,22,15,1088704512,3066196212,0,0,41977917000,41977924000,-1,3066200064,3065053184,0,16777440,41943520,0,1,0
1,1,22,15,2147766273,0,0,0,41977925000,41978024000,-1,0,0,0,0,0,0,0,0
1,1,22,15,2147766276,3000,0,0,41978026000,41979899000,-1,0,0,0,0,0,0,0,0
1,1,22,15,2147766277,3064434148,0,0,41979901000,41979904000,6,0,0,0,0,0,0,0,0
1,1,22,15,20483,0,0,0,41979905000,41979908000,-1,0,0,0,0,0,0,0,0
2,1,22,15,0,0,0,0,41979909000,41979997000,-1,0,0,0,0,0,0,0,0
1,2,22,7,1076651027,2829356,0,0,41980064000,41980246000,-1,0,0,0,41943520,0,0,1280,3065053184
1,2,22,7,25602,0,0,0,41980248000,41980251000,-1,0,0,0,0,0,0,0,0
1,2,22,7,25607,0,0,0,41980253000,41983741000,-1,0,0,0,0,0,0,0,0
0,1,22,15,2,0,15,0,41991745000,41991903000,-1,0,0,0,0,0,0,0,0
1,1,22,15,20483,0,0,0,41991909000,41991920000,-1,0,0,0,0,0,0,0,0
1,1,22,15,1088704512,3066196212,0,0,41991922000,41991928000,-1,3066200064,3064438784,0,16777440,41943520,0,1,0
1,1,22,15,2147766273,0,0,0,41991930000,41992021000,-1,0,0,0,0,0,0,0,0
1,1,22,15,2147766276,3000,0,0,41992024000,41993897000,-1,0,0,0,0,0,0,0,0
1,1,22,15,2147766277,3064434148,0,0,41993900000,41993903000,6,0,0,0,0,0,0,0,0
1,1,22,15,20483,0,0,0,41993904000,41993906000,-1,0,0,0,0,0,0,0,0
2,1,22,15,0,0,0,0,41993908000,41993997000,-1,0,0,0,0,0,0,0,0
1,2,22,7,1076651027,2829312,0,0,41994005000,41994185000,-1,0,0,0,41943520,0,0,1280,3064438784
1,2,22,7,25602,0,0,0,41994186000,41994190000,-1,0,0,0,0,0,0,0,0
1,2,22,7,25607,0,0,0,41994192000,42000397000,-1,0,0,0,0,0,0,0,0
0,1,22,15,2,0,15,0,42005861000,42006024000,-1,0,0,0,0,0,0,0,0
1,1,22,15,20483,0,0,0,42006030000,42006039000,-1,0,0,0,0,0,0,0,0
1,1,22,15,1088704512,3066196212,0,0,42006041000,42006046000,-1,3066200064,3065053184,0,16777440,41943520,0,1,0
1,1,22,15,2147766273,0,0,0,42006048000,42006147000,-1,0,0,0,0,0,0,0,0
1,1,22,15,2147766276,3000,0,0,42006149000,42008022000,-1,0,0,0,0,0,0,0,0
1,1,22,15,2147766277,3064434148,0,0,42008026000,42008029000,6,0,0,0,0,0,0,0,0
1,1,22,15,20483,0,0,0,42008031000,42008034000,-1,0,0,0,0,0,0,0,0
2,1,22,15,0,0,0,0,42008036000,42008130000,-1,0,0,0,0,0,0,0,0
1,2,22,7,1076651027,2829356,0,0,42008139000,42008319000,-1,0,0,0,41943520,0,0,1280,3065053184
1,2,22,7,25602,0,0,0,42008320000,42008324000,-1,0,0,0,0,0,0,0,0
1,2,22,7,25607,0,0,0,42008325000,42017055000,-1,0,0,0,0,0,0,0,0
0,1,22,15,2,0,15,0,42023407000,42023568000,-1,0,0,0,0,0,0,0,0
1,1,22,15,20483,0,0,0,42023575000,42023585000,-1,0,0,0,0,0,0,0,0
1,1,22,15,1088704512,3066196212,0,0,42023587000,42023593000,-1,3066200064,3064438784,0,16777440,41943520,0,1,0
1,1,22,15,2147766273,0,0,0,42023595000,42023691000,-1,0,0,0,0,0,0,0,0
1,1,22,15,2147766276,3000,0,0,42023693000,42025565000,-1,0,0,0,0,0,0,0,0
1,1,22,15,2147766277,3064434148,0,0,42025568000,42025571000,6,0,0,0,0,0,0,0,0
1,1,22,15,20483,0,0,0,42025572000,42025574000,-1,0,0,0,0,0,0,0,0
2,1,22,15,0,0,0,0,42025576000,42025663000,-1,0,0,0,0,0,0,0,0
1,2,22,7,1076651027,2829312,0,0,42025671000,42025851000,-1,0,0,0,41943520,0,0,1280,3064438784
1,2,22,7,25602,0,0,0,42025853000,42025857000,-1,0,0,0,0,0,0,0,0
1,2,22,7,25607,0,0,0,42025858000,42033717000,-1,0,0,0,0,0,0,0,0
0,1,22,15,2,0,15,0,42039048000,42039217000,-1,0,0,0,0,0,0,0,0
1,1,22,15,20483,0,0,0,42039262000,42039273000,-1,0,0,0,0,0,0,0,0
1,1,22,15,1088704512,3066196212,0,0,42039275000,42039282000,-1,3066200064,3065053184,0,16777440,41943520,0,1,0
1,1,22,15,2147766273,0,0,0,42039284000,42039388000,-1,0,0,0,0,0,0,0,0
1,1,22,15,2147766276,3000,0,0,42039390000,42041258000,-1,0,0,0,0,0,0,0,0
1,1,22,15,2147766277,3064434148,0,0,42041262000,42041266000,6,0,0,0,0,0,0,0,0
1,1,22,15,20483,0,0,0,42041267000,42041270000,-1,0,0,0,0,0,0,0,0
2,1,22,15,0,0,0,0,42041272000,42041386000,-1,0,0,0,0,0,0,0,0
1,2,22,7,1076651027,2829356,0,0,42041394000,42041576000,-1,0,0,0,41943520,0,0,1280,3065053184
1,2,22,7,25602,0,0,0,42041578000,42041582000,-1,0,0,0,0,0,0,0,0
1,2,22,7,25607,0,0,0,42041583000,42050372000,-1,0,0,0,0,0,0,0,0
0,1,22,15,2,0,15,0,42058977000,42059133000,-1,0,0,0,0,0,0,0,0
1,1,22,15,20483,0,0,0,42059138000,42059149000,-1,0,0,0,0,0,0,0,0
1,1,22,15,1088704512,3066196212,0,0,42059151000,42059157000,-1,3066200064,3064438784,0,16777440,41943520,0,1,0
1,1,22,15,2147766273,0,0,0,42059158000,42059253000,-1,0,0,0,0,0,0,0,0
1,1,22,15,2147766276,3000,0,0,42059255000,42061152000,-1,0,0,0,0,0,0,0,0
1,1,22,15,2147766277,3064434148,0,0,42061156000,42061160000,6,0,0,0,0,0,0,0,0
1,1,22,15,20483,0,0,0,42061161000,42061164000,-1,0,0,0,0,0,0,0,0
2,1,22,15,0,0,0,0,42061166000,42061260000,-1,0,0,0,0,0,0,0,0
1,2,22,7,1076651027,2829312,0,0,42061269000,42061450000,-1,0,0,0,41943520,0,0,1280,3064438784
1,2,22,7,25602,0,0,0,42061451000,42061455000,-1,0,0,0,0,0,0,0,0
1,2,22,7,25607,0,0,0,42061456000,42067031000,-1,0,0,0,0,0,0,0,0
0,1,22,15,2,0,15,0,42075033000,42075195000,-1,0,0,0,0,0,0,0,0
1,1,22,15,20483,0,0,0,42075201000,42075211000,-1,0,0,0,0,0,0,0,0
1,1,22,15,1088704512,3066196212,0,0,42075213000,42075219000,-1,3066200064,3065053184,0,16777440,41943520,0,1,0
1,1,22,15,2147766273,0,0,0,42075222000,42075323000,-1,0,0,0,0,0,0,0,0
1,1,22,15,2147766276,3000,0,0,42075325000,42077208000,-1,0,0,0,0,0,0,0,0
1,1,22,15,2147766277,3064434148,0,0,42077211000,42077215000,6,0,0,0,0,0,0,0,0
1,1,22,15,20483,0,0,0,42077216000,42077220000,-1,0,0,0,0,0,0,0,0
2,1,22,15,0,0,0,0,42077222000,42077316000,-1,0,0,0,0,0,0,0,0
1,2,22,7,1076651027,2829356,0,0,42077324000,42077505000,-1,0,0,0,41943520,0,0,1280,3065053184
1,2,22,7,25602,0,0,0,42077506000,42077510000,-1,0,0,0,0,0,0,0,0
1,2,22,7,25607,0,0,0,42077511000,42083689000,-1,0,0,0,0,0,0,0,0
0,1,22,15,2,0,15,0,42091033000,42091190000,-1,0,0,0,0,0,0,0,0
1,1,22,15,20483,0,0,0,42091196000,42091206000,-1,0,0,0,0,0,0,0,0
1,1,22,15,1088704512,3066196212,0,0,42091209000,42091215000,-1,3066200064,3064438784,0,16777440,41943520,0,1,0
1,1,22,15,2147766273,0,0,0,42091217000,42091312000,-1,0,0,0,0,0,0,0,0
1,1,22,15,2147766276,3000,0,0,42091315000,42093192000,-1,0,0,0,0,0,0,0,0
1,1,22,15,2147766277,3064434148,0,0,42093196000,42093199000,6,0,0,0,0,0,0,0,0
1,1,22,15,20483,0,0,0,42093200000,42093203000,-1,0,0,0,0,0,0,0,0
2,1,22,15,0,0,0,0,42093205000,42093298000,-1,0,0,0,0,0,0,0,0
1,2,22,7,1076651027,2829312,0,0,42093306000,42093486000,-1,0,0,0,41943520,0,0,1280,3064438784
1,2,22,7,25602,0,0,0,42093487000,42093490000,-1,0,0,0,0,0,0,0,0
1,2,22,7,25607,0,0,0,42093492000,42100341000,-1,0,0,0,0,0,0,0,0
0,1,22,15,2,0,15,0,42107042000,42107196000,-1,0,0,0,0,0,0,0,0
1,1,22,15,20483,0,0,0,42107200000,42107210000,-1,0,0,0,0,0,0,0,0
1,1,22,15,1088704512,3066196212,0,0,42107212000,42107218000,-1,3066200064,3065053184,0,16777440,41943520,0,1,0
1,1,22,15,2147766273,0,0,0,42107258000,42107358000,-1,0,0,0,0,0,0,0,0
1,1,22,15,2147766276,3000,0,0,42107361000,42109239000,-1,0,0,0,0,0,0,0,0
1,1,22,15,2147766277,3064434148,0,0,42109243000,42109246000,6,0,0,0,0,0,0,0,0
1,1,22,15,20483,0,0,0,42109247000,42109250000,-1,0,0,0,0,0,0,0,0
2,1,22,15,0,0,0,0,42109252000,42109347000,-1,0,0,0,0,0,0,0,0
1,2,22,7,1076651027,2829356,0,0,42109356000,42109536000,-1,0,0,0,41943520,0,0,1280,3065053184
1,2,22,7,25602,0,0,0,42109537000,42109541000,-1,0,0,0,0,0,0,0,0
1,2,22,7,25607,0,0,0,42109542000,42117003000,-1,0,0,0,0,0,0,0,0
0,1,22,15,2,0,15,0,42123062000,42123217000,-1,0,0,0,0,0,0,0,0
1,1,22,15,20483,0,0,0,42123223000,42123232000,-1,0,0,0,0,0,0,0,0
1,1,22,15,1088704512,3066196212,0,0,42123234000,42123240000,-1,3066200064,3064438784,0,16777440,41943520,0,1,0
1,1,22,15,2147766273,0,0,0,42123242000,42123342000,-1,0,0,0,0,0,0,0,0
1,1,22,15,2147766276,3000,0,0,42123343000,42125222000,-1,0,0,0,0,0,0,0,0
1,1,22,15,2147766277,3064434148,0,0,42125226000,42125230000,6,0,0,0,0,0,0,0,0
1,1,22,15,20483,0,0,0,42125231000,42125234000,-1,0,0,0,0,0,0,0,0
2,1,22,15,0,0,0,0,42125237000,42125332000,-1,0,0,0,0,0,0,0,0
1,2,22,7,1076651027,2829312,0,0,42125339000,42125519000,-1,0,0,0,41943520,0,0,1280,3064438784
1,2,22,7,25602,0,0,0,42125520000,42125524000,-1,0,0,0,0,0,0,0,0
1,2,22,7,25607,0,0,0,42125525000,42133665000,-1,0,0,0,0,0,0,0,0
0,1,22,15,2,0,15,0,42139034000,42139194000,-1,0,0,0,0,0,0,0,0
1,1,22,15,20483,0,0,0,42139200000,42139209000,-1,0,0,0,0,0,0,0,0
1,1,22,15,1088704512,3066196212,0,0,42139211000,42139218000,-1,3066200064,3065053184,0,16777440,41943520,0,1,0
1,1,22,15,2147766273,0,0,0,42139220000,42139312000,-1,0,0,0,0,0,0,0,0
1,1,22,15,2147766276,3000,0,0,42139314000,42141215000,-1,0,0,0,0,0,0,0,0
1,1,22,15,2147766277,3064434148,0,0,42141219000,42141223000,6,0,0,0,0,0,0,0,0
1,1,22,15,20483,0,0,0,42141224000,42141227000,-1,0,0,0,0,0,0,0,0
2,1,22,15,0,0,0,0,42141229000,42141322000,-1,0,0,0,0,0,0,0,0
1,2,22,7,1076651027,2829356,0,0,42141330000,42141510000,-1,0,0,0,41943520,0,0,1280,3065053184
1,2,22,7,25602,0,0,0,42141511000,42141515000,-1,0,0,0,0,0,0,0,0
1,2,22,7,25607,0,0,0,42141516000,42150314000,-1,0,0,0,0,0,0,0,0
0,1,22,15,2,0,15,0,42155003000,42155169000,-1,0,0,0,0,0,0,0,0
1,1,22,15,20483,0,0,0,42155175000,42155186000,-1,0,0,0,0,0,0,0,0
1,1,22,15,1088704512,3066196212,0,0,42155189000,42155195000,-1,3066200064,3064438784,0,16777440,41943520,0,1,0
1,1,22,15,2147766273,0,0,0,42155196000,42155300000,-1,0,0,0,0,0,0,0,0
1,1,22,15,2147766276,3000,0,0,42155301000,42157179000,-1,0,0,0,0,0,0,0,0
1,1,22,15,2147766277,3064434148,0,0,42157183000,42157187000,6,0,0,0,0,0,0,0,0
1,1,22,15,20483,0,0,0,42157188000,42157190000,-1,0,0,0,0,0,0,0,0
2,1,22,15,0,0,0,0,42157192000,42157285000,-1,0,0,0,0,0,0,0,0
1,2,22,7,1076651027,2829312,0,0,42157293000,42157472000,-1,0,0,0,41943520,0,0,1280,3064438784
1,2,22,7,25602,0,0,0,42157474000,42157477000,-1,0,0,0,0,0,0,0,0
1,2,22,7,25607,0,0,0,42157479000,42166968000,-1,0,0,0,0,0,0,0,0
0,1,22,15,2,0,15,0,42171067000,42171234000,-1,0,0,0,0,0,0,0,0
1,1,22,15,20483,0,0,0,42171240000,42171250000,-1,0,0,0,0,0,0,0,0
1,1,22,15,1088704512,3066196212,0,0,42171252000,42171258000,-1,3066200064,3065053184,0,16777440,41943520,0,1,0
1,1,22,15,2147766273,0,0,0,42171259000,42171361000,-1,0,0,0,0,0,0,0,0
1,1,22,15,2147766276,3000,0,0,42171363000,42173246000,-1,0,0,0,0,0,0,0,0
1,1,22,15,2147766277,3064434148,0,0,42173250000,42173254000,6,0,0,0,0,0,0,0,0
1,1,22,15,20483,0,0,0,42173291000,42173295000,-1,0,0,0,0,0,0,0,0
2,1,22,15,0,0,0,0,42173298000,42173395000,-1,0,0,0,0,0,0,0,0
1,2,22,7,1076651027,2829356,0,0,42173404000,42173584000,-1,0,0,0,41943520,0,0,1280,3065053184
1,2,22,7,25602,0,0,0,42173585000,42173589000,-1,0,0,0,0,0,0,0,0
1,2,22,7,25607,0,0,0,42173590000,42183637000,-1,0,0,0,0,0,0,0,0
0,1,22,15,2,0,15,0,42186993000,42187154000,-1,0,0,0,0,0,0,0,0
1,1,22,15,20483,0,0,0,42187160000,42187169000,-1,0,0,0,0,0,0,0,0
1,1,22,15,1088704512,3066196212,0,0,42187171000,42187178000,-1,3066200064,3064438784,0,16777440,41943520,0,1,0
1,1,22,15,2147766273,0,0,0,42187180000,42187277000,-1,0,0,0,0,0,0,0,0
1,1,22,15,2147766276,3000,0,0,42187279000,42189157000,-1,0,0,0,0,0,0,0,0
1,1,22,15,2147766277,3064434148,0,0,42189160000,42189164000,6,0,0,0,0,0,0,0,0
1,1,22,15,20483,0,0,0,42189165000,42189168000,-1,0,0,0,0,0,0,0,0
2,1,22,15,0,0,0,0,42189170000,42189267000,-1,0,0,0,0,0,0,0,0
1,2,22,7,1076651027,2829312,0,0,42189274000,42189455000,-1,0,0,0,41943520,0,0,1280,3064438784
1,2,22,7,25602,0,0,0,42189457000,42189461000,-1,0,0,0,0,0,0,0,0
1,2,22,7,25607,0,0,0,42189462000,42200283000,-1,0,0,0,0,0,0,0,0
0,1,22,15,2,0,15,0,42203034000,42203192000,-1,0,0,0,0,0,0,0,0
1,1,22,15,20483,0,0,0,42203197000,42203207000,-1,0,0,0,0,0,0,0,0
1,1,22,15,1088704512,3066196212,0,0,42203209000,42203216000,-1,3066200064,3065053184,0,16777440,41943520,0,1,0
1,1,22,15,2147766273,0,0,0,42203218000,42203311000,-1,0,0,0,0,0,0,0,0
1,1,22,15,2147766276,3000,0,0,42203312000,42205196000,-1,0,0,0,0,0,0,0,0
1,1,22,15,2147766277,3064434148,0,0,42205198000,42205202000,6,0,0,0,0,0,0,0,0
1,1,22,15,20483,0,0,0,42205203000,42205206000,-1,0,0,0,0,0,0,0,0
2,1,22,15,0,0,0,0,42205208000,42205305000,-1,0,0,0,0,0,0,0,0
1,2,22,7,1076651027,2829356,0,0,42205313000,42205494000,-1,0,0,0,41943520,0,0,1280,3065053184
1,2,22,7,25602,0,0,0,42205496000,42205500000,-1,0,0,0,0,0,0,0,0
1,2,22,7,25607,0,0,0,42205501000,42216942000,-1,0,0,0,0,0,0,0,0
0,1,22,15,2,0,15,0,42218995000,42219158000,-1,0,0,0,0,0,0,0,0
1,1,22,15,20483,0,0,0,42219165000,42219176000,-1,0,0,0,0,0,0,0,0
1,1,22,15,1088704512,3066196212,0,0,42219178000,42219184000,-1,3066200064,3064438784,0,16777440,41943520,0,1,0
1,1,22,15,2147766273,0,0,0,42219186000,42219283000,-1,0,0,0,0,0,0,0,0
1,1,22,15,2147766276,3000,0,0,42219285000,42221150000,-1,0,0,0,0,0,0,0,0
1,1,22,15,2147766277,3064434148,0,0,42221154000,42221159000,6,0,0,0,0,0,0,0,0
1,1,22,15,20483,0,0,0,42221161000,42221165000,-1,0,0,0,0,0,0,0,0
2,1,22,15,0,0,0,0,42221166000,42221274000,-1,0,0,0,0,0,0,0,0
1,2,22,7,1076651027,2829312,0,0,42221283000,42221463000,-1,0,0,0,41943520,0,0,1280,3064438784
1,2,22,7,25602,0,0,0,42221464000,42221468000,-1,0,0,0,0,0,0,0,0
1,2,22,7,25607,0,0,0,42221469000,42233600000,-1,0,0,0,0,0,0,0,0
0,1,22,15,2,0,15,0,42244609000,42244773000,-1,0,0,0,0,0,0,0,0
1,1,22,15,20483,0,0,0,42244780000,42244791000,-1,0,0,0,0,0,0,0,0
1,1,22,15,1088704512,3066196212,0,0,42244793000,42244800000,-1,3066200064,3065053184,0,16777440,41943520,0,1,0
1,1,22,15,2147766273,0,0,0,42244801000,42244896000,-1,0,0,0,0,0,0,0,0
1,1,22,15,2147766276,3000,0,0,42244897000,42246763000,-1,0,0,0,0,0,0,0,0
1,1,22,15,2147766277,3064434148,0,0,42246767000,42246771000,6,0,0,0,0,0,0,0,0
1,1,22,15,20483,0,0,0,42246772000,42246775000,-1,0,0,0,0,0,0,0,0
2,1,22,15,0,0,0,0,42246777000,42246881000,-1,0,0,0,0,0,0,0,0
1,2,22,7,1076651027,2829356,0,0,42246925000,42247107000,-1,0,0,0,41943520,0,0,1280,3065053184
1,2,22,7,25602,0,0,0,42247108000,42247112000,-1,0,0,0,0,0,0,0,0
1,2,22,7,25607,0,0,0,42247113000,42250252000,-1,0,0,0,0,0,0,0,0
0,1,22,15,2,0,15,0,42259510000,42259677000,-1,0,0,0,0,0,0,0,0
1,1,22,15,20483,0,0,0,42259684000,42259695000,-1,0,0,0,0,0,0,0,0
1,1,22,15,1088704512,3066196212,0,0,42259697000,42259703000,-1,3066200064,3064438784,0,16777440,41943520,0,1,0
1,1,22,15,2147766273,0,0,0,42259705000,42259809000,-1,0,0,0,0,0,0,0,0
1,1,22,15,2147766276,3000,0,0,42259811000,42261835000,-1,0,0,0,0,0,0,0,0
1,1,22,15,2147766277,3064434148,0,0,42261839000,42261842000,6,0,0,0,0,0,0,0,0
1,1,22,15,20483,0,0,0,42261843000,42261846000,-1,0,0,0,0,0,0,0,0
2,1,22,15,0,0,0,0,42261848000,42261954000,-1,0,0,0,0,0,0,0,0
1,2,22,7,1076651027,2829312,0,0,42261963000,42262143000,-1,0,0,0,41943520,0,0,1280,3064438784
1,2,22,7,25602,0,0,0,42262144000,42262148000,-1,0,0,0,0,0,0,0,0
1,2,22,7,25607,0,0,0,42262149000,42266918000,-1,0,0,0,0,0,0,0,0
0,1,22,15,2,0,15,0,42275392000,42275555000,-1,0,0,0,0,0,0,0,0
1,1,22,15,20483,0,0,0,42275562000,42275571000,-1,0,0,0,0,0,0,0,0
1,1,22,15,1088704512,3066196212,0,0,42275573000,42275579000,-1,3066200064,3065053184,0,16777440,41943520,0,1,0
1,1,22,15,2147766273,0,0,0,42275581000,42275678000,-1,0,0,0,0,0,0,0,0
1,1,22,15,2147766276,3000,0,0,42275680000,42277557000,-1,0,0,0,0,0,0,0,0
1,1,22,15,2147766277,3064434148,0,0,42277561000,42277565000,6,0,0,0,0,0,0,0,0
1,1,22,15,20483,0,0,0,42277567000,42277569000,-1,0,0,0,0,0,0,0,0
2,1,22,15,0,0,0,0,42277571000,42277693000,-1,0,0,0,0,0,0,0,0
1,2,22,7,1076651027,2829356,0,0,42277701000,42277883000,-1,0,0,0,41943520,0,0,1280,3065053184
1,2,22,7,25602,0,0,0,42277884000,42277888000,-1,0,0,0,0,0,0,0,0
1,2,22,7,25607,0,0,0,42277889000,42283567000,-1,0,0,0,0,0,0,0,0
0,1,22,15,2,0,15,0,42291294000,42291454000,-1,0,0,0,0,0,0,0,0
1,1,22,15,20483,0,0,0,42291460000,42291471000,-1,0,0,0,0,0,0,0,0
1,1,22,15,1088704512,3066196212,0,0,42291473000,42291480000,-1,3066200064,3064438784,0,16777440,41943520,0,1,0
1,1,22,15,2147766273,0,0,0,42291481000,42291583000,-1,0,0,0,0,0,0,0,0
1,1,22,15,2147766276,3000,0,0,42291585000,42293468000,-1,0,0,0,0,0,0,0,0
1,1,22,15,2147766277,3064434148,0,0,42293472000,42293475000,6,0,0,0,0,0,0,0,0
1,1,22,15,20483,0,0,0,42293476000,42293480000,-1,0,0,0,0,0,0,0,0
2,1,22,15,0,0,0,0,42293482000,42293576000,-1,0,0,0,0,0,0,0,0
1,2,22,7,1076651027,2829312,0,0,42293585000,42293798000,-1,0,0,0,41943520,0,0,1280,3064438784
1,2,22,7,25602,0,0,0,42293800000,42293804000,-1,0,0,0,0,0,0,0,0
1,2,22,7,25607,0,0,0,42293805000,42300231000,-1,0,0,0,0,0,0,0,0
0,1,22,15,2,0,15,0,42307169000,42307333000,-1,0,0,0,0,0,0,0,0
1,1,22,15,20483,0,0,0,42307339000,42307349000,-1,0,0,0,0,0,0,0,0
1,1,22,15,1088704512,3066196212,0,0,42307351000,42307357000,-1,3066200064,3065053184,0,16777440,41943520,0,1,0
1,1,22,15,2147766273,0,0,0,42307359000,42307459000,-1,0,0,0,0,0,0,0,0
1,1,22,15,2147766276,3000,0,0,42307461000,42309339000,-1,0,0,0,0,0,0,0,0
1,1,22,15,2147766277,3064434148,0,0,42309343000,42309346000,6,0,0,0,0,0,0,0,0
1,1,22,15,20483,0,0,0,42309347000,42309351000,-1,0,0,0,0,0,0,0,0
2,1,22,15,0,0,0,0,42309352000,42309446000,-1,0,0,0,0,0,0,0,0
1,2,22,7,1076651027,2829356,0,0,42309454000,42309634000,-1,0,0,0,41943520,0,0,1280,3065053184
1,2,22,7,25602,0,0,0,42309635000,42309639000,-1,0,0,0,0,0,0,0,0
1,2,22,7,25607,0,0,0,42309640000,42316882000,-1,0,0,0,0,0,0,0,0
0,1,22,15,2,0,15,0,42323114000,42323284000,-1,0,0,0,0,0,0,0,0
1,1,22,15,20483,0,0,0,42323289000,42323299000,-1,0,0,0,0,0,0,0,0
1,1,22,15,1088704512,3066196212,0,0,42323301000,42323308000,-1,3066200064,3064438784,0,16777440,41943520,0,1,0
1,1,22,15,2147766273,0,0,0,42323310000,42323418000,-1,0,0,0,0,0,0,0,0
1,1,22,15,2147766276,3000,0,0,42323420000,42325298000,-1,0,0,0,0,0,0,0,0
1,1,22,15,2147766277,3064434148,0,0,42325301000,42325305000,6,0,0,0,0,0,0,0,0
1,1,22,15,20483,0,0,0,42325306000,42325309000,-1,0,0,0,0,0,0,0,0
2,1,22,15,0,0,0,0,42325311000,42325402000,-1,0,0,0,0,0,0,0,0
1,2,22,7,1076651027,2829312,0,0,42325409000,42325589000,-1,0,0,0,41943520,0,0,1280,3064438784
1,2,22,7,25602,0,0,0,42325590000,42325594000,-1,0,0,0,0,0,0,0,0
1,2,22,7,25607,0,0,0,42325595000,42333543000,-1,0,0,0,0,0,0,0,0
0,1,22,15,2,0,15,0,42339047000,42339207000,-1,0,0,0,0,0,0,0,0
1,1,22,15,20483,0,0,0,42339213000,42339223000,-1,0,0,0,0,0,0,0,0
1,1,22,15,1088704512,3066196212,0,0,42339224000,42339231000,-1,3066200064,3065053184,0,16777440,41943520,0,1,0
1,1,22,15,2147766273,0,0,0,42339232000,42339324000,-1,0,0,0,0,0,0,0,0
1,1,22,15,2147766276,3000,0,0,42339326000,42341194000,-1,0,0,0,0,0,0,0,0
1,1,22,15,2147766277,3064434148,0,0,42341199000,42341204000,6,0,0,0,0,0,0,0,0
1,1,22,15,20483,0,0,0,42341205000,42341208000,-1,0,0,0,0,0,0,0,0
2,1,22,15,0,0,0,0,42341210000,42341314000,-1,0,0,0,0,0,0,0,0
1,2,22,7,1076651027,2829356,0,0,42341324000,42341504000,-1,0,0,0,41943520,0,0,1280,3065053184
1,2,22,7,25602,0,0,0,42341506000,42341510000,-1,0,0,0,0,0,0,0,0
1,2,22,7,25607,0,0,0,42341511000,42350199000,-1,0,0,0,0,0,0,0,0
0,1,22,15,2,0,15,0,42354993000,42355151000,-1,0,0,0,0,0,0,0,0
1,1,22,15,20483,0,0,0,42355158000,42355169000,-1,0,0,0,0,0,0,0,0
1,1,22,15,1088704512,3066196212,0,0,42355171000,42355177000,-1,3066200064,3064438784,0,16777440,41943520,0,1,0
1,1,22,15,2147766273,0,0,0,42355179000,42355273000,-1,0,0,0,0,0,0,0,0
1,1,22,15,2147766276,3000,0,0,42355274000,42357159000,-1,0,0,0,0,0,0,0,0
1,1,22,15,2147766277,3064434148,0,0,42357163000,42357167000,6,0,0,0,0,0,0,0,0
1,1,22,15,20483,0,0,0,42357168000,42357171000,-1,0,0,0,0,0,0,0,0
2,1,22,15,0,0,0,0,42357173000,42357265000,-1,0,0,0,0,0,0,0,0
1,2,22,7,1076651027,2829312,0,0,42357273000,42357455000,-1,0,0,0,41943520,0,0,1280,3064438784
1,2,22,7,25602,0,0,0,42357456000,42357460000,-1,0,0,0,0,0,0,0,0
1,2,22,7,25607,0,0,0,42357462000,42366855000,-1,0,0,0,0,0,0,0,0
0,1,22,15,2,0,15,0,42371069000,42371232000,-1,0,0,0,0,0,0,0,0
1,1,22,15,20483,0,0,0,42371238000,42371248000,-1,0,0,0,0,0,0,0,0
1,1,22,15,1088704512,3066196212,0,0,42371250000,42371257000,-1,3066200064,3065053184,0,16777440,41943520,0,1,0
1,1,22,15,2147766273,0,0,0,42371259000,42371355000,-1,0,0,0,0,0,0,0,0
1,1,22,15,2147766276,3000,0,0,42371357000,42373237000,-1,0,0,0,0,0,0,0,0
1,1,22,15,2147766277,3064434148,0,0,42373242000,42373246000,6,0,0,0,0,0,0,0,0
1,1,22,15,20483,0,0,0,42373247000,42373249000,-1,0,0,0,0,0,0,0,0
2,1,22,15,0,0,0,0,42373251000,42373345000,-1,0,0,0,0,0,0,0,0
1,2,22,7,1076651027,2829356,0,0,42373353000,42373533000,-1,0,0,0,41943520,0,0,1280,3065053184
1,2,22,7,25602,0,0,0,42373535000,42373538000,-1,0,0,0,0,0,0,0,0
1,2,22,7,25607,0,0,0,42373539000,42383514000,-1,0,0,0,0,0,0,0,0
0,1,22,15,2,0,15,0,42386984000,42387140000,-1,0,0,0,0,0,0,0,0
1,1,22,15,20483,0,0,0,42387146000,42387156000,-1,0,0,0,0,0,0,0,0
1,1,22,15,1088704512,3066196212,0,0,42387198000,42387205000,-1,3066200064,3064438784,0,16777440,41943520,0,1,0
1,1,22,15,2147766273,0,0,0,42387207000,42387304000,-1,0,0,0,0,0,0,0,0
1,1,22,15,2147766276,3000,0,0,42387306000,42389190000,-1,0,0,0,0,0,0,0,0
1,1,22,15,2147766277,3064434148,0,0,42389193000,42389196000,6,0,0,0,0,0,0,0,0
1,1,22,15,20483,0,0,0,42389198000,42389200000,-1,0,0,0,0,0,0,0,0
2,1,22,15,0,0,0,0,42389202000,42389296000,-1,0,0,0,0,0,0,0,0
1,2,22,7,1076651027,2829312,0,0,42389304000,42389484000,-1,0,0,0,41943520,0,0,1280,3064438784
1,2,22,7,25602,0,0,0,42389485000,42389488000,-1,0,0,0,0,0,0,0,0
1,2,22,7,25607,0,0,0,42389489000,42400167000,-1,0,0,0,0,0,0,0,0
0,1,22,15,2,0,15,0,42403022000,42403184000,-1,0,0,0,0,0,0,0,0
1,1,22,15,20483,0,0,0,42403190000,42403201000,-1,0,0,0,0,0,0,0,0
1,1,22,15,1088704512,3066196212,0,0,42403203000,42403209000,-1,3066200064,3065053184,0,16777440,41943520,0,1,0
1,1,22,15,2147766273,0,0,0,42403211000,42403306000,-1,0,0,0,0,0,0,0,0
1,1,22,15,2147766276,3000,0,0,42403309000,42405193000,-1,0,0,0,0,0,0,0,0
1,1,22,15,2147766277,3064434148,0,0,42405196000,42405200000,6,0,0,0,0,0,0,0,0
1,1,22,15,20483,0,0,0,42405201000,42405204000,-1,0,0,0,0,0,0,0,0
2,1,22,15,0,0,0,0,42405207000,42405298000,-1,0,0,0,0,0,0,0,0
1,2,22,7,1076651027,2829356,0,0,42405306000,42405486000,-1,0,0,0,41943520,0,0,1280,3065053184
1,2,22,7,25602,0,0,0,42405488000,42405492000,-1,0,0,0,0,0,0,0,0
1,2,22,7,25607,0,0,0,42405493000,42416826000,-1,0,0,0,0,0,0,0,0
0,1,22,15,2,0,15,0,42426930000,42427088000,-1,0,0,0,0,0,0,0,0
1,1,22,15,20483,0,0,0,42427094000,42427105000,-1,0,0,0,0,0,0,0,0
1,1,22,15,1088704512,3066196212,0,0,42427107000,42427113000,-1,3066200064,3064438784,0,16777440,41943520,0,1,0
1,1,22,15,2147766273,0,0,0,42427115000,42427212000,-1,0,0,0,0,0,0,0,0
1,1,22,15,2147766276,3000,0,0,42427214000,42429091000,-1,0,0,0,0,0,0,0,0
1,1,22,15,2147766277,3064434148,0,0,42429094000,42429098000,6,0,0,0,0,0,0,0,0
1,1,22,15,20483,0,0,0,42429099000,42429102000,-1,0,0,0,0,0,0,0,0
2,1,22,15,0,0,0,0,42429104000,42429195000,-1,0,0,0,0,0,0,0,0
1,2,22,7,1076651027,2829312,0,0,42429202000,42429382000,-1,0,0,0,41943520,0,0,1280,3064438784
1,2,22,7,25602,0,0,0,42429383000,42429387000,-1,0,0,0,0,0,0,0,0
1,2,22,7,25607,0,0,0,42429389000,42433482000,-1,0,0,0,0,0,0,0,0
0,1,22,15,2,0,15,0,42443159000,42443312000,-1,0,0,0,0,0,0,0,0
1,1,22,15,20483,0,0,0,42443318000,42443328000,-1,0,0,0,0,0,0,0,0
1,1,22,15,1088704512,3066196212,0,0,42443330000,42443336000,-1,3066200064,3065053184,0,16777440,41943520,0,1,0
1,1,22,15,2147766273,0,0,0,42443338000,42443428000,-1,0,0,0,0,0,0,0,0
1,1,22,15,2147766276,3000,0,0,42443431000,42445305000,-1,0,0,0,0,0,0,0,0
1,1,22,15,2147766277,3064434148,0,0,42445308000,42445311000,6,0,0,0,0,0,0,0,0
1,1,22,15,20483,0,0,0,42445312000,42445315000,-1,0,0,0,0,0,0,0,0
2,1,22,15,0,0,0,0,42445316000,42445405000,-1,0,0,0,0,0,0,0,0
1,2,22,7,1076651027,2829356,0,0,42445413000,42445593000,-1,0,0,0,41943520,0,0,1280,3065053184
1,2,22,7,25602,0,0,0,42445594000,42445598000,-1,0,0,0,0,0,0,0,0
1,2,22,7,25607,0,0,0,42445599000,42451727000,-1,0,0,0,0,0,0,0,0
0,1,22,15,2,0,15,0,42474904000,42475068000,-1,0,0,0,0,0,0,0,0
1,1,22,15,20483,0,0,0,42475074000,42475083000,-1,0,0,0,0,0,0,0,0
1,1,22,15,1088704512,3066196212,0,0,42475085000,42475092000,-1,3066200064,3064438784,0,16777440,41943520,0,1,0
1,1,22,15,2147766273,0,0,0,42475094000,42475188000,-1,0,0,0,0,0,0,0,0
1,1,22,15,2147766276,3000,0,0,42475190000,42477077000,-1,0,0,0,0,0,0,0,0
1,1,22,15,2147766277,3064434148,0,0,42477116000,42477122000,6,0,0,0,0,0,0,0,0
1,1,22,15,20483,0,0,0,42477124000,42477128000,-1,0,0,0,0,0,0,0,0
2,1,22,15,0,0,0,0,42477130000,42477249000,-1,0,0,0,0,0,0,0,0
1,2,22,7,1076651027,2829312,0,0,42477273000,42477454000,-1,0,0,0,41943520,0,0,1280,3064438784
1,2,22,7,25602,0,0,0,42477456000,42477459000,-1,0,0,0,0,0,0,0,0
1,2,22,7,25607,0,0,0,42477460000,42483472000,-1,0,0,0,0,0,0,0,0
# captured=2651 dropped=0
