operation,requested,rc,errno,revents,begin_ns,query_begin_ns,end_ns,accepted_bytes,delay_rc,delay_errno,delay_bytes,space_rc,space_errno,free_bytes,ptr_rc,ptr_errno,ptr_bytes,ptr,blocks
0,0,0,0,0,25749682000,25749693000,25749930000,0,0,0,0,0,0,4096,0,0,0,0,0
1,1024,1024,0,0,25750177000,25750203000,25750217000,1024,0,0,1024,0,0,3072,0,0,0,0,1
1,1024,1024,0,0,25750388000,25750440000,25750457000,2048,0,0,2048,0,0,2048,0,0,0,0,2
1,1024,1024,0,0,25750632000,25750643000,25750652000,3072,0,0,3072,0,0,1024,0,0,0,0,3
1,1024,1024,0,0,25750793000,25750801000,25750809000,4096,0,0,4096,0,0,0,0,0,0,0,4
1,1024,-1,11,0,25750923000,25750927000,25750935000,4096,0,0,4096,0,0,0,0,0,0,0,4
2,100,1,0,4,25750936000,25761870000,25761888000,4096,0,0,2052,0,0,2044,0,0,2044,2044,2
1,1024,1024,0,0,25761892000,25761909000,25761918000,5120,0,0,3076,0,0,1020,0,0,2044,2044,3
1,1024,1020,0,0,25762035000,25762044000,25762053000,6140,0,0,4096,0,0,0,0,0,2044,2044,4
1,4,4,0,0,25762055000,25762059000,25762066000,6144,0,0,4096,0,0,-4,0,0,2044,2044,4
1,1024,1020,0,0,25762183000,25762190000,25762198000,7164,0,0,4096,0,0,-1024,0,0,2044,2044,5
1,4,-1,11,0,25762200000,25762205000,25762212000,7164,0,0,4096,0,0,-1024,0,0,2044,2044,5
2,100,1,0,4,25762213000,25767658000,25767670000,7164,0,0,3072,0,0,0,0,0,3068,3068,4
1,4,4,0,0,25767674000,25767686000,25767694000,7168,0,0,4096,0,0,-4,0,0,3068,3068,4
1,1024,1020,0,0,25767811000,25767818000,25767825000,8188,0,0,4096,0,0,-1024,0,0,3068,3068,5
1,4,-1,11,0,25767828000,25767832000,25767839000,8188,0,0,4096,0,0,-1024,0,0,3068,3068,5
2,100,1,0,4,25767840000,25773465000,25773476000,8188,0,0,3072,0,0,0,0,0,4092,4092,4
1,4,4,0,0,25773479000,25773491000,25773499000,8192,0,0,4096,0,0,-4,0,0,4092,4092,4
1,1024,1020,0,0,25773616000,25773623000,25773630000,9212,0,0,4096,0,0,-1024,0,0,4092,4092,5
1,4,-1,11,0,25773633000,25773637000,25773644000,9212,0,0,4096,0,0,-1024,0,0,4092,4092,5
2,100,1,0,4,25773645000,25779254000,25779264000,9212,0,0,3072,0,0,0,0,0,5116,1020,4
1,4,4,0,0,25779268000,25779278000,25779286000,9216,0,0,4096,0,0,-4,0,0,5116,1020,4
1,1024,1020,0,0,25779403000,25779409000,25779417000,10236,0,0,4096,0,0,-1024,0,0,5116,1020,5
1,4,-1,11,0,25779420000,25779424000,25779431000,10236,0,0,4096,0,0,-1024,0,0,5116,1020,5
2,100,1,0,4,25779432000,25785056000,25785070000,10236,0,0,3072,0,0,0,0,0,6140,2044,4
1,4,4,0,0,25785074000,25785088000,25785097000,10240,0,0,4096,0,0,-4,0,0,6140,2044,4
1,1024,1020,0,0,25785217000,25785224000,25785232000,11260,0,0,4096,0,0,-1024,0,0,6140,2044,5
1,4,-1,11,0,25785235000,25785239000,25785246000,11260,0,0,4096,0,0,-1024,0,0,6140,2044,5
2,100,1,0,4,25785247000,25790868000,25790883000,11260,0,0,3072,0,0,0,0,0,7164,3068,4
1,4,4,0,0,25790887000,25790902000,25790910000,11264,0,0,4096,0,0,-4,0,0,7164,3068,4
1,1024,1020,0,0,25791031000,25791038000,25791046000,12284,0,0,4096,0,0,-1024,0,0,7164,3068,5
1,4,-1,11,0,25791049000,25791054000,25791061000,12284,0,0,4096,0,0,-1024,0,0,7164,3068,5
2,100,1,0,4,25791062000,25796659000,25796671000,12284,0,0,3072,0,0,0,0,0,8188,4092,4
1,4,4,0,0,25796675000,25796686000,25796694000,12288,0,0,4096,0,0,-4,0,0,8188,4092,4
1,1024,1020,0,0,25796813000,25796820000,25796828000,13308,0,0,4096,0,0,-1024,0,0,8188,4092,5
1,4,-1,11,0,25796830000,25796835000,25796842000,13308,0,0,4096,0,0,-1024,0,0,8188,4092,5
2,100,1,0,4,25796843000,25802465000,25802477000,13308,0,0,3072,0,0,0,0,0,9212,1020,4
1,4,4,0,0,25802481000,25802491000,25802499000,13312,0,0,4096,0,0,-4,0,0,9212,1020,4
1,1024,1020,0,0,25802620000,25802626000,25802634000,14332,0,0,4096,0,0,-1024,0,0,9212,1020,5
1,4,-1,11,0,25802637000,25802641000,25802649000,14332,0,0,4096,0,0,-1024,0,0,9212,1020,5
2,100,1,0,4,25802649000,25808254000,25808264000,14332,0,0,3072,0,0,0,0,0,10236,2044,4
1,4,4,0,0,25808268000,25808278000,25808286000,14336,0,0,4096,0,0,-4,0,0,10236,2044,4
1,1024,1020,0,0,25808406000,25808412000,25808420000,15356,0,0,4096,0,0,-1024,0,0,10236,2044,5
1,4,-1,11,0,25808423000,25808427000,25808434000,15356,0,0,4096,0,0,-1024,0,0,10236,2044,5
2,100,1,0,4,25808435000,25814059000,25814074000,15356,0,0,3072,0,0,0,0,0,11260,3068,4
1,4,4,0,0,25814079000,25814092000,25814100000,15360,0,0,4096,0,0,-4,0,0,11260,3068,4
1,1024,1020,0,0,25814220000,25814227000,25814235000,16380,0,0,4096,0,0,-1024,0,0,11260,3068,5
1,4,-1,11,0,25814238000,25814242000,25814249000,16380,0,0,4096,0,0,-1024,0,0,11260,3068,5
2,100,1,0,4,25814250000,25819858000,25819869000,16380,0,0,3072,0,0,0,0,0,12284,4092,4
1,4,4,0,0,25819873000,25819885000,25819892000,16384,0,0,4096,0,0,-4,0,0,12284,4092,4
1,1024,1020,0,0,25820030000,25820038000,25820048000,17404,0,0,4096,0,0,-1024,0,0,12284,4092,5
1,4,-1,11,0,25820051000,25820056000,25820064000,17404,0,0,4096,0,0,-1024,0,0,12284,4092,5
2,100,1,0,4,25820065000,25825657000,25825668000,17404,0,0,3072,0,0,0,0,0,13308,1020,4
1,4,4,0,0,25825672000,25825682000,25825690000,17408,0,0,4096,0,0,-4,0,0,13308,1020,4
1,1024,1020,0,0,25825810000,25825816000,25825824000,18428,0,0,4096,0,0,-1024,0,0,13308,1020,5
1,4,-1,11,0,25825827000,25825831000,25825838000,18428,0,0,4096,0,0,-1024,0,0,13308,1020,5
2,100,1,0,4,25825839000,25831461000,25831475000,18428,0,0,3072,0,0,0,0,0,14332,2044,4
1,4,4,0,0,25831479000,25831491000,25831500000,18432,0,0,4096,0,0,-4,0,0,14332,2044,4
1,1024,1020,0,0,25831620000,25831627000,25831635000,19452,0,0,4096,0,0,-1024,0,0,14332,2044,5
1,4,-1,11,0,25831637000,25831641000,25831649000,19452,0,0,4096,0,0,-1024,0,0,14332,2044,5
2,100,1,0,4,25831650000,25837257000,25837268000,19452,0,0,3072,0,0,0,0,0,15356,3068,4
1,4,4,0,0,25837271000,25837282000,25837290000,19456,0,0,4096,0,0,-4,0,0,15356,3068,4
1,1024,1020,0,0,25837409000,25837416000,25837424000,20476,0,0,4096,0,0,-1024,0,0,15356,3068,5
1,4,-1,11,0,25837426000,25837431000,25837438000,20476,0,0,4096,0,0,-1024,0,0,15356,3068,5
2,100,1,0,4,25837439000,25843058000,25843071000,20476,0,0,3072,0,0,0,0,0,16380,4092,4
1,4,4,0,0,25843075000,25843087000,25843096000,20480,0,0,4096,0,0,-4,0,0,16380,4092,4
1,1024,1020,0,0,25843218000,25843224000,25843232000,21500,0,0,4096,0,0,-1024,0,0,16380,4092,5
1,4,-1,11,0,25843235000,25843239000,25843247000,21500,0,0,4096,0,0,-1024,0,0,16380,4092,5
2,100,1,0,4,25843247000,25848857000,25848868000,21500,0,0,3072,0,0,0,0,0,17404,1020,4
1,4,4,0,0,25848871000,25848881000,25848889000,21504,0,0,4096,0,0,-4,0,0,17404,1020,4
1,1024,1020,0,0,25849010000,25849017000,25849025000,22524,0,0,4096,0,0,-1024,0,0,17404,1020,5
1,4,-1,11,0,25849027000,25849031000,25849039000,22524,0,0,4096,0,0,-1024,0,0,17404,1020,5
2,100,1,0,4,25849040000,25854657000,25854669000,22524,0,0,3072,0,0,0,0,0,18428,2044,4
1,4,4,0,0,25854673000,25854684000,25854692000,22528,0,0,4096,0,0,-4,0,0,18428,2044,4
1,1024,1020,0,0,25854813000,25854820000,25854828000,23548,0,0,4096,0,0,-1024,0,0,18428,2044,5
1,4,-1,11,0,25854831000,25854835000,25854842000,23548,0,0,4096,0,0,-1024,0,0,18428,2044,5
2,100,1,0,4,25854843000,25861695000,25861716000,23548,0,0,3072,0,0,0,0,0,19452,3068,4
1,4,4,0,0,25861721000,25861738000,25861747000,23552,0,0,4096,0,0,-4,0,0,19452,3068,4
1,1024,1020,0,0,25861873000,25861880000,25861888000,24572,0,0,4096,0,0,-1024,0,0,19452,3068,5
1,4,-1,11,0,25861891000,25861895000,25861903000,24572,0,0,4096,0,0,-1024,0,0,19452,3068,5
2,100,1,0,4,25861904000,25866266000,25866279000,24572,0,0,3072,0,0,0,0,0,20476,4092,4
1,4,4,0,0,25866282000,25866295000,25866303000,24576,0,0,4096,0,0,-4,0,0,20476,4092,4
1,1024,1020,0,0,25866426000,25866433000,25866441000,25596,0,0,4096,0,0,-1024,0,0,20476,4092,5
1,4,-1,11,0,25866444000,25866449000,25866456000,25596,0,0,4096,0,0,-1024,0,0,20476,4092,5
2,100,1,0,4,25866457000,25872063000,25872077000,25596,0,0,3072,0,0,0,0,0,21500,1020,4
1,4,4,0,0,25872081000,25872094000,25872103000,25600,0,0,4096,0,0,-4,0,0,21500,1020,4
1,1024,1020,0,0,25872225000,25872232000,25872241000,26620,0,0,4096,0,0,-1024,0,0,21500,1020,5
1,4,-1,11,0,25872243000,25872248000,25872255000,26620,0,0,4096,0,0,-1024,0,0,21500,1020,5
2,100,1,0,4,25872256000,25877861000,25877873000,26620,0,0,3072,0,0,0,0,0,22524,2044,4
1,4,4,0,0,25877876000,25877887000,25877895000,26624,0,0,4096,0,0,-4,0,0,22524,2044,4
1,1024,1020,0,0,25878017000,25878024000,25878032000,27644,0,0,4096,0,0,-1024,0,0,22524,2044,5
1,4,-1,11,0,25878035000,25878039000,25878046000,27644,0,0,4096,0,0,-1024,0,0,22524,2044,5
2,100,1,0,4,25878047000,25883665000,25883677000,27644,0,0,3072,0,0,0,0,0,23548,3068,4
1,4,4,0,0,25883680000,25883691000,25883699000,27648,0,0,4096,0,0,-4,0,0,23548,3068,4
1,1024,1020,0,0,25883821000,25883827000,25883835000,28668,0,0,4096,0,0,-1024,0,0,23548,3068,5
1,4,-1,11,0,25883838000,25883842000,25883850000,28668,0,0,4096,0,0,-1024,0,0,23548,3068,5
2,100,1,0,4,25883851000,25889457000,25889467000,28668,0,0,3072,0,0,0,0,0,24572,4092,4
1,4,4,0,0,25889471000,25889481000,25889489000,28672,0,0,4096,0,0,-4,0,0,24572,4092,4
1,1024,1020,0,0,25889609000,25889616000,25889624000,29692,0,0,4096,0,0,-1024,0,0,24572,4092,5
1,4,-1,11,0,25889626000,25889631000,25889638000,29692,0,0,4096,0,0,-1024,0,0,24572,4092,5
2,100,1,0,4,25889639000,25895262000,25895273000,29692,0,0,3072,0,0,0,0,0,25596,1020,4
1,4,4,0,0,25895276000,25895287000,25895295000,29696,0,0,4096,0,0,-4,0,0,25596,1020,4
1,1024,1020,0,0,25895418000,25895424000,25895432000,30716,0,0,4096,0,0,-1024,0,0,25596,1020,5
1,4,-1,11,0,25895434000,25895439000,25895446000,30716,0,0,4096,0,0,-1024,0,0,25596,1020,5
2,100,1,0,4,25895447000,25901058000,25901071000,30716,0,0,3072,0,0,0,0,0,26620,2044,4
1,4,4,0,0,25901075000,25901087000,25901095000,30720,0,0,4096,0,0,-4,0,0,26620,2044,4
1,1024,1020,0,0,25901221000,25901228000,25901236000,31740,0,0,4096,0,0,-1024,0,0,26620,2044,5
1,4,-1,11,0,25901238000,25901243000,25901250000,31740,0,0,4096,0,0,-1024,0,0,26620,2044,5
2,100,1,0,4,25901251000,25906858000,25906868000,31740,0,0,3072,0,0,0,0,0,27644,3068,4
1,4,4,0,0,25906872000,25906883000,25906891000,31744,0,0,4096,0,0,-4,0,0,27644,3068,4
1,1024,1020,0,0,25907011000,25907017000,25907025000,32764,0,0,4096,0,0,-1024,0,0,27644,3068,5
1,4,-1,11,0,25907028000,25907032000,25907039000,32764,0,0,4096,0,0,-1024,0,0,27644,3068,5
2,100,1,0,4,25907040000,25912663000,25912673000,32764,0,0,3072,0,0,0,0,0,28668,4092,4
1,4,4,0,0,25912677000,25912687000,25912695000,32768,0,0,4096,0,0,-4,0,0,28668,4092,4
1,1024,1020,0,0,25912816000,25912822000,25912830000,33788,0,0,4096,0,0,-1024,0,0,28668,4092,5
1,4,-1,11,0,25912833000,25912837000,25912844000,33788,0,0,4096,0,0,-1024,0,0,28668,4092,5
2,100,1,0,4,25912845000,25918458000,25918469000,33788,0,0,3072,0,0,0,0,0,29692,1020,4
1,4,4,0,0,25918473000,25918482000,25918490000,33792,0,0,4096,0,0,-4,0,0,29692,1020,4
1,1024,1020,0,0,25918612000,25918618000,25918626000,34812,0,0,4096,0,0,-1024,0,0,29692,1020,5
1,4,-1,11,0,25918629000,25918633000,25918640000,34812,0,0,4096,0,0,-1024,0,0,29692,1020,5
2,100,1,0,4,25918641000,25924264000,25924275000,34812,0,0,3072,0,0,0,0,0,30716,2044,4
1,4,4,0,0,25924279000,25924289000,25924297000,34816,0,0,4096,0,0,-4,0,0,30716,2044,4
1,1024,1020,0,0,25924418000,25924425000,25924432000,35836,0,0,4096,0,0,-1024,0,0,30716,2044,5
1,4,-1,11,0,25924435000,25924439000,25924446000,35836,0,0,4096,0,0,-1024,0,0,30716,2044,5
2,100,1,0,4,25924447000,25930063000,25930075000,35836,0,0,3072,0,0,0,0,0,31740,3068,4
1,4,4,0,0,25930080000,25930090000,25930098000,35840,0,0,4096,0,0,-4,0,0,31740,3068,4
1,1024,1020,0,0,25930221000,25930228000,25930235000,36860,0,0,4096,0,0,-1024,0,0,31740,3068,5
1,4,-1,11,0,25930238000,25930242000,25930249000,36860,0,0,4096,0,0,-1024,0,0,31740,3068,5
2,100,1,0,4,25930250000,25935858000,25935870000,36860,0,0,3072,0,0,0,0,0,32764,4092,4
1,4,4,0,0,25935874000,25935884000,25935891000,36864,0,0,4096,0,0,-4,0,0,32764,4092,4
1,1024,1020,0,0,25936013000,25936019000,25936027000,37884,0,0,4096,0,0,-1024,0,0,32764,4092,5
1,4,-1,11,0,25936030000,25936034000,25936041000,37884,0,0,4096,0,0,-1024,0,0,32764,4092,5
2,100,1,0,4,25936042000,25941667000,25941680000,37884,0,0,3072,0,0,0,0,0,33788,1020,4
1,4,4,0,0,25941684000,25941697000,25941706000,37888,0,0,4096,0,0,-4,0,0,33788,1020,4
1,1024,1020,0,0,25941829000,25941836000,25941844000,38908,0,0,4096,0,0,-1024,0,0,33788,1020,5
1,4,-1,11,0,25941847000,25941851000,25941858000,38908,0,0,4096,0,0,-1024,0,0,33788,1020,5
2,100,1,0,4,25941859000,25947459000,25947470000,38908,0,0,3072,0,0,0,0,0,34812,2044,4
1,4,4,0,0,25947473000,25947483000,25947491000,38912,0,0,4096,0,0,-4,0,0,34812,2044,4
1,1024,1020,0,0,25947612000,25947619000,25947627000,39932,0,0,4096,0,0,-1024,0,0,34812,2044,5
1,4,-1,11,0,25947629000,25947634000,25947641000,39932,0,0,4096,0,0,-1024,0,0,34812,2044,5
2,100,1,0,4,25947642000,25953266000,25953277000,39932,0,0,3072,0,0,0,0,0,35836,3068,4
1,4,4,0,0,25953281000,25953291000,25953299000,39936,0,0,4096,0,0,-4,0,0,35836,3068,4
1,1024,1020,0,0,25953421000,25953428000,25953436000,40956,0,0,4096,0,0,-1024,0,0,35836,3068,5
1,4,-1,11,0,25953438000,25953443000,25953450000,40956,0,0,4096,0,0,-1024,0,0,35836,3068,5
2,100,1,0,4,25953451000,25959058000,25959069000,40956,0,0,3072,0,0,0,0,0,36860,4092,4
1,4,4,0,0,25959072000,25959083000,25959090000,40960,0,0,4096,0,0,-4,0,0,36860,4092,4
1,1024,1020,0,0,25959213000,25959219000,25959227000,41980,0,0,4096,0,0,-1024,0,0,36860,4092,5
1,4,-1,11,0,25959229000,25959234000,25959241000,41980,0,0,4096,0,0,-1024,0,0,36860,4092,5
2,100,1,0,4,25959242000,25964860000,25964873000,41980,0,0,3072,0,0,0,0,0,37884,1020,4
1,4,4,0,0,25964878000,25964889000,25964898000,41984,0,0,4096,0,0,-4,0,0,37884,1020,4
1,1024,1020,0,0,25965023000,25965030000,25965038000,43004,0,0,4096,0,0,-1024,0,0,37884,1020,5
1,4,-1,11,0,25965040000,25965044000,25965052000,43004,0,0,4096,0,0,-1024,0,0,37884,1020,5
2,100,1,0,4,25965053000,25970666000,25970677000,43004,0,0,3072,0,0,0,0,0,38908,2044,4
1,4,4,0,0,25970680000,25970691000,25970699000,43008,0,0,4096,0,0,-4,0,0,38908,2044,4
1,1024,1020,0,0,25970823000,25970830000,25970838000,44028,0,0,4096,0,0,-1024,0,0,38908,2044,5
1,4,-1,11,0,25970840000,25970845000,25970852000,44028,0,0,4096,0,0,-1024,0,0,38908,2044,5
2,100,1,0,4,25970853000,25976461000,25976472000,44028,0,0,3072,0,0,0,0,0,39932,3068,4
1,4,4,0,0,25976475000,25976485000,25976494000,44032,0,0,4096,0,0,-4,0,0,39932,3068,4
1,1024,1020,0,0,25976617000,25976623000,25976631000,45052,0,0,4096,0,0,-1024,0,0,39932,3068,5
1,4,-1,11,0,25976633000,25976637000,25976645000,45052,0,0,4096,0,0,-1024,0,0,39932,3068,5
2,100,1,0,4,25976646000,25982266000,25982277000,45052,0,0,3072,0,0,0,0,0,40956,4092,4
1,4,4,0,0,25982281000,25982291000,25982298000,45056,0,0,4096,0,0,-4,0,0,40956,4092,4
1,1024,1020,0,0,25982422000,25982429000,25982437000,46076,0,0,4096,0,0,-1024,0,0,40956,4092,5
1,4,-1,11,0,25982439000,25982444000,25982451000,46076,0,0,4096,0,0,-1024,0,0,40956,4092,5
2,100,1,0,4,25982452000,25988058000,25988068000,46076,0,0,3072,0,0,0,0,0,41980,1020,4
1,4,4,0,0,25988072000,25988081000,25988090000,46080,0,0,4096,0,0,-4,0,0,41980,1020,4
1,1024,1020,0,0,25988213000,25988219000,25988227000,47100,0,0,4096,0,0,-1024,0,0,41980,1020,5
1,4,-1,11,0,25988230000,25988234000,25988241000,47100,0,0,4096,0,0,-1024,0,0,41980,1020,5
2,100,1,0,4,25988242000,25993861000,25993874000,47100,0,0,3072,0,0,0,0,0,43004,2044,4
1,4,4,0,0,25993878000,25993890000,25993898000,47104,0,0,4096,0,0,-4,0,0,43004,2044,4
1,1024,1020,0,0,25994023000,25994030000,25994038000,48124,0,0,4096,0,0,-1024,0,0,43004,2044,5
1,4,-1,11,0,25994041000,25994045000,25994052000,48124,0,0,4096,0,0,-1024,0,0,43004,2044,5
2,100,1,0,4,25994053000,25999660000,25999671000,48124,0,0,3072,0,0,0,0,0,44028,3068,4
1,4,4,0,0,25999674000,25999685000,25999693000,48128,0,0,4096,0,0,-4,0,0,44028,3068,4
1,1024,1020,0,0,25999820000,25999826000,25999834000,49148,0,0,4096,0,0,-1024,0,0,44028,3068,5
1,4,-1,11,0,25999837000,25999841000,25999848000,49148,0,0,4096,0,0,-1024,0,0,44028,3068,5
2,100,1,0,4,25999849000,26005466000,26005476000,49148,0,0,3072,0,0,0,0,0,45052,4092,4
1,4,4,0,0,26005480000,26005490000,26005499000,49152,0,0,4096,0,0,-4,0,0,45052,4092,4
1,1024,1020,0,0,26005623000,26005630000,26005638000,50172,0,0,4096,0,0,-1024,0,0,45052,4092,5
1,4,-1,11,0,26005640000,26005645000,26005652000,50172,0,0,4096,0,0,-1024,0,0,45052,4092,5
2,100,1,0,4,26005653000,26011260000,26011270000,50172,0,0,3072,0,0,0,0,0,46076,1020,4
1,4,4,0,0,26011274000,26011284000,26011292000,50176,0,0,4096,0,0,-4,0,0,46076,1020,4
1,1024,1020,0,0,26011416000,26011423000,26011431000,51196,0,0,4096,0,0,-1024,0,0,46076,1020,5
1,4,-1,11,0,26011434000,26011438000,26011445000,51196,0,0,4096,0,0,-1024,0,0,46076,1020,5
2,100,1,0,4,26011446000,26017058000,26017069000,51196,0,0,3072,0,0,0,0,0,47100,2044,4
1,4,4,0,0,26017072000,26017081000,26017089000,51200,0,0,4096,0,0,-4,0,0,47100,2044,4
1,1024,1020,0,0,26017213000,26017219000,26017227000,52220,0,0,4096,0,0,-1024,0,0,47100,2044,5
1,4,-1,11,0,26017230000,26017234000,26017241000,52220,0,0,4096,0,0,-1024,0,0,47100,2044,5
2,100,1,0,4,26017242000,26022863000,26022877000,52220,0,0,3072,0,0,0,0,0,48124,3068,4
1,4,4,0,0,26022881000,26022893000,26022901000,52224,0,0,4096,0,0,-4,0,0,48124,3068,4
1,1024,1020,0,0,26023028000,26023035000,26023043000,53244,0,0,4096,0,0,-1024,0,0,48124,3068,5
1,4,-1,11,0,26023046000,26023050000,26023057000,53244,0,0,4096,0,0,-1024,0,0,48124,3068,5
2,100,1,0,4,26023058000,26028662000,26028672000,53244,0,0,3072,0,0,0,0,0,49148,4092,4
1,4,4,0,0,26028676000,26028687000,26028695000,53248,0,0,4096,0,0,-4,0,0,49148,4092,4
1,1024,1020,0,0,26028820000,26028826000,26028834000,54268,0,0,4096,0,0,-1024,0,0,49148,4092,5
1,4,-1,11,0,26028837000,26028841000,26028848000,54268,0,0,4096,0,0,-1024,0,0,49148,4092,5
2,100,1,0,4,26028849000,26034467000,26034478000,54268,0,0,3072,0,0,0,0,0,50172,1020,4
1,4,4,0,0,26034482000,26034492000,26034500000,54272,0,0,4096,0,0,-4,0,0,50172,1020,4
1,1024,1020,0,0,26034625000,26034631000,26034639000,55292,0,0,4096,0,0,-1024,0,0,50172,1020,5
1,4,-1,11,0,26034641000,26034646000,26034653000,55292,0,0,4096,0,0,-1024,0,0,50172,1020,5
2,100,1,0,4,26034654000,26040266000,26040277000,55292,0,0,3072,0,0,0,0,0,51196,2044,4
1,4,4,0,0,26040281000,26040291000,26040298000,55296,0,0,4096,0,0,-4,0,0,51196,2044,4
1,1024,1020,0,0,26040427000,26040433000,26040441000,56316,0,0,4096,0,0,-1024,0,0,51196,2044,5
1,4,-1,11,0,26040443000,26040447000,26040455000,56316,0,0,4096,0,0,-1024,0,0,51196,2044,5
2,100,1,0,4,26040456000,26046064000,26046074000,56316,0,0,3072,0,0,0,0,0,52220,3068,4
1,4,4,0,0,26046078000,26046087000,26046095000,56320,0,0,4096,0,0,-4,0,0,52220,3068,4
1,1024,1020,0,0,26046217000,26046224000,26046232000,57340,0,0,4096,0,0,-1024,0,0,52220,3068,5
1,4,-1,11,0,26046235000,26046240000,26046247000,57340,0,0,4096,0,0,-1024,0,0,52220,3068,5
2,100,1,0,4,26046248000,26051867000,26051883000,57340,0,0,3072,0,0,0,0,0,53244,4092,4
1,4,4,0,0,26051887000,26051900000,26051908000,57344,0,0,4096,0,0,-4,0,0,53244,4092,4
1,1024,1020,0,0,26052032000,26052038000,26052046000,58364,0,0,4096,0,0,-1024,0,0,53244,4092,5
1,4,-1,11,0,26052049000,26052053000,26052061000,58364,0,0,4096,0,0,-1024,0,0,53244,4092,5
2,100,1,0,4,26052062000,26057662000,26057673000,58364,0,0,3072,0,0,0,0,0,54268,1020,4
1,4,4,0,0,26057677000,26057686000,26057694000,58368,0,0,4096,0,0,-4,0,0,54268,1020,4
1,1024,1020,0,0,26057819000,26057825000,26057834000,59388,0,0,4096,0,0,-1024,0,0,54268,1020,5
1,4,-1,11,0,26057836000,26057840000,26057848000,59388,0,0,4096,0,0,-1024,0,0,54268,1020,5
2,100,1,0,4,26057849000,26063464000,26063476000,59388,0,0,3072,0,0,0,0,0,55292,2044,4
1,4,4,0,0,26063480000,26063492000,26063500000,59392,0,0,4096,0,0,-4,0,0,55292,2044,4
1,1024,1020,0,0,26063625000,26063632000,26063640000,60412,0,0,4096,0,0,-1024,0,0,55292,2044,5
1,4,-1,11,0,26063643000,26063647000,26063654000,60412,0,0,4096,0,0,-1024,0,0,55292,2044,5
2,100,1,0,4,26063655000,26069261000,26069271000,60412,0,0,3072,0,0,0,0,0,56316,3068,4
1,4,4,0,0,26069275000,26069287000,26069295000,60416,0,0,4096,0,0,-4,0,0,56316,3068,4
1,1024,1020,0,0,26069419000,26069425000,26069433000,61436,0,0,4096,0,0,-1024,0,0,56316,3068,5
1,4,-1,11,0,26069436000,26069440000,26069447000,61436,0,0,4096,0,0,-1024,0,0,56316,3068,5
2,100,1,0,4,26069448000,26075078000,26075096000,61436,0,0,3072,0,0,0,0,0,57340,4092,4
1,4,4,0,0,26075101000,26075118000,26075127000,61440,0,0,4096,0,0,-4,0,0,57340,4092,4
1,1024,1020,0,0,26075255000,26075262000,26075271000,62460,0,0,4096,0,0,-1024,0,0,57340,4092,5
1,4,-1,11,0,26075273000,26075278000,26075285000,62460,0,0,4096,0,0,-1024,0,0,57340,4092,5
2,100,1,0,4,26075286000,26080869000,26080884000,62460,0,0,3072,0,0,0,0,0,58364,1020,4
1,4,4,0,0,26080888000,26080901000,26080910000,62464,0,0,4096,0,0,-4,0,0,58364,1020,4
1,1024,1020,0,0,26081038000,26081045000,26081053000,63484,0,0,4096,0,0,-1024,0,0,58364,1020,5
1,4,-1,11,0,26081056000,26081060000,26081068000,63484,0,0,4096,0,0,-1024,0,0,58364,1020,5
2,100,1,0,4,26081069000,26086666000,26086677000,63484,0,0,3072,0,0,0,0,0,59388,2044,4
1,4,4,0,0,26086682000,26086693000,26086702000,63488,0,0,4096,0,0,-4,0,0,59388,2044,4
1,1024,1020,0,0,26086824000,26086831000,26086840000,64508,0,0,4096,0,0,-1024,0,0,59388,2044,5
1,4,-1,11,0,26086842000,26086846000,26086854000,64508,0,0,4096,0,0,-1024,0,0,59388,2044,5
2,100,1,0,4,26086854000,26092471000,26092483000,64508,0,0,3072,0,0,0,0,0,60412,3068,4
1,4,4,0,0,26092487000,26092497000,26092505000,64512,0,0,4096,0,0,-4,0,0,60412,3068,4
1,1024,1020,0,0,26092628000,26092634000,26092642000,65532,0,0,4096,0,0,-1024,0,0,60412,3068,5
1,4,-1,11,0,26092645000,26092649000,26092657000,65532,0,0,4096,0,0,-1024,0,0,60412,3068,5
2,100,1,0,4,26092658000,26098263000,26098273000,65532,0,0,3072,0,0,0,0,0,61436,4092,4
1,4,4,0,0,26098276000,26098286000,26098294000,65536,0,0,4096,0,0,-4,0,0,61436,4092,4
1,1024,1020,0,0,26098419000,26098425000,26098433000,66556,0,0,4096,0,0,-1024,0,0,61436,4092,5
1,4,-1,11,0,26098436000,26098440000,26098448000,66556,0,0,4096,0,0,-1024,0,0,61436,4092,5
2,100,1,0,4,26098448000,26104068000,26104078000,66556,0,0,3072,0,0,0,0,0,62460,1020,4
1,4,4,0,0,26104082000,26104091000,26104099000,66560,0,0,4096,0,0,-4,0,0,62460,1020,4
1,1024,1020,0,0,26104223000,26104230000,26104238000,67580,0,0,4096,0,0,-1024,0,0,62460,1020,5
1,4,-1,11,0,26104241000,26104245000,26104252000,67580,0,0,4096,0,0,-1024,0,0,62460,1020,5
2,100,1,0,4,26104253000,26109861000,26109871000,67580,0,0,3072,0,0,0,0,0,63484,2044,4
1,4,4,0,0,26109875000,26109885000,26109892000,67584,0,0,4096,0,0,-4,0,0,63484,2044,4
1,1024,1020,0,0,26110069000,26110080000,26110093000,68604,0,0,4096,0,0,-1024,0,0,63484,2044,5
1,4,-1,11,0,26110096000,26110101000,26110109000,68604,0,0,4096,0,0,-1024,0,0,63484,2044,5
2,100,1,0,4,26110110000,26115667000,26115679000,68604,0,0,3072,0,0,0,0,0,64508,3068,4
1,4,4,0,0,26115683000,26115694000,26115702000,68608,0,0,4096,0,0,-4,0,0,64508,3068,4
1,1024,1020,0,0,26115826000,26115833000,26115841000,69628,0,0,4096,0,0,-1024,0,0,64508,3068,5
1,4,-1,11,0,26115844000,26115848000,26115855000,69628,0,0,4096,0,0,-1024,0,0,64508,3068,5
2,100,1,0,4,26115856000,26121470000,26121481000,69628,0,0,3072,0,0,0,0,0,65532,4092,4
1,4,4,0,0,26121485000,26121497000,26121505000,69632,0,0,4096,0,0,-4,0,0,65532,4092,4
1,1024,1020,0,0,26121630000,26121637000,26121645000,70652,0,0,4096,0,0,-1024,0,0,65532,4092,5
1,4,-1,11,0,26121648000,26121652000,26121659000,70652,0,0,4096,0,0,-1024,0,0,65532,4092,5
2,100,1,0,4,26121660000,26127263000,26127273000,70652,0,0,3072,0,0,0,0,0,66556,1020,4
1,4,4,0,0,26127277000,26127287000,26127295000,70656,0,0,4096,0,0,-4,0,0,66556,1020,4
1,1024,1020,0,0,26127418000,26127425000,26127433000,71676,0,0,4096,0,0,-1024,0,0,66556,1020,5
1,4,-1,11,0,26127436000,26127440000,26127447000,71676,0,0,4096,0,0,-1024,0,0,66556,1020,5
2,100,1,0,4,26127448000,26133067000,26133077000,71676,0,0,3072,0,0,0,0,0,67580,2044,4
1,4,4,0,0,26133081000,26133092000,26133100000,71680,0,0,4096,0,0,-4,0,0,67580,2044,4
1,1024,1020,0,0,26133225000,26133232000,26133241000,72700,0,0,4096,0,0,-1024,0,0,67580,2044,5
1,4,-1,11,0,26133244000,26133248000,26133255000,72700,0,0,4096,0,0,-1024,0,0,67580,2044,5
2,100,1,0,4,26133256000,26138861000,26138871000,72700,0,0,3072,0,0,0,0,0,68604,3068,4
1,4,4,0,0,26138875000,26138885000,26138893000,72704,0,0,4096,0,0,-4,0,0,68604,3068,4
1,1024,1020,0,0,26139018000,26139024000,26139032000,73724,0,0,4096,0,0,-1024,0,0,68604,3068,5
1,4,-1,11,0,26139035000,26139039000,26139046000,73724,0,0,4096,0,0,-1024,0,0,68604,3068,5
2,100,1,0,4,26139047000,26144665000,26144679000,73724,0,0,3072,0,0,0,0,0,69628,4092,4
1,4,4,0,0,26144683000,26144694000,26144703000,73728,0,0,4096,0,0,-4,0,0,69628,4092,4
1,1024,1020,0,0,26144827000,26144834000,26144842000,74748,0,0,4096,0,0,-1024,0,0,69628,4092,5
1,4,-1,11,0,26144845000,26144849000,26144857000,74748,0,0,4096,0,0,-1024,0,0,69628,4092,5
2,100,1,0,4,26144858000,26150471000,26150482000,74748,0,0,3072,0,0,0,0,0,70652,1020,4
1,4,4,0,0,26150486000,26150495000,26150503000,74752,0,0,4096,0,0,-4,0,0,70652,1020,4
1,1024,1020,0,0,26150628000,26150634000,26150642000,75772,0,0,4096,0,0,-1024,0,0,70652,1020,5
1,4,-1,11,0,26150645000,26150649000,26150656000,75772,0,0,4096,0,0,-1024,0,0,70652,1020,5
2,100,1,0,4,26150657000,26156263000,26156272000,75772,0,0,3072,0,0,0,0,0,71676,2044,4
1,4,4,0,0,26156276000,26156287000,26156295000,75776,0,0,4096,0,0,-4,0,0,71676,2044,4
1,1024,1020,0,0,26156418000,26156425000,26156433000,76796,0,0,4096,0,0,-1024,0,0,71676,2044,5
1,4,-1,11,0,26156435000,26156439000,26156447000,76796,0,0,4096,0,0,-1024,0,0,71676,2044,5
2,100,1,0,4,26156448000,26162067000,26162080000,76796,0,0,3072,0,0,0,0,0,72700,3068,4
1,4,4,0,0,26162084000,26162097000,26162105000,76800,0,0,4096,0,0,-4,0,0,72700,3068,4
1,1024,1020,0,0,26162231000,26162237000,26162246000,77820,0,0,4096,0,0,-1024,0,0,72700,3068,5
1,4,-1,11,0,26162248000,26162252000,26162259000,77820,0,0,4096,0,0,-1024,0,0,72700,3068,5
2,100,1,0,4,26162260000,26167864000,26167874000,77820,0,0,3072,0,0,0,0,0,73724,4092,4
1,4,4,0,0,26167878000,26167889000,26167897000,77824,0,0,4096,0,0,-4,0,0,73724,4092,4
1,1024,1020,0,0,26168020000,26168027000,26168035000,78844,0,0,4096,0,0,-1024,0,0,73724,4092,5
1,4,-1,11,0,26168038000,26168042000,26168049000,78844,0,0,4096,0,0,-1024,0,0,73724,4092,5
2,100,1,0,4,26168050000,26173666000,26173679000,78844,0,0,3072,0,0,0,0,0,74748,1020,4
1,4,4,0,0,26173683000,26173695000,26173704000,78848,0,0,4096,0,0,-4,0,0,74748,1020,4
1,1024,1020,0,0,26173828000,26173835000,26173844000,79868,0,0,4096,0,0,-1024,0,0,74748,1020,5
1,4,-1,11,0,26173846000,26173850000,26173858000,79868,0,0,4096,0,0,-1024,0,0,74748,1020,5
2,100,1,0,4,26173858000,26179463000,26179475000,79868,0,0,3072,0,0,0,0,0,75772,2044,4
1,4,4,0,0,26179478000,26179489000,26179497000,79872,0,0,4096,0,0,-4,0,0,75772,2044,4
1,1024,1020,0,0,26179621000,26179627000,26179635000,80892,0,0,4096,0,0,-1024,0,0,75772,2044,5
1,4,-1,11,0,26179638000,26179642000,26179649000,80892,0,0,4096,0,0,-1024,0,0,75772,2044,5
2,100,1,0,4,26179650000,26185270000,26185281000,80892,0,0,3072,0,0,0,0,0,76796,3068,4
1,4,4,0,0,26185286000,26185296000,26185304000,80896,0,0,4096,0,0,-4,0,0,76796,3068,4
1,1024,1020,0,0,26185428000,26185435000,26185443000,81916,0,0,4096,0,0,-1024,0,0,76796,3068,5
1,4,-1,11,0,26185445000,26185449000,26185457000,81916,0,0,4096,0,0,-1024,0,0,76796,3068,5
2,100,1,0,4,26185458000,26191065000,26191076000,81916,0,0,3072,0,0,0,0,0,77820,4092,4
1,4,4,0,0,26191080000,26191090000,26191098000,81920,0,0,4096,0,0,-4,0,0,77820,4092,4
1,1024,1020,0,0,26191224000,26191230000,26191238000,82940,0,0,4096,0,0,-1024,0,0,77820,4092,5
1,4,-1,11,0,26191241000,26191245000,26191252000,82940,0,0,4096,0,0,-1024,0,0,77820,4092,5
2,100,1,0,4,26191253000,26196862000,26196873000,82940,0,0,3072,0,0,0,0,0,78844,1020,4
1,4,4,0,0,26196876000,26196886000,26196894000,82944,0,0,4096,0,0,-4,0,0,78844,1020,4
1,1024,1020,0,0,26197018000,26197025000,26197033000,83964,0,0,4096,0,0,-1024,0,0,78844,1020,5
1,4,-1,11,0,26197036000,26197040000,26197047000,83964,0,0,4096,0,0,-1024,0,0,78844,1020,5
2,100,1,0,4,26197048000,26202666000,26202678000,83964,0,0,3072,0,0,0,0,0,79868,2044,4
1,4,4,0,0,26202683000,26202694000,26202702000,83968,0,0,4096,0,0,-4,0,0,79868,2044,4
1,1024,1020,0,0,26202833000,26202839000,26202847000,84988,0,0,4096,0,0,-1024,0,0,79868,2044,5
1,4,-1,11,0,26202850000,26202854000,26202862000,84988,0,0,4096,0,0,-1024,0,0,79868,2044,5
2,100,1,0,4,26202862000,26208466000,26208476000,84988,0,0,3072,0,0,0,0,0,80892,3068,4
1,4,4,0,0,26208480000,26208491000,26208499000,84992,0,0,4096,0,0,-4,0,0,80892,3068,4
1,1024,1020,0,0,26208623000,26208630000,26208637000,86012,0,0,4096,0,0,-1024,0,0,80892,3068,5
1,4,-1,11,0,26208640000,26208644000,26208652000,86012,0,0,4096,0,0,-1024,0,0,80892,3068,5
2,100,1,0,4,26208652000,26214269000,26214280000,86012,0,0,3072,0,0,0,0,0,81916,4092,4
1,4,4,0,0,26214284000,26214294000,26214302000,86016,0,0,4096,0,0,-4,0,0,81916,4092,4
1,1024,1020,0,0,26214427000,26214433000,26214441000,87036,0,0,4096,0,0,-1024,0,0,81916,4092,5
1,4,-1,11,0,26214444000,26214448000,26214455000,87036,0,0,4096,0,0,-1024,0,0,81916,4092,5
2,100,1,0,4,26214456000,26220069000,26220080000,87036,0,0,3072,0,0,0,0,0,82940,1020,4
1,4,4,0,0,26220083000,26220094000,26220101000,87040,0,0,4096,0,0,-4,0,0,82940,1020,4
1,1024,1020,0,0,26220229000,26220235000,26220243000,88060,0,0,4096,0,0,-1024,0,0,82940,1020,5
1,4,-1,11,0,26220246000,26220250000,26220258000,88060,0,0,4096,0,0,-1024,0,0,82940,1020,5
2,100,1,0,4,26220259000,26225863000,26225873000,88060,0,0,3072,0,0,0,0,0,83964,2044,4
1,4,4,0,0,26225877000,26225886000,26225894000,88064,0,0,4096,0,0,-4,0,0,83964,2044,4
1,1024,1020,0,0,26226019000,26226026000,26226034000,89084,0,0,4096,0,0,-1024,0,0,83964,2044,5
1,4,-1,11,0,26226036000,26226040000,26226048000,89084,0,0,4096,0,0,-1024,0,0,83964,2044,5
2,100,1,0,4,26226048000,26231666000,26231678000,89084,0,0,3072,0,0,0,0,0,84988,3068,4
1,4,4,0,0,26231682000,26231694000,26231702000,89088,0,0,4096,0,0,-4,0,0,84988,3068,4
1,1024,1020,0,0,26231829000,26231836000,26231844000,90108,0,0,4096,0,0,-1024,0,0,84988,3068,5
1,4,-1,11,0,26231847000,26231851000,26231859000,90108,0,0,4096,0,0,-1024,0,0,84988,3068,5
2,100,1,0,4,26231860000,26237465000,26237476000,90108,0,0,3072,0,0,0,0,0,86012,4092,4
1,4,4,0,0,26237480000,26237490000,26237498000,90112,0,0,4096,0,0,-4,0,0,86012,4092,4
1,1024,1020,0,0,26237625000,26237632000,26237640000,91132,0,0,4096,0,0,-1024,0,0,86012,4092,5
1,4,-1,11,0,26237642000,26237647000,26237654000,91132,0,0,4096,0,0,-1024,0,0,86012,4092,5
2,100,1,0,4,26237655000,26243271000,26243282000,91132,0,0,3072,0,0,0,0,0,87036,1020,4
1,4,4,0,0,26243286000,26243295000,26243303000,91136,0,0,4096,0,0,-4,0,0,87036,1020,4
1,1024,1020,0,0,26243429000,26243435000,26243443000,92156,0,0,4096,0,0,-1024,0,0,87036,1020,5
1,4,-1,11,0,26243446000,26243450000,26243458000,92156,0,0,4096,0,0,-1024,0,0,87036,1020,5
2,100,1,0,4,26243458000,26249065000,26249076000,92156,0,0,3072,0,0,0,0,0,88060,2044,4
1,4,4,0,0,26249079000,26249089000,26249097000,92160,0,0,4096,0,0,-4,0,0,88060,2044,4
1,1024,1020,0,0,26249222000,26249228000,26249236000,93180,0,0,4096,0,0,-1024,0,0,88060,2044,5
1,4,-1,11,0,26249239000,26249243000,26249250000,93180,0,0,4096,0,0,-1024,0,0,88060,2044,5
2,100,1,0,4,26249251000,26254875000,26254886000,93180,0,0,3072,0,0,0,0,0,89084,3068,4
1,4,4,0,0,26254890000,26254901000,26254910000,93184,0,0,4096,0,0,-4,0,0,89084,3068,4
1,1024,1020,0,0,26255036000,26255043000,26255051000,94204,0,0,4096,0,0,-1024,0,0,89084,3068,5
1,4,-1,11,0,26255054000,26255058000,26255065000,94204,0,0,4096,0,0,-1024,0,0,89084,3068,5
2,100,1,0,4,26255066000,26260667000,26260680000,94204,0,0,3072,0,0,0,0,0,90108,4092,4
1,4,4,0,0,26260684000,26260695000,26260704000,94208,0,0,4096,0,0,-4,0,0,90108,4092,4
1,1024,1020,0,0,26260832000,26260839000,26260847000,95228,0,0,4096,0,0,-1024,0,0,90108,4092,5
1,4,-1,11,0,26260849000,26260854000,26260861000,95228,0,0,4096,0,0,-1024,0,0,90108,4092,5
2,100,1,0,4,26260862000,26266466000,26266477000,95228,0,0,3072,0,0,0,0,0,91132,1020,4
1,4,4,0,0,26266481000,26266491000,26266500000,95232,0,0,4096,0,0,-4,0,0,91132,1020,4
1,1024,1020,0,0,26266628000,26266634000,26266643000,96252,0,0,4096,0,0,-1024,0,0,91132,1020,5
1,4,-1,11,0,26266645000,26266649000,26266656000,96252,0,0,4096,0,0,-1024,0,0,91132,1020,5
2,100,1,0,4,26266657000,26272270000,26272283000,96252,0,0,3072,0,0,0,0,0,92156,2044,4
1,4,4,0,0,26272288000,26272300000,26272308000,96256,0,0,4096,0,0,-4,0,0,92156,2044,4
1,1024,1020,0,0,26272438000,26272445000,26272453000,97276,0,0,4096,0,0,-1024,0,0,92156,2044,5
1,4,-1,11,0,26272456000,26272460000,26272467000,97276,0,0,4096,0,0,-1024,0,0,92156,2044,5
2,100,1,0,4,26272468000,26278068000,26278078000,97276,0,0,3072,0,0,0,0,0,93180,3068,4
1,4,4,0,0,26278082000,26278093000,26278101000,97280,0,0,4096,0,0,-4,0,0,93180,3068,4
1,1024,1020,0,0,26278231000,26278238000,26278246000,98300,0,0,4096,0,0,-1024,0,0,93180,3068,5
1,4,-1,11,0,26278249000,26278253000,26278260000,98300,0,0,4096,0,0,-1024,0,0,93180,3068,5
2,100,1,0,4,26278261000,26283881000,26283899000,98300,0,0,3072,0,0,0,0,0,94204,4092,4
1,4,4,0,0,26283904000,26283919000,26283928000,98304,0,0,4096,0,0,-4,0,0,94204,4092,4
1,1024,1020,0,0,26284059000,26284066000,26284075000,99324,0,0,4096,0,0,-1024,0,0,94204,4092,5
1,4,-1,11,0,26284078000,26284082000,26284090000,99324,0,0,4096,0,0,-1024,0,0,94204,4092,5
2,100,1,0,4,26284091000,26289669000,26289681000,99324,0,0,3072,0,0,0,0,0,95228,1020,4
1,4,4,0,0,26289685000,26289695000,26289704000,99328,0,0,4096,0,0,-4,0,0,95228,1020,4
1,1024,1020,0,0,26289830000,26289837000,26289845000,100348,0,0,4096,0,0,-1024,0,0,95228,1020,5
1,4,-1,11,0,26289847000,26289851000,26289859000,100348,0,0,4096,0,0,-1024,0,0,95228,1020,5
2,100,1,0,4,26289860000,26295472000,26295485000,100348,0,0,3072,0,0,0,0,0,96252,2044,4
1,4,4,0,0,26295490000,26295503000,26295512000,100352,0,0,4096,0,0,-4,0,0,96252,2044,4
1,1024,1020,0,0,26295638000,26295645000,26295653000,101372,0,0,4096,0,0,-1024,0,0,96252,2044,5
1,4,-1,11,0,26295656000,26295660000,26295667000,101372,0,0,4096,0,0,-1024,0,0,96252,2044,5
2,100,1,0,4,26295668000,26301278000,26301291000,101372,0,0,3072,0,0,0,0,0,97276,3068,4
1,4,4,0,0,26301295000,26301306000,26301314000,101376,0,0,4096,0,0,-4,0,0,97276,3068,4
1,1024,1020,0,0,26301441000,26301447000,26301455000,102396,0,0,4096,0,0,-1024,0,0,97276,3068,5
1,4,-1,11,0,26301458000,26301462000,26301469000,102396,0,0,4096,0,0,-1024,0,0,97276,3068,5
2,100,1,0,4,26301470000,26307068000,26307079000,102396,0,0,3072,0,0,0,0,0,98300,4092,4
1,4,4,0,0,26307083000,26307094000,26307101000,102400,0,0,4096,0,0,-4,0,0,98300,4092,4
1,1024,1020,0,0,26307228000,26307235000,26307243000,103420,0,0,4096,0,0,-1024,0,0,98300,4092,5
1,4,-1,11,0,26307245000,26307249000,26307257000,103420,0,0,4096,0,0,-1024,0,0,98300,4092,5
2,100,1,0,4,26307257000,26312873000,26312885000,103420,0,0,3072,0,0,0,0,0,99324,1020,4
1,4,4,0,0,26312889000,26312900000,26312907000,103424,0,0,4096,0,0,-4,0,0,99324,1020,4
1,1024,1020,0,0,26313036000,26313042000,26313050000,104444,0,0,4096,0,0,-1024,0,0,99324,1020,5
1,4,-1,11,0,26313053000,26313057000,26313064000,104444,0,0,4096,0,0,-1024,0,0,99324,1020,5
2,100,1,0,4,26313065000,26318666000,26318676000,104444,0,0,3072,0,0,0,0,0,100348,2044,4
1,4,4,0,0,26318680000,26318690000,26318698000,104448,0,0,4096,0,0,-4,0,0,100348,2044,4
1,1024,1020,0,0,26318825000,26318831000,26318840000,105468,0,0,4096,0,0,-1024,0,0,100348,2044,5
1,4,-1,11,0,26318842000,26318846000,26318854000,105468,0,0,4096,0,0,-1024,0,0,100348,2044,5
2,100,1,0,4,26318855000,26324469000,26324481000,105468,0,0,3072,0,0,0,0,0,101372,3068,4
1,4,4,0,0,26324485000,26324497000,26324506000,105472,0,0,4096,0,0,-4,0,0,101372,3068,4
1,1024,1020,0,0,26324633000,26324640000,26324648000,106492,0,0,4096,0,0,-1024,0,0,101372,3068,5
1,4,-1,11,0,26324651000,26324655000,26324662000,106492,0,0,4096,0,0,-1024,0,0,101372,3068,5
2,100,1,0,4,26324663000,26330275000,26330287000,106492,0,0,3072,0,0,0,0,0,102396,4092,4
1,4,4,0,0,26330291000,26330302000,26330310000,106496,0,0,4096,0,0,-4,0,0,102396,4092,4
1,1024,1020,0,0,26330438000,26330444000,26330452000,107516,0,0,4096,0,0,-1024,0,0,102396,4092,5
1,4,-1,11,0,26330455000,26330459000,26330466000,107516,0,0,4096,0,0,-1024,0,0,102396,4092,5
2,100,1,0,4,26330467000,26336067000,26336079000,107516,0,0,3072,0,0,0,0,0,103420,1020,4
1,4,4,0,0,26336082000,26336092000,26336100000,107520,0,0,4096,0,0,-4,0,0,103420,1020,4
1,1024,1020,0,0,26336226000,26336232000,26336240000,108540,0,0,4096,0,0,-1024,0,0,103420,1020,5
1,4,-1,11,0,26336243000,26336247000,26336254000,108540,0,0,4096,0,0,-1024,0,0,103420,1020,5
2,100,1,0,4,26336255000,26341872000,26341884000,108540,0,0,3072,0,0,0,0,0,104444,2044,4
1,4,4,0,0,26341887000,26341897000,26341905000,108544,0,0,4096,0,0,-4,0,0,104444,2044,4
1,1024,1020,0,0,26342034000,26342040000,26342048000,109564,0,0,4096,0,0,-1024,0,0,104444,2044,5
1,4,-1,11,0,26342051000,26342055000,26342062000,109564,0,0,4096,0,0,-1024,0,0,104444,2044,5
2,100,1,0,4,26342063000,26347666000,26347675000,109564,0,0,3072,0,0,0,0,0,105468,3068,4
1,4,4,0,0,26347679000,26347688000,26347696000,109568,0,0,4096,0,0,-4,0,0,105468,3068,4
1,1024,1020,0,0,26347823000,26347829000,26347837000,110588,0,0,4096,0,0,-1024,0,0,105468,3068,5
1,4,-1,11,0,26347840000,26347844000,26347851000,110588,0,0,4096,0,0,-1024,0,0,105468,3068,5
2,100,1,0,4,26347852000,26353472000,26353485000,110588,0,0,3072,0,0,0,0,0,106492,4092,4
1,4,4,0,0,26353488000,26353499000,26353508000,110592,0,0,4096,0,0,-4,0,0,106492,4092,4
1,1024,1020,0,0,26353639000,26353646000,26353654000,111612,0,0,4096,0,0,-1024,0,0,106492,4092,5
1,4,-1,11,0,26353657000,26353662000,26353669000,111612,0,0,4096,0,0,-1024,0,0,106492,4092,5
2,100,1,0,4,26353670000,26359270000,26359280000,111612,0,0,3072,0,0,0,0,0,107516,1020,4
1,4,4,0,0,26359284000,26359294000,26359302000,111616,0,0,4096,0,0,-4,0,0,107516,1020,4
1,1024,1020,0,0,26359434000,26359440000,26359448000,112636,0,0,4096,0,0,-1024,0,0,107516,1020,5
1,4,-1,11,0,26359451000,26359455000,26359462000,112636,0,0,4096,0,0,-1024,0,0,107516,1020,5
2,100,1,0,4,26359463000,26365075000,26365086000,112636,0,0,3072,0,0,0,0,0,108540,2044,4
1,4,4,0,0,26365089000,26365099000,26365107000,112640,0,0,4096,0,0,-4,0,0,108540,2044,4
1,1024,1020,0,0,26365233000,26365239000,26365247000,113660,0,0,4096,0,0,-1024,0,0,108540,2044,5
1,4,-1,11,0,26365250000,26365254000,26365261000,113660,0,0,4096,0,0,-1024,0,0,108540,2044,5
2,100,1,0,4,26365262000,26370871000,26370881000,113660,0,0,3072,0,0,0,0,0,109564,3068,4
1,4,4,0,0,26370885000,26370895000,26370904000,113664,0,0,4096,0,0,-4,0,0,109564,3068,4
1,1024,1020,0,0,26371028000,26371034000,26371042000,114684,0,0,4096,0,0,-1024,0,0,109564,3068,5
1,4,-1,11,0,26371045000,26371049000,26371057000,114684,0,0,4096,0,0,-1024,0,0,109564,3068,5
2,100,1,0,4,26371057000,26376667000,26376676000,114684,0,0,3072,0,0,0,0,0,110588,4092,4
1,4,4,0,0,26376680000,26376690000,26376698000,114688,0,0,4096,0,0,-4,0,0,110588,4092,4
1,1024,1020,0,0,26376824000,26376830000,26376838000,115708,0,0,4096,0,0,-1024,0,0,110588,4092,5
1,4,-1,11,0,26376841000,26376845000,26376852000,115708,0,0,4096,0,0,-1024,0,0,110588,4092,5
2,100,1,0,4,26376853000,26382473000,26382487000,115708,0,0,3072,0,0,0,0,0,111612,1020,4
1,4,4,0,0,26382491000,26382504000,26382513000,115712,0,0,4096,0,0,-4,0,0,111612,1020,4
1,1024,1020,0,0,26382640000,26382647000,26382655000,116732,0,0,4096,0,0,-1024,0,0,111612,1020,5
1,4,-1,11,0,26382658000,26382663000,26382670000,116732,0,0,4096,0,0,-1024,0,0,111612,1020,5
2,100,1,0,4,26382671000,26388272000,26388283000,116732,0,0,3072,0,0,0,0,0,112636,2044,4
1,4,4,0,0,26388287000,26388297000,26388305000,116736,0,0,4096,0,0,-4,0,0,112636,2044,4
1,1024,1020,0,0,26388431000,26388438000,26388446000,117756,0,0,4096,0,0,-1024,0,0,112636,2044,5
1,4,-1,11,0,26388449000,26388453000,26388460000,117756,0,0,4096,0,0,-1024,0,0,112636,2044,5
2,100,1,0,4,26388461000,26394076000,26394087000,117756,0,0,3072,0,0,0,0,0,113660,3068,4
1,4,4,0,0,26394091000,26394102000,26394110000,117760,0,0,4096,0,0,-4,0,0,113660,3068,4
1,1024,1020,0,0,26394236000,26394243000,26394251000,118780,0,0,4096,0,0,-1024,0,0,113660,3068,5
1,4,-1,11,0,26394254000,26394258000,26394265000,118780,0,0,4096,0,0,-1024,0,0,113660,3068,5
2,100,1,0,4,26394266000,26399869000,26399879000,118780,0,0,3072,0,0,0,0,0,114684,4092,4
1,4,4,0,0,26399883000,26399893000,26399902000,118784,0,0,4096,0,0,-4,0,0,114684,4092,4
1,1024,1020,0,0,26400047000,26400056000,26400065000,119804,0,0,4096,0,0,-1024,0,0,114684,4092,5
1,4,-1,11,0,26400068000,26400073000,26400081000,119804,0,0,4096,0,0,-1024,0,0,114684,4092,5
2,100,1,0,4,26400082000,26405670000,26405681000,119804,0,0,3072,0,0,0,0,0,115708,1020,4
1,4,4,0,0,26405685000,26405695000,26405703000,119808,0,0,4096,0,0,-4,0,0,115708,1020,4
1,1024,1020,0,0,26405829000,26405835000,26405843000,120828,0,0,4096,0,0,-1024,0,0,115708,1020,5
1,4,-1,11,0,26405846000,26405850000,26405857000,120828,0,0,4096,0,0,-1024,0,0,115708,1020,5
2,100,1,0,4,26405858000,26411471000,26411484000,120828,0,0,3072,0,0,0,0,0,116732,2044,4
1,4,4,0,0,26411488000,26411500000,26411508000,120832,0,0,4096,0,0,-4,0,0,116732,2044,4
1,1024,1020,0,0,26411635000,26411641000,26411650000,121852,0,0,4096,0,0,-1024,0,0,116732,2044,5
1,4,-1,11,0,26411652000,26411656000,26411664000,121852,0,0,4096,0,0,-1024,0,0,116732,2044,5
2,100,1,0,4,26411665000,26417270000,26417281000,121852,0,0,3072,0,0,0,0,0,117756,3068,4
1,4,4,0,0,26417284000,26417295000,26417303000,121856,0,0,4096,0,0,-4,0,0,117756,3068,4
1,1024,1020,0,0,26417432000,26417438000,26417446000,122876,0,0,4096,0,0,-1024,0,0,117756,3068,5
1,4,-1,11,0,26417449000,26417453000,26417460000,122876,0,0,4096,0,0,-1024,0,0,117756,3068,5
2,100,1,0,4,26417461000,26423077000,26423088000,122876,0,0,3072,0,0,0,0,0,118780,4092,4
1,4,4,0,0,26423092000,26423103000,26423111000,122880,0,0,4096,0,0,-4,0,0,118780,4092,4
1,1024,1020,0,0,26423240000,26423246000,26423254000,123900,0,0,4096,0,0,-1024,0,0,118780,4092,5
1,4,-1,11,0,26423257000,26423261000,26423268000,123900,0,0,4096,0,0,-1024,0,0,118780,4092,5
2,100,1,0,4,26423269000,26428869000,26428878000,123900,0,0,3072,0,0,0,0,0,119804,1020,4
1,4,4,0,0,26428882000,26428893000,26428901000,123904,0,0,4096,0,0,-4,0,0,119804,1020,4
1,1024,1020,0,0,26429030000,26429037000,26429045000,124924,0,0,4096,0,0,-1024,0,0,119804,1020,5
1,4,-1,11,0,26429048000,26429052000,26429059000,124924,0,0,4096,0,0,-1024,0,0,119804,1020,5
2,100,1,0,4,26429060000,26434677000,26434689000,124924,0,0,3072,0,0,0,0,0,120828,2044,4
1,4,4,0,0,26434693000,26434703000,26434711000,124928,0,0,4096,0,0,-4,0,0,120828,2044,4
1,1024,1020,0,0,26434840000,26434846000,26434855000,125948,0,0,4096,0,0,-1024,0,0,120828,2044,5
1,4,-1,11,0,26434857000,26434862000,26434869000,125948,0,0,4096,0,0,-1024,0,0,120828,2044,5
2,100,1,0,4,26434870000,26440472000,26440485000,125948,0,0,3072,0,0,0,0,0,121852,3068,4
1,4,4,0,0,26440489000,26440501000,26440509000,125952,0,0,4096,0,0,-4,0,0,121852,3068,4
1,1024,1020,0,0,26440640000,26440646000,26440654000,126972,0,0,4096,0,0,-1024,0,0,121852,3068,5
1,4,-1,11,0,26440657000,26440661000,26440669000,126972,0,0,4096,0,0,-1024,0,0,121852,3068,5
2,100,1,0,4,26440670000,26446273000,26446284000,126972,0,0,3072,0,0,0,0,0,122876,4092,4
1,4,4,0,0,26446288000,26446298000,26446306000,126976,0,0,4096,0,0,-4,0,0,122876,4092,4
1,1024,1020,0,0,26446431000,26446437000,26446445000,127996,0,0,4096,0,0,-1024,0,0,122876,4092,5
1,4,-1,11,0,26446448000,26446452000,26446459000,127996,0,0,4096,0,0,-1024,0,0,122876,4092,5
2,100,1,0,4,26446460000,26452082000,26452093000,127996,0,0,3072,0,0,0,0,0,123900,1020,4
1,4,4,0,0,26452097000,26452107000,26452115000,128000,0,0,4096,0,0,-4,0,0,123900,1020,4
1,1024,1020,0,0,26452240000,26452247000,26452255000,129020,0,0,4096,0,0,-1024,0,0,123900,1020,5
1,4,-1,11,0,26452257000,26452261000,26452269000,129020,0,0,4096,0,0,-1024,0,0,123900,1020,5
2,100,1,0,4,26452270000,26457872000,26457882000,129020,0,0,3072,0,0,0,0,0,124924,2044,4
1,4,4,0,0,26457886000,26457895000,26457903000,129024,0,0,4096,0,0,-4,0,0,124924,2044,4
1,1024,1020,0,0,26458030000,26458037000,26458045000,130044,0,0,4096,0,0,-1024,0,0,124924,2044,5
1,4,-1,11,0,26458047000,26458051000,26458059000,130044,0,0,4096,0,0,-1024,0,0,124924,2044,5
2,100,1,0,4,26458060000,26463675000,26463685000,130044,0,0,3072,0,0,0,0,0,125948,3068,4
1,4,4,0,0,26463689000,26463699000,26463707000,130048,0,0,4096,0,0,-4,0,0,125948,3068,4
1,1024,1020,0,0,26463833000,26463839000,26463847000,131068,0,0,4096,0,0,-1024,0,0,125948,3068,5
1,4,-1,11,0,26463850000,26463854000,26463861000,131068,0,0,4096,0,0,-1024,0,0,125948,3068,5
2,100,1,0,4,26463862000,26469470000,26469480000,131068,0,0,3072,0,0,0,0,0,126972,4092,4
1,4,4,0,0,26469483000,26469493000,26469501000,131072,0,0,4096,0,0,-4,0,0,126972,4092,4
1,1024,1020,0,0,26469626000,26469633000,26469640000,132092,0,0,4096,0,0,-1024,0,0,126972,4092,5
1,4,-1,11,0,26469643000,26469647000,26469654000,132092,0,0,4096,0,0,-1024,0,0,126972,4092,5
2,100,1,0,4,26469655000,26475271000,26475283000,132092,0,0,3072,0,0,0,0,0,127996,1020,4
1,4,4,0,0,26475287000,26475298000,26475306000,132096,0,0,4096,0,0,-4,0,0,127996,1020,4
1,1024,1020,0,0,26475432000,26475439000,26475448000,133116,0,0,4096,0,0,-1024,0,0,127996,1020,5
1,4,-1,11,0,26475451000,26475455000,26475462000,133116,0,0,4096,0,0,-1024,0,0,127996,1020,5
2,100,1,0,4,26475463000,26481073000,26481086000,133116,0,0,3072,0,0,0,0,0,129020,2044,4
1,4,4,0,0,26481089000,26481100000,26481108000,133120,0,0,4096,0,0,-4,0,0,129020,2044,4
1,1024,1020,0,0,26481235000,26481241000,26481249000,134140,0,0,4096,0,0,-1024,0,0,129020,2044,5
1,4,-1,11,0,26481252000,26481256000,26481263000,134140,0,0,4096,0,0,-1024,0,0,129020,2044,5
2,100,1,0,4,26481264000,26486871000,26486882000,134140,0,0,3072,0,0,0,0,0,130044,3068,4
1,4,4,0,0,26486885000,26486896000,26486904000,134144,0,0,4096,0,0,-4,0,0,130044,3068,4
1,1024,1020,0,0,26487030000,26487037000,26487045000,135164,0,0,4096,0,0,-1024,0,0,130044,3068,5
1,4,-1,11,0,26487048000,26487052000,26487059000,135164,0,0,4096,0,0,-1024,0,0,130044,3068,5
2,100,1,0,4,26487060000,26492685000,26492703000,135164,0,0,3072,0,0,0,0,0,131068,4092,4
1,4,4,0,0,26492707000,26492721000,26492730000,135168,0,0,4096,0,0,-4,0,0,131068,4092,4
1,1024,1020,0,0,26492858000,26492864000,26492873000,136188,0,0,4096,0,0,-1024,0,0,131068,4092,5
1,4,-1,11,0,26492876000,26492880000,26492888000,136188,0,0,4096,0,0,-1024,0,0,131068,4092,5
2,100,1,0,4,26492889000,26498475000,26498487000,136188,0,0,3072,0,0,0,0,0,132092,1020,4
1,4,4,0,0,26498491000,26498502000,26498510000,136192,0,0,4096,0,0,-4,0,0,132092,1020,4
1,1024,1020,0,0,26498639000,26498645000,26498653000,137212,0,0,4096,0,0,-1024,0,0,132092,1020,5
1,4,-1,11,0,26498656000,26498660000,26498667000,137212,0,0,4096,0,0,-1024,0,0,132092,1020,5
2,100,1,0,4,26498668000,26504279000,26504294000,137212,0,0,3072,0,0,0,0,0,133116,2044,4
1,4,4,0,0,26504298000,26504312000,26504321000,137216,0,0,4096,0,0,-4,0,0,133116,2044,4
1,1024,1020,0,0,26504448000,26504455000,26504463000,138236,0,0,4096,0,0,-1024,0,0,133116,2044,5
1,4,-1,11,0,26504466000,26504470000,26504477000,138236,0,0,4096,0,0,-1024,0,0,133116,2044,5
2,100,1,0,4,26504478000,26510081000,26510094000,138236,0,0,3072,0,0,0,0,0,134140,3068,4
1,4,4,0,0,26510098000,26510108000,26510116000,138240,0,0,4096,0,0,-4,0,0,134140,3068,4
1,1024,1020,0,0,26510243000,26510250000,26510257000,139260,0,0,4096,0,0,-1024,0,0,134140,3068,5
1,4,-1,11,0,26510260000,26510264000,26510272000,139260,0,0,4096,0,0,-1024,0,0,134140,3068,5
2,100,1,0,4,26510272000,26515874000,26515884000,139260,0,0,3072,0,0,0,0,0,135164,4092,4
1,4,4,0,0,26515888000,26515898000,26515906000,139264,0,0,4096,0,0,-4,0,0,135164,4092,4
1,1024,1020,0,0,26516032000,26516038000,26516046000,140284,0,0,4096,0,0,-1024,0,0,135164,4092,5
1,4,-1,11,0,26516049000,26516053000,26516060000,140284,0,0,4096,0,0,-1024,0,0,135164,4092,5
2,100,1,0,4,26516061000,26521677000,26521688000,140284,0,0,3072,0,0,0,0,0,136188,1020,4
1,4,4,0,0,26521692000,26521701000,26521709000,140288,0,0,4096,0,0,-4,0,0,136188,1020,4
1,1024,1020,0,0,26521836000,26521843000,26521851000,141308,0,0,4096,0,0,-1024,0,0,136188,1020,5
1,4,-1,11,0,26521853000,26521858000,26521865000,141308,0,0,4096,0,0,-1024,0,0,136188,1020,5
2,100,1,0,4,26521866000,26527471000,26527480000,141308,0,0,3072,0,0,0,0,0,137212,2044,4
1,4,4,0,0,26527484000,26527495000,26527503000,141312,0,0,4096,0,0,-4,0,0,137212,2044,4
1,1024,1020,0,0,26527627000,26527634000,26527642000,142332,0,0,4096,0,0,-1024,0,0,137212,2044,5
1,4,-1,11,0,26527645000,26527649000,26527656000,142332,0,0,4096,0,0,-1024,0,0,137212,2044,5
2,100,1,0,4,26527657000,26533277000,26533291000,142332,0,0,3072,0,0,0,0,0,138236,3068,4
1,4,4,0,0,26533295000,26533308000,26533316000,142336,0,0,4096,0,0,-4,0,0,138236,3068,4
1,1024,1020,0,0,26533444000,26533450000,26533459000,143356,0,0,4096,0,0,-1024,0,0,138236,3068,5
1,4,-1,11,0,26533461000,26533466000,26533473000,143356,0,0,4096,0,0,-1024,0,0,138236,3068,5
2,100,1,0,4,26533474000,26539075000,26539086000,143356,0,0,3072,0,0,0,0,0,139260,4092,4
1,4,4,0,0,26539090000,26539101000,26539109000,143360,0,0,4096,0,0,-4,0,0,139260,4092,4
1,1024,1020,0,0,26539239000,26539245000,26539253000,144380,0,0,4096,0,0,-1024,0,0,139260,4092,5
1,4,-1,11,0,26539255000,26539259000,26539267000,144380,0,0,4096,0,0,-1024,0,0,139260,4092,5
2,100,1,0,4,26539267000,26544880000,26544891000,144380,0,0,3072,0,0,0,0,0,140284,1020,4
1,4,4,0,0,26544895000,26544904000,26544912000,144384,0,0,4096,0,0,-4,0,0,140284,1020,4
1,1024,1020,0,0,26545038000,26545045000,26545053000,145404,0,0,4096,0,0,-1024,0,0,140284,1020,5
1,4,-1,11,0,26545056000,26545060000,26545068000,145404,0,0,4096,0,0,-1024,0,0,140284,1020,5
2,100,1,0,4,26545068000,26550673000,26550684000,145404,0,0,3072,0,0,0,0,0,141308,2044,4
1,4,4,0,0,26550688000,26550697000,26550705000,145408,0,0,4096,0,0,-4,0,0,141308,2044,4
1,1024,1020,0,0,26550831000,26550837000,26550845000,146428,0,0,4096,0,0,-1024,0,0,141308,2044,5
1,4,-1,11,0,26550847000,26550851000,26550859000,146428,0,0,4096,0,0,-1024,0,0,141308,2044,5
2,100,1,0,4,26550860000,26556471000,26556481000,146428,0,0,3072,0,0,0,0,0,142332,3068,4
1,4,4,0,0,26556484000,26556493000,26556501000,146432,0,0,4096,0,0,-4,0,0,142332,3068,4
1,1024,1020,0,0,26556627000,26556633000,26556642000,147452,0,0,4096,0,0,-1024,0,0,142332,3068,5
1,4,-1,11,0,26556644000,26556648000,26556656000,147452,0,0,4096,0,0,-1024,0,0,142332,3068,5
2,100,1,0,4,26556656000,26562277000,26562289000,147452,0,0,3072,0,0,0,0,0,143356,4092,4
1,4,4,0,0,26562294000,26562305000,26562314000,147456,0,0,4096,0,0,-4,0,0,143356,4092,4
1,1024,1020,0,0,26562440000,26562447000,26562455000,148476,0,0,4096,0,0,-1024,0,0,143356,4092,5
1,4,-1,11,0,26562458000,26562463000,26562470000,148476,0,0,4096,0,0,-1024,0,0,143356,4092,5
2,100,1,0,4,26562471000,26568076000,26568088000,148476,0,0,3072,0,0,0,0,0,144380,1020,4
1,4,4,0,0,26568091000,26568101000,26568109000,148480,0,0,4096,0,0,-4,0,0,144380,1020,4
1,1024,1020,0,0,26568233000,26568240000,26568248000,149500,0,0,4096,0,0,-1024,0,0,144380,1020,5
1,4,-1,11,0,26568250000,26568254000,26568262000,149500,0,0,4096,0,0,-1024,0,0,144380,1020,5
2,100,1,0,4,26568263000,26573881000,26573891000,149500,0,0,3072,0,0,0,0,0,145404,2044,4
1,4,4,0,0,26573895000,26573906000,26573913000,149504,0,0,4096,0,0,-4,0,0,145404,2044,4
1,1024,1020,0,0,26574039000,26574046000,26574054000,150524,0,0,4096,0,0,-1024,0,0,145404,2044,5
1,4,-1,11,0,26574056000,26574061000,26574068000,150524,0,0,4096,0,0,-1024,0,0,145404,2044,5
2,100,1,0,4,26574069000,26579673000,26579684000,150524,0,0,3072,0,0,0,0,0,146428,3068,4
1,4,4,0,0,26579687000,26579697000,26579705000,150528,0,0,4096,0,0,-4,0,0,146428,3068,4
1,1024,1020,0,0,26579833000,26579840000,26579847000,151548,0,0,4096,0,0,-1024,0,0,146428,3068,5
1,4,-1,11,0,26579850000,26579854000,26579862000,151548,0,0,4096,0,0,-1024,0,0,146428,3068,5
2,100,1,0,4,26579862000,26585478000,26585488000,151548,0,0,3072,0,0,0,0,0,147452,4092,4
1,4,4,0,0,26585492000,26585502000,26585509000,151552,0,0,4096,0,0,-4,0,0,147452,4092,4
1,1024,1020,0,0,26585635000,26585642000,26585650000,152572,0,0,4096,0,0,-1024,0,0,147452,4092,5
1,4,-1,11,0,26585652000,26585656000,26585664000,152572,0,0,4096,0,0,-1024,0,0,147452,4092,5
2,100,1,0,4,26585665000,26591274000,26591286000,152572,0,0,3072,0,0,0,0,0,148476,1020,4
1,4,4,0,0,26591290000,26591300000,26591309000,152576,0,0,4096,0,0,-4,0,0,148476,1020,4
1,1024,1020,0,0,26591435000,26591442000,26591450000,153596,0,0,4096,0,0,-1024,0,0,148476,1020,5
1,4,-1,11,0,26591453000,26591457000,26591465000,153596,0,0,4096,0,0,-1024,0,0,148476,1020,5
2,100,1,0,4,26591466000,26597073000,26597084000,153596,0,0,3072,0,0,0,0,0,149500,2044,4
1,4,4,0,0,26597087000,26597097000,26597105000,153600,0,0,4096,0,0,-4,0,0,149500,2044,4
1,1024,1020,0,0,26597231000,26597237000,26597246000,154620,0,0,4096,0,0,-1024,0,0,149500,2044,5
1,4,-1,11,0,26597248000,26597252000,26597260000,154620,0,0,4096,0,0,-1024,0,0,149500,2044,5
2,100,1,0,4,26597261000,26602880000,26602893000,154620,0,0,3072,0,0,0,0,0,150524,3068,4
1,4,4,0,0,26602897000,26602911000,26602920000,154624,0,0,4096,0,0,-4,0,0,150524,3068,4
1,1024,1020,0,0,26603048000,26603054000,26603062000,155644,0,0,4096,0,0,-1024,0,0,150524,3068,5
1,4,-1,11,0,26603065000,26603069000,26603077000,155644,0,0,4096,0,0,-1024,0,0,150524,3068,5
2,100,1,0,4,26603078000,26608677000,26608688000,155644,0,0,3072,0,0,0,0,0,151548,4092,4
1,4,4,0,0,26608692000,26608702000,26608710000,155648,0,0,4096,0,0,-4,0,0,151548,4092,4
1,1024,1020,0,0,26608835000,26608842000,26608850000,156668,0,0,4096,0,0,-1024,0,0,151548,4092,5
1,4,-1,11,0,26608853000,26608857000,26608864000,156668,0,0,4096,0,0,-1024,0,0,151548,4092,5
2,100,1,0,4,26608865000,26614479000,26614492000,156668,0,0,3072,0,0,0,0,0,152572,1020,4
1,4,4,0,0,26614495000,26614506000,26614514000,156672,0,0,4096,0,0,-4,0,0,152572,1020,4
1,1024,1020,0,0,26614641000,26614647000,26614655000,157692,0,0,4096,0,0,-1024,0,0,152572,1020,5
1,4,-1,11,0,26614657000,26614662000,26614669000,157692,0,0,4096,0,0,-1024,0,0,152572,1020,5
2,100,1,0,4,26614670000,26620276000,26620289000,157692,0,0,3072,0,0,0,0,0,153596,2044,4
1,4,4,0,0,26620293000,26620305000,26620314000,157696,0,0,4096,0,0,-4,0,0,153596,2044,4
1,1024,1020,0,0,26620442000,26620449000,26620457000,158716,0,0,4096,0,0,-1024,0,0,153596,2044,5
1,4,-1,11,0,26620460000,26620464000,26620472000,158716,0,0,4096,0,0,-1024,0,0,153596,2044,5
2,100,1,0,4,26620473000,26626075000,26626085000,158716,0,0,3072,0,0,0,0,0,154620,3068,4
1,4,4,0,0,26626089000,26626099000,26626107000,158720,0,0,4096,0,0,-4,0,0,154620,3068,4
1,1024,1020,0,0,26626233000,26626239000,26626248000,159740,0,0,4096,0,0,-1024,0,0,154620,3068,5
1,4,-1,11,0,26626250000,26626255000,26626262000,159740,0,0,4096,0,0,-1024,0,0,154620,3068,5
2,100,1,0,4,26626263000,26631881000,26631892000,159740,0,0,3072,0,0,0,0,0,155644,4092,4
1,4,4,0,0,26631896000,26631906000,26631915000,159744,0,0,4096,0,0,-4,0,0,155644,4092,4
1,1024,1020,0,0,26632042000,26632049000,26632058000,160764,0,0,4096,0,0,-1024,0,0,155644,4092,5
1,4,-1,11,0,26632060000,26632065000,26632072000,160764,0,0,4096,0,0,-1024,0,0,155644,4092,5
2,100,1,0,4,26632073000,26637674000,26637684000,160764,0,0,3072,0,0,0,0,0,156668,1020,4
1,4,4,0,0,26637688000,26637698000,26637706000,160768,0,0,4096,0,0,-4,0,0,156668,1020,4
1,1024,1020,0,0,26637833000,26637839000,26637847000,161788,0,0,4096,0,0,-1024,0,0,156668,1020,5
1,4,-1,11,0,26637850000,26637854000,26637861000,161788,0,0,4096,0,0,-1024,0,0,156668,1020,5
2,100,1,0,4,26637862000,26643479000,26643489000,161788,0,0,3072,0,0,0,0,0,157692,2044,4
1,4,4,0,0,26643493000,26643503000,26643511000,161792,0,0,4096,0,0,-4,0,0,157692,2044,4
1,1024,1020,0,0,26643637000,26643644000,26643652000,162812,0,0,4096,0,0,-1024,0,0,157692,2044,5
1,4,-1,11,0,26643654000,26643659000,26643666000,162812,0,0,4096,0,0,-1024,0,0,157692,2044,5
2,100,1,0,4,26643667000,26649273000,26649284000,162812,0,0,3072,0,0,0,0,0,158716,3068,4
1,4,4,0,0,26649287000,26649297000,26649305000,162816,0,0,4096,0,0,-4,0,0,158716,3068,4
1,1024,1020,0,0,26649432000,26649438000,26649446000,163836,0,0,4096,0,0,-1024,0,0,158716,3068,5
1,4,-1,11,0,26649448000,26649452000,26649460000,163836,0,0,4096,0,0,-1024,0,0,158716,3068,5
2,100,1,0,4,26649461000,26655077000,26655089000,163836,0,0,3072,0,0,0,0,0,159740,4092,4
1,4,4,0,0,26655093000,26655105000,26655113000,163840,0,0,4096,0,0,-4,0,0,159740,4092,4
1,1024,1020,0,0,26655240000,26655247000,26655255000,164860,0,0,4096,0,0,-1024,0,0,159740,4092,5
1,4,-1,11,0,26655258000,26655262000,26655269000,164860,0,0,4096,0,0,-1024,0,0,159740,4092,5
2,100,1,0,4,26655270000,26660887000,26660899000,164860,0,0,3072,0,0,0,0,0,160764,1020,4
1,4,4,0,0,26660903000,26660913000,26660922000,164864,0,0,4096,0,0,-4,0,0,160764,1020,4
1,1024,1020,0,0,26661049000,26661056000,26661063000,165884,0,0,4096,0,0,-1024,0,0,160764,1020,5
1,4,-1,11,0,26661066000,26661070000,26661078000,165884,0,0,4096,0,0,-1024,0,0,160764,1020,5
2,100,1,0,4,26661078000,26666678000,26666688000,165884,0,0,3072,0,0,0,0,0,161788,2044,4
1,4,4,0,0,26666692000,26666703000,26666711000,165888,0,0,4096,0,0,-4,0,0,161788,2044,4
1,1024,1020,0,0,26666837000,26666843000,26666851000,166908,0,0,4096,0,0,-1024,0,0,161788,2044,5
1,4,-1,11,0,26666854000,26666858000,26666865000,166908,0,0,4096,0,0,-1024,0,0,161788,2044,5
2,100,1,0,4,26666866000,26672481000,26672492000,166908,0,0,3072,0,0,0,0,0,162812,3068,4
1,4,4,0,0,26672496000,26672506000,26672513000,166912,0,0,4096,0,0,-4,0,0,162812,3068,4
1,1024,1020,0,0,26672642000,26672649000,26672657000,167932,0,0,4096,0,0,-1024,0,0,162812,3068,5
1,4,-1,11,0,26672659000,26672663000,26672671000,167932,0,0,4096,0,0,-1024,0,0,162812,3068,5
2,100,1,0,4,26672672000,26678275000,26678285000,167932,0,0,3072,0,0,0,0,0,163836,4092,4
1,4,4,0,0,26678289000,26678299000,26678306000,167936,0,0,4096,0,0,-4,0,0,163836,4092,4
1,1024,1020,0,0,26678439000,26678446000,26678453000,168956,0,0,4096,0,0,-1024,0,0,163836,4092,5
1,4,-1,11,0,26678456000,26678460000,26678467000,168956,0,0,4096,0,0,-1024,0,0,163836,4092,5
2,100,1,0,4,26678468000,26684075000,26684087000,168956,0,0,3072,0,0,0,0,0,164860,1020,4
1,4,4,0,0,26684091000,26684102000,26684110000,168960,0,0,4096,0,0,-4,0,0,164860,1020,4
1,1024,1020,0,0,26684240000,26684246000,26684254000,169980,0,0,4096,0,0,-1024,0,0,164860,1020,5
1,4,-1,11,0,26684257000,26684261000,26684269000,169980,0,0,4096,0,0,-1024,0,0,164860,1020,5
2,100,1,0,4,26684269000,26689875000,26689888000,169980,0,0,3072,0,0,0,0,0,165884,2044,4
1,4,4,0,0,26689892000,26689902000,26689910000,169984,0,0,4096,0,0,-4,0,0,165884,2044,4
1,1024,1020,0,0,26690058000,26690067000,26690077000,171004,0,0,4096,0,0,-1024,0,0,165884,2044,5
1,4,-1,11,0,26690080000,26690085000,26690092000,171004,0,0,4096,0,0,-1024,0,0,165884,2044,5
2,100,1,0,4,26690093000,26695677000,26695688000,171004,0,0,3072,0,0,0,0,0,166908,3068,4
1,4,4,0,0,26695691000,26695702000,26695710000,171008,0,0,4096,0,0,-4,0,0,166908,3068,4
1,1024,1020,0,0,26695837000,26695843000,26695851000,172028,0,0,4096,0,0,-1024,0,0,166908,3068,5
1,4,-1,11,0,26695854000,26695858000,26695865000,172028,0,0,4096,0,0,-1024,0,0,166908,3068,5
2,100,1,0,4,26695866000,26701640000,26701657000,172028,0,0,3072,0,0,0,0,0,167932,4092,4
1,4,4,0,0,26701662000,26701679000,26701687000,172032,0,0,4096,0,0,-4,0,0,167932,4092,4
1,1024,1020,0,0,26701817000,26701824000,26701832000,173052,0,0,4096,0,0,-1024,0,0,167932,4092,5
1,4,-1,11,0,26701835000,26701840000,26701847000,173052,0,0,4096,0,0,-1024,0,0,167932,4092,5
2,100,1,0,4,26701848000,26707285000,26707296000,173052,0,0,3072,0,0,0,0,0,168956,1020,4
1,4,4,0,0,26707300000,26707310000,26707318000,173056,0,0,4096,0,0,-4,0,0,168956,1020,4
1,1024,1020,0,0,26707445000,26707452000,26707460000,174076,0,0,4096,0,0,-1024,0,0,168956,1020,5
1,4,-1,11,0,26707463000,26707467000,26707474000,174076,0,0,4096,0,0,-1024,0,0,168956,1020,5
2,100,1,0,4,26707475000,26713086000,26713101000,174076,0,0,3072,0,0,0,0,0,169980,2044,4
1,4,4,0,0,26713105000,26713120000,26713130000,174080,0,0,4096,0,0,-4,0,0,169980,2044,4
1,1024,1020,0,0,26713261000,26713268000,26713277000,175100,0,0,4096,0,0,-1024,0,0,169980,2044,5
1,4,-1,11,0,26713280000,26713284000,26713292000,175100,0,0,4096,0,0,-1024,0,0,169980,2044,5
2,100,1,0,4,26713293000,26718881000,26718893000,175100,0,0,3072,0,0,0,0,0,171004,3068,4
1,4,4,0,0,26718897000,26718909000,26718917000,175104,0,0,4096,0,0,-4,0,0,171004,3068,4
1,1024,1020,0,0,26719046000,26719052000,26719060000,176124,0,0,4096,0,0,-1024,0,0,171004,3068,5
1,4,-1,11,0,26719063000,26719067000,26719074000,176124,0,0,4096,0,0,-1024,0,0,171004,3068,5
2,100,1,0,4,26719075000,26724687000,26724699000,176124,0,0,3072,0,0,0,0,0,172028,4092,4
1,4,4,0,0,26724703000,26724714000,26724723000,176128,0,0,4096,0,0,-4,0,0,172028,4092,4
1,1024,1020,0,0,26724850000,26724857000,26724865000,177148,0,0,4096,0,0,-1024,0,0,172028,4092,5
1,4,-1,11,0,26724867000,26724872000,26724879000,177148,0,0,4096,0,0,-1024,0,0,172028,4092,5
2,100,1,0,4,26724880000,26730480000,26730491000,177148,0,0,3072,0,0,0,0,0,173052,1020,4
1,4,4,0,0,26730495000,26730505000,26730513000,177152,0,0,4096,0,0,-4,0,0,173052,1020,4
1,1024,1020,0,0,26730642000,26730649000,26730657000,178172,0,0,4096,0,0,-1024,0,0,173052,1020,5
1,4,-1,11,0,26730659000,26730663000,26730671000,178172,0,0,4096,0,0,-1024,0,0,173052,1020,5
2,100,1,0,4,26730672000,26736276000,26736286000,178172,0,0,3072,0,0,0,0,0,174076,2044,4
1,4,4,0,0,26736290000,26736301000,26736308000,178176,0,0,4096,0,0,-4,0,0,174076,2044,4
1,1024,1020,0,0,26736436000,26736443000,26736450000,179196,0,0,4096,0,0,-1024,0,0,174076,2044,5
1,4,-1,11,0,26736453000,26736457000,26736464000,179196,0,0,4096,0,0,-1024,0,0,174076,2044,5
2,100,1,0,4,26736465000,26742079000,26742095000,179196,0,0,3072,0,0,0,0,0,175100,3068,4
1,4,4,0,0,26742099000,26742113000,26742122000,179200,0,0,4096,0,0,-4,0,0,175100,3068,4
1,1024,1020,0,0,26742252000,26742259000,26742267000,180220,0,0,4096,0,0,-1024,0,0,175100,3068,5
1,4,-1,11,0,26742270000,26742274000,26742282000,180220,0,0,4096,0,0,-1024,0,0,175100,3068,5
2,100,1,0,4,26742282000,26747880000,26747891000,180220,0,0,3072,0,0,0,0,0,176124,4092,4
1,4,4,0,0,26747894000,26747905000,26747913000,180224,0,0,4096,0,0,-4,0,0,176124,4092,4
1,1024,1020,0,0,26748042000,26748049000,26748057000,181244,0,0,4096,0,0,-1024,0,0,176124,4092,5
1,4,-1,11,0,26748060000,26748064000,26748071000,181244,0,0,4096,0,0,-1024,0,0,176124,4092,5
2,100,1,0,4,26748072000,26753685000,26753697000,181244,0,0,3072,0,0,0,0,0,177148,1020,4
1,4,4,0,0,26753700000,26753711000,26753719000,181248,0,0,4096,0,0,-4,0,0,177148,1020,4
1,1024,1020,0,0,26753847000,26753853000,26753861000,182268,0,0,4096,0,0,-1024,0,0,177148,1020,5
1,4,-1,11,0,26753864000,26753868000,26753875000,182268,0,0,4096,0,0,-1024,0,0,177148,1020,5
2,100,1,0,4,26753876000,26759477000,26759487000,182268,0,0,3072,0,0,0,0,0,178172,2044,4
1,4,4,0,0,26759490000,26759500000,26759508000,182272,0,0,4096,0,0,-4,0,0,178172,2044,4
1,1024,1020,0,0,26759640000,26759647000,26759654000,183292,0,0,4096,0,0,-1024,0,0,178172,2044,5
1,4,-1,11,0,26759657000,26759661000,26759668000,183292,0,0,4096,0,0,-1024,0,0,178172,2044,5
2,100,1,0,4,26759669000,26765282000,26765293000,183292,0,0,3072,0,0,0,0,0,179196,3068,4
1,4,4,0,0,26765297000,26765307000,26765315000,183296,0,0,4096,0,0,-4,0,0,179196,3068,4
1,1024,1020,0,0,26765444000,26765450000,26765458000,184316,0,0,4096,0,0,-1024,0,0,179196,3068,5
1,4,-1,11,0,26765461000,26765465000,26765472000,184316,0,0,4096,0,0,-1024,0,0,179196,3068,5
2,100,1,0,4,26765473000,26771082000,26771095000,184316,0,0,3072,0,0,0,0,0,180220,4092,4
1,4,4,0,0,26771098000,26771109000,26771118000,184320,0,0,4096,0,0,-4,0,0,180220,4092,4
1,1024,1020,0,0,26771245000,26771252000,26771260000,185340,0,0,4096,0,0,-1024,0,0,180220,4092,5
1,4,-1,11,0,26771263000,26771267000,26771275000,185340,0,0,4096,0,0,-1024,0,0,180220,4092,5
2,100,1,0,4,26771276000,26776880000,26776892000,185340,0,0,3072,0,0,0,0,0,181244,1020,4
1,4,4,0,0,26776896000,26776906000,26776914000,185344,0,0,4096,0,0,-4,0,0,181244,1020,4
1,1024,1020,0,0,26777042000,26777049000,26777056000,186364,0,0,4096,0,0,-1024,0,0,181244,1020,5
1,4,-1,11,0,26777059000,26777063000,26777071000,186364,0,0,4096,0,0,-1024,0,0,181244,1020,5
2,100,1,0,4,26777072000,26782686000,26782697000,186364,0,0,3072,0,0,0,0,0,182268,2044,4
1,4,4,0,0,26782700000,26782711000,26782719000,186368,0,0,4096,0,0,-4,0,0,182268,2044,4
1,1024,1020,0,0,26782847000,26782854000,26782862000,187388,0,0,4096,0,0,-1024,0,0,182268,2044,5
1,4,-1,11,0,26782865000,26782869000,26782876000,187388,0,0,4096,0,0,-1024,0,0,182268,2044,5
2,100,1,0,4,26782877000,26788478000,26788489000,187388,0,0,3072,0,0,0,0,0,183292,3068,4
1,4,4,0,0,26788493000,26788503000,26788511000,187392,0,0,4096,0,0,-4,0,0,183292,3068,4
1,1024,1020,0,0,26788640000,26788647000,26788654000,188412,0,0,4096,0,0,-1024,0,0,183292,3068,5
1,4,-1,11,0,26788657000,26788661000,26788669000,188412,0,0,4096,0,0,-1024,0,0,183292,3068,5
2,100,1,0,4,26788670000,26794282000,26794292000,188412,0,0,3072,0,0,0,0,0,184316,4092,4
1,4,4,0,0,26794296000,26794306000,26794314000,188416,0,0,4096,0,0,-4,0,0,184316,4092,4
1,1024,1020,0,0,26794443000,26794450000,26794457000,189436,0,0,4096,0,0,-1024,0,0,184316,4092,5
1,4,-1,11,0,26794460000,26794464000,26794472000,189436,0,0,4096,0,0,-1024,0,0,184316,4092,5
2,100,1,0,4,26794472000,26800080000,26800093000,189436,0,0,3072,0,0,0,0,0,185340,1020,4
1,4,4,0,0,26800097000,26800108000,26800116000,189440,0,0,4096,0,0,-4,0,0,185340,1020,4
1,1024,1020,0,0,26800246000,26800253000,26800261000,190460,0,0,4096,0,0,-1024,0,0,185340,1020,5
1,4,-1,11,0,26800263000,26800267000,26800275000,190460,0,0,4096,0,0,-1024,0,0,185340,1020,5
2,100,1,0,4,26800275000,26805879000,26805889000,190460,0,0,3072,0,0,0,0,0,186364,2044,4
1,4,4,0,0,26805893000,26805903000,26805911000,190464,0,0,4096,0,0,-4,0,0,186364,2044,4
1,1024,1020,0,0,26806040000,26806046000,26806054000,191484,0,0,4096,0,0,-1024,0,0,186364,2044,5
1,4,-1,11,0,26806057000,26806061000,26806069000,191484,0,0,4096,0,0,-1024,0,0,186364,2044,5
2,100,1,0,4,26806070000,26811684000,26811694000,191484,0,0,3072,0,0,0,0,0,187388,3068,4
1,4,4,0,0,26811698000,26811709000,26811716000,191488,0,0,4096,0,0,-4,0,0,187388,3068,4
1,1024,1020,0,0,26811848000,26811854000,26811863000,192508,0,0,4096,0,0,-1024,0,0,187388,3068,5
1,4,-1,11,0,26811865000,26811869000,26811877000,192508,0,0,4096,0,0,-1024,0,0,187388,3068,5
2,100,1,0,4,26811878000,26817478000,26817488000,192508,0,0,3072,0,0,0,0,0,188412,4092,4
1,4,4,0,0,26817492000,26817502000,26817510000,192512,0,0,4096,0,0,-4,0,0,188412,4092,4
1,1024,1020,0,0,26817643000,26817649000,26817657000,193532,0,0,4096,0,0,-1024,0,0,188412,4092,5
1,4,-1,11,0,26817660000,26817664000,26817671000,193532,0,0,4096,0,0,-1024,0,0,188412,4092,5
2,100,1,0,4,26817672000,26823284000,26823297000,193532,0,0,3072,0,0,0,0,0,189436,1020,4
1,4,4,0,0,26823301000,26823314000,26823323000,193536,0,0,4096,0,0,-4,0,0,189436,1020,4
1,1024,1020,0,0,26823456000,26823463000,26823471000,194556,0,0,4096,0,0,-1024,0,0,189436,1020,5
1,4,-1,11,0,26823474000,26823478000,26823485000,194556,0,0,4096,0,0,-1024,0,0,189436,1020,5
2,100,1,0,4,26823486000,26829079000,26829090000,194556,0,0,3072,0,0,0,0,0,190460,2044,4
1,4,4,0,0,26829094000,26829105000,26829113000,194560,0,0,4096,0,0,-4,0,0,190460,2044,4
1,1024,1020,0,0,26829244000,26829250000,26829258000,195580,0,0,4096,0,0,-1024,0,0,190460,2044,5
1,4,-1,11,0,26829260000,26829264000,26829272000,195580,0,0,4096,0,0,-1024,0,0,190460,2044,5
2,100,1,0,4,26829272000,26834880000,26834894000,195580,0,0,3072,0,0,0,0,0,191484,3068,4
1,4,4,0,0,26834897000,26834909000,26834918000,195584,0,0,4096,0,0,-4,0,0,191484,3068,4
1,1024,1020,0,0,26835049000,26835056000,26835065000,196604,0,0,4096,0,0,-1024,0,0,191484,3068,5
1,4,-1,11,0,26835067000,26835072000,26835079000,196604,0,0,4096,0,0,-1024,0,0,191484,3068,5
2,100,1,0,4,26835080000,26840687000,26840699000,196604,0,0,3072,0,0,0,0,0,192508,4092,4
1,4,4,0,0,26840703000,26840714000,26840723000,196608,0,0,4096,0,0,-4,0,0,192508,4092,4
1,1024,1020,0,0,26840857000,26840864000,26840872000,197628,0,0,4096,0,0,-1024,0,0,192508,4092,5
1,4,-1,11,0,26840874000,26840879000,26840886000,197628,0,0,4096,0,0,-1024,0,0,192508,4092,5
2,100,1,0,4,26840887000,26846480000,26846490000,197628,0,0,3072,0,0,0,0,0,193532,1020,4
1,4,4,0,0,26846494000,26846504000,26846512000,197632,0,0,4096,0,0,-4,0,0,193532,1020,4
1,1024,1020,0,0,26846638000,26846645000,26846653000,198652,0,0,4096,0,0,-1024,0,0,193532,1020,5
1,4,-1,11,0,26846655000,26846659000,26846666000,198652,0,0,4096,0,0,-1024,0,0,193532,1020,5
2,100,1,0,4,26846667000,26852285000,26852297000,198652,0,0,3072,0,0,0,0,0,194556,2044,4
1,4,4,0,0,26852301000,26852311000,26852319000,198656,0,0,4096,0,0,-4,0,0,194556,2044,4
1,1024,1020,0,0,26852447000,26852454000,26852462000,199676,0,0,4096,0,0,-1024,0,0,194556,2044,5
1,4,-1,11,0,26852465000,26852469000,26852477000,199676,0,0,4096,0,0,-1024,0,0,194556,2044,5
2,100,1,0,4,26852478000,26858079000,26858090000,199676,0,0,3072,0,0,0,0,0,195580,3068,4
1,4,4,0,0,26858094000,26858104000,26858112000,199680,0,0,4096,0,0,-4,0,0,195580,3068,4
1,1024,1020,0,0,26858241000,26858247000,26858255000,200700,0,0,4096,0,0,-1024,0,0,195580,3068,5
1,4,-1,11,0,26858257000,26858262000,26858269000,200700,0,0,4096,0,0,-1024,0,0,195580,3068,5
2,100,1,0,4,26858270000,26863882000,26863895000,200700,0,0,3072,0,0,0,0,0,196604,4092,4
1,4,4,0,0,26863899000,26863912000,26863920000,200704,0,0,4096,0,0,-4,0,0,196604,4092,4
1,1024,1020,0,0,26864049000,26864055000,26864063000,201724,0,0,4096,0,0,-1024,0,0,196604,4092,5
1,4,-1,11,0,26864066000,26864070000,26864078000,201724,0,0,4096,0,0,-1024,0,0,196604,4092,5
2,100,1,0,4,26864079000,26869682000,26869693000,201724,0,0,3072,0,0,0,0,0,197628,1020,4
1,4,4,0,0,26869697000,26869707000,26869715000,201728,0,0,4096,0,0,-4,0,0,197628,1020,4
1,1024,1020,0,0,26869844000,26869850000,26869858000,202748,0,0,4096,0,0,-1024,0,0,197628,1020,5
1,4,-1,11,0,26869860000,26869865000,26869872000,202748,0,0,4096,0,0,-1024,0,0,197628,1020,5
2,100,1,0,4,26869873000,26875486000,26875497000,202748,0,0,3072,0,0,0,0,0,198652,2044,4
1,4,4,0,0,26875501000,26875512000,26875520000,202752,0,0,4096,0,0,-4,0,0,198652,2044,4
1,1024,1020,0,0,26875648000,26875654000,26875662000,203772,0,0,4096,0,0,-1024,0,0,198652,2044,5
1,4,-1,11,0,26875665000,26875669000,26875676000,203772,0,0,4096,0,0,-1024,0,0,198652,2044,5
2,100,1,0,4,26875677000,26881283000,26881293000,203772,0,0,3072,0,0,0,0,0,199676,3068,4
1,4,4,0,0,26881297000,26881307000,26881315000,203776,0,0,4096,0,0,-4,0,0,199676,3068,4
1,1024,1020,0,0,26881443000,26881449000,26881457000,204796,0,0,4096,0,0,-1024,0,0,199676,3068,5
1,4,-1,11,0,26881460000,26881464000,26881472000,204796,0,0,4096,0,0,-1024,0,0,199676,3068,5
2,100,1,0,4,26881473000,26887078000,26887088000,204796,0,0,3072,0,0,0,0,0,200700,4092,4
1,4,4,0,0,26887092000,26887102000,26887110000,204800,0,0,4096,0,0,-4,0,0,200700,4092,4
1,1024,1020,0,0,26887238000,26887244000,26887252000,205820,0,0,4096,0,0,-1024,0,0,200700,4092,5
1,4,-1,11,0,26887255000,26887259000,26887266000,205820,0,0,4096,0,0,-1024,0,0,200700,4092,5
2,100,1,0,4,26887267000,26892879000,26892890000,205820,0,0,3072,0,0,0,0,0,201724,1020,4
1,4,4,0,0,26892894000,26892905000,26892914000,205824,0,0,4096,0,0,-4,0,0,201724,1020,4
1,1024,1020,0,0,26893043000,26893049000,26893057000,206844,0,0,4096,0,0,-1024,0,0,201724,1020,5
1,4,-1,11,0,26893060000,26893064000,26893071000,206844,0,0,4096,0,0,-1024,0,0,201724,1020,5
2,100,1,0,4,26893072000,26898681000,26898691000,206844,0,0,3072,0,0,0,0,0,202748,2044,4
1,4,4,0,0,26898695000,26898705000,26898713000,206848,0,0,4096,0,0,-4,0,0,202748,2044,4
1,1024,1020,0,0,26898843000,26898849000,26898856000,207868,0,0,4096,0,0,-1024,0,0,202748,2044,5
1,4,-1,11,0,26898859000,26898863000,26898871000,207868,0,0,4096,0,0,-1024,0,0,202748,2044,5
2,100,1,0,4,26898872000,26904483000,26904495000,207868,0,0,3072,0,0,0,0,0,203772,3068,4
1,4,4,0,0,26904499000,26904510000,26904518000,207872,0,0,4096,0,0,-4,0,0,203772,3068,4
1,1024,1020,0,0,26904649000,26904655000,26904663000,208892,0,0,4096,0,0,-1024,0,0,203772,3068,5
1,4,-1,11,0,26904666000,26904670000,26904678000,208892,0,0,4096,0,0,-1024,0,0,203772,3068,5
2,100,1,0,4,26904679000,26911667000,26911687000,208892,0,0,3072,0,0,0,0,0,204796,4092,4
1,4,4,0,0,26911693000,26911709000,26911718000,208896,0,0,4096,0,0,-4,0,0,204796,4092,4
1,1024,1020,0,0,26911852000,26911859000,26911868000,209916,0,0,4096,0,0,-1024,0,0,204796,4092,5
1,4,-1,11,0,26911871000,26911875000,26911882000,209916,0,0,4096,0,0,-1024,0,0,204796,4092,5
2,100,1,0,4,26911883000,26916089000,26916101000,209916,0,0,3072,0,0,0,0,0,205820,1020,4
1,4,4,0,0,26916105000,26916116000,26916124000,209920,0,0,4096,0,0,-4,0,0,205820,1020,4
1,1024,1020,0,0,26916254000,26916261000,26916270000,210940,0,0,4096,0,0,-1024,0,0,205820,1020,5
1,4,-1,11,0,26916273000,26916277000,26916284000,210940,0,0,4096,0,0,-1024,0,0,205820,1020,5
2,100,1,0,4,26916285000,26921884000,26921899000,210940,0,0,3072,0,0,0,0,0,206844,2044,4
1,4,4,0,0,26921903000,26921917000,26921926000,210944,0,0,4096,0,0,-4,0,0,206844,2044,4
1,1024,1020,0,0,26922058000,26922066000,26922074000,211964,0,0,4096,0,0,-1024,0,0,206844,2044,5
1,4,-1,11,0,26922077000,26922081000,26922089000,211964,0,0,4096,0,0,-1024,0,0,206844,2044,5
2,100,1,0,4,26922090000,26927682000,26927693000,211964,0,0,3072,0,0,0,0,0,207868,3068,4
1,4,4,0,0,26927697000,26927709000,26927717000,211968,0,0,4096,0,0,-4,0,0,207868,3068,4
1,1024,1020,0,0,26927845000,26927851000,26927859000,212988,0,0,4096,0,0,-1024,0,0,207868,3068,5
1,4,-1,11,0,26927862000,26927866000,26927874000,212988,0,0,4096,0,0,-1024,0,0,207868,3068,5
2,100,1,0,4,26927874000,26933489000,26933502000,212988,0,0,3072,0,0,0,0,0,208892,4092,4
1,4,4,0,0,26933507000,26933520000,26933529000,212992,0,0,4096,0,0,-4,0,0,208892,4092,4
1,1024,1020,0,0,26933658000,26933664000,26933673000,214012,0,0,4096,0,0,-1024,0,0,208892,4092,5
1,4,-1,11,0,26933676000,26933680000,26933688000,214012,0,0,4096,0,0,-1024,0,0,208892,4092,5
2,100,1,0,4,26933689000,26939286000,26939297000,214012,0,0,3072,0,0,0,0,0,209916,1020,4
1,4,4,0,0,26939302000,26939313000,26939321000,214016,0,0,4096,0,0,-4,0,0,209916,1020,4
1,1024,1020,0,0,26939451000,26939457000,26939465000,215036,0,0,4096,0,0,-1024,0,0,209916,1020,5
1,4,-1,11,0,26939467000,26939472000,26939479000,215036,0,0,4096,0,0,-1024,0,0,209916,1020,5
2,100,1,0,4,26939480000,26945091000,26945102000,215036,0,0,3072,0,0,0,0,0,210940,2044,4
1,4,4,0,0,26945106000,26945117000,26945125000,215040,0,0,4096,0,0,-4,0,0,210940,2044,4
1,1024,1020,0,0,26945254000,26945260000,26945269000,216060,0,0,4096,0,0,-1024,0,0,210940,2044,5
1,4,-1,11,0,26945271000,26945276000,26945283000,216060,0,0,4096,0,0,-1024,0,0,210940,2044,5
2,100,1,0,4,26945284000,26950885000,26950898000,216060,0,0,3072,0,0,0,0,0,211964,3068,4
1,4,4,0,0,26950902000,26950915000,26950923000,216064,0,0,4096,0,0,-4,0,0,211964,3068,4
1,1024,1020,0,0,26951054000,26951061000,26951069000,217084,0,0,4096,0,0,-1024,0,0,211964,3068,5
1,4,-1,11,0,26951071000,26951076000,26951083000,217084,0,0,4096,0,0,-1024,0,0,211964,3068,5
2,100,1,0,4,26951084000,26956684000,26956695000,217084,0,0,3072,0,0,0,0,0,212988,4092,4
1,4,4,0,0,26956699000,26956709000,26956717000,217088,0,0,4096,0,0,-4,0,0,212988,4092,4
1,1024,1020,0,0,26956848000,26956854000,26956862000,218108,0,0,4096,0,0,-1024,0,0,212988,4092,5
1,4,-1,11,0,26956864000,26956869000,26956876000,218108,0,0,4096,0,0,-1024,0,0,212988,4092,5
2,100,1,0,4,26956877000,26962489000,26962500000,218108,0,0,3072,0,0,0,0,0,214012,1020,4
1,4,4,0,0,26962504000,26962513000,26962521000,218112,0,0,4096,0,0,-4,0,0,214012,1020,4
1,1024,1020,0,0,26962651000,26962658000,26962665000,219132,0,0,4096,0,0,-1024,0,0,214012,1020,5
1,4,-1,11,0,26962668000,26962672000,26962680000,219132,0,0,4096,0,0,-1024,0,0,214012,1020,5
2,100,1,0,4,26962681000,26968284000,26968294000,219132,0,0,3072,0,0,0,0,0,215036,2044,4
1,4,4,0,0,26968298000,26968308000,26968315000,219136,0,0,4096,0,0,-4,0,0,215036,2044,4
1,1024,1020,0,0,26968444000,26968450000,26968458000,220156,0,0,4096,0,0,-1024,0,0,215036,2044,5
1,4,-1,11,0,26968461000,26968465000,26968473000,220156,0,0,4096,0,0,-1024,0,0,215036,2044,5
2,100,1,0,4,26968473000,26974088000,26974098000,220156,0,0,3072,0,0,0,0,0,216060,3068,4
1,4,4,0,0,26974102000,26974112000,26974120000,220160,0,0,4096,0,0,-4,0,0,216060,3068,4
1,1024,1020,0,0,26974250000,26974257000,26974265000,221180,0,0,4096,0,0,-1024,0,0,216060,3068,5
1,4,-1,11,0,26974268000,26974272000,26974280000,221180,0,0,4096,0,0,-1024,0,0,216060,3068,5
2,100,1,0,4,26974281000,26979881000,26979892000,221180,0,0,3072,0,0,0,0,0,217084,4092,4
1,4,4,0,0,26979895000,26979905000,26979914000,221184,0,0,4096,0,0,-4,0,0,217084,4092,4
1,1024,1020,0,0,26980095000,26980107000,26980119000,222204,0,0,4096,0,0,-1024,0,0,217084,4092,5
1,4,-1,11,0,26980122000,26980127000,26980135000,222204,0,0,4096,0,0,-1024,0,0,217084,4092,5
2,100,1,0,4,26980135000,26985687000,26985699000,222204,0,0,3072,0,0,0,0,0,218108,1020,4
1,4,4,0,0,26985703000,26985713000,26985721000,222208,0,0,4096,0,0,-4,0,0,218108,1020,4
1,1024,1020,0,0,26985855000,26985861000,26985869000,223228,0,0,4096,0,0,-1024,0,0,218108,1020,5
1,4,-1,11,0,26985872000,26985876000,26985883000,223228,0,0,4096,0,0,-1024,0,0,218108,1020,5
2,100,1,0,4,26985884000,26991490000,26991501000,223228,0,0,3072,0,0,0,0,0,219132,2044,4
1,4,4,0,0,26991505000,26991515000,26991523000,223232,0,0,4096,0,0,-4,0,0,219132,2044,4
1,1024,1020,0,0,26991658000,26991665000,26991673000,224252,0,0,4096,0,0,-1024,0,0,219132,2044,5
1,4,-1,11,0,26991675000,26991679000,26991687000,224252,0,0,4096,0,0,-1024,0,0,219132,2044,5
2,100,1,0,4,26991688000,26997283000,26997294000,224252,0,0,3072,0,0,0,0,0,220156,3068,4
1,4,4,0,0,26997297000,26997307000,26997316000,224256,0,0,4096,0,0,-4,0,0,220156,3068,4
1,1024,1020,0,0,26997450000,26997457000,26997464000,225276,0,0,4096,0,0,-1024,0,0,220156,3068,5
1,4,-1,11,0,26997467000,26997471000,26997479000,225276,0,0,4096,0,0,-1024,0,0,220156,3068,5
2,100,1,0,4,26997479000,27003087000,27003098000,225276,0,0,3072,0,0,0,0,0,221180,4092,4
1,4,4,0,0,27003102000,27003112000,27003120000,225280,0,0,4096,0,0,-4,0,0,221180,4092,4
1,1024,1020,0,0,27003251000,27003258000,27003266000,226300,0,0,4096,0,0,-1024,0,0,221180,4092,5
1,4,-1,11,0,27003268000,27003273000,27003280000,226300,0,0,4096,0,0,-1024,0,0,221180,4092,5
2,100,1,0,4,27003281000,27008882000,27008892000,226300,0,0,3072,0,0,0,0,0,222204,1020,4
1,4,4,0,0,27008895000,27008905000,27008913000,226304,0,0,4096,0,0,-4,0,0,222204,1020,4
1,1024,1020,0,0,27009039000,27009045000,27009053000,227324,0,0,4096,0,0,-1024,0,0,222204,1020,5
1,4,-1,11,0,27009055000,27009060000,27009067000,227324,0,0,4096,0,0,-1024,0,0,222204,1020,5
2,100,1,0,4,27009068000,27014684000,27014697000,227324,0,0,3072,0,0,0,0,0,223228,2044,4
1,4,4,0,0,27014701000,27014713000,27014722000,227328,0,0,4096,0,0,-4,0,0,223228,2044,4
1,1024,1020,0,0,27014849000,27014856000,27014864000,228348,0,0,4096,0,0,-1024,0,0,223228,2044,5
1,4,-1,11,0,27014867000,27014871000,27014878000,228348,0,0,4096,0,0,-1024,0,0,223228,2044,5
2,100,1,0,4,27014879000,27020491000,27020503000,228348,0,0,3072,0,0,0,0,0,224252,3068,4
1,4,4,0,0,27020506000,27020516000,27020525000,228352,0,0,4096,0,0,-4,0,0,224252,3068,4
1,1024,1020,0,0,27020651000,27020659000,27020667000,229372,0,0,4096,0,0,-1024,0,0,224252,3068,5
1,4,-1,11,0,27020670000,27020674000,27020681000,229372,0,0,4096,0,0,-1024,0,0,224252,3068,5
2,100,1,0,4,27020682000,27026284000,27026293000,229372,0,0,3072,0,0,0,0,0,225276,4092,4
1,4,4,0,0,27026297000,27026307000,27026315000,229376,0,0,4096,0,0,-4,0,0,225276,4092,4
1,1024,1020,0,0,27026441000,27026448000,27026456000,230396,0,0,4096,0,0,-1024,0,0,225276,4092,5
1,4,-1,11,0,27026458000,27026463000,27026470000,230396,0,0,4096,0,0,-1024,0,0,225276,4092,5
2,100,1,0,4,27026471000,27032088000,27032099000,230396,0,0,3072,0,0,0,0,0,226300,1020,4
1,4,4,0,0,27032102000,27032112000,27032120000,230400,0,0,4096,0,0,-4,0,0,226300,1020,4
1,1024,1020,0,0,27032248000,27032254000,27032263000,231420,0,0,4096,0,0,-1024,0,0,226300,1020,5
1,4,-1,11,0,27032265000,27032269000,27032277000,231420,0,0,4096,0,0,-1024,0,0,226300,1020,5
2,100,1,0,4,27032278000,27037882000,27037893000,231420,0,0,3072,0,0,0,0,0,227324,2044,4
1,4,4,0,0,27037896000,27037906000,27037914000,231424,0,0,4096,0,0,-4,0,0,227324,2044,4
1,1024,1020,0,0,27038043000,27038049000,27038057000,232444,0,0,4096,0,0,-1024,0,0,227324,2044,5
1,4,-1,11,0,27038060000,27038064000,27038071000,232444,0,0,4096,0,0,-1024,0,0,227324,2044,5
2,100,1,0,4,27038072000,27043692000,27043706000,232444,0,0,3072,0,0,0,0,0,228348,3068,4
1,4,4,0,0,27043711000,27043723000,27043731000,232448,0,0,4096,0,0,-4,0,0,228348,3068,4
1,1024,1020,0,0,27043861000,27043868000,27043876000,233468,0,0,4096,0,0,-1024,0,0,228348,3068,5
1,4,-1,11,0,27043879000,27043883000,27043890000,233468,0,0,4096,0,0,-1024,0,0,228348,3068,5
2,100,1,0,4,27043891000,27049487000,27049498000,233468,0,0,3072,0,0,0,0,0,229372,4092,4
1,4,4,0,0,27049502000,27049513000,27049521000,233472,0,0,4096,0,0,-4,0,0,229372,4092,4
1,1024,1020,0,0,27049652000,27049658000,27049666000,234492,0,0,4096,0,0,-1024,0,0,229372,4092,5
1,4,-1,11,0,27049669000,27049673000,27049680000,234492,0,0,4096,0,0,-1024,0,0,229372,4092,5
2,100,1,0,4,27049681000,27055294000,27055305000,234492,0,0,3072,0,0,0,0,0,230396,1020,4
1,4,4,0,0,27055309000,27055320000,27055328000,234496,0,0,4096,0,0,-4,0,0,230396,1020,4
1,1024,1020,0,0,27055456000,27055463000,27055471000,235516,0,0,4096,0,0,-1024,0,0,230396,1020,5
1,4,-1,11,0,27055474000,27055478000,27055485000,235516,0,0,4096,0,0,-1024,0,0,230396,1020,5
2,100,1,0,4,27055486000,27061087000,27061098000,235516,0,0,3072,0,0,0,0,0,231420,2044,4
1,4,4,0,0,27061102000,27061112000,27061120000,235520,0,0,4096,0,0,-4,0,0,231420,2044,4
1,1024,1020,0,0,27061248000,27061254000,27061262000,236540,0,0,4096,0,0,-1024,0,0,231420,2044,5
1,4,-1,11,0,27061265000,27061270000,27061277000,236540,0,0,4096,0,0,-1024,0,0,231420,2044,5
2,100,1,0,4,27061278000,27066883000,27066894000,236540,0,0,3072,0,0,0,0,0,232444,3068,4
1,4,4,0,0,27066898000,27066907000,27066915000,236544,0,0,4096,0,0,-4,0,0,232444,3068,4
1,1024,1020,0,0,27067044000,27067050000,27067058000,237564,0,0,4096,0,0,-1024,0,0,232444,3068,5
1,4,-1,11,0,27067061000,27067065000,27067072000,237564,0,0,4096,0,0,-1024,0,0,232444,3068,5
2,100,1,0,4,27067073000,27072688000,27072699000,237564,0,0,3072,0,0,0,0,0,233468,4092,4
1,4,4,0,0,27072704000,27072716000,27072724000,237568,0,0,4096,0,0,-4,0,0,233468,4092,4
1,1024,1020,0,0,27072855000,27072862000,27072870000,238588,0,0,4096,0,0,-1024,0,0,233468,4092,5
1,4,-1,11,0,27072873000,27072877000,27072884000,238588,0,0,4096,0,0,-1024,0,0,233468,4092,5
2,100,1,0,4,27072885000,27078487000,27078498000,238588,0,0,3072,0,0,0,0,0,234492,1020,4
1,4,4,0,0,27078502000,27078512000,27078520000,238592,0,0,4096,0,0,-4,0,0,234492,1020,4
1,1024,1020,0,0,27078650000,27078657000,27078665000,239612,0,0,4096,0,0,-1024,0,0,234492,1020,5
1,4,-1,11,0,27078667000,27078671000,27078679000,239612,0,0,4096,0,0,-1024,0,0,234492,1020,5
2,100,1,0,4,27078680000,27084292000,27084301000,239612,0,0,3072,0,0,0,0,0,235516,2044,4
1,4,4,0,0,27084305000,27084316000,27084324000,239616,0,0,4096,0,0,-4,0,0,235516,2044,4
1,1024,1020,0,0,27084454000,27084461000,27084469000,240636,0,0,4096,0,0,-1024,0,0,235516,2044,5
1,4,-1,11,0,27084472000,27084476000,27084483000,240636,0,0,4096,0,0,-1024,0,0,235516,2044,5
2,100,1,0,4,27084484000,27090090000,27090101000,240636,0,0,3072,0,0,0,0,0,236540,3068,4
1,4,4,0,0,27090105000,27090115000,27090123000,240640,0,0,4096,0,0,-4,0,0,236540,3068,4
1,1024,1020,0,0,27090254000,27090260000,27090268000,241660,0,0,4096,0,0,-1024,0,0,236540,3068,5
1,4,-1,11,0,27090271000,27090275000,27090283000,241660,0,0,4096,0,0,-1024,0,0,236540,3068,5
2,100,1,0,4,27090283000,27095886000,27095896000,241660,0,0,3072,0,0,0,0,0,237564,4092,4
1,4,4,0,0,27095900000,27095909000,27095917000,241664,0,0,4096,0,0,-4,0,0,237564,4092,4
1,1024,1020,0,0,27096047000,27096053000,27096061000,242684,0,0,4096,0,0,-1024,0,0,237564,4092,5
1,4,-1,11,0,27096064000,27096068000,27096075000,242684,0,0,4096,0,0,-1024,0,0,237564,4092,5
2,100,1,0,4,27096076000,27101686000,27101699000,242684,0,0,3072,0,0,0,0,0,238588,1020,4
1,4,4,0,0,27101703000,27101715000,27101724000,242688,0,0,4096,0,0,-4,0,0,238588,1020,4
1,1024,1020,0,0,27101855000,27101862000,27101870000,243708,0,0,4096,0,0,-1024,0,0,238588,1020,5
1,4,-1,11,0,27101873000,27101877000,27101884000,243708,0,0,4096,0,0,-1024,0,0,238588,1020,5
2,100,1,0,4,27101885000,27107486000,27107497000,243708,0,0,3072,0,0,0,0,0,239612,2044,4
1,4,4,0,0,27107501000,27107512000,27107520000,243712,0,0,4096,0,0,-4,0,0,239612,2044,4
1,1024,1020,0,0,27107649000,27107655000,27107663000,244732,0,0,4096,0,0,-1024,0,0,239612,2044,5
1,4,-1,11,0,27107666000,27107670000,27107677000,244732,0,0,4096,0,0,-1024,0,0,239612,2044,5
2,100,1,0,4,27107678000,27113287000,27113299000,244732,0,0,3072,0,0,0,0,0,240636,3068,4
1,4,4,0,0,27113303000,27113314000,27113323000,244736,0,0,4096,0,0,-4,0,0,240636,3068,4
1,1024,1020,0,0,27113452000,27113459000,27113467000,245756,0,0,4096,0,0,-1024,0,0,240636,3068,5
1,4,-1,11,0,27113469000,27113474000,27113481000,245756,0,0,4096,0,0,-1024,0,0,240636,3068,5
2,100,1,0,4,27113482000,27119086000,27119096000,245756,0,0,3072,0,0,0,0,0,241660,4092,4
1,4,4,0,0,27119100000,27119110000,27119118000,245760,0,0,4096,0,0,-4,0,0,241660,4092,4
1,1024,1020,0,0,27119248000,27119255000,27119262000,246780,0,0,4096,0,0,-1024,0,0,241660,4092,5
1,4,-1,11,0,27119265000,27119269000,27119277000,246780,0,0,4096,0,0,-1024,0,0,241660,4092,5
2,100,1,0,4,27119278000,27124905000,27124923000,246780,0,0,3072,0,0,0,0,0,242684,1020,4
1,4,4,0,0,27124928000,27124944000,27124952000,246784,0,0,4096,0,0,-4,0,0,242684,1020,4
1,1024,1020,0,0,27125083000,27125090000,27125098000,247804,0,0,4096,0,0,-1024,0,0,242684,1020,5
1,4,-1,11,0,27125101000,27125105000,27125113000,247804,0,0,4096,0,0,-1024,0,0,242684,1020,5
2,100,1,0,4,27125114000,27130695000,27130710000,247804,0,0,3072,0,0,0,0,0,243708,2044,4
1,4,4,0,0,27130714000,27130727000,27130735000,247808,0,0,4096,0,0,-4,0,0,243708,2044,4
1,1024,1020,0,0,27130866000,27130873000,27130881000,248828,0,0,4096,0,0,-1024,0,0,243708,2044,5
1,4,-1,11,0,27130884000,27130888000,27130896000,248828,0,0,4096,0,0,-1024,0,0,243708,2044,5
2,100,1,0,4,27130897000,27136490000,27136502000,248828,0,0,3072,0,0,0,0,0,244732,3068,4
1,4,4,0,0,27136506000,27136516000,27136525000,248832,0,0,4096,0,0,-4,0,0,244732,3068,4
1,1024,1020,0,0,27136659000,27136665000,27136673000,249852,0,0,4096,0,0,-1024,0,0,244732,3068,5
1,4,-1,11,0,27136676000,27136680000,27136687000,249852,0,0,4096,0,0,-1024,0,0,244732,3068,5
2,100,1,0,4,27136688000,27142298000,27142309000,249852,0,0,3072,0,0,0,0,0,245756,4092,4
1,4,4,0,0,27142313000,27142324000,27142332000,249856,0,0,4096,0,0,-4,0,0,245756,4092,4
1,1024,1020,0,0,27142465000,27142472000,27142480000,250876,0,0,4096,0,0,-1024,0,0,245756,4092,5
1,4,-1,11,0,27142483000,27142487000,27142495000,250876,0,0,4096,0,0,-1024,0,0,245756,4092,5
2,100,1,0,4,27142496000,27148086000,27148097000,250876,0,0,3072,0,0,0,0,0,246780,1020,4
1,4,4,0,0,27148100000,27148110000,27148118000,250880,0,0,4096,0,0,-4,0,0,246780,1020,4
1,1024,1020,0,0,27148248000,27148254000,27148262000,251900,0,0,4096,0,0,-1024,0,0,246780,1020,5
1,4,-1,11,0,27148265000,27148269000,27148276000,251900,0,0,4096,0,0,-1024,0,0,246780,1020,5
2,100,1,0,4,27148277000,27153890000,27153902000,251900,0,0,3072,0,0,0,0,0,247804,2044,4
1,4,4,0,0,27153906000,27153917000,27153926000,251904,0,0,4096,0,0,-4,0,0,247804,2044,4
1,1024,1020,0,0,27154058000,27154065000,27154073000,252924,0,0,4096,0,0,-1024,0,0,247804,2044,5
1,4,-1,11,0,27154075000,27154079000,27154087000,252924,0,0,4096,0,0,-1024,0,0,247804,2044,5
2,100,1,0,4,27154088000,27159688000,27159698000,252924,0,0,3072,0,0,0,0,0,248828,3068,4
1,4,4,0,0,27159702000,27159711000,27159719000,252928,0,0,4096,0,0,-4,0,0,248828,3068,4
1,1024,1020,0,0,27159852000,27159858000,27159866000,253948,0,0,4096,0,0,-1024,0,0,248828,3068,5
1,4,-1,11,0,27159869000,27159873000,27159880000,253948,0,0,4096,0,0,-1024,0,0,248828,3068,5
2,100,1,0,4,27159881000,27165490000,27165503000,253948,0,0,3072,0,0,0,0,0,249852,4092,4
1,4,4,0,0,27165507000,27165518000,27165527000,253952,0,0,4096,0,0,-4,0,0,249852,4092,4
1,1024,1020,0,0,27165653000,27165660000,27165668000,254972,0,0,4096,0,0,-1024,0,0,249852,4092,5
1,4,-1,11,0,27165670000,27165675000,27165682000,254972,0,0,4096,0,0,-1024,0,0,249852,4092,5
2,100,1,0,4,27165683000,27171296000,27171307000,254972,0,0,3072,0,0,0,0,0,250876,1020,4
1,4,4,0,0,27171311000,27171322000,27171330000,254976,0,0,4096,0,0,-4,0,0,250876,1020,4
1,1024,1020,0,0,27171457000,27171463000,27171471000,255996,0,0,4096,0,0,-1024,0,0,250876,1020,5
1,4,-1,11,0,27171474000,27171478000,27171486000,255996,0,0,4096,0,0,-1024,0,0,250876,1020,5
2,100,1,0,4,27171486000,27177088000,27177099000,255996,0,0,3072,0,0,0,0,0,251900,2044,4
1,4,4,0,0,27177102000,27177112000,27177120000,256000,0,0,4096,0,0,-4,0,0,251900,2044,4
1,1024,1020,0,0,27177248000,27177255000,27177262000,257020,0,0,4096,0,0,-1024,0,0,251900,2044,5
1,4,-1,11,0,27177265000,27177269000,27177277000,257020,0,0,4096,0,0,-1024,0,0,251900,2044,5
2,100,1,0,4,27177277000,27182894000,27182905000,257020,0,0,3072,0,0,0,0,0,252924,3068,4
1,4,4,0,0,27182909000,27182919000,27182927000,257024,0,0,4096,0,0,-4,0,0,252924,3068,4
1,1024,1020,0,0,27183055000,27183062000,27183070000,258044,0,0,4096,0,0,-1024,0,0,252924,3068,5
1,4,-1,11,0,27183072000,27183076000,27183084000,258044,0,0,4096,0,0,-1024,0,0,252924,3068,5
2,100,1,0,4,27183085000,27188686000,27188696000,258044,0,0,3072,0,0,0,0,0,253948,4092,4
1,4,4,0,0,27188700000,27188709000,27188717000,258048,0,0,4096,0,0,-4,0,0,253948,4092,4
1,1024,1020,0,0,27188846000,27188852000,27188860000,259068,0,0,4096,0,0,-1024,0,0,253948,4092,5
1,4,-1,11,0,27188863000,27188867000,27188874000,259068,0,0,4096,0,0,-1024,0,0,253948,4092,5
2,100,1,0,4,27188875000,27194490000,27194503000,259068,0,0,3072,0,0,0,0,0,254972,1020,4
1,4,4,0,0,27194508000,27194519000,27194528000,259072,0,0,4096,0,0,-4,0,0,254972,1020,4
1,1024,1020,0,0,27194657000,27194664000,27194672000,260092,0,0,4096,0,0,-1024,0,0,254972,1020,5
1,4,-1,11,0,27194674000,27194678000,27194686000,260092,0,0,4096,0,0,-1024,0,0,254972,1020,5
2,100,1,0,4,27194687000,27200296000,27200308000,260092,0,0,3072,0,0,0,0,0,255996,2044,4
1,4,4,0,0,27200312000,27200322000,27200331000,260096,0,0,4096,0,0,-4,0,0,255996,2044,4
1,1024,1020,0,0,27200459000,27200466000,27200475000,261116,0,0,4096,0,0,-1024,0,0,255996,2044,5
1,4,-1,11,0,27200478000,27200482000,27200489000,261116,0,0,4096,0,0,-1024,0,0,255996,2044,5
2,100,1,0,4,27200490000,27206089000,27206100000,261116,0,0,3072,0,0,0,0,0,257020,3068,4
1,4,4,0,0,27206104000,27206114000,27206122000,261120,0,0,4096,0,0,-4,0,0,257020,3068,4
1,1024,1020,0,0,27206249000,27206255000,27206263000,262140,0,0,4096,0,0,-1024,0,0,257020,3068,5
1,4,-1,11,0,27206266000,27206270000,27206277000,262140,0,0,4096,0,0,-1024,0,0,257020,3068,5
2,100,1,0,4,27206278000,27211893000,27211905000,262140,0,0,3072,0,0,0,0,0,258044,4092,4
1,4,4,0,0,27211909000,27211919000,27211927000,262144,0,0,4096,0,0,-4,0,0,258044,4092,4
1,1024,1020,0,0,27212054000,27212061000,27212069000,263164,0,0,4096,0,0,-1024,0,0,258044,4092,5
1,4,-1,11,0,27212071000,27212075000,27212083000,263164,0,0,4096,0,0,-1024,0,0,258044,4092,5
2,100,1,0,4,27212084000,27217688000,27217698000,263164,0,0,3072,0,0,0,0,0,259068,1020,4
1,4,4,0,0,27217701000,27217711000,27217718000,263168,0,0,4096,0,0,-4,0,0,259068,1020,4
1,1024,1020,0,0,27217848000,27217854000,27217862000,264188,0,0,4096,0,0,-1024,0,0,259068,1020,5
1,4,-1,11,0,27217865000,27217869000,27217877000,264188,0,0,4096,0,0,-1024,0,0,259068,1020,5
2,100,1,0,4,27217878000,27223490000,27223502000,264188,0,0,3072,0,0,0,0,0,260092,2044,4
1,4,4,0,0,27223506000,27223517000,27223525000,264192,0,0,4096,0,0,-4,0,0,260092,2044,4
1,1024,1020,0,0,27223653000,27223659000,27223667000,265212,0,0,4096,0,0,-1024,0,0,260092,2044,5
1,4,-1,11,0,27223670000,27223674000,27223682000,265212,0,0,4096,0,0,-1024,0,0,260092,2044,5
2,100,1,0,4,27223683000,27229290000,27229300000,265212,0,0,3072,0,0,0,0,0,261116,3068,4
1,4,4,0,0,27229304000,27229315000,27229322000,265216,0,0,4096,0,0,-4,0,0,261116,3068,4
1,1024,1020,0,0,27229451000,27229458000,27229465000,266236,0,0,4096,0,0,-1024,0,0,261116,3068,5
1,4,-1,11,0,27229468000,27229472000,27229480000,266236,0,0,4096,0,0,-1024,0,0,261116,3068,5
2,100,1,0,4,27229481000,27235094000,27235105000,266236,0,0,3072,0,0,0,0,0,262140,4092,4
1,4,4,0,0,27235109000,27235119000,27235127000,266240,0,0,4096,0,0,-4,0,0,262140,4092,4
1,1024,1020,0,0,27235256000,27235262000,27235270000,267260,0,0,4096,0,0,-1024,0,0,262140,4092,5
1,4,-1,11,0,27235273000,27235277000,27235284000,267260,0,0,4096,0,0,-1024,0,0,262140,4092,5
2,100,1,0,4,27235285000,27240890000,27240900000,267260,0,0,3072,0,0,0,0,0,263164,1020,4
1,4,4,0,0,27240904000,27240913000,27240921000,267264,0,0,4096,0,0,-4,0,0,263164,1020,4
1,1024,1020,0,0,27241051000,27241057000,27241065000,268284,0,0,4096,0,0,-1024,0,0,263164,1020,5
1,4,-1,11,0,27241068000,27241072000,27241079000,268284,0,0,4096,0,0,-1024,0,0,263164,1020,5
2,100,1,0,4,27241080000,27246688000,27246698000,268284,0,0,3072,0,0,0,0,0,264188,2044,4
1,4,4,0,0,27246702000,27246712000,27246720000,268288,0,0,4096,0,0,-4,0,0,264188,2044,4
1,1024,1020,0,0,27246848000,27246855000,27246862000,269308,0,0,4096,0,0,-1024,0,0,264188,2044,5
1,4,-1,11,0,27246865000,27246869000,27246876000,269308,0,0,4096,0,0,-1024,0,0,264188,2044,5
2,100,1,0,4,27246877000,27252489000,27252501000,269308,0,0,3072,0,0,0,0,0,265212,3068,4
1,4,4,0,0,27252505000,27252517000,27252526000,269312,0,0,4096,0,0,-4,0,0,265212,3068,4
1,1024,1020,0,0,27252654000,27252661000,27252669000,270332,0,0,4096,0,0,-1024,0,0,265212,3068,5
1,4,-1,11,0,27252672000,27252677000,27252684000,270332,0,0,4096,0,0,-1024,0,0,265212,3068,5
2,100,1,0,4,27252685000,27258289000,27258298000,270332,0,0,3072,0,0,0,0,0,266236,4092,4
1,4,4,0,0,27258302000,27258313000,27258321000,270336,0,0,4096,0,0,-4,0,0,266236,4092,4
1,1024,1020,0,0,27258449000,27258456000,27258464000,271356,0,0,4096,0,0,-1024,0,0,266236,4092,5
1,4,-1,11,0,27258466000,27258470000,27258478000,271356,0,0,4096,0,0,-1024,0,0,266236,4092,5
2,100,1,0,4,27258479000,27264094000,27264106000,271356,0,0,3072,0,0,0,0,0,267260,1020,4
1,4,4,0,0,27264110000,27264121000,27264130000,271360,0,0,4096,0,0,-4,0,0,267260,1020,4
1,1024,1020,0,0,27264261000,27264268000,27264276000,272380,0,0,4096,0,0,-1024,0,0,267260,1020,5
1,4,-1,11,0,27264278000,27264283000,27264290000,272380,0,0,4096,0,0,-1024,0,0,267260,1020,5
2,100,1,0,4,27264291000,27269892000,27269903000,272380,0,0,3072,0,0,0,0,0,268284,2044,4
1,4,4,0,0,27269907000,27269918000,27269926000,272384,0,0,4096,0,0,-4,0,0,268284,2044,4
1,1024,1020,0,0,27270074000,27270082000,27270091000,273404,0,0,4096,0,0,-1024,0,0,268284,2044,5
1,4,-1,11,0,27270094000,27270098000,27270106000,273404,0,0,4096,0,0,-1024,0,0,268284,2044,5
2,100,1,0,4,27270107000,27275690000,27275700000,273404,0,0,3072,0,0,0,0,0,269308,3068,4
1,4,4,0,0,27275704000,27275714000,27275722000,273408,0,0,4096,0,0,-4,0,0,269308,3068,4
1,1024,1020,0,0,27275852000,27275859000,27275866000,274428,0,0,4096,0,0,-1024,0,0,269308,3068,5
1,4,-1,11,0,27275869000,27275873000,27275880000,274428,0,0,4096,0,0,-1024,0,0,269308,3068,5
2,100,1,0,4,27275881000,27281528000,27281544000,274428,0,0,3072,0,0,0,0,0,270332,4092,4
1,4,4,0,0,27281548000,27281561000,27281570000,274432,0,0,4096,0,0,-4,0,0,270332,4092,4
1,1024,1020,0,0,27281702000,27281709000,27281717000,275452,0,0,4096,0,0,-1024,0,0,270332,4092,5
1,4,-1,11,0,27281719000,27281724000,27281731000,275452,0,0,4096,0,0,-1024,0,0,270332,4092,5
2,100,1,0,4,27281732000,27287297000,27287308000,275452,0,0,3072,0,0,0,0,0,271356,1020,4
1,4,4,0,0,27287312000,27287323000,27287331000,275456,0,0,4096,0,0,-4,0,0,271356,1020,4
1,1024,1020,0,0,27287459000,27287465000,27287473000,276476,0,0,4096,0,0,-1024,0,0,271356,1020,5
1,4,-1,11,0,27287475000,27287479000,27287487000,276476,0,0,4096,0,0,-1024,0,0,271356,1020,5
2,100,1,0,4,27287488000,27293099000,27293109000,276476,0,0,3072,0,0,0,0,0,272380,2044,4
1,4,4,0,0,27293113000,27293122000,27293131000,276480,0,0,4096,0,0,-4,0,0,272380,2044,4
1,1024,1020,0,0,27293259000,27293266000,27293274000,277500,0,0,4096,0,0,-1024,0,0,272380,2044,5
1,4,-1,11,0,27293276000,27293280000,27293288000,277500,0,0,4096,0,0,-1024,0,0,272380,2044,5
2,100,1,0,4,27293289000,27298890000,27298901000,277500,0,0,3072,0,0,0,0,0,273404,3068,4
1,4,4,0,0,27298904000,27298915000,27298922000,277504,0,0,4096,0,0,-4,0,0,273404,3068,4
1,1024,1020,0,0,27299052000,27299059000,27299066000,278524,0,0,4096,0,0,-1024,0,0,273404,3068,5
1,4,-1,11,0,27299069000,27299073000,27299081000,278524,0,0,4096,0,0,-1024,0,0,273404,3068,5
2,100,1,0,4,27299081000,27304694000,27304705000,278524,0,0,3072,0,0,0,0,0,274428,4092,4
1,4,4,0,0,27304709000,27304718000,27304726000,278528,0,0,4096,0,0,-4,0,0,274428,4092,4
1,1024,1020,0,0,27304855000,27304861000,27304869000,279548,0,0,4096,0,0,-1024,0,0,274428,4092,5
1,4,-1,11,0,27304872000,27304876000,27304883000,279548,0,0,4096,0,0,-1024,0,0,274428,4092,5
2,100,1,0,4,27304884000,27310491000,27310504000,279548,0,0,3072,0,0,0,0,0,275452,1020,4
1,4,4,0,0,27310508000,27310520000,27310528000,279552,0,0,4096,0,0,-4,0,0,275452,1020,4
1,1024,1020,0,0,27310657000,27310664000,27310672000,280572,0,0,4096,0,0,-1024,0,0,275452,1020,5
1,4,-1,11,0,27310674000,27310678000,27310686000,280572,0,0,4096,0,0,-1024,0,0,275452,1020,5
2,100,1,0,4,27310687000,27316290000,27316300000,280572,0,0,3072,0,0,0,0,0,276476,2044,4
1,4,4,0,0,27316304000,27316315000,27316322000,280576,0,0,4096,0,0,-4,0,0,276476,2044,4
1,1024,1020,0,0,27316452000,27316458000,27316466000,281596,0,0,4096,0,0,-1024,0,0,276476,2044,5
1,4,-1,11,0,27316469000,27316473000,27316480000,281596,0,0,4096,0,0,-1024,0,0,276476,2044,5
2,100,1,0,4,27316481000,27322092000,27322104000,281596,0,0,3072,0,0,0,0,0,277500,3068,4
1,4,4,0,0,27322107000,27322119000,27322127000,281600,0,0,4096,0,0,-4,0,0,277500,3068,4
1,1024,1020,0,0,27322257000,27322263000,27322271000,282620,0,0,4096,0,0,-1024,0,0,277500,3068,5
1,4,-1,11,0,27322274000,27322278000,27322285000,282620,0,0,4096,0,0,-1024,0,0,277500,3068,5
2,100,1,0,4,27322286000,27327890000,27327900000,282620,0,0,3072,0,0,0,0,0,278524,4092,4
1,4,4,0,0,27327904000,27327913000,27327921000,282624,0,0,4096,0,0,-4,0,0,278524,4092,4
1,1024,1020,0,0,27328048000,27328054000,27328062000,283644,0,0,4096,0,0,-1024,0,0,278524,4092,5
1,4,-1,11,0,27328065000,27328069000,27328076000,283644,0,0,4096,0,0,-1024,0,0,278524,4092,5
2,100,1,0,4,27328077000,27333709000,27333727000,283644,0,0,3072,0,0,0,0,0,279548,1020,4
1,4,4,0,0,27333731000,27333747000,27333756000,283648,0,0,4096,0,0,-4,0,0,279548,1020,4
1,1024,1020,0,0,27333886000,27333893000,27333902000,284668,0,0,4096,0,0,-1024,0,0,279548,1020,5
1,4,-1,11,0,27333904000,27333909000,27333916000,284668,0,0,4096,0,0,-1024,0,0,279548,1020,5
2,100,1,0,4,27333917000,27339497000,27339508000,284668,0,0,3072,0,0,0,0,0,280572,2044,4
1,4,4,0,0,27339512000,27339523000,27339531000,284672,0,0,4096,0,0,-4,0,0,280572,2044,4
1,1024,1020,0,0,27339661000,27339667000,27339676000,285692,0,0,4096,0,0,-1024,0,0,280572,2044,5
1,4,-1,11,0,27339678000,27339706000,27339717000,285692,0,0,4096,0,0,-1024,0,0,280572,2044,5
2,100,1,0,4,27339718000,27345303000,27345318000,285692,0,0,3072,0,0,0,0,0,281596,3068,4
1,4,4,0,0,27345323000,27345338000,27345346000,285696,0,0,4096,0,0,-4,0,0,281596,3068,4
1,1024,1020,0,0,27345476000,27345483000,27345492000,286716,0,0,4096,0,0,-1024,0,0,281596,3068,5
1,4,-1,11,0,27345495000,27345499000,27345507000,286716,0,0,4096,0,0,-1024,0,0,281596,3068,5
2,100,1,0,4,27345508000,27351104000,27351115000,286716,0,0,3072,0,0,0,0,0,282620,4092,4
1,4,4,0,0,27351119000,27351131000,27351139000,286720,0,0,4096,0,0,-4,0,0,282620,4092,4
1,1024,1020,0,0,27351270000,27351277000,27351285000,287740,0,0,4096,0,0,-1024,0,0,282620,4092,5
1,4,-1,11,0,27351288000,27351292000,27351299000,287740,0,0,4096,0,0,-1024,0,0,282620,4092,5
2,100,1,0,4,27351300000,27356895000,27356906000,287740,0,0,3072,0,0,0,0,0,283644,1020,4
1,4,4,0,0,27356910000,27356920000,27356928000,287744,0,0,4096,0,0,-4,0,0,283644,1020,4
1,1024,1020,0,0,27357060000,27357066000,27357074000,288764,0,0,4096,0,0,-1024,0,0,283644,1020,5
1,4,-1,11,0,27357077000,27357081000,27357088000,288764,0,0,4096,0,0,-1024,0,0,283644,1020,5
2,100,1,0,4,27357089000,27362698000,27362709000,288764,0,0,3072,0,0,0,0,0,284668,2044,4
1,4,4,0,0,27362713000,27362724000,27362732000,288768,0,0,4096,0,0,-4,0,0,284668,2044,4
1,1024,1020,0,0,27362861000,27362868000,27362875000,289788,0,0,4096,0,0,-1024,0,0,284668,2044,5
1,4,-1,11,0,27362878000,27362882000,27362889000,289788,0,0,4096,0,0,-1024,0,0,284668,2044,5
2,100,1,0,4,27362890000,27368490000,27368500000,289788,0,0,3072,0,0,0,0,0,285692,3068,4
1,4,4,0,0,27368504000,27368514000,27368522000,289792,0,0,4096,0,0,-4,0,0,285692,3068,4
1,1024,1020,0,0,27368651000,27368658000,27368666000,290812,0,0,4096,0,0,-1024,0,0,285692,3068,5
1,4,-1,11,0,27368668000,27368673000,27368680000,290812,0,0,4096,0,0,-1024,0,0,285692,3068,5
2,100,1,0,4,27368681000,27374298000,27374312000,290812,0,0,3072,0,0,0,0,0,286716,4092,4
1,4,4,0,0,27374317000,27374331000,27374340000,290816,0,0,4096,0,0,-4,0,0,286716,4092,4
1,1024,1020,0,0,27374470000,27374477000,27374486000,291836,0,0,4096,0,0,-1024,0,0,286716,4092,5
1,4,-1,11,0,27374489000,27374493000,27374500000,291836,0,0,4096,0,0,-1024,0,0,286716,4092,5
2,100,1,0,4,27374501000,27380104000,27380116000,291836,0,0,3072,0,0,0,0,0,287740,1020,4
1,4,4,0,0,27380120000,27380131000,27380140000,291840,0,0,4096,0,0,-4,0,0,287740,1020,4
1,1024,1020,0,0,27380269000,27380276000,27380284000,292860,0,0,4096,0,0,-1024,0,0,287740,1020,5
1,4,-1,11,0,27380287000,27380291000,27380298000,292860,0,0,4096,0,0,-1024,0,0,287740,1020,5
2,100,1,0,4,27380299000,27385893000,27385904000,292860,0,0,3072,0,0,0,0,0,288764,2044,4
1,4,4,0,0,27385908000,27385919000,27385927000,292864,0,0,4096,0,0,-4,0,0,288764,2044,4
1,1024,1020,0,0,27386055000,27386061000,27386070000,293884,0,0,4096,0,0,-1024,0,0,288764,2044,5
1,4,-1,11,0,27386072000,27386077000,27386084000,293884,0,0,4096,0,0,-1024,0,0,288764,2044,5
2,100,1,0,4,27386085000,27391699000,27391711000,293884,0,0,3072,0,0,0,0,0,289788,3068,4
1,4,4,0,0,27391714000,27391724000,27391733000,293888,0,0,4096,0,0,-4,0,0,289788,3068,4
1,1024,1020,0,0,27391862000,27391868000,27391876000,294908,0,0,4096,0,0,-1024,0,0,289788,3068,5
1,4,-1,11,0,27391879000,27391883000,27391891000,294908,0,0,4096,0,0,-1024,0,0,289788,3068,5
2,100,1,0,4,27391892000,27397492000,27397502000,294908,0,0,3072,0,0,0,0,0,290812,4092,4
1,4,4,0,0,27397505000,27397515000,27397523000,294912,0,0,4096,0,0,-4,0,0,290812,4092,4
1,1024,1020,0,0,27397654000,27397660000,27397668000,295932,0,0,4096,0,0,-1024,0,0,290812,4092,5
1,4,-1,11,0,27397671000,27397675000,27397682000,295932,0,0,4096,0,0,-1024,0,0,290812,4092,5
2,100,1,0,4,27397683000,27403294000,27403307000,295932,0,0,3072,0,0,0,0,0,291836,1020,4
1,4,4,0,0,27403311000,27403325000,27403333000,295936,0,0,4096,0,0,-4,0,0,291836,1020,4
1,1024,1020,0,0,27403462000,27403490000,27403501000,296956,0,0,4096,0,0,-1024,0,0,291836,1020,5
1,4,-1,11,0,27403505000,27403510000,27403519000,296956,0,0,4096,0,0,-1024,0,0,291836,1020,5
2,100,1,0,4,27403520000,27409101000,27409113000,296956,0,0,3072,0,0,0,0,0,292860,2044,4
1,4,4,0,0,27409117000,27409128000,27409137000,296960,0,0,4096,0,0,-4,0,0,292860,2044,4
1,1024,1020,0,0,27409265000,27409272000,27409280000,297980,0,0,4096,0,0,-1024,0,0,292860,2044,5
1,4,-1,11,0,27409283000,27409287000,27409294000,297980,0,0,4096,0,0,-1024,0,0,292860,2044,5
2,100,1,0,4,27409295000,27414905000,27414916000,297980,0,0,3072,0,0,0,0,0,293884,3068,4
1,4,4,0,0,27414920000,27414932000,27414941000,297984,0,0,4096,0,0,-4,0,0,293884,3068,4
1,1024,1020,0,0,27415069000,27415076000,27415085000,299004,0,0,4096,0,0,-1024,0,0,293884,3068,5
1,4,-1,11,0,27415087000,27415092000,27415099000,299004,0,0,4096,0,0,-1024,0,0,293884,3068,5
2,100,1,0,4,27415100000,27420695000,27420706000,299004,0,0,3072,0,0,0,0,0,294908,4092,4
1,4,4,0,0,27420710000,27420720000,27420728000,299008,0,0,4096,0,0,-4,0,0,294908,4092,4
1,1024,1020,0,0,27420857000,27420863000,27420871000,300028,0,0,4096,0,0,-1024,0,0,294908,4092,5
1,4,-1,11,0,27420874000,27420878000,27420885000,300028,0,0,4096,0,0,-1024,0,0,294908,4092,5
2,100,1,0,4,27420886000,27426492000,27426502000,300028,0,0,3072,0,0,0,0,0,295932,1020,4
1,4,4,0,0,27426506000,27426516000,27426524000,300032,0,0,4096,0,0,-4,0,0,295932,1020,4
1,1024,1020,0,0,27426653000,27426659000,27426667000,301052,0,0,4096,0,0,-1024,0,0,295932,1020,5
1,4,-1,11,0,27426669000,27426674000,27426681000,301052,0,0,4096,0,0,-1024,0,0,295932,1020,5
2,100,1,0,4,27426682000,27432293000,27432306000,301052,0,0,3072,0,0,0,0,0,296956,2044,4
1,4,4,0,0,27432310000,27432323000,27432331000,301056,0,0,4096,0,0,-4,0,0,296956,2044,4
1,1024,1020,0,0,27432461000,27432468000,27432477000,302076,0,0,4096,0,0,-1024,0,0,296956,2044,5
1,4,-1,11,0,27432480000,27432484000,27432492000,302076,0,0,4096,0,0,-1024,0,0,296956,2044,5
2,100,1,0,4,27432493000,27438094000,27438106000,302076,0,0,3072,0,0,0,0,0,297980,3068,4
1,4,4,0,0,27438110000,27438120000,27438128000,302080,0,0,4096,0,0,-4,0,0,297980,3068,4
1,1024,1020,0,0,27438258000,27438265000,27438273000,303100,0,0,4096,0,0,-1024,0,0,297980,3068,5
1,4,-1,11,0,27438275000,27438279000,27438287000,303100,0,0,4096,0,0,-1024,0,0,297980,3068,5
2,100,1,0,4,27438288000,27443902000,27443919000,303100,0,0,3072,0,0,0,0,0,299004,4092,4
1,4,4,0,0,27443922000,27443935000,27443944000,303104,0,0,4096,0,0,-4,0,0,299004,4092,4
1,1024,1020,0,0,27444073000,27444080000,27444088000,304124,0,0,4096,0,0,-1024,0,0,299004,4092,5
1,4,-1,11,0,27444090000,27444095000,27444102000,304124,0,0,4096,0,0,-1024,0,0,299004,4092,5
2,100,1,0,4,27444103000,27449697000,27449709000,304124,0,0,3072,0,0,0,0,0,300028,1020,4
1,4,4,0,0,27449712000,27449723000,27449731000,304128,0,0,4096,0,0,-4,0,0,300028,1020,4
1,1024,1020,0,0,27449860000,27449866000,27449874000,305148,0,0,4096,0,0,-1024,0,0,300028,1020,5
1,4,-1,11,0,27449877000,27449881000,27449888000,305148,0,0,4096,0,0,-1024,0,0,300028,1020,5
2,100,1,0,4,27449889000,27455501000,27455513000,305148,0,0,3072,0,0,0,0,0,301052,2044,4
1,4,4,0,0,27455517000,27455528000,27455535000,305152,0,0,4096,0,0,-4,0,0,301052,2044,4
1,1024,1020,0,0,27455664000,27455671000,27455679000,306172,0,0,4096,0,0,-1024,0,0,301052,2044,5
1,4,-1,11,0,27455682000,27455686000,27455693000,306172,0,0,4096,0,0,-1024,0,0,301052,2044,5
2,100,1,0,4,27455694000,27461296000,27461308000,306172,0,0,3072,0,0,0,0,0,302076,3068,4
1,4,4,0,0,27461312000,27461325000,27461333000,306176,0,0,4096,0,0,-4,0,0,302076,3068,4
1,1024,1020,0,0,27461463000,27461470000,27461478000,307196,0,0,4096,0,0,-1024,0,0,302076,3068,5
1,4,-1,11,0,27461481000,27461485000,27461492000,307196,0,0,4096,0,0,-1024,0,0,302076,3068,5
2,100,1,0,4,27461493000,27467119000,27467133000,307196,0,0,3072,0,0,0,0,0,303100,4092,4
1,4,4,0,0,27467137000,27467149000,27467158000,307200,0,0,4096,0,0,-4,0,0,303100,4092,4
1,1024,1020,0,0,27467287000,27467294000,27467302000,308220,0,0,4096,0,0,-1024,0,0,303100,4092,5
1,4,-1,11,0,27467305000,27467309000,27467316000,308220,0,0,4096,0,0,-1024,0,0,303100,4092,5
2,100,1,0,4,27467317000,27472907000,27472918000,308220,0,0,3072,0,0,0,0,0,304124,1020,4
1,4,4,0,0,27472922000,27472934000,27472942000,308224,0,0,4096,0,0,-4,0,0,304124,1020,4
1,1024,1020,0,0,27473071000,27473078000,27473086000,309244,0,0,4096,0,0,-1024,0,0,304124,1020,5
1,4,-1,11,0,27473089000,27473093000,27473100000,309244,0,0,4096,0,0,-1024,0,0,304124,1020,5
2,100,1,0,4,27473101000,27478695000,27478706000,309244,0,0,3072,0,0,0,0,0,305148,2044,4
1,4,4,0,0,27478710000,27478720000,27478728000,309248,0,0,4096,0,0,-4,0,0,305148,2044,4
1,1024,1020,0,0,27478858000,27478865000,27478872000,310268,0,0,4096,0,0,-1024,0,0,305148,2044,5
1,4,-1,11,0,27478875000,27478879000,27478886000,310268,0,0,4096,0,0,-1024,0,0,305148,2044,5
2,100,1,0,4,27478887000,27484499000,27484512000,310268,0,0,3072,0,0,0,0,0,306172,3068,4
1,4,4,0,0,27484516000,27484527000,27484536000,310272,0,0,4096,0,0,-4,0,0,306172,3068,4
1,1024,1020,0,0,27484663000,27484670000,27484679000,311292,0,0,4096,0,0,-1024,0,0,306172,3068,5
1,4,-1,11,0,27484681000,27484686000,27484693000,311292,0,0,4096,0,0,-1024,0,0,306172,3068,5
2,100,1,0,4,27484694000,27490300000,27490314000,311292,0,0,3072,0,0,0,0,0,307196,4092,4
1,4,4,0,0,27490318000,27490331000,27490340000,311296,0,0,4096,0,0,-4,0,0,307196,4092,4
1,1024,1020,0,0,27490468000,27490475000,27490483000,312316,0,0,4096,0,0,-1024,0,0,307196,4092,5
1,4,-1,11,0,27490486000,27490490000,27490497000,312316,0,0,4096,0,0,-1024,0,0,307196,4092,5
2,100,1,0,4,27490498000,27496097000,27496108000,312316,0,0,3072,0,0,0,0,0,308220,1020,4
1,4,4,0,0,27496112000,27496123000,27496131000,312320,0,0,4096,0,0,-4,0,0,308220,1020,4
1,1024,1020,0,0,27496260000,27496266000,27496274000,313340,0,0,4096,0,0,-1024,0,0,308220,1020,5
1,4,-1,11,0,27496277000,27496281000,27496288000,313340,0,0,4096,0,0,-1024,0,0,308220,1020,5
2,100,1,0,4,27496289000,27501902000,27501913000,313340,0,0,3072,0,0,0,0,0,309244,2044,4
1,4,4,0,0,27501917000,27501928000,27501936000,313344,0,0,4096,0,0,-4,0,0,309244,2044,4
1,1024,1020,0,0,27502065000,27502072000,27502079000,314364,0,0,4096,0,0,-1024,0,0,309244,2044,5
1,4,-1,11,0,27502082000,27502086000,27502094000,314364,0,0,4096,0,0,-1024,0,0,309244,2044,5
2,100,1,0,4,27502095000,27507696000,27507706000,314364,0,0,3072,0,0,0,0,0,310268,3068,4
1,4,4,0,0,27507709000,27507719000,27507727000,314368,0,0,4096,0,0,-4,0,0,310268,3068,4
1,1024,1020,0,0,27507855000,27507861000,27507868000,315388,0,0,4096,0,0,-1024,0,0,310268,3068,5
1,4,-1,11,0,27507871000,27507875000,27507882000,315388,0,0,4096,0,0,-1024,0,0,310268,3068,5
2,100,1,0,4,27507883000,27513500000,27513510000,315388,0,0,3072,0,0,0,0,0,311292,4092,4
1,4,4,0,0,27513514000,27513524000,27513532000,315392,0,0,4096,0,0,-4,0,0,311292,4092,4
1,1024,1020,0,0,27513660000,27513666000,27513674000,316412,0,0,4096,0,0,-1024,0,0,311292,4092,5
1,4,-1,11,0,27513677000,27513681000,27513688000,316412,0,0,4096,0,0,-1024,0,0,311292,4092,5
2,100,1,0,4,27513689000,27519293000,27519303000,316412,0,0,3072,0,0,0,0,0,312316,1020,4
1,4,4,0,0,27519306000,27519315000,27519323000,316416,0,0,4096,0,0,-4,0,0,312316,1020,4
1,1024,1020,0,0,27519452000,27519458000,27519466000,317436,0,0,4096,0,0,-1024,0,0,312316,1020,5
1,4,-1,11,0,27519469000,27519473000,27519480000,317436,0,0,4096,0,0,-1024,0,0,312316,1020,5
2,100,1,0,4,27519481000,27525096000,27525110000,317436,0,0,3072,0,0,0,0,0,313340,2044,4
1,4,4,0,0,27525114000,27525127000,27525135000,317440,0,0,4096,0,0,-4,0,0,313340,2044,4
1,1024,1020,0,0,27525263000,27525270000,27525278000,318460,0,0,4096,0,0,-1024,0,0,313340,2044,5
1,4,-1,11,0,27525281000,27525306000,27525316000,318460,0,0,4096,0,0,-1024,0,0,313340,2044,5
2,100,1,0,4,27525317000,27530903000,27530916000,318460,0,0,3072,0,0,0,0,0,314364,3068,4
1,4,4,0,0,27530920000,27530933000,27530942000,318464,0,0,4096,0,0,-4,0,0,314364,3068,4
1,1024,1020,0,0,27531070000,27531078000,27531086000,319484,0,0,4096,0,0,-1024,0,0,314364,3068,5
1,4,-1,11,0,27531088000,27531093000,27531100000,319484,0,0,4096,0,0,-1024,0,0,314364,3068,5
2,100,1,0,4,27531101000,27536697000,27536707000,319484,0,0,3072,0,0,0,0,0,315388,4092,4
1,4,4,0,0,27536710000,27536721000,27536729000,319488,0,0,4096,0,0,-4,0,0,315388,4092,4
1,1024,1020,0,0,27536859000,27536865000,27536873000,320508,0,0,4096,0,0,-1024,0,0,315388,4092,5
1,4,-1,11,0,27536875000,27536879000,27536887000,320508,0,0,4096,0,0,-1024,0,0,315388,4092,5
2,100,1,0,4,27536888000,27542512000,27542529000,320508,0,0,3072,0,0,0,0,0,316412,1020,4
1,4,4,0,0,27542534000,27542549000,27542557000,320512,0,0,4096,0,0,-4,0,0,316412,1020,4
1,1024,1020,0,0,27542688000,27542696000,27542705000,321532,0,0,4096,0,0,-1024,0,0,316412,1020,5
1,4,-1,11,0,27542707000,27542712000,27542720000,321532,0,0,4096,0,0,-1024,0,0,316412,1020,5
2,100,1,0,4,27542721000,27548302000,27548314000,321532,0,0,3072,0,0,0,0,0,317436,2044,4
1,4,4,0,0,27548318000,27548329000,27548337000,321536,0,0,4096,0,0,-4,0,0,317436,2044,4
1,1024,1020,0,0,27548469000,27548475000,27548483000,322556,0,0,4096,0,0,-1024,0,0,317436,2044,5
1,4,-1,11,0,27548486000,27548490000,27548497000,322556,0,0,4096,0,0,-1024,0,0,317436,2044,5
2,100,1,0,4,27548498000,27554105000,27554121000,322556,0,0,3072,0,0,0,0,0,318460,3068,4
1,4,4,0,0,27554126000,27554140000,27554149000,322560,0,0,4096,0,0,-4,0,0,318460,3068,4
1,1024,1020,0,0,27554279000,27554286000,27554295000,323580,0,0,4096,0,0,-1024,0,0,318460,3068,5
1,4,-1,11,0,27554298000,27554302000,27554310000,323580,0,0,4096,0,0,-1024,0,0,318460,3068,5
2,100,1,0,4,27554310000,27559899000,27559911000,323580,0,0,3072,0,0,0,0,0,319484,4092,4
1,4,4,0,0,27559915000,27559925000,27559933000,323584,0,0,4096,0,0,-4,0,0,319484,4092,4
1,1024,1020,0,0,27560083000,27560092000,27560102000,324604,0,0,4096,0,0,-1024,0,0,319484,4092,5
1,4,-1,11,0,27560105000,27560110000,27560117000,324604,0,0,4096,0,0,-1024,0,0,319484,4092,5
2,100,1,0,4,27560118000,27565700000,27565711000,324604,0,0,3072,0,0,0,0,0,320508,1020,4
1,4,4,0,0,27565715000,27565726000,27565734000,324608,0,0,4096,0,0,-4,0,0,320508,1020,4
1,1024,1020,0,0,27565862000,27565868000,27565876000,325628,0,0,4096,0,0,-1024,0,0,320508,1020,5
1,4,-1,11,0,27565879000,27565883000,27565891000,325628,0,0,4096,0,0,-1024,0,0,320508,1020,5
2,100,1,0,4,27565891000,27571503000,27571513000,325628,0,0,3072,0,0,0,0,0,321532,2044,4
1,4,4,0,0,27571517000,27571528000,27571536000,325632,0,0,4096,0,0,-4,0,0,321532,2044,4
1,1024,1020,0,0,27571664000,27571671000,27571679000,326652,0,0,4096,0,0,-1024,0,0,321532,2044,5
1,4,-1,11,0,27571681000,27571686000,27571693000,326652,0,0,4096,0,0,-1024,0,0,321532,2044,5
2,100,1,0,4,27571694000,27577295000,27577305000,326652,0,0,3072,0,0,0,0,0,322556,3068,4
1,4,4,0,0,27577309000,27577318000,27577326000,326656,0,0,4096,0,0,-4,0,0,322556,3068,4
1,1024,1020,0,0,27577456000,27577462000,27577470000,327676,0,0,4096,0,0,-1024,0,0,322556,3068,5
1,4,-1,11,0,27577473000,27577477000,27577485000,327676,0,0,4096,0,0,-1024,0,0,322556,3068,5
2,100,1,0,4,27577485000,27583098000,27583111000,327676,0,0,3072,0,0,0,0,0,323580,4092,4
1,4,4,0,0,27583115000,27583127000,27583135000,327680,0,0,4096,0,0,-4,0,0,323580,4092,4
1,1024,1020,0,0,27583263000,27583270000,27583278000,328700,0,0,4096,0,0,-1024,0,0,323580,4092,5
1,4,-1,11,0,27583280000,27583285000,27583292000,328700,0,0,4096,0,0,-1024,0,0,323580,4092,5
2,100,1,0,4,27583293000,27588899000,27588909000,328700,0,0,3072,0,0,0,0,0,324604,1020,4
1,4,4,0,0,27588912000,27588923000,27588931000,328704,0,0,4096,0,0,-4,0,0,324604,1020,4
1,1024,1020,0,0,27589061000,27589092000,27589102000,329724,0,0,4096,0,0,-1024,0,0,324604,1020,5
1,4,-1,11,0,27589105000,27589110000,27589119000,329724,0,0,4096,0,0,-1024,0,0,324604,1020,5
2,100,1,0,4,27589120000,27594708000,27594722000,329724,0,0,3072,0,0,0,0,0,325628,2044,4
1,4,4,0,0,27594727000,27594741000,27594749000,329728,0,0,4096,0,0,-4,0,0,325628,2044,4
1,1024,1020,0,0,27594879000,27594886000,27594894000,330748,0,0,4096,0,0,-1024,0,0,325628,2044,5
1,4,-1,11,0,27594897000,27594901000,27594909000,330748,0,0,4096,0,0,-1024,0,0,325628,2044,5
2,100,1,0,4,27594910000,27600507000,27600519000,330748,0,0,3072,0,0,0,0,0,326652,3068,4
1,4,4,0,0,27600523000,27600533000,27600542000,330752,0,0,4096,0,0,-4,0,0,326652,3068,4
1,1024,1020,0,0,27600672000,27600678000,27600686000,331772,0,0,4096,0,0,-1024,0,0,326652,3068,5
1,4,-1,11,0,27600689000,27600693000,27600700000,331772,0,0,4096,0,0,-1024,0,0,326652,3068,5
2,100,1,0,4,27600701000,27606298000,27606308000,331772,0,0,3072,0,0,0,0,0,327676,4092,4
1,4,4,0,0,27606311000,27606321000,27606329000,331776,0,0,4096,0,0,-4,0,0,327676,4092,4
1,1024,1020,0,0,27606457000,27606464000,27606471000,332796,0,0,4096,0,0,-1024,0,0,327676,4092,5
1,4,-1,11,0,27606474000,27606478000,27606485000,332796,0,0,4096,0,0,-1024,0,0,327676,4092,5
2,100,1,0,4,27606486000,27612101000,27612115000,332796,0,0,3072,0,0,0,0,0,328700,1020,4
1,4,4,0,0,27612119000,27612131000,27612139000,332800,0,0,4096,0,0,-4,0,0,328700,1020,4
1,1024,1020,0,0,27612269000,27612275000,27612284000,333820,0,0,4096,0,0,-1024,0,0,328700,1020,5
1,4,-1,11,0,27612286000,27612291000,27612298000,333820,0,0,4096,0,0,-1024,0,0,328700,1020,5
2,100,1,0,4,27612299000,27617901000,27617912000,333820,0,0,3072,0,0,0,0,0,329724,2044,4
1,4,4,0,0,27617916000,27617927000,27617936000,333824,0,0,4096,0,0,-4,0,0,329724,2044,4
1,1024,1020,0,0,27618065000,27618072000,27618080000,334844,0,0,4096,0,0,-1024,0,0,329724,2044,5
1,4,-1,11,0,27618082000,27618086000,27618094000,334844,0,0,4096,0,0,-1024,0,0,329724,2044,5
2,100,1,0,4,27618095000,27623707000,27623718000,334844,0,0,3072,0,0,0,0,0,330748,3068,4
1,4,4,0,0,27623722000,27623733000,27623741000,334848,0,0,4096,0,0,-4,0,0,330748,3068,4
1,1024,1020,0,0,27623871000,27623878000,27623886000,335868,0,0,4096,0,0,-1024,0,0,330748,3068,5
1,4,-1,11,0,27623889000,27623893000,27623900000,335868,0,0,4096,0,0,-1024,0,0,330748,3068,5
2,100,1,0,4,27623901000,27629498000,27629508000,335868,0,0,3072,0,0,0,0,0,331772,4092,4
1,4,4,0,0,27629512000,27629523000,27629531000,335872,0,0,4096,0,0,-4,0,0,331772,4092,4
1,1024,1020,0,0,27629665000,27629671000,27629679000,336892,0,0,4096,0,0,-1024,0,0,331772,4092,5
1,4,-1,11,0,27629682000,27629686000,27629693000,336892,0,0,4096,0,0,-1024,0,0,331772,4092,5
2,100,1,0,4,27629694000,27635303000,27635314000,336892,0,0,3072,0,0,0,0,0,332796,1020,4
1,4,4,0,0,27635317000,27635327000,27635335000,336896,0,0,4096,0,0,-4,0,0,332796,1020,4
1,1024,1020,0,0,27635471000,27635477000,27635486000,337916,0,0,4096,0,0,-1024,0,0,332796,1020,5
1,4,-1,11,0,27635488000,27635492000,27635500000,337916,0,0,4096,0,0,-1024,0,0,332796,1020,5
2,100,1,0,4,27635501000,27641100000,27641112000,337916,0,0,3072,0,0,0,0,0,333820,2044,4
1,4,4,0,0,27641116000,27641128000,27641137000,337920,0,0,4096,0,0,-4,0,0,333820,2044,4
1,1024,1020,0,0,27641273000,27641279000,27641287000,338940,0,0,4096,0,0,-1024,0,0,333820,2044,5
1,4,-1,11,0,27641290000,27641294000,27641301000,338940,0,0,4096,0,0,-1024,0,0,333820,2044,5
2,100,1,0,4,27641302000,27646900000,27646911000,338940,0,0,3072,0,0,0,0,0,334844,3068,4
1,4,4,0,0,27646915000,27646925000,27646933000,338944,0,0,4096,0,0,-4,0,0,334844,3068,4
1,1024,1020,0,0,27647061000,27647067000,27647075000,339964,0,0,4096,0,0,-1024,0,0,334844,3068,5
1,4,-1,11,0,27647078000,27647082000,27647089000,339964,0,0,4096,0,0,-1024,0,0,334844,3068,5
2,100,1,0,4,27647090000,27652727000,27652742000,339964,0,0,3072,0,0,0,0,0,335868,4092,4
1,4,4,0,0,27652746000,27652758000,27652766000,339968,0,0,4096,0,0,-4,0,0,335868,4092,4
1,1024,1020,0,0,27652895000,27652901000,27652910000,340988,0,0,4096,0,0,-1024,0,0,335868,4092,5
1,4,-1,11,0,27652913000,27652917000,27652924000,340988,0,0,4096,0,0,-1024,0,0,335868,4092,5
2,100,1,0,4,27652925000,27658505000,27658516000,340988,0,0,3072,0,0,0,0,0,336892,1020,4
1,4,4,0,0,27658520000,27658530000,27658538000,340992,0,0,4096,0,0,-4,0,0,336892,1020,4
1,1024,1020,0,0,27658668000,27658674000,27658682000,342012,0,0,4096,0,0,-1024,0,0,336892,1020,5
1,4,-1,11,0,27658685000,27658689000,27658696000,342012,0,0,4096,0,0,-1024,0,0,336892,1020,5
2,100,1,0,4,27658697000,27664309000,27664320000,342012,0,0,3072,0,0,0,0,0,337916,2044,4
1,4,4,0,0,27664324000,27664334000,27664342000,342016,0,0,4096,0,0,-4,0,0,337916,2044,4
1,1024,1020,0,0,27664472000,27664479000,27664487000,343036,0,0,4096,0,0,-1024,0,0,337916,2044,5
1,4,-1,11,0,27664489000,27664493000,27664501000,343036,0,0,4096,0,0,-1024,0,0,337916,2044,5
2,100,1,0,4,27664502000,27670102000,27670115000,343036,0,0,3072,0,0,0,0,0,338940,3068,4
1,4,4,0,0,27670119000,27670132000,27670140000,343040,0,0,4096,0,0,-4,0,0,338940,3068,4
1,1024,1020,0,0,27670271000,27670277000,27670285000,344060,0,0,4096,0,0,-1024,0,0,338940,3068,5
1,4,-1,11,0,27670288000,27670292000,27670299000,344060,0,0,4096,0,0,-1024,0,0,338940,3068,5
2,100,1,0,4,27670300000,27675901000,27675911000,344060,0,0,3072,0,0,0,0,0,339964,4092,4
1,4,4,0,0,27675915000,27675925000,27675933000,344064,0,0,4096,0,0,-4,0,0,339964,4092,4
1,1024,1020,0,0,27676064000,27676071000,27676078000,345084,0,0,4096,0,0,-1024,0,0,339964,4092,5
1,4,-1,11,0,27676081000,27676085000,27676092000,345084,0,0,4096,0,0,-1024,0,0,339964,4092,5
2,100,1,0,4,27676093000,27681706000,27681717000,345084,0,0,3072,0,0,0,0,0,340988,1020,4
1,4,4,0,0,27681721000,27681731000,27681739000,345088,0,0,4096,0,0,-4,0,0,340988,1020,4
1,1024,1020,0,0,27681869000,27681876000,27681883000,346108,0,0,4096,0,0,-1024,0,0,340988,1020,5
1,4,-1,11,0,27681886000,27681890000,27681898000,346108,0,0,4096,0,0,-1024,0,0,340988,1020,5
2,100,1,0,4,27681898000,27687500000,27687510000,346108,0,0,3072,0,0,0,0,0,342012,2044,4
1,4,4,0,0,27687513000,27687523000,27687531000,346112,0,0,4096,0,0,-4,0,0,342012,2044,4
1,1024,1020,0,0,27687662000,27687669000,27687676000,347132,0,0,4096,0,0,-1024,0,0,342012,2044,5
1,4,-1,11,0,27687679000,27687684000,27687691000,347132,0,0,4096,0,0,-1024,0,0,342012,2044,5
2,100,1,0,4,27687692000,27693304000,27693315000,347132,0,0,3072,0,0,0,0,0,343036,3068,4
1,4,4,0,0,27693318000,27693328000,27693336000,347136,0,0,4096,0,0,-4,0,0,343036,3068,4
1,1024,1020,0,0,27693466000,27693473000,27693480000,348156,0,0,4096,0,0,-1024,0,0,343036,3068,5
1,4,-1,11,0,27693483000,27693487000,27693495000,348156,0,0,4096,0,0,-1024,0,0,343036,3068,5
2,100,1,0,4,27693495000,27699098000,27699109000,348156,0,0,3072,0,0,0,0,0,344060,4092,4
1,4,4,0,0,27699112000,27699122000,27699130000,348160,0,0,4096,0,0,-4,0,0,344060,4092,4
1,1024,1020,0,0,27699261000,27699267000,27699275000,349180,0,0,4096,0,0,-1024,0,0,344060,4092,5
1,4,-1,11,0,27699278000,27699282000,27699289000,349180,0,0,4096,0,0,-1024,0,0,344060,4092,5
2,100,1,0,4,27699290000,27704905000,27704918000,349180,0,0,3072,0,0,0,0,0,345084,1020,4
1,4,4,0,0,27704923000,27704935000,27704944000,349184,0,0,4096,0,0,-4,0,0,345084,1020,4
1,1024,1020,0,0,27705134000,27705140000,27705149000,350204,0,0,4096,0,0,-1024,0,0,345084,1020,5
1,4,-1,11,0,27705152000,27705156000,27705163000,350204,0,0,4096,0,0,-1024,0,0,345084,1020,5
2,100,1,0,4,27705164000,27710710000,27710722000,350204,0,0,3072,0,0,0,0,0,346108,2044,4
1,4,4,0,0,27710726000,27710737000,27710746000,350208,0,0,4096,0,0,-4,0,0,346108,2044,4
1,1024,1020,0,0,27710938000,27710944000,27710952000,351228,0,0,4096,0,0,-1024,0,0,346108,2044,5
1,4,-1,11,0,27710955000,27710977000,27710987000,351228,0,0,4096,0,0,-1024,0,0,346108,2044,5
2,100,1,0,4,27710988000,27716506000,27716518000,351228,0,0,3072,0,0,0,0,0,347132,3068,4
1,4,4,0,0,27716522000,27716533000,27716542000,351232,0,0,4096,0,0,-4,0,0,347132,3068,4
1,1024,1020,0,0,27716734000,27716742000,27716750000,352252,0,0,4096,0,0,-1024,0,0,347132,3068,5
1,4,-1,11,0,27716753000,27716758000,27716765000,352252,0,0,4096,0,0,-1024,0,0,347132,3068,5
2,100,1,0,4,27716766000,27722311000,27722322000,352252,0,0,3072,0,0,0,0,0,348156,4092,4
1,4,4,0,0,27722325000,27722337000,27722345000,352256,0,0,4096,0,0,-4,0,0,348156,4092,4
1,544,544,0,0,27722444000,27722448000,27722457000,352800,0,0,4096,0,0,-548,0,0,348156,4092,4
4,0,0,0,0,27724328000,27724345000,27724367000,352800,0,0,4096,0,0,-548,0,0,348156,4092,4
3,0,0,0,0,27724369000,27724373000,27724380000,352800,0,0,4096,0,0,-548,0,0,348156,4092,4
3,0,0,0,0,27730091000,27730101000,27730110000,352800,0,0,3072,0,0,476,0,0,349180,1020,3
3,0,0,0,0,27740030000,27740037000,27740046000,352800,0,0,1024,0,0,2524,0,0,351228,3068,1
3,0,0,0,0,27751649000,27751661000,27751672000,352800,0,0,1024,0,0,2524,0,0,351228,1020,1
3,0,0,0,0,27760075000,27760085000,27760095000,352800,0,0,1024,0,0,2524,0,0,351228,2044,1
3,0,0,0,0,27770026000,27770138000,27770150000,352800,0,0,0,0,0,4096,0,0,352252,0,0
5,0,0,0,0,27771910000,27771913000,27772017000,352800,0,0,0,0,0,4096,0,0,352252,0,0
