operation,requested,rc,errno,revents,begin_ns,query_begin_ns,end_ns,accepted_bytes,delay_rc,delay_errno,delay_bytes,space_rc,space_errno,free_bytes,ptr_rc,ptr_errno,ptr_bytes,ptr,blocks
0,0,0,0,0,27872729000,27872741000,27872972000,0,0,0,0,0,0,2048,0,0,0,0,0
1,256,256,0,0,27873017000,27873030000,27873039000,256,0,0,0,0,0,1792,0,0,0,0,0
1,256,256,0,0,27873080000,27873098000,27873106000,512,0,0,512,0,0,1536,0,0,0,0,1
1,256,256,0,0,27873148000,27873152000,27873159000,768,0,0,512,0,0,1280,0,0,0,0,1
1,256,256,0,0,27873203000,27873250000,27873267000,1024,0,0,1024,0,0,1024,0,0,0,0,2
1,256,256,0,0,27873312000,27873317000,27873325000,1280,0,0,1024,0,0,768,0,0,0,0,2
1,256,256,0,0,27873370000,27873378000,27873386000,1536,0,0,1536,0,0,512,0,0,0,0,3
1,256,256,0,0,27873432000,27873435000,27873443000,1792,0,0,1536,0,0,256,0,0,0,0,3
1,256,256,0,0,27873488000,27873495000,27873503000,2048,0,0,2048,0,0,0,0,0,0,0,4
1,256,256,0,0,27873548000,27873551000,27873559000,2304,0,0,2048,0,0,-256,0,0,0,0,4
1,256,256,0,0,27873605000,27873610000,27873618000,2560,0,0,2048,0,0,-512,0,0,0,0,5
1,256,-1,11,0,27873664000,27873668000,27873676000,2560,0,0,2048,0,0,-512,0,0,0,0,5
2,100,1,0,4,27873677000,27878865000,27878879000,2560,0,0,1028,0,0,508,0,0,1020,1020,3
1,256,256,0,0,27878883000,27878897000,27878906000,2816,0,0,1540,0,0,252,0,0,1020,1020,3
1,256,256,0,0,27878955000,27878962000,27878971000,3072,0,0,2048,0,0,-512,0,0,1020,1020,5
1,256,-1,11,0,27879017000,27879022000,27879029000,3072,0,0,2048,0,0,-512,0,0,1020,1020,5
2,100,1,0,4,27879030000,27881775000,27881792000,3072,0,0,1536,0,0,0,0,0,1532,1532,4
1,256,256,0,0,27881796000,27881810000,27881818000,3328,0,0,1540,0,0,252,0,0,1532,1532,3
1,256,256,0,0,27881864000,27881871000,27881879000,3584,0,0,2048,0,0,-512,0,0,1532,1532,5
1,256,-1,11,0,27881910000,27881915000,27881923000,3584,0,0,2048,0,0,-512,0,0,1532,1532,5
2,100,1,0,4,27881924000,27884669000,27884681000,3584,0,0,1536,0,0,0,0,0,2044,2044,4
1,256,256,0,0,27884685000,27884694000,27884702000,3840,0,0,1540,0,0,252,0,0,2044,2044,3
1,256,256,0,0,27884733000,27884739000,27884747000,4096,0,0,2048,0,0,-512,0,0,2044,2044,5
1,256,-1,11,0,27884778000,27884783000,27884791000,4096,0,0,2048,0,0,-512,0,0,2044,2044,5
2,100,1,0,4,27884791000,27887565000,27887576000,4096,0,0,1536,0,0,0,0,0,2556,508,4
1,256,256,0,0,27887580000,27887588000,27887596000,4352,0,0,1540,0,0,252,0,0,2556,508,3
1,256,256,0,0,27887627000,27887634000,27887642000,4608,0,0,2048,0,0,-512,0,0,2556,508,5
1,256,-1,11,0,27887673000,27887678000,27887685000,4608,0,0,2048,0,0,-512,0,0,2556,508,5
2,100,1,0,4,27887686000,27890473000,27890484000,4608,0,0,1536,0,0,0,0,0,3068,1020,4
1,256,256,0,0,27890488000,27890497000,27890505000,4864,0,0,1540,0,0,252,0,0,3068,1020,3
1,256,256,0,0,27890537000,27890544000,27890551000,5120,0,0,2048,0,0,-512,0,0,3068,1020,5
1,256,-1,11,0,27890582000,27890587000,27890594000,5120,0,0,2048,0,0,-512,0,0,3068,1020,5
2,100,1,0,4,27890595000,27893366000,27893376000,5120,0,0,1536,0,0,0,0,0,3580,1532,4
1,256,256,0,0,27893380000,27893388000,27893395000,5376,0,0,1540,0,0,252,0,0,3580,1532,3
1,256,256,0,0,27893427000,27893434000,27893442000,5632,0,0,2048,0,0,-512,0,0,3580,1532,5
1,256,-1,11,0,27893473000,27893477000,27893485000,5632,0,0,2048,0,0,-512,0,0,3580,1532,5
2,100,1,0,4,27893486000,27896264000,27896274000,5632,0,0,1536,0,0,0,0,0,4092,2044,4
1,256,256,0,0,27896277000,27896285000,27896293000,5888,0,0,1540,0,0,252,0,0,4092,2044,3
1,256,256,0,0,27896326000,27896332000,27896340000,6144,0,0,2048,0,0,-512,0,0,4092,2044,5
1,256,-1,11,0,27896371000,27896375000,27896383000,6144,0,0,2048,0,0,-512,0,0,4092,2044,5
2,100,1,0,4,27896384000,27899163000,27899172000,6144,0,0,1536,0,0,0,0,0,4604,508,4
1,256,256,0,0,27899176000,27899184000,27899192000,6400,0,0,1540,0,0,252,0,0,4604,508,3
1,256,256,0,0,27899224000,27899231000,27899239000,6656,0,0,2048,0,0,-512,0,0,4604,508,5
1,256,-1,11,0,27899270000,27899274000,27899282000,6656,0,0,2048,0,0,-512,0,0,4604,508,5
2,100,1,0,4,27899283000,27902068000,27902079000,6656,0,0,1536,0,0,0,0,0,5116,1020,4
1,256,256,0,0,27902082000,27902090000,27902099000,6912,0,0,1540,0,0,252,0,0,5116,1020,3
1,256,256,0,0,27902131000,27902137000,27902145000,7168,0,0,2048,0,0,-512,0,0,5116,1020,5
1,256,-1,11,0,27902177000,27902181000,27902189000,7168,0,0,2048,0,0,-512,0,0,5116,1020,5
2,100,1,0,4,27902190000,27904962000,27904972000,7168,0,0,1536,0,0,0,0,0,5628,1532,4
1,256,256,0,0,27904975000,27904983000,27904990000,7424,0,0,1540,0,0,252,0,0,5628,1532,3
1,256,256,0,0,27905022000,27905028000,27905036000,7680,0,0,2048,0,0,-512,0,0,5628,1532,5
1,256,-1,11,0,27905068000,27905072000,27905080000,7680,0,0,2048,0,0,-512,0,0,5628,1532,5
2,100,1,0,4,27905081000,27907862000,27907872000,7680,0,0,1536,0,0,0,0,0,6140,2044,4
1,256,256,0,0,27907876000,27907883000,27907891000,7936,0,0,1540,0,0,252,0,0,6140,2044,3
1,256,256,0,0,27907922000,27907929000,27907937000,8192,0,0,2048,0,0,-512,0,0,6140,2044,5
1,256,-1,11,0,27907968000,27907972000,27907980000,8192,0,0,2048,0,0,-512,0,0,6140,2044,5
2,100,1,0,4,27907981000,27910763000,27910776000,8192,0,0,1536,0,0,0,0,0,6652,508,4
1,256,256,0,0,27910780000,27910790000,27910799000,8448,0,0,1540,0,0,252,0,0,6652,508,3
1,256,256,0,0,27910832000,27910838000,27910846000,8704,0,0,2048,0,0,-512,0,0,6652,508,5
1,256,-1,11,0,27910878000,27910882000,27910890000,8704,0,0,2048,0,0,-512,0,0,6652,508,5
2,100,1,0,4,27910891000,27913664000,27913674000,8704,0,0,1536,0,0,0,0,0,7164,1020,4
1,256,256,0,0,27913677000,27913686000,27913694000,8960,0,0,1540,0,0,252,0,0,7164,1020,3
1,256,256,0,0,27913726000,27913732000,27913740000,9216,0,0,2048,0,0,-512,0,0,7164,1020,5
1,256,-1,11,0,27913772000,27913776000,27913784000,9216,0,0,2048,0,0,-512,0,0,7164,1020,5
2,100,1,0,4,27913785000,27916563000,27916573000,9216,0,0,1536,0,0,0,0,0,7676,1532,4
1,256,256,0,0,27916577000,27916584000,27916592000,9472,0,0,1540,0,0,252,0,0,7676,1532,3
1,256,256,0,0,27916625000,27916631000,27916639000,9728,0,0,2048,0,0,-512,0,0,7676,1532,5
1,256,-1,11,0,27916670000,27916675000,27916682000,9728,0,0,2048,0,0,-512,0,0,7676,1532,5
2,100,1,0,4,27916683000,27919463000,27919473000,9728,0,0,1536,0,0,0,0,0,8188,2044,4
1,256,256,0,0,27919476000,27919484000,27919492000,9984,0,0,1540,0,0,252,0,0,8188,2044,3
1,256,256,0,0,27919523000,27919530000,27919538000,10240,0,0,2048,0,0,-512,0,0,8188,2044,5
1,256,-1,11,0,27919570000,27919574000,27919582000,10240,0,0,2048,0,0,-512,0,0,8188,2044,5
2,100,1,0,4,27919583000,27922381000,27922398000,10240,0,0,1536,0,0,0,0,0,8700,508,4
1,256,256,0,0,27922403000,27922418000,27922427000,10496,0,0,1540,0,0,252,0,0,8700,508,3
1,256,256,0,0,27922461000,27922469000,27922477000,10752,0,0,2048,0,0,-512,0,0,8700,508,5
1,256,-1,11,0,27922510000,27922515000,27922523000,10752,0,0,2048,0,0,-512,0,0,8700,508,5
2,100,1,0,4,27922524000,27925268000,27925280000,10752,0,0,1536,0,0,0,0,0,9212,1020,4
1,256,256,0,0,27925284000,27925293000,27925301000,11008,0,0,1540,0,0,252,0,0,9212,1020,3
1,256,256,0,0,27925333000,27925339000,27925347000,11264,0,0,2048,0,0,-512,0,0,9212,1020,5
1,256,-1,11,0,27925379000,27925384000,27925391000,11264,0,0,2048,0,0,-512,0,0,9212,1020,5
2,100,1,0,4,27925392000,27928165000,27928175000,11264,0,0,1536,0,0,0,0,0,9724,1532,4
1,256,256,0,0,27928179000,27928187000,27928195000,11520,0,0,1540,0,0,252,0,0,9724,1532,3
1,256,256,0,0,27928227000,27928234000,27928242000,11776,0,0,2048,0,0,-512,0,0,9724,1532,5
1,256,-1,11,0,27928274000,27928278000,27928286000,11776,0,0,2048,0,0,-512,0,0,9724,1532,5
2,100,1,0,4,27928287000,27931076000,27931086000,11776,0,0,1536,0,0,0,0,0,10236,2044,4
1,256,256,0,0,27931090000,27931100000,27931108000,12032,0,0,1540,0,0,252,0,0,10236,2044,3
1,256,256,0,0,27931141000,27931148000,27931155000,12288,0,0,2048,0,0,-512,0,0,10236,2044,5
1,256,-1,11,0,27931187000,27931191000,27931199000,12288,0,0,2048,0,0,-512,0,0,10236,2044,5
2,100,1,0,4,27931199000,27933963000,27933973000,12288,0,0,1536,0,0,0,0,0,10748,508,4
1,256,256,0,0,27933977000,27933985000,27933993000,12544,0,0,1540,0,0,252,0,0,10748,508,3
1,256,256,0,0,27934025000,27934032000,27934040000,12800,0,0,2048,0,0,-512,0,0,10748,508,5
1,256,-1,11,0,27934072000,27934076000,27934084000,12800,0,0,2048,0,0,-512,0,0,10748,508,5
2,100,1,0,4,27934085000,27936862000,27936871000,12800,0,0,1536,0,0,0,0,0,11260,1020,4
1,256,256,0,0,27936875000,27936883000,27936891000,13056,0,0,1540,0,0,252,0,0,11260,1020,3
1,256,256,0,0,27936923000,27936930000,27936938000,13312,0,0,2048,0,0,-512,0,0,11260,1020,5
1,256,-1,11,0,27936970000,27936974000,27936982000,13312,0,0,2048,0,0,-512,0,0,11260,1020,5
2,100,1,0,4,27936983000,27939762000,27939772000,13312,0,0,1536,0,0,0,0,0,11772,1532,4
1,256,256,0,0,27939775000,27939783000,27939791000,13568,0,0,1540,0,0,252,0,0,11772,1532,3
1,256,256,0,0,27939823000,27939830000,27939837000,13824,0,0,2048,0,0,-512,0,0,11772,1532,5
1,256,-1,11,0,27939870000,27939875000,27939882000,13824,0,0,2048,0,0,-512,0,0,11772,1532,5
2,100,1,0,4,27939883000,27942667000,27942680000,13824,0,0,1536,0,0,0,0,0,12284,2044,4
1,256,256,0,0,27942685000,27942696000,27942704000,14080,0,0,1540,0,0,252,0,0,12284,2044,3
1,256,256,0,0,27942737000,27942744000,27942752000,14336,0,0,2048,0,0,-512,0,0,12284,2044,5
1,256,-1,11,0,27942784000,27942789000,27942797000,14336,0,0,2048,0,0,-512,0,0,12284,2044,5
2,100,1,0,4,27942798000,27945565000,27945576000,14336,0,0,1536,0,0,0,0,0,12796,508,4
1,256,256,0,0,27945579000,27945588000,27945596000,14592,0,0,1540,0,0,252,0,0,12796,508,3
1,256,256,0,0,27945629000,27945636000,27945644000,14848,0,0,2048,0,0,-512,0,0,12796,508,5
1,256,-1,11,0,27945676000,27945681000,27945689000,14848,0,0,2048,0,0,-512,0,0,12796,508,5
2,100,1,0,4,27945690000,27948465000,27948475000,14848,0,0,1536,0,0,0,0,0,13308,1020,4
1,256,256,0,0,27948478000,27948486000,27948494000,15104,0,0,1540,0,0,252,0,0,13308,1020,3
1,256,256,0,0,27948527000,27948534000,27948542000,15360,0,0,2048,0,0,-512,0,0,13308,1020,5
1,256,-1,11,0,27948574000,27948579000,27948586000,15360,0,0,2048,0,0,-512,0,0,13308,1020,5
2,100,1,0,4,27948587000,27951366000,27951377000,15360,0,0,1536,0,0,0,0,0,13820,1532,4
1,256,256,0,0,27951381000,27951390000,27951398000,15616,0,0,1540,0,0,252,0,0,13820,1532,3
1,256,256,0,0,27951433000,27951439000,27951447000,15872,0,0,2048,0,0,-512,0,0,13820,1532,5
1,256,-1,11,0,27951479000,27951483000,27951491000,15872,0,0,2048,0,0,-512,0,0,13820,1532,5
2,100,1,0,4,27951492000,27954265000,27954276000,15872,0,0,1536,0,0,0,0,0,14332,2044,4
1,256,256,0,0,27954279000,27954288000,27954296000,16128,0,0,1540,0,0,252,0,0,14332,2044,3
1,256,256,0,0,27954329000,27954335000,27954343000,16384,0,0,2048,0,0,-512,0,0,14332,2044,5
1,256,-1,11,0,27954376000,27954380000,27954388000,16384,0,0,2048,0,0,-512,0,0,14332,2044,5
2,100,1,0,4,27954389000,27957164000,27957174000,16384,0,0,1536,0,0,0,0,0,14844,508,4
1,256,256,0,0,27957177000,27957186000,27957194000,16640,0,0,1540,0,0,252,0,0,14844,508,3
1,256,256,0,0,27957226000,27957233000,27957241000,16896,0,0,2048,0,0,-512,0,0,14844,508,5
1,256,-1,11,0,27957273000,27957277000,27957285000,16896,0,0,2048,0,0,-512,0,0,14844,508,5
2,100,1,0,4,27957286000,27961720000,27961739000,16896,0,0,1536,0,0,0,0,0,15356,1020,4
1,256,256,0,0,27961744000,27961761000,27961771000,17152,0,0,1540,0,0,252,0,0,15356,1020,3
1,256,256,0,0,27961805000,27961812000,27961821000,17408,0,0,2048,0,0,-512,0,0,15356,1020,5
1,256,-1,11,0,27961854000,27961859000,27961867000,17408,0,0,2048,0,0,-512,0,0,15356,1020,5
2,100,1,0,4,27961868000,27962977000,27962990000,17408,0,0,1536,0,0,0,0,0,15868,1532,4
1,256,256,0,0,27962993000,27963003000,27963012000,17664,0,0,1540,0,0,252,0,0,15868,1532,3
1,256,256,0,0,27963044000,27963052000,27963060000,17920,0,0,2048,0,0,-512,0,0,15868,1532,5
1,256,-1,11,0,27963092000,27963096000,27963104000,17920,0,0,2048,0,0,-512,0,0,15868,1532,5
2,100,1,0,4,27963105000,27965867000,27965879000,17920,0,0,1536,0,0,0,0,0,16380,2044,4
1,256,256,0,0,27965883000,27965892000,27965900000,18176,0,0,1540,0,0,252,0,0,16380,2044,3
1,256,256,0,0,27965932000,27965939000,27965947000,18432,0,0,2048,0,0,-512,0,0,16380,2044,5
1,256,-1,11,0,27965979000,27965983000,27965991000,18432,0,0,2048,0,0,-512,0,0,16380,2044,5
2,100,1,0,4,27965992000,27968764000,27968774000,18432,0,0,1536,0,0,0,0,0,16892,508,4
1,256,256,0,0,27968778000,27968786000,27968794000,18688,0,0,1540,0,0,252,0,0,16892,508,3
1,256,256,0,0,27968827000,27968833000,27968841000,18944,0,0,2048,0,0,-512,0,0,16892,508,5
1,256,-1,11,0,27968873000,27968878000,27968885000,18944,0,0,2048,0,0,-512,0,0,16892,508,5
2,100,1,0,4,27968886000,27971672000,27971685000,18944,0,0,1536,0,0,0,0,0,17404,1020,4
1,256,256,0,0,27971689000,27971701000,27971709000,19200,0,0,1540,0,0,252,0,0,17404,1020,3
1,256,256,0,0,27971743000,27971749000,27971758000,19456,0,0,2048,0,0,-512,0,0,17404,1020,5
1,256,-1,11,0,27971790000,27971795000,27971802000,19456,0,0,2048,0,0,-512,0,0,17404,1020,5
2,100,1,0,4,27971803000,27974570000,27974581000,19456,0,0,1536,0,0,0,0,0,17916,1532,4
1,256,256,0,0,27974584000,27974594000,27974602000,19712,0,0,1540,0,0,252,0,0,17916,1532,3
1,256,256,0,0,27974635000,27974641000,27974649000,19968,0,0,2048,0,0,-512,0,0,17916,1532,5
1,256,-1,11,0,27974682000,27974686000,27974694000,19968,0,0,2048,0,0,-512,0,0,17916,1532,5
2,100,1,0,4,27974695000,27977466000,27977476000,19968,0,0,1536,0,0,0,0,0,18428,2044,4
1,256,256,0,0,27977480000,27977488000,27977496000,20224,0,0,1540,0,0,252,0,0,18428,2044,3
1,256,256,0,0,27977529000,27977536000,27977543000,20480,0,0,2048,0,0,-512,0,0,18428,2044,5
1,256,-1,11,0,27977576000,27977580000,27977588000,20480,0,0,2048,0,0,-512,0,0,18428,2044,5
2,100,1,0,4,27977589000,27980373000,27980384000,20480,0,0,1536,0,0,0,0,0,18940,508,4
1,256,256,0,0,27980388000,27980396000,27980404000,20736,0,0,1540,0,0,252,0,0,18940,508,3
1,256,256,0,0,27980437000,27980444000,27980451000,20992,0,0,2048,0,0,-512,0,0,18940,508,5
1,256,-1,11,0,27980484000,27980488000,27980496000,20992,0,0,2048,0,0,-512,0,0,18940,508,5
2,100,1,0,4,27980496000,27983266000,27983277000,20992,0,0,1536,0,0,0,0,0,19452,1020,4
1,256,256,0,0,27983281000,27983289000,27983297000,21248,0,0,1540,0,0,252,0,0,19452,1020,3
1,256,256,0,0,27983330000,27983337000,27983345000,21504,0,0,2048,0,0,-512,0,0,19452,1020,5
1,256,-1,11,0,27983377000,27983381000,27983389000,21504,0,0,2048,0,0,-512,0,0,19452,1020,5
2,100,1,0,4,27983390000,27986168000,27986178000,21504,0,0,1536,0,0,0,0,0,19964,1532,4
1,256,256,0,0,27986181000,27986189000,27986197000,21760,0,0,1540,0,0,252,0,0,19964,1532,3
1,256,256,0,0,27986231000,27986237000,27986245000,22016,0,0,2048,0,0,-512,0,0,19964,1532,5
1,256,-1,11,0,27986277000,27986282000,27986290000,22016,0,0,2048,0,0,-512,0,0,19964,1532,5
2,100,1,0,4,27986291000,27989066000,27989076000,22016,0,0,1536,0,0,0,0,0,20476,2044,4
1,256,256,0,0,27989079000,27989087000,27989095000,22272,0,0,1540,0,0,252,0,0,20476,2044,3
1,256,256,0,0,27989128000,27989134000,27989142000,22528,0,0,2048,0,0,-512,0,0,20476,2044,5
1,256,-1,11,0,27989175000,27989179000,27989186000,22528,0,0,2048,0,0,-512,0,0,20476,2044,5
2,100,1,0,4,27989187000,27991974000,27991985000,22528,0,0,1536,0,0,0,0,0,20988,508,4
1,256,256,0,0,27991989000,27991997000,27992005000,22784,0,0,1540,0,0,252,0,0,20988,508,3
1,256,256,0,0,27992038000,27992045000,27992053000,23040,0,0,2048,0,0,-512,0,0,20988,508,5
1,256,-1,11,0,27992086000,27992090000,27992098000,23040,0,0,2048,0,0,-512,0,0,20988,508,5
2,100,1,0,4,27992098000,27994866000,27994876000,23040,0,0,1536,0,0,0,0,0,21500,1020,4
1,256,256,0,0,27994880000,27994888000,27994896000,23296,0,0,1540,0,0,252,0,0,21500,1020,3
1,256,256,0,0,27994929000,27994935000,27994943000,23552,0,0,2048,0,0,-512,0,0,21500,1020,5
1,256,-1,11,0,27994976000,27994981000,27994988000,23552,0,0,2048,0,0,-512,0,0,21500,1020,5
2,100,1,0,4,27994989000,27997764000,27997774000,23552,0,0,1536,0,0,0,0,0,22012,1532,4
1,256,256,0,0,27997777000,27997785000,27997793000,23808,0,0,1540,0,0,252,0,0,22012,1532,3
1,256,256,0,0,27997826000,27997833000,27997841000,24064,0,0,2048,0,0,-512,0,0,22012,1532,5
1,256,-1,11,0,27997874000,27997878000,27997886000,24064,0,0,2048,0,0,-512,0,0,22012,1532,5
2,100,1,0,4,27997887000,28000669000,28000683000,24064,0,0,1536,0,0,0,0,0,22524,2044,4
1,256,256,0,0,28000687000,28000696000,28000705000,24320,0,0,1540,0,0,252,0,0,22524,2044,3
1,256,256,0,0,28000740000,28000747000,28000755000,24576,0,0,2048,0,0,-512,0,0,22524,2044,5
1,256,-1,11,0,28000789000,28000793000,28000801000,24576,0,0,2048,0,0,-512,0,0,22524,2044,5
2,100,1,0,4,28000802000,28003568000,28003579000,24576,0,0,1536,0,0,0,0,0,23036,508,4
1,256,256,0,0,28003583000,28003592000,28003601000,24832,0,0,1540,0,0,252,0,0,23036,508,3
1,256,256,0,0,28003635000,28003642000,28003650000,25088,0,0,2048,0,0,-512,0,0,23036,508,5
1,256,-1,11,0,28003682000,28003687000,28003695000,25088,0,0,2048,0,0,-512,0,0,23036,508,5
2,100,1,0,4,28003696000,28006466000,28006476000,25088,0,0,1536,0,0,0,0,0,23548,1020,4
1,256,256,0,0,28006480000,28006488000,28006496000,25344,0,0,1540,0,0,252,0,0,23548,1020,3
1,256,256,0,0,28006530000,28006536000,28006544000,25600,0,0,2048,0,0,-512,0,0,23548,1020,5
1,256,-1,11,0,28006576000,28006580000,28006588000,25600,0,0,2048,0,0,-512,0,0,23548,1020,5
2,100,1,0,4,28006589000,28009366000,28009377000,25600,0,0,1536,0,0,0,0,0,24060,1532,4
1,256,256,0,0,28009380000,28009389000,28009397000,25856,0,0,1540,0,0,252,0,0,24060,1532,3
1,256,256,0,0,28009429000,28009436000,28009444000,26112,0,0,2048,0,0,-512,0,0,24060,1532,5
1,256,-1,11,0,28009477000,28009481000,28009489000,26112,0,0,2048,0,0,-512,0,0,24060,1532,5
2,100,1,0,4,28009490000,28012272000,28012283000,26112,0,0,1536,0,0,0,0,0,24572,2044,4
1,256,256,0,0,28012287000,28012296000,28012303000,26368,0,0,1540,0,0,252,0,0,24572,2044,3
1,256,256,0,0,28012337000,28012343000,28012351000,26624,0,0,2048,0,0,-512,0,0,24572,2044,5
1,256,-1,11,0,28012384000,28012389000,28012396000,26624,0,0,2048,0,0,-512,0,0,24572,2044,5
2,100,1,0,4,28012397000,28015166000,28015177000,26624,0,0,1536,0,0,0,0,0,25084,508,4
1,256,256,0,0,28015180000,28015188000,28015196000,26880,0,0,1540,0,0,252,0,0,25084,508,3
1,256,256,0,0,28015229000,28015235000,28015243000,27136,0,0,2048,0,0,-512,0,0,25084,508,5
1,256,-1,11,0,28015276000,28015280000,28015288000,27136,0,0,2048,0,0,-512,0,0,25084,508,5
2,100,1,0,4,28015289000,28018065000,28018075000,27136,0,0,1536,0,0,0,0,0,25596,1020,4
1,256,256,0,0,28018079000,28018086000,28018094000,27392,0,0,1540,0,0,252,0,0,25596,1020,3
1,256,256,0,0,28018128000,28018134000,28018142000,27648,0,0,2048,0,0,-512,0,0,25596,1020,5
1,256,-1,11,0,28018175000,28018179000,28018187000,27648,0,0,2048,0,0,-512,0,0,25596,1020,5
2,100,1,0,4,28018188000,28020970000,28020981000,27648,0,0,1536,0,0,0,0,0,26108,1532,4
1,256,256,0,0,28020984000,28020992000,28021000000,27904,0,0,1540,0,0,252,0,0,26108,1532,3
1,256,256,0,0,28021034000,28021041000,28021049000,28160,0,0,2048,0,0,-512,0,0,26108,1532,5
1,256,-1,11,0,28021080000,28021085000,28021092000,28160,0,0,2048,0,0,-512,0,0,26108,1532,5
2,100,1,0,4,28021093000,28023865000,28023875000,28160,0,0,1536,0,0,0,0,0,26620,2044,4
1,256,256,0,0,28023878000,28023886000,28023894000,28416,0,0,1540,0,0,252,0,0,26620,2044,3
1,256,256,0,0,28023927000,28023934000,28023942000,28672,0,0,2048,0,0,-512,0,0,26620,2044,5
1,256,-1,11,0,28023974000,28023978000,28023986000,28672,0,0,2048,0,0,-512,0,0,26620,2044,5
2,100,1,0,4,28023987000,28026764000,28026773000,28672,0,0,1536,0,0,0,0,0,27132,508,4
1,256,256,0,0,28026777000,28026786000,28026794000,28928,0,0,1540,0,0,252,0,0,27132,508,3
1,256,256,0,0,28026827000,28026834000,28026842000,29184,0,0,2048,0,0,-512,0,0,27132,508,5
1,256,-1,11,0,28026874000,28026878000,28026886000,29184,0,0,2048,0,0,-512,0,0,27132,508,5
2,100,1,0,4,28026887000,28029664000,28029674000,29184,0,0,1536,0,0,0,0,0,27644,1020,4
1,256,256,0,0,28029678000,28029685000,28029693000,29440,0,0,1540,0,0,252,0,0,27644,1020,3
1,256,256,0,0,28029726000,28029733000,28029740000,29696,0,0,2048,0,0,-512,0,0,27644,1020,5
1,256,-1,11,0,28029774000,28029778000,28029786000,29696,0,0,2048,0,0,-512,0,0,27644,1020,5
2,100,1,0,4,28029787000,28032575000,28032591000,29696,0,0,1536,0,0,0,0,0,28156,1532,4
1,256,256,0,0,28032596000,28032608000,28032617000,29952,0,0,1540,0,0,252,0,0,28156,1532,3
1,256,256,0,0,28032650000,28032658000,28032666000,30208,0,0,2048,0,0,-512,0,0,28156,1532,5
1,256,-1,11,0,28032699000,28032704000,28032712000,30208,0,0,2048,0,0,-512,0,0,28156,1532,5
2,100,1,0,4,28032713000,28035471000,28035483000,30208,0,0,1536,0,0,0,0,0,28668,2044,4
1,256,256,0,0,28035487000,28035496000,28035504000,30464,0,0,1540,0,0,252,0,0,28668,2044,3
1,256,256,0,0,28035538000,28035545000,28035553000,30720,0,0,2048,0,0,-512,0,0,28668,2044,5
1,256,-1,11,0,28035586000,28035590000,28035598000,30720,0,0,2048,0,0,-512,0,0,28668,2044,5
2,100,1,0,4,28035599000,28038367000,28038377000,30720,0,0,1536,0,0,0,0,0,29180,508,4
1,256,256,0,0,28038381000,28038389000,28038397000,30976,0,0,1540,0,0,252,0,0,29180,508,3
1,256,256,0,0,28038431000,28038438000,28038446000,31232,0,0,2048,0,0,-512,0,0,29180,508,5
1,256,-1,11,0,28038479000,28038483000,28038491000,31232,0,0,2048,0,0,-512,0,0,29180,508,5
2,100,1,0,4,28038492000,28041276000,28041286000,31232,0,0,1536,0,0,0,0,0,29692,1020,4
1,256,256,0,0,28041290000,28041299000,28041307000,31488,0,0,1540,0,0,252,0,0,29692,1020,3
1,256,256,0,0,28041342000,28041349000,28041357000,31744,0,0,2048,0,0,-512,0,0,29692,1020,5
1,256,-1,11,0,28041389000,28041393000,28041401000,31744,0,0,2048,0,0,-512,0,0,29692,1020,5
2,100,1,0,4,28041402000,28044168000,28044179000,31744,0,0,1536,0,0,0,0,0,30204,1532,4
1,256,256,0,0,28044183000,28044192000,28044200000,32000,0,0,1540,0,0,252,0,0,30204,1532,3
1,256,256,0,0,28044234000,28044241000,28044249000,32256,0,0,2048,0,0,-512,0,0,30204,1532,5
1,256,-1,11,0,28044281000,28044285000,28044293000,32256,0,0,2048,0,0,-512,0,0,30204,1532,5
2,100,1,0,4,28044294000,28047066000,28047076000,32256,0,0,1536,0,0,0,0,0,30716,2044,4
1,256,256,0,0,28047080000,28047088000,28047096000,32512,0,0,1540,0,0,252,0,0,30716,2044,3
1,256,256,0,0,28047129000,28047136000,28047144000,32768,0,0,2048,0,0,-512,0,0,30716,2044,5
1,256,-1,11,0,28047176000,28047181000,28047188000,32768,0,0,2048,0,0,-512,0,0,30716,2044,5
2,100,1,0,4,28047189000,28049966000,28049976000,32768,0,0,1536,0,0,0,0,0,31228,508,4
1,256,256,0,0,28049980000,28049988000,28049996000,33024,0,0,1540,0,0,252,0,0,31228,508,3
1,256,256,0,0,28050048000,28050058000,28050067000,33280,0,0,2048,0,0,-512,0,0,31228,508,5
1,256,-1,11,0,28050100000,28050105000,28050113000,33280,0,0,2048,0,0,-512,0,0,31228,508,5
2,100,1,0,4,28050114000,28052869000,28052879000,33280,0,0,1536,0,0,0,0,0,31740,1020,4
1,256,256,0,0,28052882000,28052891000,28052899000,33536,0,0,1540,0,0,252,0,0,31740,1020,3
1,256,256,0,0,28052932000,28052938000,28052947000,33792,0,0,2048,0,0,-512,0,0,31740,1020,5
1,256,-1,11,0,28052979000,28052984000,28052991000,33792,0,0,2048,0,0,-512,0,0,31740,1020,5
2,100,1,0,4,28052992000,28055766000,28055777000,33792,0,0,1536,0,0,0,0,0,32252,1532,4
1,256,256,0,0,28055780000,28055788000,28055796000,34048,0,0,1540,0,0,252,0,0,32252,1532,3
1,256,256,0,0,28055830000,28055837000,28055845000,34304,0,0,2048,0,0,-512,0,0,32252,1532,5
1,256,-1,11,0,28055877000,28055881000,28055889000,34304,0,0,2048,0,0,-512,0,0,32252,1532,5
2,100,1,0,4,28055890000,28058665000,28058674000,34304,0,0,1536,0,0,0,0,0,32764,2044,4
1,256,256,0,0,28058678000,28058686000,28058694000,34560,0,0,1540,0,0,252,0,0,32764,2044,3
1,256,256,0,0,28058727000,28058734000,28058742000,34816,0,0,2048,0,0,-512,0,0,32764,2044,5
1,256,-1,11,0,28058775000,28058779000,28058787000,34816,0,0,2048,0,0,-512,0,0,32764,2044,5
2,100,1,0,4,28058788000,28061571000,28061586000,34816,0,0,1536,0,0,0,0,0,33276,508,4
1,256,256,0,0,28061590000,28061603000,28061612000,35072,0,0,1540,0,0,252,0,0,33276,508,3
1,256,256,0,0,28061646000,28061653000,28061662000,35328,0,0,2048,0,0,-512,0,0,33276,508,5
1,256,-1,11,0,28061694000,28061699000,28061707000,35328,0,0,2048,0,0,-512,0,0,33276,508,5
2,100,1,0,4,28061708000,28064469000,28064480000,35328,0,0,1536,0,0,0,0,0,33788,1020,4
1,256,256,0,0,28064484000,28064493000,28064501000,35584,0,0,1540,0,0,252,0,0,33788,1020,3
1,256,256,0,0,28064534000,28064541000,28064549000,35840,0,0,2048,0,0,-512,0,0,33788,1020,5
1,256,-1,11,0,28064583000,28064587000,28064594000,35840,0,0,2048,0,0,-512,0,0,33788,1020,5
2,100,1,0,4,28064595000,28067368000,28067379000,35840,0,0,1536,0,0,0,0,0,34300,1532,4
1,256,256,0,0,28067383000,28067391000,28067399000,36096,0,0,1540,0,0,252,0,0,34300,1532,3
1,256,256,0,0,28067432000,28067439000,28067446000,36352,0,0,2048,0,0,-512,0,0,34300,1532,5
1,256,-1,11,0,28067479000,28067484000,28067491000,36352,0,0,2048,0,0,-512,0,0,34300,1532,5
2,100,1,0,4,28067492000,28070275000,28070285000,36352,0,0,1536,0,0,0,0,0,34812,2044,4
1,256,256,0,0,28070289000,28070297000,28070305000,36608,0,0,1540,0,0,252,0,0,34812,2044,3
1,256,256,0,0,28070338000,28070345000,28070353000,36864,0,0,2048,0,0,-512,0,0,34812,2044,5
1,256,-1,11,0,28070385000,28070390000,28070398000,36864,0,0,2048,0,0,-512,0,0,34812,2044,5
2,100,1,0,4,28070399000,28073167000,28073178000,36864,0,0,1536,0,0,0,0,0,35324,508,4
1,256,256,0,0,28073181000,28073190000,28073198000,37120,0,0,1540,0,0,252,0,0,35324,508,3
1,256,256,0,0,28073231000,28073238000,28073246000,37376,0,0,2048,0,0,-512,0,0,35324,508,5
1,256,-1,11,0,28073278000,28073283000,28073291000,37376,0,0,2048,0,0,-512,0,0,35324,508,5
2,100,1,0,4,28073292000,28076067000,28076078000,37376,0,0,1536,0,0,0,0,0,35836,1020,4
1,256,256,0,0,28076081000,28076089000,28076097000,37632,0,0,1540,0,0,252,0,0,35836,1020,3
1,256,256,0,0,28076131000,28076138000,28076146000,37888,0,0,2048,0,0,-512,0,0,35836,1020,5
1,256,-1,11,0,28076178000,28076183000,28076190000,37888,0,0,2048,0,0,-512,0,0,35836,1020,5
2,100,1,0,4,28076191000,28078968000,28078978000,37888,0,0,1536,0,0,0,0,0,36348,1532,4
1,256,256,0,0,28078981000,28078989000,28078997000,38144,0,0,1540,0,0,252,0,0,36348,1532,3
1,256,256,0,0,28079031000,28079037000,28079045000,38400,0,0,2048,0,0,-512,0,0,36348,1532,5
1,256,-1,11,0,28079078000,28079082000,28079089000,38400,0,0,2048,0,0,-512,0,0,36348,1532,5
2,100,1,0,4,28079090000,28081874000,28081884000,38400,0,0,1536,0,0,0,0,0,36860,2044,4
1,256,256,0,0,28081888000,28081896000,28081904000,38656,0,0,1540,0,0,252,0,0,36860,2044,3
1,256,256,0,0,28081937000,28081944000,28081951000,38912,0,0,2048,0,0,-512,0,0,36860,2044,5
1,256,-1,11,0,28081985000,28081989000,28081996000,38912,0,0,2048,0,0,-512,0,0,36860,2044,5
2,100,1,0,4,28081997000,28084767000,28084777000,38912,0,0,1536,0,0,0,0,0,37372,508,4
1,256,256,0,0,28084780000,28084788000,28084796000,39168,0,0,1540,0,0,252,0,0,37372,508,3
1,256,256,0,0,28084829000,28084836000,28084843000,39424,0,0,2048,0,0,-512,0,0,37372,508,5
1,256,-1,11,0,28084877000,28084881000,28084888000,39424,0,0,2048,0,0,-512,0,0,37372,508,5
2,100,1,0,4,28084889000,28087665000,28087675000,39424,0,0,1536,0,0,0,0,0,37884,1020,4
1,256,256,0,0,28087679000,28087687000,28087695000,39680,0,0,1540,0,0,252,0,0,37884,1020,3
1,256,256,0,0,28087727000,28087734000,28087741000,39936,0,0,2048,0,0,-512,0,0,37884,1020,5
1,256,-1,11,0,28087774000,28087778000,28087786000,39936,0,0,2048,0,0,-512,0,0,37884,1020,5
2,100,1,0,4,28087787000,28090571000,28090583000,39936,0,0,1536,0,0,0,0,0,38396,1532,4
1,256,256,0,0,28090588000,28090599000,28090608000,40192,0,0,1540,0,0,252,0,0,38396,1532,3
1,256,256,0,0,28090642000,28090649000,28090658000,40448,0,0,2048,0,0,-512,0,0,38396,1532,5
1,256,-1,11,0,28090691000,28090695000,28090703000,40448,0,0,2048,0,0,-512,0,0,38396,1532,5
2,100,1,0,4,28090704000,28093471000,28093482000,40448,0,0,1536,0,0,0,0,0,38908,2044,4
1,256,256,0,0,28093486000,28093495000,28093502000,40704,0,0,1540,0,0,252,0,0,38908,2044,3
1,256,256,0,0,28093536000,28093542000,28093550000,40960,0,0,2048,0,0,-512,0,0,38908,2044,5
1,256,-1,11,0,28093583000,28093587000,28093595000,40960,0,0,2048,0,0,-512,0,0,38908,2044,5
2,100,1,0,4,28093596000,28096369000,28096379000,40960,0,0,1536,0,0,0,0,0,39420,508,4
1,256,256,0,0,28096383000,28096391000,28096399000,41216,0,0,1540,0,0,252,0,0,39420,508,3
1,256,256,0,0,28096433000,28096439000,28096447000,41472,0,0,2048,0,0,-512,0,0,39420,508,5
1,256,-1,11,0,28096480000,28096484000,28096492000,41472,0,0,2048,0,0,-512,0,0,39420,508,5
2,100,1,0,4,28096493000,28099268000,28099278000,41472,0,0,1536,0,0,0,0,0,39932,1020,4
1,256,256,0,0,28099282000,28099290000,28099298000,41728,0,0,1540,0,0,252,0,0,39932,1020,3
1,256,256,0,0,28099331000,28099338000,28099346000,41984,0,0,2048,0,0,-512,0,0,39932,1020,5
1,256,-1,11,0,28099380000,28099384000,28099392000,41984,0,0,2048,0,0,-512,0,0,39932,1020,5
2,100,1,0,4,28099392000,28102176000,28102187000,41984,0,0,1536,0,0,0,0,0,40444,1532,4
1,256,256,0,0,28102190000,28102198000,28102206000,42240,0,0,1540,0,0,252,0,0,40444,1532,3
1,256,256,0,0,28102240000,28102246000,28102254000,42496,0,0,2048,0,0,-512,0,0,40444,1532,5
1,256,-1,11,0,28102288000,28102292000,28102300000,42496,0,0,2048,0,0,-512,0,0,40444,1532,5
2,100,1,0,4,28102301000,28105069000,28105080000,42496,0,0,1536,0,0,0,0,0,40956,2044,4
1,256,256,0,0,28105083000,28105092000,28105100000,42752,0,0,1540,0,0,252,0,0,40956,2044,3
1,256,256,0,0,28105133000,28105140000,28105148000,43008,0,0,2048,0,0,-512,0,0,40956,2044,5
1,256,-1,11,0,28105181000,28105186000,28105193000,43008,0,0,2048,0,0,-512,0,0,40956,2044,5
2,100,1,0,4,28105194000,28107969000,28107979000,43008,0,0,1536,0,0,0,0,0,41468,508,4
1,256,256,0,0,28107983000,28107991000,28107999000,43264,0,0,1540,0,0,252,0,0,41468,508,3
1,256,256,0,0,28108033000,28108039000,28108047000,43520,0,0,2048,0,0,-512,0,0,41468,508,5
1,256,-1,11,0,28108080000,28108084000,28108092000,43520,0,0,2048,0,0,-512,0,0,41468,508,5
2,100,1,0,4,28108093000,28110872000,28110883000,43520,0,0,1536,0,0,0,0,0,41980,1020,4
1,256,256,0,0,28110887000,28110895000,28110903000,43776,0,0,1540,0,0,252,0,0,41980,1020,3
1,256,256,0,0,28110938000,28110944000,28110952000,44032,0,0,2048,0,0,-512,0,0,41980,1020,5
1,256,-1,11,0,28110985000,28110989000,28110997000,44032,0,0,2048,0,0,-512,0,0,41980,1020,5
2,100,1,0,4,28110998000,28113767000,28113777000,44032,0,0,1536,0,0,0,0,0,42492,1532,4
1,256,256,0,0,28113781000,28113789000,28113797000,44288,0,0,1540,0,0,252,0,0,42492,1532,3
1,256,256,0,0,28113831000,28113838000,28113846000,44544,0,0,2048,0,0,-512,0,0,42492,1532,5
1,256,-1,11,0,28113878000,28113883000,28113890000,44544,0,0,2048,0,0,-512,0,0,42492,1532,5
2,100,1,0,4,28113891000,28116666000,28116677000,44544,0,0,1536,0,0,0,0,0,43004,2044,4
1,256,256,0,0,28116681000,28116689000,28116696000,44800,0,0,1540,0,0,252,0,0,43004,2044,3
1,256,256,0,0,28116730000,28116736000,28116744000,45056,0,0,2048,0,0,-512,0,0,43004,2044,5
1,256,-1,11,0,28116778000,28116782000,28116790000,45056,0,0,2048,0,0,-512,0,0,43004,2044,5
2,100,1,0,4,28116791000,28119566000,28119576000,45056,0,0,1536,0,0,0,0,0,43516,508,4
1,256,256,0,0,28119580000,28119587000,28119595000,45312,0,0,1540,0,0,252,0,0,43516,508,3
1,256,256,0,0,28119628000,28119635000,28119643000,45568,0,0,2048,0,0,-512,0,0,43516,508,5
1,256,-1,11,0,28119677000,28119681000,28119689000,45568,0,0,2048,0,0,-512,0,0,43516,508,5
2,100,1,0,4,28119690000,28122471000,28122483000,45568,0,0,1536,0,0,0,0,0,44028,1020,4
1,256,256,0,0,28122487000,28122498000,28122506000,45824,0,0,1540,0,0,252,0,0,44028,1020,3
1,256,256,0,0,28122540000,28122547000,28122556000,46080,0,0,2048,0,0,-512,0,0,44028,1020,5
1,256,-1,11,0,28122589000,28122593000,28122601000,46080,0,0,2048,0,0,-512,0,0,44028,1020,5
2,100,1,0,4,28122602000,28125369000,28125380000,46080,0,0,1536,0,0,0,0,0,44540,1532,4
1,256,256,0,0,28125383000,28125391000,28125399000,46336,0,0,1540,0,0,252,0,0,44540,1532,3
1,256,256,0,0,28125433000,28125439000,28125447000,46592,0,0,2048,0,0,-512,0,0,44540,1532,5
1,256,-1,11,0,28125480000,28125484000,28125492000,46592,0,0,2048,0,0,-512,0,0,44540,1532,5
2,100,1,0,4,28125493000,28128269000,28128279000,46592,0,0,1536,0,0,0,0,0,45052,2044,4
1,256,256,0,0,28128283000,28128291000,28128299000,46848,0,0,1540,0,0,252,0,0,45052,2044,3
1,256,256,0,0,28128333000,28128340000,28128348000,47104,0,0,2048,0,0,-512,0,0,45052,2044,5
1,256,-1,11,0,28128381000,28128385000,28128393000,47104,0,0,2048,0,0,-512,0,0,45052,2044,5
2,100,1,0,4,28128394000,28131176000,28131186000,47104,0,0,1536,0,0,0,0,0,45564,508,4
1,256,256,0,0,28131190000,28131198000,28131206000,47360,0,0,1540,0,0,252,0,0,45564,508,3
1,256,256,0,0,28131241000,28131248000,28131256000,47616,0,0,2048,0,0,-512,0,0,45564,508,5
1,256,-1,11,0,28131289000,28131293000,28131301000,47616,0,0,2048,0,0,-512,0,0,45564,508,5
2,100,1,0,4,28131302000,28134068000,28134078000,47616,0,0,1536,0,0,0,0,0,46076,1020,4
1,256,256,0,0,28134082000,28134090000,28134098000,47872,0,0,1540,0,0,252,0,0,46076,1020,3
1,256,256,0,0,28134132000,28134138000,28134146000,48128,0,0,2048,0,0,-512,0,0,46076,1020,5
1,256,-1,11,0,28134180000,28134184000,28134192000,48128,0,0,2048,0,0,-512,0,0,46076,1020,5
2,100,1,0,4,28134193000,28136967000,28136977000,48128,0,0,1536,0,0,0,0,0,46588,1532,4
1,256,256,0,0,28136980000,28136988000,28136996000,48384,0,0,1540,0,0,252,0,0,46588,1532,3
1,256,256,0,0,28137031000,28137037000,28137046000,48640,0,0,2048,0,0,-512,0,0,46588,1532,5
1,256,-1,11,0,28137080000,28137084000,28137092000,48640,0,0,2048,0,0,-512,0,0,46588,1532,5
2,100,1,0,4,28137093000,28139867000,28139877000,48640,0,0,1536,0,0,0,0,0,47100,2044,4
1,256,256,0,0,28139881000,28139889000,28139896000,48896,0,0,1540,0,0,252,0,0,47100,2044,3
1,256,256,0,0,28139930000,28139937000,28139945000,49152,0,0,2048,0,0,-512,0,0,47100,2044,5
1,256,-1,11,0,28139979000,28139984000,28139991000,49152,0,0,2048,0,0,-512,0,0,47100,2044,5
2,100,1,0,4,28139992000,28142775000,28142788000,49152,0,0,1536,0,0,0,0,0,47612,508,4
1,256,256,0,0,28142791000,28142803000,28142811000,49408,0,0,1540,0,0,252,0,0,47612,508,3
1,256,256,0,0,28142845000,28142852000,28142860000,49664,0,0,2048,0,0,-512,0,0,47612,508,5
1,256,-1,11,0,28142893000,28142897000,28142905000,49664,0,0,2048,0,0,-512,0,0,47612,508,5
2,100,1,0,4,28142906000,28145669000,28145680000,49664,0,0,1536,0,0,0,0,0,48124,1020,4
1,256,256,0,0,28145684000,28145693000,28145701000,49920,0,0,1540,0,0,252,0,0,48124,1020,3
1,256,256,0,0,28145734000,28145740000,28145749000,50176,0,0,2048,0,0,-512,0,0,48124,1020,5
1,256,-1,11,0,28145782000,28145786000,28145793000,50176,0,0,2048,0,0,-512,0,0,48124,1020,5
2,100,1,0,4,28145794000,28148569000,28148579000,50176,0,0,1536,0,0,0,0,0,48636,1532,4
1,256,256,0,0,28148583000,28148591000,28148599000,50432,0,0,1540,0,0,252,0,0,48636,1532,3
1,256,256,0,0,28148633000,28148640000,28148648000,50688,0,0,2048,0,0,-512,0,0,48636,1532,5
1,256,-1,11,0,28148681000,28148685000,28148692000,50688,0,0,2048,0,0,-512,0,0,48636,1532,5
2,100,1,0,4,28148693000,28151471000,28151483000,50688,0,0,1536,0,0,0,0,0,49148,2044,4
1,256,256,0,0,28151487000,28151498000,28151506000,50944,0,0,1540,0,0,252,0,0,49148,2044,3
1,256,256,0,0,28151541000,28151548000,28151556000,51200,0,0,2048,0,0,-512,0,0,49148,2044,5
1,256,-1,11,0,28151590000,28151594000,28151602000,51200,0,0,2048,0,0,-512,0,0,49148,2044,5
2,100,1,0,4,28151602000,28154370000,28154381000,51200,0,0,1536,0,0,0,0,0,49660,508,4
1,256,256,0,0,28154384000,28154393000,28154401000,51456,0,0,1540,0,0,252,0,0,49660,508,3
1,256,256,0,0,28154434000,28154441000,28154449000,51712,0,0,2048,0,0,-512,0,0,49660,508,5
1,256,-1,11,0,28154482000,28154487000,28154494000,51712,0,0,2048,0,0,-512,0,0,49660,508,5
2,100,1,0,4,28154495000,28157268000,28157278000,51712,0,0,1536,0,0,0,0,0,50172,1020,4
1,256,256,0,0,28157282000,28157290000,28157298000,51968,0,0,1540,0,0,252,0,0,50172,1020,3
1,256,256,0,0,28157331000,28157338000,28157346000,52224,0,0,2048,0,0,-512,0,0,50172,1020,5
1,256,-1,11,0,28157380000,28157384000,28157392000,52224,0,0,2048,0,0,-512,0,0,50172,1020,5
2,100,1,0,4,28157393000,28160175000,28160187000,52224,0,0,1536,0,0,0,0,0,50684,1532,4
1,256,256,0,0,28160191000,28160200000,28160208000,52480,0,0,1540,0,0,252,0,0,50684,1532,3
1,256,256,0,0,28160242000,28160249000,28160257000,52736,0,0,2048,0,0,-512,0,0,50684,1532,5
1,256,-1,11,0,28160290000,28160295000,28160303000,52736,0,0,2048,0,0,-512,0,0,50684,1532,5
2,100,1,0,4,28160304000,28163071000,28163081000,52736,0,0,1536,0,0,0,0,0,51196,2044,4
1,256,256,0,0,28163085000,28163093000,28163101000,52992,0,0,1540,0,0,252,0,0,51196,2044,3
1,256,256,0,0,28163135000,28163142000,28163150000,53248,0,0,2048,0,0,-512,0,0,51196,2044,5
1,256,-1,11,0,28163183000,28163187000,28163194000,53248,0,0,2048,0,0,-512,0,0,51196,2044,5
2,100,1,0,4,28163195000,28165969000,28165979000,53248,0,0,1536,0,0,0,0,0,51708,508,4
1,256,256,0,0,28165983000,28165991000,28165998000,53504,0,0,1540,0,0,252,0,0,51708,508,3
1,256,256,0,0,28166032000,28166039000,28166047000,53760,0,0,2048,0,0,-512,0,0,51708,508,5
1,256,-1,11,0,28166080000,28166084000,28166092000,53760,0,0,2048,0,0,-512,0,0,51708,508,5
2,100,1,0,4,28166093000,28168868000,28168878000,53760,0,0,1536,0,0,0,0,0,52220,1020,4
1,256,256,0,0,28168881000,28168889000,28168897000,54016,0,0,1540,0,0,252,0,0,52220,1020,3
1,256,256,0,0,28168932000,28168939000,28168946000,54272,0,0,2048,0,0,-512,0,0,52220,1020,5
1,256,-1,11,0,28168980000,28168984000,28168991000,54272,0,0,2048,0,0,-512,0,0,52220,1020,5
2,100,1,0,4,28168992000,28171789000,28171806000,54272,0,0,1536,0,0,0,0,0,52732,1532,4
1,256,256,0,0,28171811000,28171827000,28171835000,54528,0,0,1540,0,0,252,0,0,52732,1532,3
1,256,256,0,0,28171871000,28171878000,28171886000,54784,0,0,2048,0,0,-512,0,0,52732,1532,5
1,256,-1,11,0,28171920000,28171924000,28171932000,54784,0,0,2048,0,0,-512,0,0,52732,1532,5
2,100,1,0,4,28171933000,28174675000,28174687000,54784,0,0,1536,0,0,0,0,0,53244,2044,4
1,256,256,0,0,28174691000,28174701000,28174709000,55040,0,0,1540,0,0,252,0,0,53244,2044,3
1,256,256,0,0,28174743000,28174750000,28174758000,55296,0,0,2048,0,0,-512,0,0,53244,2044,5
1,256,-1,11,0,28174792000,28174796000,28174804000,55296,0,0,2048,0,0,-512,0,0,53244,2044,5
2,100,1,0,4,28174805000,28177570000,28177581000,55296,0,0,1536,0,0,0,0,0,53756,508,4
1,256,256,0,0,28177584000,28177593000,28177601000,55552,0,0,1540,0,0,252,0,0,53756,508,3
1,256,256,0,0,28177636000,28177643000,28177651000,55808,0,0,2048,0,0,-512,0,0,53756,508,5
1,256,-1,11,0,28177685000,28177690000,28177697000,55808,0,0,2048,0,0,-512,0,0,53756,508,5
2,100,1,0,4,28177698000,28180476000,28180491000,55808,0,0,1536,0,0,0,0,0,54268,1020,4
1,256,256,0,0,28180495000,28180507000,28180515000,56064,0,0,1540,0,0,252,0,0,54268,1020,3
1,256,256,0,0,28180550000,28180557000,28180565000,56320,0,0,2048,0,0,-512,0,0,54268,1020,5
1,256,-1,11,0,28180598000,28180603000,28180611000,56320,0,0,2048,0,0,-512,0,0,54268,1020,5
2,100,1,0,4,28180612000,28183375000,28183386000,56320,0,0,1536,0,0,0,0,0,54780,1532,4
1,256,256,0,0,28183390000,28183399000,28183408000,56576,0,0,1540,0,0,252,0,0,54780,1532,3
1,256,256,0,0,28183441000,28183448000,28183456000,56832,0,0,2048,0,0,-512,0,0,54780,1532,5
1,256,-1,11,0,28183488000,28183492000,28183500000,56832,0,0,2048,0,0,-512,0,0,54780,1532,5
2,100,1,0,4,28183501000,28186272000,28186282000,56832,0,0,1536,0,0,0,0,0,55292,2044,4
1,256,256,0,0,28186286000,28186295000,28186303000,57088,0,0,1540,0,0,252,0,0,55292,2044,3
1,256,256,0,0,28186336000,28186343000,28186351000,57344,0,0,2048,0,0,-512,0,0,55292,2044,5
1,256,-1,11,0,28186383000,28186388000,28186396000,57344,0,0,2048,0,0,-512,0,0,55292,2044,5
2,100,1,0,4,28186397000,28189170000,28189180000,57344,0,0,1536,0,0,0,0,0,55804,508,4
1,256,256,0,0,28189184000,28189192000,28189200000,57600,0,0,1540,0,0,252,0,0,55804,508,3
1,256,256,0,0,28189233000,28189240000,28189247000,57856,0,0,2048,0,0,-512,0,0,55804,508,5
1,256,-1,11,0,28189281000,28189285000,28189293000,57856,0,0,2048,0,0,-512,0,0,55804,508,5
2,100,1,0,4,28189294000,28192078000,28192089000,57856,0,0,1536,0,0,0,0,0,56316,1020,4
1,256,256,0,0,28192093000,28192101000,28192109000,58112,0,0,1540,0,0,252,0,0,56316,1020,3
1,256,256,0,0,28192143000,28192149000,28192157000,58368,0,0,2048,0,0,-512,0,0,56316,1020,5
1,256,-1,11,0,28192191000,28192195000,28192203000,58368,0,0,2048,0,0,-512,0,0,56316,1020,5
2,100,1,0,4,28192204000,28194971000,28194981000,58368,0,0,1536,0,0,0,0,0,56828,1532,4
1,256,256,0,0,28194985000,28194993000,28195001000,58624,0,0,1540,0,0,252,0,0,56828,1532,3
1,256,256,0,0,28195035000,28195041000,28195050000,58880,0,0,2048,0,0,-512,0,0,56828,1532,5
1,256,-1,11,0,28195084000,28195088000,28195095000,58880,0,0,2048,0,0,-512,0,0,56828,1532,5
2,100,1,0,4,28195096000,28197870000,28197879000,58880,0,0,1536,0,0,0,0,0,57340,2044,4
1,256,256,0,0,28197883000,28197892000,28197900000,59136,0,0,1540,0,0,252,0,0,57340,2044,3
1,256,256,0,0,28197933000,28197940000,28197948000,59392,0,0,2048,0,0,-512,0,0,57340,2044,5
1,256,-1,11,0,28197981000,28197985000,28197993000,59392,0,0,2048,0,0,-512,0,0,57340,2044,5
2,100,1,0,4,28197994000,28200776000,28200787000,59392,0,0,1536,0,0,0,0,0,57852,508,4
1,256,256,0,0,28200790000,28200800000,28200809000,59648,0,0,1540,0,0,252,0,0,57852,508,3
1,256,256,0,0,28200843000,28200849000,28200858000,59904,0,0,2048,0,0,-512,0,0,57852,508,5
1,256,-1,11,0,28200891000,28200895000,28200903000,59904,0,0,2048,0,0,-512,0,0,57852,508,5
2,100,1,0,4,28200904000,28203670000,28203680000,59904,0,0,1536,0,0,0,0,0,58364,1020,4
1,256,256,0,0,28203683000,28203692000,28203700000,60160,0,0,1540,0,0,252,0,0,58364,1020,3
1,256,256,0,0,28203734000,28203740000,28203748000,60416,0,0,2048,0,0,-512,0,0,58364,1020,5
1,256,-1,11,0,28203781000,28203785000,28203793000,60416,0,0,2048,0,0,-512,0,0,58364,1020,5
2,100,1,0,4,28203794000,28206569000,28206578000,60416,0,0,1536,0,0,0,0,0,58876,1532,4
1,256,256,0,0,28206582000,28206590000,28206598000,60672,0,0,1540,0,0,252,0,0,58876,1532,3
1,256,256,0,0,28206632000,28206638000,28206646000,60928,0,0,2048,0,0,-512,0,0,58876,1532,5
1,256,-1,11,0,28206679000,28206684000,28206691000,60928,0,0,2048,0,0,-512,0,0,58876,1532,5
2,100,1,0,4,28206692000,28209472000,28209481000,60928,0,0,1536,0,0,0,0,0,59388,2044,4
1,256,256,0,0,28209485000,28209493000,28209501000,61184,0,0,1540,0,0,252,0,0,59388,2044,3
1,256,256,0,0,28209535000,28209541000,28209549000,61440,0,0,2048,0,0,-512,0,0,59388,2044,5
1,256,-1,11,0,28209583000,28209588000,28209595000,61440,0,0,2048,0,0,-512,0,0,59388,2044,5
2,100,1,0,4,28209596000,28212374000,28212388000,61440,0,0,1536,0,0,0,0,0,59900,508,4
1,256,256,0,0,28212392000,28212402000,28212411000,61696,0,0,1540,0,0,252,0,0,59900,508,3
1,256,256,0,0,28212445000,28212452000,28212461000,61952,0,0,2048,0,0,-512,0,0,59900,508,5
1,256,-1,11,0,28212495000,28212499000,28212507000,61952,0,0,2048,0,0,-512,0,0,59900,508,5
2,100,1,0,4,28212508000,28215274000,28215285000,61952,0,0,1536,0,0,0,0,0,60412,1020,4
1,256,256,0,0,28215289000,28215297000,28215305000,62208,0,0,1540,0,0,252,0,0,60412,1020,3
1,256,256,0,0,28215339000,28215346000,28215354000,62464,0,0,2048,0,0,-512,0,0,60412,1020,5
1,256,-1,11,0,28215388000,28215392000,28215400000,62464,0,0,2048,0,0,-512,0,0,60412,1020,5
2,100,1,0,4,28215401000,28218171000,28218181000,62464,0,0,1536,0,0,0,0,0,60924,1532,4
1,256,256,0,0,28218186000,28218194000,28218202000,62720,0,0,1540,0,0,252,0,0,60924,1532,3
1,256,256,0,0,28218237000,28218243000,28218251000,62976,0,0,2048,0,0,-512,0,0,60924,1532,5
1,256,-1,11,0,28218285000,28218289000,28218296000,62976,0,0,2048,0,0,-512,0,0,60924,1532,5
2,100,1,0,4,28218298000,28221079000,28221090000,62976,0,0,1536,0,0,0,0,0,61436,2044,4
1,256,256,0,0,28221094000,28221103000,28221111000,63232,0,0,1540,0,0,252,0,0,61436,2044,3
1,256,256,0,0,28221146000,28221153000,28221161000,63488,0,0,2048,0,0,-512,0,0,61436,2044,5
1,256,-1,11,0,28221193000,28221198000,28221205000,63488,0,0,2048,0,0,-512,0,0,61436,2044,5
2,100,1,0,4,28221206000,28223971000,28223982000,63488,0,0,1536,0,0,0,0,0,61948,508,4
1,256,256,0,0,28223985000,28223994000,28224002000,63744,0,0,1540,0,0,252,0,0,61948,508,3
1,256,256,0,0,28224036000,28224043000,28224051000,64000,0,0,2048,0,0,-512,0,0,61948,508,5
1,256,-1,11,0,28224084000,28224088000,28224096000,64000,0,0,2048,0,0,-512,0,0,61948,508,5
2,100,1,0,4,28224097000,28226871000,28226880000,64000,0,0,1536,0,0,0,0,0,62460,1020,4
1,256,256,0,0,28226884000,28226892000,28226900000,64256,0,0,1540,0,0,252,0,0,62460,1020,3
1,256,256,0,0,28226933000,28226940000,28226947000,64512,0,0,2048,0,0,-512,0,0,62460,1020,5
1,256,-1,11,0,28226981000,28226985000,28226993000,64512,0,0,2048,0,0,-512,0,0,62460,1020,5
2,100,1,0,4,28226994000,28229770000,28229780000,64512,0,0,1536,0,0,0,0,0,62972,1532,4
1,256,256,0,0,28229783000,28229791000,28229799000,64768,0,0,1540,0,0,252,0,0,62972,1532,3
1,256,256,0,0,28229833000,28229839000,28229847000,65024,0,0,2048,0,0,-512,0,0,62972,1532,5
1,256,-1,11,0,28229881000,28229885000,28229893000,65024,0,0,2048,0,0,-512,0,0,62972,1532,5
2,100,1,0,4,28229894000,28232676000,28232687000,65024,0,0,1536,0,0,0,0,0,63484,2044,4
1,256,256,0,0,28232691000,28232699000,28232707000,65280,0,0,1540,0,0,252,0,0,63484,2044,3
1,256,256,0,0,28232740000,28232747000,28232755000,65536,0,0,2048,0,0,-512,0,0,63484,2044,5
1,256,-1,11,0,28232788000,28232792000,28232800000,65536,0,0,2048,0,0,-512,0,0,63484,2044,5
2,100,1,0,4,28232801000,28235570000,28235580000,65536,0,0,1536,0,0,0,0,0,63996,508,4
1,256,256,0,0,28235584000,28235592000,28235600000,65792,0,0,1540,0,0,252,0,0,63996,508,3
1,256,256,0,0,28235634000,28235640000,28235648000,66048,0,0,2048,0,0,-512,0,0,63996,508,5
1,256,-1,11,0,28235682000,28235686000,28235694000,66048,0,0,2048,0,0,-512,0,0,63996,508,5
2,100,1,0,4,28235695000,28238469000,28238479000,66048,0,0,1536,0,0,0,0,0,64508,1020,4
1,256,256,0,0,28238483000,28238491000,28238499000,66304,0,0,1540,0,0,252,0,0,64508,1020,3
1,256,256,0,0,28238533000,28238540000,28238548000,66560,0,0,2048,0,0,-512,0,0,64508,1020,5
1,256,-1,11,0,28238581000,28238585000,28238593000,66560,0,0,2048,0,0,-512,0,0,64508,1020,5
2,100,1,0,4,28238594000,28241374000,28241387000,66560,0,0,1536,0,0,0,0,0,65020,1532,4
1,256,256,0,0,28241391000,28241401000,28241409000,66816,0,0,1540,0,0,252,0,0,65020,1532,3
1,256,256,0,0,28241444000,28241451000,28241460000,67072,0,0,2048,0,0,-512,0,0,65020,1532,5
1,256,-1,11,0,28241493000,28241497000,28241505000,67072,0,0,2048,0,0,-512,0,0,65020,1532,5
2,100,1,0,4,28241506000,28244272000,28244282000,67072,0,0,1536,0,0,0,0,0,65532,2044,4
1,256,256,0,0,28244286000,28244295000,28244302000,67328,0,0,1540,0,0,252,0,0,65532,2044,3
1,256,256,0,0,28244336000,28244343000,28244351000,67584,0,0,2048,0,0,-512,0,0,65532,2044,5
1,256,-1,11,0,28244384000,28244389000,28244396000,67584,0,0,2048,0,0,-512,0,0,65532,2044,5
2,100,1,0,4,28244397000,28247171000,28247180000,67584,0,0,1536,0,0,0,0,0,66044,508,4
1,256,256,0,0,28247184000,28247192000,28247200000,67840,0,0,1540,0,0,252,0,0,66044,508,3
1,256,256,0,0,28247233000,28247240000,28247247000,68096,0,0,2048,0,0,-512,0,0,66044,508,5
1,256,-1,11,0,28247281000,28247286000,28247293000,68096,0,0,2048,0,0,-512,0,0,66044,508,5
2,100,1,0,4,28247294000,28250079000,28250093000,68096,0,0,1536,0,0,0,0,0,66556,1020,4
1,256,256,0,0,28250097000,28250107000,28250116000,68352,0,0,1540,0,0,252,0,0,66556,1020,3
1,256,256,0,0,28250151000,28250158000,28250166000,68608,0,0,2048,0,0,-512,0,0,66556,1020,5
1,256,-1,11,0,28250200000,28250204000,28250212000,68608,0,0,2048,0,0,-512,0,0,66556,1020,5
2,100,1,0,4,28250213000,28252975000,28252985000,68608,0,0,1536,0,0,0,0,0,67068,1532,4
1,256,256,0,0,28252989000,28252999000,28253007000,68864,0,0,1540,0,0,252,0,0,67068,1532,3
1,256,256,0,0,28253041000,28253047000,28253055000,69120,0,0,2048,0,0,-512,0,0,67068,1532,5
1,256,-1,11,0,28253088000,28253093000,28253101000,69120,0,0,2048,0,0,-512,0,0,67068,1532,5
2,100,1,0,4,28253102000,28255872000,28255882000,69120,0,0,1536,0,0,0,0,0,67580,2044,4
1,256,256,0,0,28255886000,28255895000,28255903000,69376,0,0,1540,0,0,252,0,0,67580,2044,3
1,256,256,0,0,28255938000,28255944000,28255952000,69632,0,0,2048,0,0,-512,0,0,67580,2044,5
1,256,-1,11,0,28255985000,28255990000,28255998000,69632,0,0,2048,0,0,-512,0,0,67580,2044,5
2,100,1,0,4,28255998000,28258773000,28258782000,69632,0,0,1536,0,0,0,0,0,68092,508,4
1,256,256,0,0,28258786000,28258794000,28258801000,69888,0,0,1540,0,0,252,0,0,68092,508,3
1,256,256,0,0,28258836000,28258842000,28258850000,70144,0,0,2048,0,0,-512,0,0,68092,508,5
1,256,-1,11,0,28258884000,28258888000,28258895000,70144,0,0,2048,0,0,-512,0,0,68092,508,5
2,100,1,0,4,28258896000,28261679000,28261691000,70144,0,0,1536,0,0,0,0,0,68604,1020,4
1,256,256,0,0,28261694000,28261703000,28261711000,70400,0,0,1540,0,0,252,0,0,68604,1020,3
1,256,256,0,0,28261746000,28261753000,28261761000,70656,0,0,2048,0,0,-512,0,0,68604,1020,5
1,256,-1,11,0,28261795000,28261799000,28261807000,70656,0,0,2048,0,0,-512,0,0,68604,1020,5
2,100,1,0,4,28261807000,28264571000,28264581000,70656,0,0,1536,0,0,0,0,0,69116,1532,4
1,256,256,0,0,28264584000,28264593000,28264601000,70912,0,0,1540,0,0,252,0,0,69116,1532,3
1,256,256,0,0,28264634000,28264641000,28264649000,71168,0,0,2048,0,0,-512,0,0,69116,1532,5
1,256,-1,11,0,28264682000,28264687000,28264695000,71168,0,0,2048,0,0,-512,0,0,69116,1532,5
2,100,1,0,4,28264696000,28267471000,28267480000,71168,0,0,1536,0,0,0,0,0,69628,2044,4
1,256,256,0,0,28267483000,28267491000,28267499000,71424,0,0,1540,0,0,252,0,0,69628,2044,3
1,256,256,0,0,28267532000,28267539000,28267547000,71680,0,0,2048,0,0,-512,0,0,69628,2044,5
1,256,-1,11,0,28267580000,28267585000,28267593000,71680,0,0,2048,0,0,-512,0,0,69628,2044,5
2,100,1,0,4,28267593000,28270375000,28270388000,71680,0,0,1536,0,0,0,0,0,70140,508,4
1,256,256,0,0,28270392000,28270403000,28270412000,71936,0,0,1540,0,0,252,0,0,70140,508,3
1,256,256,0,0,28270447000,28270454000,28270462000,72192,0,0,2048,0,0,-512,0,0,70140,508,5
1,256,-1,11,0,28270496000,28270500000,28270508000,72192,0,0,2048,0,0,-512,0,0,70140,508,5
2,100,1,0,4,28270509000,28273275000,28273285000,72192,0,0,1536,0,0,0,0,0,70652,1020,4
1,256,256,0,0,28273289000,28273298000,28273307000,72448,0,0,1540,0,0,252,0,0,70652,1020,3
1,256,256,0,0,28273340000,28273347000,28273355000,72704,0,0,2048,0,0,-512,0,0,70652,1020,5
1,256,-1,11,0,28273388000,28273392000,28273400000,72704,0,0,2048,0,0,-512,0,0,70652,1020,5
2,100,1,0,4,28273401000,28276172000,28276183000,72704,0,0,1536,0,0,0,0,0,71164,1532,4
1,256,256,0,0,28276186000,28276195000,28276202000,72960,0,0,1540,0,0,252,0,0,71164,1532,3
1,256,256,0,0,28276237000,28276244000,28276252000,73216,0,0,2048,0,0,-512,0,0,71164,1532,5
1,256,-1,11,0,28276285000,28276289000,28276297000,73216,0,0,2048,0,0,-512,0,0,71164,1532,5
2,100,1,0,4,28276298000,28279072000,28279082000,73216,0,0,1536,0,0,0,0,0,71676,2044,4
1,256,256,0,0,28279086000,28279094000,28279101000,73472,0,0,1540,0,0,252,0,0,71676,2044,3
1,256,256,0,0,28279136000,28279142000,28279150000,73728,0,0,2048,0,0,-512,0,0,71676,2044,5
1,256,-1,11,0,28279184000,28279188000,28279196000,73728,0,0,2048,0,0,-512,0,0,71676,2044,5
2,100,1,0,4,28279197000,28281980000,28281991000,73728,0,0,1536,0,0,0,0,0,72188,508,4
1,256,256,0,0,28281995000,28282003000,28282011000,73984,0,0,1540,0,0,252,0,0,72188,508,3
1,256,256,0,0,28282045000,28282051000,28282059000,74240,0,0,2048,0,0,-512,0,0,72188,508,5
1,256,-1,11,0,28282093000,28282097000,28282105000,74240,0,0,2048,0,0,-512,0,0,72188,508,5
2,100,1,0,4,28282106000,28284872000,28284883000,74240,0,0,1536,0,0,0,0,0,72700,1020,4
1,256,256,0,0,28284887000,28284895000,28284903000,74496,0,0,1540,0,0,252,0,0,72700,1020,3
1,256,256,0,0,28284936000,28284943000,28284951000,74752,0,0,2048,0,0,-512,0,0,72700,1020,5
1,256,-1,11,0,28284985000,28284989000,28284997000,74752,0,0,2048,0,0,-512,0,0,72700,1020,5
2,100,1,0,4,28284997000,28287772000,28287782000,74752,0,0,1536,0,0,0,0,0,73212,1532,4
1,256,256,0,0,28287785000,28287793000,28287801000,75008,0,0,1540,0,0,252,0,0,73212,1532,3
1,256,256,0,0,28287834000,28287841000,28287849000,75264,0,0,2048,0,0,-512,0,0,73212,1532,5
1,256,-1,11,0,28287882000,28287886000,28287894000,75264,0,0,2048,0,0,-512,0,0,73212,1532,5
2,100,1,0,4,28287895000,28290678000,28290688000,75264,0,0,1536,0,0,0,0,0,73724,2044,4
1,256,256,0,0,28290691000,28290700000,28290708000,75520,0,0,1540,0,0,252,0,0,73724,2044,3
1,256,256,0,0,28290742000,28290749000,28290757000,75776,0,0,2048,0,0,-512,0,0,73724,2044,5
1,256,-1,11,0,28290790000,28290794000,28290802000,75776,0,0,2048,0,0,-512,0,0,73724,2044,5
2,100,1,0,4,28290802000,28293572000,28293582000,75776,0,0,1536,0,0,0,0,0,74236,508,4
1,256,256,0,0,28293586000,28293594000,28293602000,76032,0,0,1540,0,0,252,0,0,74236,508,3
1,256,256,0,0,28293636000,28293643000,28293651000,76288,0,0,2048,0,0,-512,0,0,74236,508,5
1,256,-1,11,0,28293684000,28293688000,28293696000,76288,0,0,2048,0,0,-512,0,0,74236,508,5
2,100,1,0,4,28293697000,28296472000,28296483000,76288,0,0,1536,0,0,0,0,0,74748,1020,4
1,256,256,0,0,28296487000,28296494000,28296502000,76544,0,0,1540,0,0,252,0,0,74748,1020,3
1,256,256,0,0,28296536000,28296543000,28296550000,76800,0,0,2048,0,0,-512,0,0,74748,1020,5
1,256,-1,11,0,28296584000,28296588000,28296596000,76800,0,0,2048,0,0,-512,0,0,74748,1020,5
2,100,1,0,4,28296597000,28299371000,28299381000,76800,0,0,1536,0,0,0,0,0,75260,1532,4
1,256,256,0,0,28299385000,28299393000,28299401000,77056,0,0,1540,0,0,252,0,0,75260,1532,3
1,256,256,0,0,28299435000,28299441000,28299449000,77312,0,0,2048,0,0,-512,0,0,75260,1532,5
1,256,-1,11,0,28299484000,28299488000,28299495000,77312,0,0,2048,0,0,-512,0,0,75260,1532,5
2,100,1,0,4,28299496000,28302275000,28302288000,77312,0,0,1536,0,0,0,0,0,75772,2044,4
1,256,256,0,0,28302292000,28302302000,28302310000,77568,0,0,1540,0,0,252,0,0,75772,2044,3
1,256,256,0,0,28302344000,28302351000,28302360000,77824,0,0,2048,0,0,-512,0,0,75772,2044,5
1,256,-1,11,0,28302393000,28302398000,28302405000,77824,0,0,2048,0,0,-512,0,0,75772,2044,5
2,100,1,0,4,28302406000,28305175000,28305185000,77824,0,0,1536,0,0,0,0,0,76284,508,4
1,256,256,0,0,28305189000,28305197000,28305205000,78080,0,0,1540,0,0,252,0,0,76284,508,3
1,256,256,0,0,28305239000,28305246000,28305254000,78336,0,0,2048,0,0,-512,0,0,76284,508,5
1,256,-1,11,0,28305287000,28305291000,28305298000,78336,0,0,2048,0,0,-512,0,0,76284,508,5
2,100,1,0,4,28305299000,28308074000,28308085000,78336,0,0,1536,0,0,0,0,0,76796,1020,4
1,256,256,0,0,28308089000,28308098000,28308106000,78592,0,0,1540,0,0,252,0,0,76796,1020,3
1,256,256,0,0,28308139000,28308146000,28308154000,78848,0,0,2048,0,0,-512,0,0,76796,1020,5
1,256,-1,11,0,28308187000,28308191000,28308199000,78848,0,0,2048,0,0,-512,0,0,76796,1020,5
2,100,1,0,4,28308200000,28310980000,28310991000,78848,0,0,1536,0,0,0,0,0,77308,1532,4
1,256,256,0,0,28310995000,28311004000,28311012000,79104,0,0,1540,0,0,252,0,0,77308,1532,3
1,256,256,0,0,28311047000,28311053000,28311061000,79360,0,0,2048,0,0,-512,0,0,77308,1532,5
1,256,-1,11,0,28311094000,28311099000,28311106000,79360,0,0,2048,0,0,-512,0,0,77308,1532,5
2,100,1,0,4,28311107000,28313873000,28313884000,79360,0,0,1536,0,0,0,0,0,77820,2044,4
1,256,256,0,0,28313887000,28313895000,28313903000,79616,0,0,1540,0,0,252,0,0,77820,2044,3
1,256,256,0,0,28313937000,28313944000,28313951000,79872,0,0,2048,0,0,-512,0,0,77820,2044,5
1,256,-1,11,0,28313985000,28313989000,28313996000,79872,0,0,2048,0,0,-512,0,0,77820,2044,5
2,100,1,0,4,28313997000,28316773000,28316784000,79872,0,0,1536,0,0,0,0,0,78332,508,4
1,256,256,0,0,28316787000,28316795000,28316803000,80128,0,0,1540,0,0,252,0,0,78332,508,3
1,256,256,0,0,28316837000,28316844000,28316851000,80384,0,0,2048,0,0,-512,0,0,78332,508,5
1,256,-1,11,0,28316885000,28316889000,28316897000,80384,0,0,2048,0,0,-512,0,0,78332,508,5
2,100,1,0,4,28316898000,28319672000,28319682000,80384,0,0,1536,0,0,0,0,0,78844,1020,4
1,256,256,0,0,28319686000,28319694000,28319701000,80640,0,0,1540,0,0,252,0,0,78844,1020,3
1,256,256,0,0,28319735000,28319742000,28319749000,80896,0,0,2048,0,0,-512,0,0,78844,1020,5
1,256,-1,11,0,28319783000,28319788000,28319795000,80896,0,0,2048,0,0,-512,0,0,78844,1020,5
2,100,1,0,4,28319796000,28322578000,28322588000,80896,0,0,1536,0,0,0,0,0,79356,1532,4
1,256,256,0,0,28322592000,28322600000,28322608000,81152,0,0,1540,0,0,252,0,0,79356,1532,3
1,256,256,0,0,28322641000,28322648000,28322656000,81408,0,0,2048,0,0,-512,0,0,79356,1532,5
1,256,-1,11,0,28322689000,28322693000,28322701000,81408,0,0,2048,0,0,-512,0,0,79356,1532,5
2,100,1,0,4,28322702000,28325472000,28325483000,81408,0,0,1536,0,0,0,0,0,79868,2044,4
1,256,256,0,0,28325486000,28325494000,28325502000,81664,0,0,1540,0,0,252,0,0,79868,2044,3
1,256,256,0,0,28325536000,28325543000,28325550000,81920,0,0,2048,0,0,-512,0,0,79868,2044,5
1,256,-1,11,0,28325584000,28325588000,28325596000,81920,0,0,2048,0,0,-512,0,0,79868,2044,5
2,100,1,0,4,28325597000,28328372000,28328382000,81920,0,0,1536,0,0,0,0,0,80380,508,4
1,256,256,0,0,28328386000,28328394000,28328402000,82176,0,0,1540,0,0,252,0,0,80380,508,3
1,256,256,0,0,28328436000,28328442000,28328450000,82432,0,0,2048,0,0,-512,0,0,80380,508,5
1,256,-1,11,0,28328483000,28328488000,28328495000,82432,0,0,2048,0,0,-512,0,0,80380,508,5
2,100,1,0,4,28328496000,28331275000,28331287000,82432,0,0,1536,0,0,0,0,0,80892,1020,4
1,256,256,0,0,28331291000,28331303000,28331311000,82688,0,0,1540,0,0,252,0,0,80892,1020,3
1,256,256,0,0,28331346000,28331353000,28331361000,82944,0,0,2048,0,0,-512,0,0,80892,1020,5
1,256,-1,11,0,28331394000,28331399000,28331407000,82944,0,0,2048,0,0,-512,0,0,80892,1020,5
2,100,1,0,4,28331408000,28334175000,28334185000,82944,0,0,1536,0,0,0,0,0,81404,1532,4
1,256,256,0,0,28334189000,28334197000,28334205000,83200,0,0,1540,0,0,252,0,0,81404,1532,3
1,256,256,0,0,28334238000,28334245000,28334253000,83456,0,0,2048,0,0,-512,0,0,81404,1532,5
1,256,-1,11,0,28334287000,28334291000,28334299000,83456,0,0,2048,0,0,-512,0,0,81404,1532,5
2,100,1,0,4,28334300000,28337074000,28337084000,83456,0,0,1536,0,0,0,0,0,81916,2044,4
1,256,256,0,0,28337088000,28337096000,28337104000,83712,0,0,1540,0,0,252,0,0,81916,2044,3
1,256,256,0,0,28337138000,28337145000,28337153000,83968,0,0,2048,0,0,-512,0,0,81916,2044,5
1,256,-1,11,0,28337188000,28337193000,28337200000,83968,0,0,2048,0,0,-512,0,0,81916,2044,5
2,100,1,0,4,28337201000,28339973000,28339983000,83968,0,0,1536,0,0,0,0,0,82428,508,4
1,256,256,0,0,28339987000,28339995000,28340022000,84224,0,0,1540,0,0,252,0,0,82428,508,3
1,256,256,0,0,28340058000,28340065000,28340074000,84480,0,0,2048,0,0,-512,0,0,82428,508,5
1,256,-1,11,0,28340109000,28340114000,28340122000,84480,0,0,2048,0,0,-512,0,0,82428,508,5
2,100,1,0,4,28340122000,28342876000,28342888000,84480,0,0,1536,0,0,0,0,0,82940,1020,4
1,256,256,0,0,28342892000,28342900000,28342908000,84736,0,0,1540,0,0,252,0,0,82940,1020,3
1,256,256,0,0,28342942000,28342949000,28342957000,84992,0,0,2048,0,0,-512,0,0,82940,1020,5
1,256,-1,11,0,28342990000,28342994000,28343002000,84992,0,0,2048,0,0,-512,0,0,82940,1020,5
2,100,1,0,4,28343003000,28345774000,28345785000,84992,0,0,1536,0,0,0,0,0,83452,1532,4
1,256,256,0,0,28345789000,28345797000,28345805000,85248,0,0,1540,0,0,252,0,0,83452,1532,3
1,256,256,0,0,28345839000,28345846000,28345854000,85504,0,0,2048,0,0,-512,0,0,83452,1532,5
1,256,-1,11,0,28345887000,28345891000,28345899000,85504,0,0,2048,0,0,-512,0,0,83452,1532,5
2,100,1,0,4,28345899000,28348673000,28348683000,85504,0,0,1536,0,0,0,0,0,83964,2044,4
1,256,256,0,0,28348686000,28348694000,28348702000,85760,0,0,1540,0,0,252,0,0,83964,2044,3
1,256,256,0,0,28348737000,28348743000,28348751000,86016,0,0,2048,0,0,-512,0,0,83964,2044,5
1,256,-1,11,0,28348785000,28348789000,28348796000,86016,0,0,2048,0,0,-512,0,0,83964,2044,5
2,100,1,0,4,28348797000,28351580000,28351590000,86016,0,0,1536,0,0,0,0,0,84476,508,4
1,256,256,0,0,28351594000,28351602000,28351610000,86272,0,0,1540,0,0,252,0,0,84476,508,3
1,256,256,0,0,28351644000,28351651000,28351658000,86528,0,0,2048,0,0,-512,0,0,84476,508,5
1,256,-1,11,0,28351692000,28351696000,28351704000,86528,0,0,2048,0,0,-512,0,0,84476,508,5
2,100,1,0,4,28351705000,28354472000,28354482000,86528,0,0,1536,0,0,0,0,0,84988,1020,4
1,256,256,0,0,28354485000,28354493000,28354502000,86784,0,0,1540,0,0,252,0,0,84988,1020,3
1,256,256,0,0,28354535000,28354542000,28354549000,87040,0,0,2048,0,0,-512,0,0,84988,1020,5
1,256,-1,11,0,28354583000,28354587000,28354595000,87040,0,0,2048,0,0,-512,0,0,84988,1020,5
2,100,1,0,4,28354596000,28357372000,28357382000,87040,0,0,1536,0,0,0,0,0,85500,1532,4
1,256,256,0,0,28357385000,28357393000,28357401000,87296,0,0,1540,0,0,252,0,0,85500,1532,3
1,256,256,0,0,28357435000,28357441000,28357449000,87552,0,0,2048,0,0,-512,0,0,85500,1532,5
1,256,-1,11,0,28357484000,28357488000,28357496000,87552,0,0,2048,0,0,-512,0,0,85500,1532,5
2,100,1,0,4,28357497000,28360280000,28360295000,87552,0,0,1536,0,0,0,0,0,86012,2044,4
1,256,256,0,0,28360300000,28360313000,28360322000,87808,0,0,1540,0,0,252,0,0,86012,2044,3
1,256,256,0,0,28360357000,28360364000,28360372000,88064,0,0,2048,0,0,-512,0,0,86012,2044,5
1,256,-1,11,0,28360405000,28360410000,28360418000,88064,0,0,2048,0,0,-512,0,0,86012,2044,5
2,100,1,0,4,28360419000,28363176000,28363187000,88064,0,0,1536,0,0,0,0,0,86524,508,4
1,256,256,0,0,28363191000,28363199000,28363208000,88320,0,0,1540,0,0,252,0,0,86524,508,3
1,256,256,0,0,28363242000,28363249000,28363257000,88576,0,0,2048,0,0,-512,0,0,86524,508,5
1,256,-1,11,0,28363290000,28363294000,28363302000,88576,0,0,2048,0,0,-512,0,0,86524,508,5
2,100,1,0,4,28363303000,28366073000,28366083000,88576,0,0,1536,0,0,0,0,0,87036,1020,4
1,256,256,0,0,28366086000,28366095000,28366103000,88832,0,0,1540,0,0,252,0,0,87036,1020,3
1,256,256,0,0,28366137000,28366144000,28366151000,89088,0,0,2048,0,0,-512,0,0,87036,1020,5
1,256,-1,11,0,28366184000,28366189000,28366197000,89088,0,0,2048,0,0,-512,0,0,87036,1020,5
2,100,1,0,4,28366198000,28368972000,28368982000,89088,0,0,1536,0,0,0,0,0,87548,1532,4
1,256,256,0,0,28368986000,28368995000,28369003000,89344,0,0,1540,0,0,252,0,0,87548,1532,3
1,256,256,0,0,28369037000,28369044000,28369051000,89600,0,0,2048,0,0,-512,0,0,87548,1532,5
1,256,-1,11,0,28369086000,28369090000,28369097000,89600,0,0,2048,0,0,-512,0,0,87548,1532,5
2,100,1,0,4,28369098000,28371876000,28371888000,89600,0,0,1536,0,0,0,0,0,88060,2044,4
1,256,256,0,0,28371892000,28371902000,28371910000,89856,0,0,1540,0,0,252,0,0,88060,2044,3
1,256,256,0,0,28371944000,28371951000,28371959000,90112,0,0,2048,0,0,-512,0,0,88060,2044,5
1,256,-1,11,0,28371993000,28371997000,28372005000,90112,0,0,2048,0,0,-512,0,0,88060,2044,5
2,100,1,0,4,28372006000,28374775000,28374785000,90112,0,0,1536,0,0,0,0,0,88572,508,4
1,256,256,0,0,28374788000,28374797000,28374806000,90368,0,0,1540,0,0,252,0,0,88572,508,3
1,256,256,0,0,28374840000,28374846000,28374855000,90624,0,0,2048,0,0,-512,0,0,88572,508,5
1,256,-1,11,0,28374889000,28374893000,28374902000,90624,0,0,2048,0,0,-512,0,0,88572,508,5
2,100,1,0,4,28374903000,28377677000,28377687000,90624,0,0,1536,0,0,0,0,0,89084,1020,4
1,256,256,0,0,28377691000,28377700000,28377708000,90880,0,0,1540,0,0,252,0,0,89084,1020,3
1,256,256,0,0,28377743000,28377749000,28377757000,91136,0,0,2048,0,0,-512,0,0,89084,1020,5
1,256,-1,11,0,28377791000,28377795000,28377803000,91136,0,0,2048,0,0,-512,0,0,89084,1020,5
2,100,1,0,4,28377804000,28381640000,28381658000,91136,0,0,1536,0,0,0,0,0,89596,1532,4
1,256,256,0,0,28381662000,28381676000,28381685000,91392,0,0,1540,0,0,252,0,0,89596,1532,3
1,256,256,0,0,28381722000,28381729000,28381738000,91648,0,0,2048,0,0,-512,0,0,89596,1532,5
1,256,-1,11,0,28381771000,28381776000,28381784000,91648,0,0,2048,0,0,-512,0,0,89596,1532,5
2,100,1,0,4,28381785000,28383482000,28383493000,91648,0,0,1536,0,0,0,0,0,90108,2044,4
1,256,256,0,0,28383497000,28383507000,28383516000,91904,0,0,1540,0,0,252,0,0,90108,2044,3
1,256,256,0,0,28383551000,28383557000,28383566000,92160,0,0,2048,0,0,-512,0,0,90108,2044,5
1,256,-1,11,0,28383599000,28383603000,28383610000,92160,0,0,2048,0,0,-512,0,0,90108,2044,5
2,100,1,0,4,28383611000,28386376000,28386387000,92160,0,0,1536,0,0,0,0,0,90620,508,4
1,256,256,0,0,28386391000,28386399000,28386407000,92416,0,0,1540,0,0,252,0,0,90620,508,3
1,256,256,0,0,28386442000,28386448000,28386456000,92672,0,0,2048,0,0,-512,0,0,90620,508,5
1,256,-1,11,0,28386490000,28386494000,28386502000,92672,0,0,2048,0,0,-512,0,0,90620,508,5
2,100,1,0,4,28386503000,28389273000,28389283000,92672,0,0,1536,0,0,0,0,0,91132,1020,4
1,256,256,0,0,28389287000,28389295000,28389302000,92928,0,0,1540,0,0,252,0,0,91132,1020,3
1,256,256,0,0,28389336000,28389343000,28389351000,93184,0,0,2048,0,0,-512,0,0,91132,1020,5
1,256,-1,11,0,28389385000,28389389000,28389397000,93184,0,0,2048,0,0,-512,0,0,91132,1020,5
2,100,1,0,4,28389398000,28392183000,28392197000,93184,0,0,1536,0,0,0,0,0,91644,1532,4
1,256,256,0,0,28392201000,28392212000,28392221000,93440,0,0,1540,0,0,252,0,0,91644,1532,3
1,256,256,0,0,28392255000,28392262000,28392270000,93696,0,0,2048,0,0,-512,0,0,91644,1532,5
1,256,-1,11,0,28392305000,28392309000,28392317000,93696,0,0,2048,0,0,-512,0,0,91644,1532,5
2,100,1,0,4,28392318000,28395079000,28395090000,93696,0,0,1536,0,0,0,0,0,92156,2044,4
1,256,256,0,0,28395094000,28395104000,28395112000,93952,0,0,1540,0,0,252,0,0,92156,2044,3
1,256,256,0,0,28395146000,28395153000,28395161000,94208,0,0,2048,0,0,-512,0,0,92156,2044,5
1,256,-1,11,0,28395195000,28395200000,28395207000,94208,0,0,2048,0,0,-512,0,0,92156,2044,5
2,100,1,0,4,28395208000,28397976000,28397986000,94208,0,0,1536,0,0,0,0,0,92668,508,4
1,256,256,0,0,28397990000,28397998000,28398006000,94464,0,0,1540,0,0,252,0,0,92668,508,3
1,256,256,0,0,28398041000,28398048000,28398056000,94720,0,0,2048,0,0,-512,0,0,92668,508,5
1,256,-1,11,0,28398089000,28398093000,28398101000,94720,0,0,2048,0,0,-512,0,0,92668,508,5
2,100,1,0,4,28398102000,28400883000,28400895000,94720,0,0,1536,0,0,0,0,0,93180,1020,4
1,256,256,0,0,28400898000,28400906000,28400914000,94976,0,0,1540,0,0,252,0,0,93180,1020,3
1,256,256,0,0,28400950000,28400956000,28400964000,95232,0,0,2048,0,0,-512,0,0,93180,1020,5
1,256,-1,11,0,28400998000,28401002000,28401010000,95232,0,0,2048,0,0,-512,0,0,93180,1020,5
2,100,1,0,4,28401011000,28403776000,28403786000,95232,0,0,1536,0,0,0,0,0,93692,1532,4
1,256,256,0,0,28403790000,28403798000,28403806000,95488,0,0,1540,0,0,252,0,0,93692,1532,3
1,256,256,0,0,28403841000,28403848000,28403856000,95744,0,0,2048,0,0,-512,0,0,93692,1532,5
1,256,-1,11,0,28403890000,28403894000,28403902000,95744,0,0,2048,0,0,-512,0,0,93692,1532,5
2,100,1,0,4,28403902000,28406675000,28406685000,95744,0,0,1536,0,0,0,0,0,94204,2044,4
1,256,256,0,0,28406689000,28406697000,28406705000,96000,0,0,1540,0,0,252,0,0,94204,2044,3
1,256,256,0,0,28406740000,28406747000,28406754000,96256,0,0,2048,0,0,-512,0,0,94204,2044,5
1,256,-1,11,0,28406790000,28406794000,28406802000,96256,0,0,2048,0,0,-512,0,0,94204,2044,5
2,100,1,0,4,28406803000,28409575000,28409584000,96256,0,0,1536,0,0,0,0,0,94716,508,4
1,256,256,0,0,28409588000,28409596000,28409604000,96512,0,0,1540,0,0,252,0,0,94716,508,3
1,256,256,0,0,28409638000,28409645000,28409652000,96768,0,0,2048,0,0,-512,0,0,94716,508,5
1,256,-1,11,0,28409687000,28409692000,28409699000,96768,0,0,2048,0,0,-512,0,0,94716,508,5
2,100,1,0,4,28409700000,28412481000,28412492000,96768,0,0,1536,0,0,0,0,0,95228,1020,4
1,256,256,0,0,28412496000,28412504000,28412512000,97024,0,0,1540,0,0,252,0,0,95228,1020,3
1,256,256,0,0,28412546000,28412553000,28412561000,97280,0,0,2048,0,0,-512,0,0,95228,1020,5
1,256,-1,11,0,28412595000,28412600000,28412607000,97280,0,0,2048,0,0,-512,0,0,95228,1020,5
2,100,1,0,4,28412608000,28415374000,28415384000,97280,0,0,1536,0,0,0,0,0,95740,1532,4
1,256,256,0,0,28415387000,28415395000,28415403000,97536,0,0,1540,0,0,252,0,0,95740,1532,3
1,256,256,0,0,28415438000,28415444000,28415452000,97792,0,0,2048,0,0,-512,0,0,95740,1532,5
1,256,-1,11,0,28415487000,28415491000,28415499000,97792,0,0,2048,0,0,-512,0,0,95740,1532,5
2,100,1,0,4,28415500000,28418274000,28418284000,97792,0,0,1536,0,0,0,0,0,96252,2044,4
1,256,256,0,0,28418288000,28418295000,28418303000,98048,0,0,1540,0,0,252,0,0,96252,2044,3
1,256,256,0,0,28418339000,28418345000,28418353000,98304,0,0,2048,0,0,-512,0,0,96252,2044,5
1,256,-1,11,0,28418388000,28418393000,28418401000,98304,0,0,2048,0,0,-512,0,0,96252,2044,5
2,100,1,0,4,28418402000,28421178000,28421192000,98304,0,0,1536,0,0,0,0,0,96764,508,4
1,256,256,0,0,28421196000,28421207000,28421215000,98560,0,0,1540,0,0,252,0,0,96764,508,3
1,256,256,0,0,28421252000,28421259000,28421267000,98816,0,0,2048,0,0,-512,0,0,96764,508,5
1,256,-1,11,0,28421301000,28421305000,28421313000,98816,0,0,2048,0,0,-512,0,0,96764,508,5
2,100,1,0,4,28421314000,28424077000,28424089000,98816,0,0,1536,0,0,0,0,0,97276,1020,4
1,256,256,0,0,28424092000,28424101000,28424108000,99072,0,0,1540,0,0,252,0,0,97276,1020,3
1,256,256,0,0,28424142000,28424149000,28424157000,99328,0,0,2048,0,0,-512,0,0,97276,1020,5
1,256,-1,11,0,28424190000,28424195000,28424202000,99328,0,0,2048,0,0,-512,0,0,97276,1020,5
2,100,1,0,4,28424203000,28426977000,28426988000,99328,0,0,1536,0,0,0,0,0,97788,1532,4
1,256,256,0,0,28426992000,28427000000,28427008000,99584,0,0,1540,0,0,252,0,0,97788,1532,3
1,256,256,0,0,28427042000,28427049000,28427057000,99840,0,0,2048,0,0,-512,0,0,97788,1532,5
1,256,-1,11,0,28427091000,28427095000,28427103000,99840,0,0,2048,0,0,-512,0,0,97788,1532,5
2,100,1,0,4,28427104000,28429876000,28429886000,99840,0,0,1536,0,0,0,0,0,98300,2044,4
1,256,256,0,0,28429889000,28429898000,28429906000,100096,0,0,1540,0,0,252,0,0,98300,2044,3
1,256,256,0,0,28429940000,28429947000,28429954000,100352,0,0,2048,0,0,-512,0,0,98300,2044,5
1,256,-1,11,0,28429988000,28429993000,28430020000,100352,0,0,2048,0,0,-512,0,0,98300,2044,5
2,100,1,0,4,28430021000,28432778000,28432789000,100352,0,0,1536,0,0,0,0,0,98812,508,4
1,256,256,0,0,28432793000,28432802000,28432810000,100608,0,0,1540,0,0,252,0,0,98812,508,3
1,256,256,0,0,28432844000,28432851000,28432859000,100864,0,0,2048,0,0,-512,0,0,98812,508,5
1,256,-1,11,0,28432892000,28432897000,28432905000,100864,0,0,2048,0,0,-512,0,0,98812,508,5
2,100,1,0,4,28432905000,28435677000,28435687000,100864,0,0,1536,0,0,0,0,0,99324,1020,4
1,256,256,0,0,28435691000,28435699000,28435707000,101120,0,0,1540,0,0,252,0,0,99324,1020,3
1,256,256,0,0,28435741000,28435748000,28435756000,101376,0,0,2048,0,0,-512,0,0,99324,1020,5
1,256,-1,11,0,28435789000,28435794000,28435801000,101376,0,0,2048,0,0,-512,0,0,99324,1020,5
2,100,1,0,4,28435802000,28438576000,28438587000,101376,0,0,1536,0,0,0,0,0,99836,1532,4
1,256,256,0,0,28438590000,28438598000,28438606000,101632,0,0,1540,0,0,252,0,0,99836,1532,3
1,256,256,0,0,28438641000,28438647000,28438655000,101888,0,0,2048,0,0,-512,0,0,99836,1532,5
1,256,-1,11,0,28438689000,28438693000,28438701000,101888,0,0,2048,0,0,-512,0,0,99836,1532,5
2,100,1,0,4,28438702000,28441482000,28441493000,101888,0,0,1536,0,0,0,0,0,100348,2044,4
1,256,256,0,0,28441496000,28441504000,28441512000,102144,0,0,1540,0,0,252,0,0,100348,2044,3
1,256,256,0,0,28441546000,28441552000,28441560000,102400,0,0,2048,0,0,-512,0,0,100348,2044,5
1,256,-1,11,0,28441593000,28441598000,28441605000,102400,0,0,2048,0,0,-512,0,0,100348,2044,5
2,100,1,0,4,28441606000,28444375000,28444385000,102400,0,0,1536,0,0,0,0,0,100860,508,4
1,256,256,0,0,28444388000,28444396000,28444404000,102656,0,0,1540,0,0,252,0,0,100860,508,3
1,256,256,0,0,28444438000,28444445000,28444452000,102912,0,0,2048,0,0,-512,0,0,100860,508,5
1,256,-1,11,0,28444487000,28444491000,28444499000,102912,0,0,2048,0,0,-512,0,0,100860,508,5
2,100,1,0,4,28444500000,28447274000,28447284000,102912,0,0,1536,0,0,0,0,0,101372,1020,4
1,256,256,0,0,28447288000,28447296000,28447304000,103168,0,0,1540,0,0,252,0,0,101372,1020,3
1,256,256,0,0,28447338000,28447344000,28447352000,103424,0,0,2048,0,0,-512,0,0,101372,1020,5
1,256,-1,11,0,28447387000,28447391000,28447398000,103424,0,0,2048,0,0,-512,0,0,101372,1020,5
2,100,1,0,4,28447399000,28450180000,28450194000,103424,0,0,1536,0,0,0,0,0,101884,1532,4
1,256,256,0,0,28450198000,28450210000,28450219000,103680,0,0,1540,0,0,252,0,0,101884,1532,3
1,256,256,0,0,28450256000,28450262000,28450270000,103936,0,0,2048,0,0,-512,0,0,101884,1532,5
1,256,-1,11,0,28450304000,28450308000,28450316000,103936,0,0,2048,0,0,-512,0,0,101884,1532,5
2,100,1,0,4,28450317000,28453080000,28453092000,103936,0,0,1536,0,0,0,0,0,102396,2044,4
1,256,256,0,0,28453095000,28453105000,28453113000,104192,0,0,1540,0,0,252,0,0,102396,2044,3
1,256,256,0,0,28453147000,28453154000,28453162000,104448,0,0,2048,0,0,-512,0,0,102396,2044,5
1,256,-1,11,0,28453195000,28453200000,28453207000,104448,0,0,2048,0,0,-512,0,0,102396,2044,5
2,100,1,0,4,28453208000,28455977000,28455987000,104448,0,0,1536,0,0,0,0,0,102908,508,4
1,256,256,0,0,28455991000,28455999000,28456006000,104704,0,0,1540,0,0,252,0,0,102908,508,3
1,256,256,0,0,28456041000,28456048000,28456056000,104960,0,0,2048,0,0,-512,0,0,102908,508,5
1,256,-1,11,0,28456090000,28456094000,28456101000,104960,0,0,2048,0,0,-512,0,0,102908,508,5
2,100,1,0,4,28456102000,28458877000,28458887000,104960,0,0,1536,0,0,0,0,0,103420,1020,4
1,256,256,0,0,28458890000,28458898000,28458905000,105216,0,0,1540,0,0,252,0,0,103420,1020,3
1,256,256,0,0,28458940000,28458946000,28458954000,105472,0,0,2048,0,0,-512,0,0,103420,1020,5
1,256,-1,11,0,28458988000,28458993000,28459000000,105472,0,0,2048,0,0,-512,0,0,103420,1020,5
2,100,1,0,4,28459001000,28461783000,28461794000,105472,0,0,1536,0,0,0,0,0,103932,1532,4
1,256,256,0,0,28461797000,28461805000,28461813000,105728,0,0,1540,0,0,252,0,0,103932,1532,3
1,256,256,0,0,28461847000,28461854000,28461862000,105984,0,0,2048,0,0,-512,0,0,103932,1532,5
1,256,-1,11,0,28461896000,28461900000,28461908000,105984,0,0,2048,0,0,-512,0,0,103932,1532,5
2,100,1,0,4,28461909000,28464675000,28464685000,105984,0,0,1536,0,0,0,0,0,104444,2044,4
1,256,256,0,0,28464688000,28464696000,28464704000,106240,0,0,1540,0,0,252,0,0,104444,2044,3
1,256,256,0,0,28464738000,28464744000,28464752000,106496,0,0,2048,0,0,-512,0,0,104444,2044,5
1,256,-1,11,0,28464786000,28464790000,28464798000,106496,0,0,2048,0,0,-512,0,0,104444,2044,5
2,100,1,0,4,28464799000,28467574000,28467584000,106496,0,0,1536,0,0,0,0,0,104956,508,4
1,256,256,0,0,28467587000,28467595000,28467603000,106752,0,0,1540,0,0,252,0,0,104956,508,3
1,256,256,0,0,28467637000,28467643000,28467651000,107008,0,0,2048,0,0,-512,0,0,104956,508,5
1,256,-1,11,0,28467684000,28467689000,28467696000,107008,0,0,2048,0,0,-512,0,0,104956,508,5
2,100,1,0,4,28467697000,28470483000,28470496000,107008,0,0,1536,0,0,0,0,0,105468,1020,4
1,256,256,0,0,28470500000,28470510000,28470518000,107264,0,0,1540,0,0,252,0,0,105468,1020,3
1,256,256,0,0,28470554000,28470560000,28470568000,107520,0,0,2048,0,0,-512,0,0,105468,1020,5
1,256,-1,11,0,28470602000,28470606000,28470614000,107520,0,0,2048,0,0,-512,0,0,105468,1020,5
2,100,1,0,4,28470615000,28473378000,28473389000,107520,0,0,1536,0,0,0,0,0,105980,1532,4
1,256,256,0,0,28473392000,28473401000,28473409000,107776,0,0,1540,0,0,252,0,0,105980,1532,3
1,256,256,0,0,28473444000,28473451000,28473459000,108032,0,0,2048,0,0,-512,0,0,105980,1532,5
1,256,-1,11,0,28473492000,28473497000,28473504000,108032,0,0,2048,0,0,-512,0,0,105980,1532,5
2,100,1,0,4,28473505000,28476276000,28476286000,108032,0,0,1536,0,0,0,0,0,106492,2044,4
1,256,256,0,0,28476290000,28476298000,28476306000,108288,0,0,1540,0,0,252,0,0,106492,2044,3
1,256,256,0,0,28476341000,28476347000,28476355000,108544,0,0,2048,0,0,-512,0,0,106492,2044,5
1,256,-1,11,0,28476389000,28476394000,28476401000,108544,0,0,2048,0,0,-512,0,0,106492,2044,5
2,100,1,0,4,28476402000,28479176000,28479186000,108544,0,0,1536,0,0,0,0,0,107004,508,4
1,256,256,0,0,28479190000,28479198000,28479205000,108800,0,0,1540,0,0,252,0,0,107004,508,3
1,256,256,0,0,28479240000,28479246000,28479254000,109056,0,0,2048,0,0,-512,0,0,107004,508,5
1,256,-1,11,0,28479289000,28479293000,28479301000,109056,0,0,2048,0,0,-512,0,0,107004,508,5
2,100,1,0,4,28479302000,28482079000,28482092000,109056,0,0,1536,0,0,0,0,0,107516,1020,4
1,256,256,0,0,28482097000,28482108000,28482116000,109312,0,0,1540,0,0,252,0,0,107516,1020,3
1,256,256,0,0,28482151000,28482158000,28482166000,109568,0,0,2048,0,0,-512,0,0,107516,1020,5
1,256,-1,11,0,28482201000,28482205000,28482213000,109568,0,0,2048,0,0,-512,0,0,107516,1020,5
2,100,1,0,4,28482214000,28484979000,28484990000,109568,0,0,1536,0,0,0,0,0,108028,1532,4
1,256,256,0,0,28484993000,28485002000,28485011000,109824,0,0,1540,0,0,252,0,0,108028,1532,3
1,256,256,0,0,28485044000,28485051000,28485059000,110080,0,0,2048,0,0,-512,0,0,108028,1532,5
1,256,-1,11,0,28485093000,28485097000,28485105000,110080,0,0,2048,0,0,-512,0,0,108028,1532,5
2,100,1,0,4,28485106000,28487878000,28487889000,110080,0,0,1536,0,0,0,0,0,108540,2044,4
1,256,256,0,0,28487893000,28487901000,28487909000,110336,0,0,1540,0,0,252,0,0,108540,2044,3
1,256,256,0,0,28487944000,28487951000,28487959000,110592,0,0,2048,0,0,-512,0,0,108540,2044,5
1,256,-1,11,0,28487993000,28487997000,28488005000,110592,0,0,2048,0,0,-512,0,0,108540,2044,5
2,100,1,0,4,28488006000,28490785000,28490795000,110592,0,0,1536,0,0,0,0,0,109052,508,4
1,256,256,0,0,28490799000,28490807000,28490815000,110848,0,0,1540,0,0,252,0,0,109052,508,3
1,256,256,0,0,28490851000,28490858000,28490866000,111104,0,0,2048,0,0,-512,0,0,109052,508,5
1,256,-1,11,0,28490900000,28490905000,28490913000,111104,0,0,2048,0,0,-512,0,0,109052,508,5
2,100,1,0,4,28490914000,28493677000,28493687000,111104,0,0,1536,0,0,0,0,0,109564,1020,4
1,256,256,0,0,28493691000,28493699000,28493707000,111360,0,0,1540,0,0,252,0,0,109564,1020,3
1,256,256,0,0,28493743000,28493749000,28493757000,111616,0,0,2048,0,0,-512,0,0,109564,1020,5
1,256,-1,11,0,28493792000,28493796000,28493803000,111616,0,0,2048,0,0,-512,0,0,109564,1020,5
2,100,1,0,4,28493804000,28496578000,28496588000,111616,0,0,1536,0,0,0,0,0,110076,1532,4
1,256,256,0,0,28496592000,28496600000,28496608000,111872,0,0,1540,0,0,252,0,0,110076,1532,3
1,256,256,0,0,28496643000,28496650000,28496657000,112128,0,0,2048,0,0,-512,0,0,110076,1532,5
1,256,-1,11,0,28496693000,28496697000,28496705000,112128,0,0,2048,0,0,-512,0,0,110076,1532,5
2,100,1,0,4,28496706000,28499477000,28499487000,112128,0,0,1536,0,0,0,0,0,110588,2044,4
1,256,256,0,0,28499491000,28499498000,28499506000,112384,0,0,1540,0,0,252,0,0,110588,2044,3
1,256,256,0,0,28499542000,28499549000,28499556000,112640,0,0,2048,0,0,-512,0,0,110588,2044,5
1,256,-1,11,0,28499593000,28499597000,28499605000,112640,0,0,2048,0,0,-512,0,0,110588,2044,5
2,100,1,0,4,28499606000,28502382000,28502392000,112640,0,0,1536,0,0,0,0,0,111100,508,4
1,256,256,0,0,28502396000,28502403000,28502411000,112896,0,0,1540,0,0,252,0,0,111100,508,3
1,256,256,0,0,28502444000,28502451000,28502459000,113152,0,0,2048,0,0,-512,0,0,111100,508,5
1,256,-1,11,0,28502492000,28502497000,28502504000,113152,0,0,2048,0,0,-512,0,0,111100,508,5
2,100,1,0,4,28502505000,28505277000,28505286000,113152,0,0,1536,0,0,0,0,0,111612,1020,4
1,256,256,0,0,28505290000,28505298000,28505305000,113408,0,0,1540,0,0,252,0,0,111612,1020,3
1,256,256,0,0,28505339000,28505345000,28505353000,113664,0,0,2048,0,0,-512,0,0,111612,1020,5
1,256,-1,11,0,28505386000,28505390000,28505398000,113664,0,0,2048,0,0,-512,0,0,111612,1020,5
2,100,1,0,4,28505399000,28508176000,28508186000,113664,0,0,1536,0,0,0,0,0,112124,1532,4
1,256,256,0,0,28508190000,28508197000,28508205000,113920,0,0,1540,0,0,252,0,0,112124,1532,3
1,256,256,0,0,28508239000,28508246000,28508253000,114176,0,0,2048,0,0,-512,0,0,112124,1532,5
1,256,-1,11,0,28508286000,28508291000,28508299000,114176,0,0,2048,0,0,-512,0,0,112124,1532,5
2,100,1,0,4,28508300000,28511080000,28511092000,114176,0,0,1536,0,0,0,0,0,112636,2044,4
1,256,256,0,0,28511097000,28511107000,28511115000,114432,0,0,1540,0,0,252,0,0,112636,2044,3
1,256,256,0,0,28511150000,28511157000,28511165000,114688,0,0,2048,0,0,-512,0,0,112636,2044,5
1,256,-1,11,0,28511198000,28511203000,28511211000,114688,0,0,2048,0,0,-512,0,0,112636,2044,5
2,100,1,0,4,28511212000,28513979000,28513991000,114688,0,0,1536,0,0,0,0,0,113148,508,4
1,256,256,0,0,28513994000,28514004000,28514012000,114944,0,0,1540,0,0,252,0,0,113148,508,3
1,256,256,0,0,28514046000,28514053000,28514061000,115200,0,0,2048,0,0,-512,0,0,113148,508,5
1,256,-1,11,0,28514095000,28514099000,28514107000,115200,0,0,2048,0,0,-512,0,0,113148,508,5
2,100,1,0,4,28514107000,28516878000,28516889000,115200,0,0,1536,0,0,0,0,0,113660,1020,4
1,256,256,0,0,28516892000,28516900000,28516908000,115456,0,0,1540,0,0,252,0,0,113660,1020,3
1,256,256,0,0,28516942000,28516949000,28516956000,115712,0,0,2048,0,0,-512,0,0,113660,1020,5
1,256,-1,11,0,28516990000,28516994000,28517002000,115712,0,0,2048,0,0,-512,0,0,113660,1020,5
2,100,1,0,4,28517003000,28519778000,28519788000,115712,0,0,1536,0,0,0,0,0,114172,1532,4
1,256,256,0,0,28519791000,28519799000,28519807000,115968,0,0,1540,0,0,252,0,0,114172,1532,3
1,256,256,0,0,28519841000,28519848000,28519855000,116224,0,0,2048,0,0,-512,0,0,114172,1532,5
1,256,-1,11,0,28519889000,28519894000,28519901000,116224,0,0,2048,0,0,-512,0,0,114172,1532,5
2,100,1,0,4,28519902000,28522684000,28522694000,116224,0,0,1536,0,0,0,0,0,114684,2044,4
1,256,256,0,0,28522698000,28522706000,28522713000,116480,0,0,1540,0,0,252,0,0,114684,2044,3
1,256,256,0,0,28522748000,28522755000,28522763000,116736,0,0,2048,0,0,-512,0,0,114684,2044,5
1,256,-1,11,0,28522796000,28522801000,28522808000,116736,0,0,2048,0,0,-512,0,0,114684,2044,5
2,100,1,0,4,28522809000,28525579000,28525589000,116736,0,0,1536,0,0,0,0,0,115196,508,4
1,256,256,0,0,28525593000,28525601000,28525609000,116992,0,0,1540,0,0,252,0,0,115196,508,3
1,256,256,0,0,28525643000,28525650000,28525657000,117248,0,0,2048,0,0,-512,0,0,115196,508,5
1,256,-1,11,0,28525691000,28525695000,28525703000,117248,0,0,2048,0,0,-512,0,0,115196,508,5
2,100,1,0,4,28525704000,28528478000,28528488000,117248,0,0,1536,0,0,0,0,0,115708,1020,4
1,256,256,0,0,28528491000,28528499000,28528507000,117504,0,0,1540,0,0,252,0,0,115708,1020,3
1,256,256,0,0,28528542000,28528548000,28528556000,117760,0,0,2048,0,0,-512,0,0,115708,1020,5
1,256,-1,11,0,28528589000,28528594000,28528601000,117760,0,0,2048,0,0,-512,0,0,115708,1020,5
2,100,1,0,4,28528602000,28531382000,28531392000,117760,0,0,1536,0,0,0,0,0,116220,1532,4
1,256,256,0,0,28531396000,28531405000,28531412000,118016,0,0,1540,0,0,252,0,0,116220,1532,3
1,256,256,0,0,28531447000,28531453000,28531461000,118272,0,0,2048,0,0,-512,0,0,116220,1532,5
1,256,-1,11,0,28531495000,28531499000,28531507000,118272,0,0,2048,0,0,-512,0,0,116220,1532,5
2,100,1,0,4,28531508000,28534282000,28534292000,118272,0,0,1536,0,0,0,0,0,116732,2044,4
1,256,256,0,0,28534296000,28534305000,28534313000,118528,0,0,1540,0,0,252,0,0,116732,2044,3
1,256,256,0,0,28534348000,28534354000,28534362000,118784,0,0,2048,0,0,-512,0,0,116732,2044,5
1,256,-1,11,0,28534397000,28534401000,28534409000,118784,0,0,2048,0,0,-512,0,0,116732,2044,5
2,100,1,0,4,28534410000,28537177000,28537187000,118784,0,0,1536,0,0,0,0,0,117244,508,4
1,256,256,0,0,28537190000,28537199000,28537207000,119040,0,0,1540,0,0,252,0,0,117244,508,3
1,256,256,0,0,28537241000,28537247000,28537255000,119296,0,0,2048,0,0,-512,0,0,117244,508,5
1,256,-1,11,0,28537289000,28537293000,28537300000,119296,0,0,2048,0,0,-512,0,0,117244,508,5
2,100,1,0,4,28537301000,28540082000,28540095000,119296,0,0,1536,0,0,0,0,0,117756,1020,4
1,256,256,0,0,28540098000,28540109000,28540117000,119552,0,0,1540,0,0,252,0,0,117756,1020,3
1,256,256,0,0,28540152000,28540159000,28540167000,119808,0,0,2048,0,0,-512,0,0,117756,1020,5
1,256,-1,11,0,28540201000,28540206000,28540214000,119808,0,0,2048,0,0,-512,0,0,117756,1020,5
2,100,1,0,4,28540215000,28542981000,28542992000,119808,0,0,1536,0,0,0,0,0,118268,1532,4
1,256,256,0,0,28542996000,28543005000,28543013000,120064,0,0,1540,0,0,252,0,0,118268,1532,3
1,256,256,0,0,28543048000,28543055000,28543063000,120320,0,0,2048,0,0,-512,0,0,118268,1532,5
1,256,-1,11,0,28543096000,28543101000,28543108000,120320,0,0,2048,0,0,-512,0,0,118268,1532,5
2,100,1,0,4,28543109000,28545880000,28545891000,120320,0,0,1536,0,0,0,0,0,118780,2044,4
1,256,256,0,0,28545894000,28545902000,28545910000,120576,0,0,1540,0,0,252,0,0,118780,2044,3
1,256,256,0,0,28545945000,28545951000,28545959000,120832,0,0,2048,0,0,-512,0,0,118780,2044,5
1,256,-1,11,0,28545993000,28545997000,28546005000,120832,0,0,2048,0,0,-512,0,0,118780,2044,5
2,100,1,0,4,28546005000,28548779000,28548789000,120832,0,0,1536,0,0,0,0,0,119292,508,4
1,256,256,0,0,28548793000,28548800000,28548808000,121088,0,0,1540,0,0,252,0,0,119292,508,3
1,256,256,0,0,28548843000,28548849000,28548857000,121344,0,0,2048,0,0,-512,0,0,119292,508,5
1,256,-1,11,0,28548891000,28548896000,28548903000,121344,0,0,2048,0,0,-512,0,0,119292,508,5
2,100,1,0,4,28548904000,28551684000,28551695000,121344,0,0,1536,0,0,0,0,0,119804,1020,4
1,256,256,0,0,28551699000,28551707000,28551716000,121600,0,0,1540,0,0,252,0,0,119804,1020,3
1,256,256,0,0,28551750000,28551757000,28551765000,121856,0,0,2048,0,0,-512,0,0,119804,1020,5
1,256,-1,11,0,28551799000,28551804000,28551812000,121856,0,0,2048,0,0,-512,0,0,119804,1020,5
2,100,1,0,4,28551813000,28554579000,28554590000,121856,0,0,1536,0,0,0,0,0,120316,1532,4
1,256,256,0,0,28554593000,28554601000,28554609000,122112,0,0,1540,0,0,252,0,0,120316,1532,3
1,256,256,0,0,28554644000,28554650000,28554658000,122368,0,0,2048,0,0,-512,0,0,120316,1532,5
1,256,-1,11,0,28554694000,28554698000,28554705000,122368,0,0,2048,0,0,-512,0,0,120316,1532,5
2,100,1,0,4,28554706000,28557478000,28557488000,122368,0,0,1536,0,0,0,0,0,120828,2044,4
1,256,256,0,0,28557492000,28557500000,28557508000,122624,0,0,1540,0,0,252,0,0,120828,2044,3
1,256,256,0,0,28557543000,28557550000,28557558000,122880,0,0,2048,0,0,-512,0,0,120828,2044,5
1,256,-1,11,0,28557592000,28557597000,28557604000,122880,0,0,2048,0,0,-512,0,0,120828,2044,5
2,100,1,0,4,28557605000,28560383000,28560394000,122880,0,0,1536,0,0,0,0,0,121340,508,4
1,256,256,0,0,28560397000,28560406000,28560414000,123136,0,0,1540,0,0,252,0,0,121340,508,3
1,256,256,0,0,28560449000,28560456000,28560464000,123392,0,0,2048,0,0,-512,0,0,121340,508,5
1,256,-1,11,0,28560498000,28560503000,28560510000,123392,0,0,2048,0,0,-512,0,0,121340,508,5
2,100,1,0,4,28560511000,28563278000,28563288000,123392,0,0,1536,0,0,0,0,0,121852,1020,4
1,256,256,0,0,28563292000,28563299000,28563307000,123648,0,0,1540,0,0,252,0,0,121852,1020,3
1,256,256,0,0,28563342000,28563349000,28563357000,123904,0,0,2048,0,0,-512,0,0,121852,1020,5
1,256,-1,11,0,28563391000,28563395000,28563403000,123904,0,0,2048,0,0,-512,0,0,121852,1020,5
2,100,1,0,4,28563404000,28566178000,28566188000,123904,0,0,1536,0,0,0,0,0,122364,1532,4
1,256,256,0,0,28566191000,28566199000,28566207000,124160,0,0,1540,0,0,252,0,0,122364,1532,3
1,256,256,0,0,28566242000,28566248000,28566256000,124416,0,0,2048,0,0,-512,0,0,122364,1532,5
1,256,-1,11,0,28566291000,28566295000,28566303000,124416,0,0,2048,0,0,-512,0,0,122364,1532,5
2,100,1,0,4,28566304000,28569077000,28569086000,124416,0,0,1536,0,0,0,0,0,122876,2044,4
1,256,256,0,0,28569090000,28569098000,28569105000,124672,0,0,1540,0,0,252,0,0,122876,2044,3
1,256,256,0,0,28569140000,28569147000,28569155000,124928,0,0,2048,0,0,-512,0,0,122876,2044,5
1,256,-1,11,0,28569190000,28569195000,28569203000,124928,0,0,2048,0,0,-512,0,0,122876,2044,5
2,100,1,0,4,28569204000,28571983000,28571995000,124928,0,0,1536,0,0,0,0,0,123388,508,4
1,256,256,0,0,28571999000,28572011000,28572019000,125184,0,0,1540,0,0,252,0,0,123388,508,3
1,256,256,0,0,28572054000,28572062000,28572070000,125440,0,0,2048,0,0,-512,0,0,123388,508,5
1,256,-1,11,0,28572104000,28572109000,28572117000,125440,0,0,2048,0,0,-512,0,0,123388,508,5
2,100,1,0,4,28572118000,28574880000,28574891000,125440,0,0,1536,0,0,0,0,0,123900,1020,4
1,256,256,0,0,28574895000,28574904000,28574912000,125696,0,0,1540,0,0,252,0,0,123900,1020,3
1,256,256,0,0,28574947000,28574953000,28574961000,125952,0,0,2048,0,0,-512,0,0,123900,1020,5
1,256,-1,11,0,28574996000,28575000000,28575008000,125952,0,0,2048,0,0,-512,0,0,123900,1020,5
2,100,1,0,4,28575009000,28577778000,28577789000,125952,0,0,1536,0,0,0,0,0,124412,1532,4
1,256,256,0,0,28577792000,28577801000,28577809000,126208,0,0,1540,0,0,252,0,0,124412,1532,3
1,256,256,0,0,28577844000,28577850000,28577858000,126464,0,0,2048,0,0,-512,0,0,124412,1532,5
1,256,-1,11,0,28577892000,28577897000,28577904000,126464,0,0,2048,0,0,-512,0,0,124412,1532,5
2,100,1,0,4,28577905000,28580686000,28580699000,126464,0,0,1536,0,0,0,0,0,124924,2044,4
1,256,256,0,0,28580703000,28580713000,28580721000,126720,0,0,1540,0,0,252,0,0,124924,2044,3
1,256,256,0,0,28580758000,28580765000,28580774000,126976,0,0,2048,0,0,-512,0,0,124924,2044,5
1,256,-1,11,0,28580807000,28580811000,28580819000,126976,0,0,2048,0,0,-512,0,0,124924,2044,5
2,100,1,0,4,28580820000,28583579000,28583590000,126976,0,0,1536,0,0,0,0,0,125436,508,4
1,256,256,0,0,28583594000,28583603000,28583611000,127232,0,0,1540,0,0,252,0,0,125436,508,3
1,256,256,0,0,28583645000,28583652000,28583660000,127488,0,0,2048,0,0,-512,0,0,125436,508,5
1,256,-1,11,0,28583693000,28583698000,28583705000,127488,0,0,2048,0,0,-512,0,0,125436,508,5
2,100,1,0,4,28583706000,28586480000,28586491000,127488,0,0,1536,0,0,0,0,0,125948,1020,4
1,256,256,0,0,28586494000,28586503000,28586511000,127744,0,0,1540,0,0,252,0,0,125948,1020,3
1,256,256,0,0,28586545000,28586551000,28586559000,128000,0,0,2048,0,0,-512,0,0,125948,1020,5
1,256,-1,11,0,28586593000,28586597000,28586605000,128000,0,0,2048,0,0,-512,0,0,125948,1020,5
2,100,1,0,4,28586606000,28589378000,28589387000,128000,0,0,1536,0,0,0,0,0,126460,1532,4
1,256,256,0,0,28589391000,28589399000,28589407000,128256,0,0,1540,0,0,252,0,0,126460,1532,3
1,256,256,0,0,28589440000,28589447000,28589454000,128512,0,0,2048,0,0,-512,0,0,126460,1532,5
1,256,-1,11,0,28589489000,28589493000,28589501000,128512,0,0,2048,0,0,-512,0,0,126460,1532,5
2,100,1,0,4,28589502000,28592296000,28592313000,128512,0,0,1536,0,0,0,0,0,126972,2044,4
1,256,256,0,0,28592318000,28592332000,28592341000,128768,0,0,1540,0,0,252,0,0,126972,2044,3
1,256,256,0,0,28592376000,28592383000,28592391000,129024,0,0,2048,0,0,-512,0,0,126972,2044,5
1,256,-1,11,0,28592424000,28592429000,28592437000,129024,0,0,2048,0,0,-512,0,0,126972,2044,5
2,100,1,0,4,28592438000,28595184000,28595196000,129024,0,0,1536,0,0,0,0,0,127484,508,4
1,256,256,0,0,28595200000,28595208000,28595217000,129280,0,0,1540,0,0,252,0,0,127484,508,3
1,256,256,0,0,28595252000,28595258000,28595266000,129536,0,0,2048,0,0,-512,0,0,127484,508,5
1,256,-1,11,0,28595300000,28595304000,28595312000,129536,0,0,2048,0,0,-512,0,0,127484,508,5
2,100,1,0,4,28595313000,28598080000,28598089000,129536,0,0,1536,0,0,0,0,0,127996,1020,4
1,256,256,0,0,28598093000,28598101000,28598109000,129792,0,0,1540,0,0,252,0,0,127996,1020,3
1,256,256,0,0,28598144000,28598150000,28598158000,130048,0,0,2048,0,0,-512,0,0,127996,1020,5
1,256,-1,11,0,28598192000,28598196000,28598203000,130048,0,0,2048,0,0,-512,0,0,127996,1020,5
2,100,1,0,4,28598204000,28600986000,28601000000,130048,0,0,1536,0,0,0,0,0,128508,1532,4
1,256,256,0,0,28601004000,28601015000,28601023000,130304,0,0,1540,0,0,252,0,0,128508,1532,3
1,256,256,0,0,28601058000,28601065000,28601074000,130560,0,0,2048,0,0,-512,0,0,128508,1532,5
1,256,-1,11,0,28601107000,28601112000,28601120000,130560,0,0,2048,0,0,-512,0,0,128508,1532,5
2,100,1,0,4,28601120000,28603883000,28603895000,130560,0,0,1536,0,0,0,0,0,129020,2044,4
1,256,256,0,0,28603898000,28603908000,28603916000,130816,0,0,1540,0,0,252,0,0,129020,2044,3
1,256,256,0,0,28603950000,28603957000,28603965000,131072,0,0,2048,0,0,-512,0,0,129020,2044,5
1,256,-1,11,0,28603998000,28604003000,28604011000,131072,0,0,2048,0,0,-512,0,0,129020,2044,5
2,100,1,0,4,28604012000,28606783000,28606793000,131072,0,0,1536,0,0,0,0,0,129532,508,4
1,256,256,0,0,28606797000,28606805000,28606813000,131328,0,0,1540,0,0,252,0,0,129532,508,3
1,256,256,0,0,28606847000,28606854000,28606861000,131584,0,0,2048,0,0,-512,0,0,129532,508,5
1,256,-1,11,0,28606896000,28606900000,28606908000,131584,0,0,2048,0,0,-512,0,0,129532,508,5
2,100,1,0,4,28606909000,28609681000,28609691000,131584,0,0,1536,0,0,0,0,0,130044,1020,4
1,256,256,0,0,28609694000,28609702000,28609710000,131840,0,0,1540,0,0,252,0,0,130044,1020,3
1,256,256,0,0,28609743000,28609750000,28609758000,132096,0,0,2048,0,0,-512,0,0,130044,1020,5
1,256,-1,11,0,28609792000,28609796000,28609804000,132096,0,0,2048,0,0,-512,0,0,130044,1020,5
2,100,1,0,4,28609805000,28612589000,28612599000,132096,0,0,1536,0,0,0,0,0,130556,1532,4
1,256,256,0,0,28612603000,28612612000,28612620000,132352,0,0,1540,0,0,252,0,0,130556,1532,3
1,256,256,0,0,28612655000,28612662000,28612670000,132608,0,0,2048,0,0,-512,0,0,130556,1532,5
1,256,-1,11,0,28612703000,28612707000,28612715000,132608,0,0,2048,0,0,-512,0,0,130556,1532,5
2,100,1,0,4,28612716000,28615480000,28615491000,132608,0,0,1536,0,0,0,0,0,131068,2044,4
1,256,256,0,0,28615494000,28615502000,28615510000,132864,0,0,1540,0,0,252,0,0,131068,2044,3
1,256,256,0,0,28615544000,28615551000,28615558000,133120,0,0,2048,0,0,-512,0,0,131068,2044,5
1,256,-1,11,0,28615592000,28615596000,28615604000,133120,0,0,2048,0,0,-512,0,0,131068,2044,5
2,100,1,0,4,28615605000,28618380000,28618390000,133120,0,0,1536,0,0,0,0,0,131580,508,4
1,256,256,0,0,28618393000,28618401000,28618409000,133376,0,0,1540,0,0,252,0,0,131580,508,3
1,256,256,0,0,28618444000,28618450000,28618458000,133632,0,0,2048,0,0,-512,0,0,131580,508,5
1,256,-1,11,0,28618491000,28618495000,28618503000,133632,0,0,2048,0,0,-512,0,0,131580,508,5
2,100,1,0,4,28618504000,28621285000,28621296000,133632,0,0,1536,0,0,0,0,0,132092,1020,4
1,256,256,0,0,28621299000,28621308000,28621316000,133888,0,0,1540,0,0,252,0,0,132092,1020,3
1,256,256,0,0,28621350000,28621357000,28621365000,134144,0,0,2048,0,0,-512,0,0,132092,1020,5
1,256,-1,11,0,28621399000,28621403000,28621411000,134144,0,0,2048,0,0,-512,0,0,132092,1020,5
2,100,1,0,4,28621412000,28624180000,28624189000,134144,0,0,1536,0,0,0,0,0,132604,1532,4
1,256,256,0,0,28624193000,28624200000,28624208000,134400,0,0,1540,0,0,252,0,0,132604,1532,3
1,256,256,0,0,28624242000,28624249000,28624257000,134656,0,0,2048,0,0,-512,0,0,132604,1532,5
1,256,-1,11,0,28624291000,28624295000,28624303000,134656,0,0,2048,0,0,-512,0,0,132604,1532,5
2,100,1,0,4,28624304000,28627079000,28627088000,134656,0,0,1536,0,0,0,0,0,133116,2044,4
1,256,256,0,0,28627092000,28627100000,28627107000,134912,0,0,1540,0,0,252,0,0,133116,2044,3
1,256,256,0,0,28627142000,28627148000,28627156000,135168,0,0,2048,0,0,-512,0,0,133116,2044,5
1,256,-1,11,0,28627190000,28627195000,28627202000,135168,0,0,2048,0,0,-512,0,0,133116,2044,5
2,100,1,0,4,28627203000,28629978000,28629988000,135168,0,0,1536,0,0,0,0,0,133628,508,4
1,256,256,0,0,28629991000,28630023000,28630063000,135424,0,0,1540,0,0,252,0,0,133628,508,3
1,256,256,0,0,28630098000,28630109000,28630117000,135680,0,0,2048,0,0,-512,0,0,133628,508,5
1,256,-1,11,0,28630151000,28630156000,28630164000,135680,0,0,2048,0,0,-512,0,0,133628,508,5
2,100,1,0,4,28630165000,28632890000,28632901000,135680,0,0,1536,0,0,0,0,0,134140,1020,4
1,256,256,0,0,28632905000,28632915000,28632924000,135936,0,0,1540,0,0,252,0,0,134140,1020,3
1,256,256,0,0,28632958000,28632966000,28632974000,136192,0,0,2048,0,0,-512,0,0,134140,1020,5
1,256,-1,11,0,28633008000,28633012000,28633020000,136192,0,0,2048,0,0,-512,0,0,134140,1020,5
2,100,1,0,4,28633021000,28635783000,28635794000,136192,0,0,1536,0,0,0,0,0,134652,1532,4
1,256,256,0,0,28635798000,28635807000,28635815000,136448,0,0,1540,0,0,252,0,0,134652,1532,3
1,256,256,0,0,28635851000,28635857000,28635865000,136704,0,0,2048,0,0,-512,0,0,134652,1532,5
1,256,-1,11,0,28635899000,28635903000,28635911000,136704,0,0,2048,0,0,-512,0,0,134652,1532,5
2,100,1,0,4,28635912000,28638681000,28638692000,136704,0,0,1536,0,0,0,0,0,135164,2044,4
1,256,256,0,0,28638696000,28638703000,28638711000,136960,0,0,1540,0,0,252,0,0,135164,2044,3
1,256,256,0,0,28638746000,28638752000,28638760000,137216,0,0,2048,0,0,-512,0,0,135164,2044,5
1,256,-1,11,0,28638795000,28638799000,28638806000,137216,0,0,2048,0,0,-512,0,0,135164,2044,5
2,100,1,0,4,28638807000,28641588000,28641598000,137216,0,0,1536,0,0,0,0,0,135676,508,4
1,256,256,0,0,28641602000,28641610000,28641618000,137472,0,0,1540,0,0,252,0,0,135676,508,3
1,256,256,0,0,28641653000,28641660000,28641667000,137728,0,0,2048,0,0,-512,0,0,135676,508,5
1,256,-1,11,0,28641701000,28641706000,28641714000,137728,0,0,2048,0,0,-512,0,0,135676,508,5
2,100,1,0,4,28641715000,28644481000,28644492000,137728,0,0,1536,0,0,0,0,0,136188,1020,4
1,256,256,0,0,28644496000,28644504000,28644512000,137984,0,0,1540,0,0,252,0,0,136188,1020,3
1,256,256,0,0,28644545000,28644552000,28644560000,138240,0,0,2048,0,0,-512,0,0,136188,1020,5
1,256,-1,11,0,28644595000,28644599000,28644606000,138240,0,0,2048,0,0,-512,0,0,136188,1020,5
2,100,1,0,4,28644607000,28647382000,28647392000,138240,0,0,1536,0,0,0,0,0,136700,1532,4
1,256,256,0,0,28647395000,28647404000,28647412000,138496,0,0,1540,0,0,252,0,0,136700,1532,3
1,256,256,0,0,28647445000,28647452000,28647460000,138752,0,0,2048,0,0,-512,0,0,136700,1532,5
1,256,-1,11,0,28647494000,28647498000,28647506000,138752,0,0,2048,0,0,-512,0,0,136700,1532,5
2,100,1,0,4,28647507000,28650286000,28650297000,138752,0,0,1536,0,0,0,0,0,137212,2044,4
1,256,256,0,0,28650301000,28650309000,28650317000,139008,0,0,1540,0,0,252,0,0,137212,2044,3
1,256,256,0,0,28650352000,28650358000,28650366000,139264,0,0,2048,0,0,-512,0,0,137212,2044,5
1,256,-1,11,0,28650399000,28650404000,28650411000,139264,0,0,2048,0,0,-512,0,0,137212,2044,5
2,100,1,0,4,28650412000,28653181000,28653190000,139264,0,0,1536,0,0,0,0,0,137724,508,4
1,256,256,0,0,28653194000,28653202000,28653209000,139520,0,0,1540,0,0,252,0,0,137724,508,3
1,256,256,0,0,28653244000,28653251000,28653258000,139776,0,0,2048,0,0,-512,0,0,137724,508,5
1,256,-1,11,0,28653292000,28653296000,28653304000,139776,0,0,2048,0,0,-512,0,0,137724,508,5
2,100,1,0,4,28653305000,28656079000,28656089000,139776,0,0,1536,0,0,0,0,0,138236,1020,4
1,256,256,0,0,28656093000,28656101000,28656108000,140032,0,0,1540,0,0,252,0,0,138236,1020,3
1,256,256,0,0,28656143000,28656149000,28656157000,140288,0,0,2048,0,0,-512,0,0,138236,1020,5
1,256,-1,11,0,28656191000,28656195000,28656203000,140288,0,0,2048,0,0,-512,0,0,138236,1020,5
2,100,1,0,4,28656204000,28658979000,28658988000,140288,0,0,1536,0,0,0,0,0,138748,1532,4
1,256,256,0,0,28658991000,28658999000,28659007000,140544,0,0,1540,0,0,252,0,0,138748,1532,3
1,256,256,0,0,28659041000,28659047000,28659055000,140800,0,0,2048,0,0,-512,0,0,138748,1532,5
1,256,-1,11,0,28659090000,28659094000,28659102000,140800,0,0,2048,0,0,-512,0,0,138748,1532,5
2,100,1,0,4,28659103000,28661885000,28661898000,140800,0,0,1536,0,0,0,0,0,139260,2044,4
1,256,256,0,0,28661902000,28661912000,28661920000,141056,0,0,1540,0,0,252,0,0,139260,2044,3
1,256,256,0,0,28661954000,28661961000,28661969000,141312,0,0,2048,0,0,-512,0,0,139260,2044,5
1,256,-1,11,0,28662002000,28662007000,28662015000,141312,0,0,2048,0,0,-512,0,0,139260,2044,5
2,100,1,0,4,28662015000,28664784000,28664795000,141312,0,0,1536,0,0,0,0,0,139772,508,4
1,256,256,0,0,28664799000,28664808000,28664816000,141568,0,0,1540,0,0,252,0,0,139772,508,3
1,256,256,0,0,28664849000,28664856000,28664863000,141824,0,0,2048,0,0,-512,0,0,139772,508,5
1,256,-1,11,0,28664897000,28664901000,28664909000,141824,0,0,2048,0,0,-512,0,0,139772,508,5
2,100,1,0,4,28664910000,28667681000,28667691000,141824,0,0,1536,0,0,0,0,0,140284,1020,4
1,256,256,0,0,28667695000,28667703000,28667710000,142080,0,0,1540,0,0,252,0,0,140284,1020,3
1,256,256,0,0,28667745000,28667751000,28667759000,142336,0,0,2048,0,0,-512,0,0,140284,1020,5
1,256,-1,11,0,28667792000,28667797000,28667805000,142336,0,0,2048,0,0,-512,0,0,140284,1020,5
2,100,1,0,4,28667806000,28670588000,28670600000,142336,0,0,1536,0,0,0,0,0,140796,1532,4
1,256,256,0,0,28670604000,28670612000,28670620000,142592,0,0,1540,0,0,252,0,0,140796,1532,3
1,256,256,0,0,28670655000,28670662000,28670670000,142848,0,0,2048,0,0,-512,0,0,140796,1532,5
1,256,-1,11,0,28670704000,28670708000,28670716000,142848,0,0,2048,0,0,-512,0,0,140796,1532,5
2,100,1,0,4,28670717000,28673482000,28673492000,142848,0,0,1536,0,0,0,0,0,141308,2044,4
1,256,256,0,0,28673496000,28673505000,28673512000,143104,0,0,1540,0,0,252,0,0,141308,2044,3
1,256,256,0,0,28673547000,28673553000,28673561000,143360,0,0,2048,0,0,-512,0,0,141308,2044,5
1,256,-1,11,0,28673596000,28673600000,28673608000,143360,0,0,2048,0,0,-512,0,0,141308,2044,5
2,100,1,0,4,28673609000,28676381000,28676391000,143360,0,0,1536,0,0,0,0,0,141820,508,4
1,256,256,0,0,28676395000,28676402000,28676410000,143616,0,0,1540,0,0,252,0,0,141820,508,3
1,256,256,0,0,28676445000,28676451000,28676459000,143872,0,0,2048,0,0,-512,0,0,141820,508,5
1,256,-1,11,0,28676494000,28676499000,28676506000,143872,0,0,2048,0,0,-512,0,0,141820,508,5
2,100,1,0,4,28676507000,28679281000,28679291000,143872,0,0,1536,0,0,0,0,0,142332,1020,4
1,256,256,0,0,28679295000,28679302000,28679310000,144128,0,0,1540,0,0,252,0,0,142332,1020,3
1,256,256,0,0,28679345000,28679351000,28679359000,144384,0,0,2048,0,0,-512,0,0,142332,1020,5
1,256,-1,11,0,28679394000,28679398000,28679406000,144384,0,0,2048,0,0,-512,0,0,142332,1020,5
2,100,1,0,4,28679407000,28682187000,28682198000,144384,0,0,1536,0,0,0,0,0,142844,1532,4
1,256,256,0,0,28682202000,28682209000,28682217000,144640,0,0,1540,0,0,252,0,0,142844,1532,3
1,256,256,0,0,28682250000,28682257000,28682265000,144896,0,0,2048,0,0,-512,0,0,142844,1532,5
1,256,-1,11,0,28682298000,28682302000,28682310000,144896,0,0,2048,0,0,-512,0,0,142844,1532,5
2,100,1,0,4,28682311000,28685081000,28685091000,144896,0,0,1536,0,0,0,0,0,143356,2044,4
1,256,256,0,0,28685094000,28685103000,28685111000,145152,0,0,1540,0,0,252,0,0,143356,2044,3
1,256,256,0,0,28685144000,28685151000,28685159000,145408,0,0,2048,0,0,-512,0,0,143356,2044,5
1,256,-1,11,0,28685192000,28685196000,28685204000,145408,0,0,2048,0,0,-512,0,0,143356,2044,5
2,100,1,0,4,28685205000,28687981000,28687990000,145408,0,0,1536,0,0,0,0,0,143868,508,4
1,256,256,0,0,28687994000,28688002000,28688009000,145664,0,0,1540,0,0,252,0,0,143868,508,3
1,256,256,0,0,28688043000,28688050000,28688058000,145920,0,0,2048,0,0,-512,0,0,143868,508,5
1,256,-1,11,0,28688091000,28688096000,28688103000,145920,0,0,2048,0,0,-512,0,0,143868,508,5
2,100,1,0,4,28688104000,28690887000,28690900000,145920,0,0,1536,0,0,0,0,0,144380,1020,4
1,256,256,0,0,28690904000,28690915000,28690925000,146176,0,0,1540,0,0,252,0,0,144380,1020,3
1,256,256,0,0,28690961000,28690968000,28690975000,146432,0,0,2048,0,0,-512,0,0,144380,1020,5
1,256,-1,11,0,28691009000,28691013000,28691021000,146432,0,0,2048,0,0,-512,0,0,144380,1020,5
2,100,1,0,4,28691022000,28693786000,28693798000,146432,0,0,1536,0,0,0,0,0,144892,1532,4
1,256,256,0,0,28693801000,28693810000,28693818000,146688,0,0,1540,0,0,252,0,0,144892,1532,3
1,256,256,0,0,28693852000,28693859000,28693867000,146944,0,0,2048,0,0,-512,0,0,144892,1532,5
1,256,-1,11,0,28693901000,28693905000,28693913000,146944,0,0,2048,0,0,-512,0,0,144892,1532,5
2,100,1,0,4,28693914000,28696683000,28696694000,146944,0,0,1536,0,0,0,0,0,145404,2044,4
1,256,256,0,0,28696697000,28696705000,28696713000,147200,0,0,1540,0,0,252,0,0,145404,2044,3
1,256,256,0,0,28696747000,28696753000,28696761000,147456,0,0,2048,0,0,-512,0,0,145404,2044,5
1,256,-1,11,0,28696795000,28696800000,28696807000,147456,0,0,2048,0,0,-512,0,0,145404,2044,5
2,100,1,0,4,28696808000,28699582000,28699592000,147456,0,0,1536,0,0,0,0,0,145916,508,4
1,256,256,0,0,28699596000,28699604000,28699611000,147712,0,0,1540,0,0,252,0,0,145916,508,3
1,256,256,0,0,28699646000,28699652000,28699660000,147968,0,0,2048,0,0,-512,0,0,145916,508,5
1,256,-1,11,0,28699694000,28699698000,28699706000,147968,0,0,2048,0,0,-512,0,0,145916,508,5
2,100,1,0,4,28699707000,28702491000,28702501000,147968,0,0,1536,0,0,0,0,0,146428,1020,4
1,256,256,0,0,28702505000,28702513000,28702521000,148224,0,0,1540,0,0,252,0,0,146428,1020,3
1,256,256,0,0,28702554000,28702561000,28702569000,148480,0,0,2048,0,0,-512,0,0,146428,1020,5
1,256,-1,11,0,28702602000,28702606000,28702614000,148480,0,0,2048,0,0,-512,0,0,146428,1020,5
2,100,1,0,4,28702615000,28705383000,28705393000,148480,0,0,1536,0,0,0,0,0,146940,1532,4
1,256,256,0,0,28705396000,28705405000,28705413000,148736,0,0,1540,0,0,252,0,0,146940,1532,3
1,256,256,0,0,28705447000,28705454000,28705461000,148992,0,0,2048,0,0,-512,0,0,146940,1532,5
1,256,-1,11,0,28705495000,28705499000,28705506000,148992,0,0,2048,0,0,-512,0,0,146940,1532,5
2,100,1,0,4,28705507000,28708282000,28708292000,148992,0,0,1536,0,0,0,0,0,147452,2044,4
1,256,256,0,0,28708296000,28708304000,28708311000,149248,0,0,1540,0,0,252,0,0,147452,2044,3
1,256,256,0,0,28708346000,28708352000,28708360000,149504,0,0,2048,0,0,-512,0,0,147452,2044,5
1,256,-1,11,0,28708393000,28708397000,28708405000,149504,0,0,2048,0,0,-512,0,0,147452,2044,5
2,100,1,0,4,28708406000,28711187000,28711198000,149504,0,0,1536,0,0,0,0,0,147964,508,4
1,256,256,0,0,28711202000,28711210000,28711217000,149760,0,0,1540,0,0,252,0,0,147964,508,3
1,256,256,0,0,28711252000,28711259000,28711266000,150016,0,0,2048,0,0,-512,0,0,147964,508,5
1,256,-1,11,0,28711300000,28711305000,28711312000,150016,0,0,2048,0,0,-512,0,0,147964,508,5
2,100,1,0,4,28711313000,28714081000,28714091000,150016,0,0,1536,0,0,0,0,0,148476,1020,4
1,256,256,0,0,28714094000,28714102000,28714110000,150272,0,0,1540,0,0,252,0,0,148476,1020,3
1,256,256,0,0,28714144000,28714151000,28714158000,150528,0,0,2048,0,0,-512,0,0,148476,1020,5
1,256,-1,11,0,28714193000,28714198000,28714205000,150528,0,0,2048,0,0,-512,0,0,148476,1020,5
2,100,1,0,4,28714206000,28716981000,28716991000,150528,0,0,1536,0,0,0,0,0,148988,1532,4
1,256,256,0,0,28716994000,28717002000,28717010000,150784,0,0,1540,0,0,252,0,0,148988,1532,3
1,256,256,0,0,28717044000,28717050000,28717058000,151040,0,0,2048,0,0,-512,0,0,148988,1532,5
1,256,-1,11,0,28717093000,28717097000,28717105000,151040,0,0,2048,0,0,-512,0,0,148988,1532,5
2,100,1,0,4,28717106000,28719881000,28719891000,151040,0,0,1536,0,0,0,0,0,149500,2044,4
1,256,256,0,0,28719894000,28719902000,28719910000,151296,0,0,1540,0,0,252,0,0,149500,2044,3
1,256,256,0,0,28719945000,28719951000,28719959000,151552,0,0,2048,0,0,-512,0,0,149500,2044,5
1,256,-1,11,0,28719993000,28719997000,28720061000,151552,0,0,2048,0,0,-512,0,0,149500,2044,5
2,100,1,0,4,28720062000,28722786000,28722798000,151552,0,0,1536,0,0,0,0,0,150012,508,4
1,256,256,0,0,28722801000,28722813000,28722821000,151808,0,0,1540,0,0,252,0,0,150012,508,3
1,256,256,0,0,28722856000,28722864000,28722872000,152064,0,0,2048,0,0,-512,0,0,150012,508,5
1,256,-1,11,0,28722905000,28722910000,28722918000,152064,0,0,2048,0,0,-512,0,0,150012,508,5
2,100,1,0,4,28722919000,28725685000,28725695000,152064,0,0,1536,0,0,0,0,0,150524,1020,4
1,256,256,0,0,28725699000,28725708000,28725716000,152320,0,0,1540,0,0,252,0,0,150524,1020,3
1,256,256,0,0,28725751000,28725758000,28725766000,152576,0,0,2048,0,0,-512,0,0,150524,1020,5
1,256,-1,11,0,28725799000,28725803000,28725811000,152576,0,0,2048,0,0,-512,0,0,150524,1020,5
2,100,1,0,4,28725812000,28728585000,28728595000,152576,0,0,1536,0,0,0,0,0,151036,1532,4
1,256,256,0,0,28728598000,28728606000,28728614000,152832,0,0,1540,0,0,252,0,0,151036,1532,3
1,256,256,0,0,28728649000,28728655000,28728663000,153088,0,0,2048,0,0,-512,0,0,151036,1532,5
1,256,-1,11,0,28728697000,28728702000,28728709000,153088,0,0,2048,0,0,-512,0,0,151036,1532,5
2,100,1,0,4,28728710000,28731490000,28731501000,153088,0,0,1536,0,0,0,0,0,151548,2044,4
1,256,256,0,0,28731505000,28731514000,28731522000,153344,0,0,1540,0,0,252,0,0,151548,2044,3
1,256,256,0,0,28731556000,28731563000,28731571000,153600,0,0,2048,0,0,-512,0,0,151548,2044,5
1,256,-1,11,0,28731605000,28731609000,28731617000,153600,0,0,2048,0,0,-512,0,0,151548,2044,5
2,100,1,0,4,28731618000,28734383000,28734394000,153600,0,0,1536,0,0,0,0,0,152060,508,4
1,256,256,0,0,28734397000,28734406000,28734413000,153856,0,0,1540,0,0,252,0,0,152060,508,3
1,256,256,0,0,28734447000,28734454000,28734462000,154112,0,0,2048,0,0,-512,0,0,152060,508,5
1,256,-1,11,0,28734497000,28734501000,28734509000,154112,0,0,2048,0,0,-512,0,0,152060,508,5
2,100,1,0,4,28734510000,28737283000,28737294000,154112,0,0,1536,0,0,0,0,0,152572,1020,4
1,256,256,0,0,28737297000,28737306000,28737314000,154368,0,0,1540,0,0,252,0,0,152572,1020,3
1,256,256,0,0,28737348000,28737355000,28737363000,154624,0,0,2048,0,0,-512,0,0,152572,1020,5
1,256,-1,11,0,28737396000,28737401000,28737408000,154624,0,0,2048,0,0,-512,0,0,152572,1020,5
2,100,1,0,4,28737409000,28740188000,28740198000,154624,0,0,1536,0,0,0,0,0,153084,1532,4
1,256,256,0,0,28740202000,28740210000,28740218000,154880,0,0,1540,0,0,252,0,0,153084,1532,3
1,256,256,0,0,28740253000,28740260000,28740268000,155136,0,0,2048,0,0,-512,0,0,153084,1532,5
1,256,-1,11,0,28740302000,28740306000,28740314000,155136,0,0,2048,0,0,-512,0,0,153084,1532,5
2,100,1,0,4,28740315000,28743082000,28743091000,155136,0,0,1536,0,0,0,0,0,153596,2044,4
1,256,256,0,0,28743095000,28743104000,28743112000,155392,0,0,1540,0,0,252,0,0,153596,2044,3
1,256,256,0,0,28743146000,28743152000,28743160000,155648,0,0,2048,0,0,-512,0,0,153596,2044,5
1,256,-1,11,0,28743193000,28743198000,28743205000,155648,0,0,2048,0,0,-512,0,0,153596,2044,5
2,100,1,0,4,28743206000,28745981000,28745991000,155648,0,0,1536,0,0,0,0,0,154108,508,4
1,256,256,0,0,28745994000,28746002000,28746010000,155904,0,0,1540,0,0,252,0,0,154108,508,3
1,256,256,0,0,28746044000,28746051000,28746059000,156160,0,0,2048,0,0,-512,0,0,154108,508,5
1,256,-1,11,0,28746092000,28746096000,28746104000,156160,0,0,2048,0,0,-512,0,0,154108,508,5
2,100,1,0,4,28746105000,28748882000,28748891000,156160,0,0,1536,0,0,0,0,0,154620,1020,4
1,256,256,0,0,28748894000,28748902000,28748910000,156416,0,0,1540,0,0,252,0,0,154620,1020,3
1,256,256,0,0,28748944000,28748950000,28748958000,156672,0,0,2048,0,0,-512,0,0,154620,1020,5
1,256,-1,11,0,28748992000,28748997000,28749004000,156672,0,0,2048,0,0,-512,0,0,154620,1020,5
2,100,1,0,4,28749005000,28751785000,28751798000,156672,0,0,1536,0,0,0,0,0,155132,1532,4
1,256,256,0,0,28751802000,28751813000,28751821000,156928,0,0,1540,0,0,252,0,0,155132,1532,3
1,256,256,0,0,28751855000,28751863000,28751871000,157184,0,0,2048,0,0,-512,0,0,155132,1532,5
1,256,-1,11,0,28751905000,28751909000,28751917000,157184,0,0,2048,0,0,-512,0,0,155132,1532,5
2,100,1,0,4,28751918000,28754685000,28754696000,157184,0,0,1536,0,0,0,0,0,155644,2044,4
1,256,256,0,0,28754699000,28754708000,28754715000,157440,0,0,1540,0,0,252,0,0,155644,2044,3
1,256,256,0,0,28754749000,28754756000,28754764000,157696,0,0,2048,0,0,-512,0,0,155644,2044,5
1,256,-1,11,0,28754798000,28754803000,28754810000,157696,0,0,2048,0,0,-512,0,0,155644,2044,5
2,100,1,0,4,28754811000,28757584000,28757594000,157696,0,0,1536,0,0,0,0,0,156156,508,4
1,256,256,0,0,28757598000,28757607000,28757614000,157952,0,0,1540,0,0,252,0,0,156156,508,3
1,256,256,0,0,28757649000,28757656000,28757664000,158208,0,0,2048,0,0,-512,0,0,156156,508,5
1,256,-1,11,0,28757697000,28757702000,28757710000,158208,0,0,2048,0,0,-512,0,0,156156,508,5
2,100,1,0,4,28757711000,28760491000,28760503000,158208,0,0,1536,0,0,0,0,0,156668,1020,4
1,256,256,0,0,28760506000,28760515000,28760523000,158464,0,0,1540,0,0,252,0,0,156668,1020,3
1,256,256,0,0,28760558000,28760565000,28760573000,158720,0,0,2048,0,0,-512,0,0,156668,1020,5
1,256,-1,11,0,28760606000,28760610000,28760618000,158720,0,0,2048,0,0,-512,0,0,156668,1020,5
2,100,1,0,4,28760619000,28763385000,28763396000,158720,0,0,1536,0,0,0,0,0,157180,1532,4
1,256,256,0,0,28763399000,28763407000,28763415000,158976,0,0,1540,0,0,252,0,0,157180,1532,3
1,256,256,0,0,28763449000,28763456000,28763463000,159232,0,0,2048,0,0,-512,0,0,157180,1532,5
1,256,-1,11,0,28763497000,28763501000,28763509000,159232,0,0,2048,0,0,-512,0,0,157180,1532,5
2,100,1,0,4,28763510000,28766284000,28766294000,159232,0,0,1536,0,0,0,0,0,157692,2044,4
1,256,256,0,0,28766297000,28766305000,28766313000,159488,0,0,1540,0,0,252,0,0,157692,2044,3
1,256,256,0,0,28766348000,28766354000,28766361000,159744,0,0,2048,0,0,-512,0,0,157692,2044,5
1,256,-1,11,0,28766396000,28766400000,28766408000,159744,0,0,2048,0,0,-512,0,0,157692,2044,5
2,100,1,0,4,28766409000,28769183000,28769193000,159744,0,0,1536,0,0,0,0,0,158204,508,4
1,256,256,0,0,28769197000,28769205000,28769213000,160000,0,0,1540,0,0,252,0,0,158204,508,3
1,256,256,0,0,28769247000,28769253000,28769261000,160256,0,0,2048,0,0,-512,0,0,158204,508,5
1,256,-1,11,0,28769296000,28769300000,28769307000,160256,0,0,2048,0,0,-512,0,0,158204,508,5
2,100,1,0,4,28769308000,28772089000,28772099000,160256,0,0,1536,0,0,0,0,0,158716,1020,4
1,256,256,0,0,28772102000,28772111000,28772119000,160512,0,0,1540,0,0,252,0,0,158716,1020,3
1,256,256,0,0,28772153000,28772160000,28772168000,160768,0,0,2048,0,0,-512,0,0,158716,1020,5
1,256,-1,11,0,28772202000,28772206000,28772214000,160768,0,0,2048,0,0,-512,0,0,158716,1020,5
2,100,1,0,4,28772214000,28774983000,28774993000,160768,0,0,1536,0,0,0,0,0,159228,1532,4
1,256,256,0,0,28774996000,28775005000,28775013000,161024,0,0,1540,0,0,252,0,0,159228,1532,3
1,256,256,0,0,28775047000,28775053000,28775061000,161280,0,0,2048,0,0,-512,0,0,159228,1532,5
1,256,-1,11,0,28775095000,28775099000,28775107000,161280,0,0,2048,0,0,-512,0,0,159228,1532,5
2,100,1,0,4,28775107000,28777882000,28777892000,161280,0,0,1536,0,0,0,0,0,159740,2044,4
1,256,256,0,0,28777895000,28777903000,28777910000,161536,0,0,1540,0,0,252,0,0,159740,2044,3
1,256,256,0,0,28777945000,28777951000,28777959000,161792,0,0,2048,0,0,-512,0,0,159740,2044,5
1,256,-1,11,0,28777992000,28777997000,28778004000,161792,0,0,2048,0,0,-512,0,0,159740,2044,5
2,100,1,0,4,28778005000,28780785000,28780797000,161792,0,0,1536,0,0,0,0,0,160252,508,4
1,256,256,0,0,28780801000,28780812000,28780820000,162048,0,0,1540,0,0,252,0,0,160252,508,3
1,256,256,0,0,28780855000,28780861000,28780869000,162304,0,0,2048,0,0,-512,0,0,160252,508,5
1,256,-1,11,0,28780903000,28780907000,28780915000,162304,0,0,2048,0,0,-512,0,0,160252,508,5
2,100,1,0,4,28780916000,28783685000,28783696000,162304,0,0,1536,0,0,0,0,0,160764,1020,4
1,256,256,0,0,28783699000,28783708000,28783715000,162560,0,0,1540,0,0,252,0,0,160764,1020,3
1,256,256,0,0,28783750000,28783756000,28783764000,162816,0,0,2048,0,0,-512,0,0,160764,1020,5
1,256,-1,11,0,28783798000,28783803000,28783810000,162816,0,0,2048,0,0,-512,0,0,160764,1020,5
2,100,1,0,4,28783811000,28786582000,28786592000,162816,0,0,1536,0,0,0,0,0,161276,1532,4
1,256,256,0,0,28786595000,28786603000,28786611000,163072,0,0,1540,0,0,252,0,0,161276,1532,3
1,256,256,0,0,28786645000,28786652000,28786660000,163328,0,0,2048,0,0,-512,0,0,161276,1532,5
1,256,-1,11,0,28786694000,28786698000,28786706000,163328,0,0,2048,0,0,-512,0,0,161276,1532,5
2,100,1,0,4,28786707000,28789482000,28789492000,163328,0,0,1536,0,0,0,0,0,161788,2044,4
1,256,256,0,0,28789495000,28789503000,28789511000,163584,0,0,1540,0,0,252,0,0,161788,2044,3
1,256,256,0,0,28789545000,28789551000,28789559000,163840,0,0,2048,0,0,-512,0,0,161788,2044,5
1,256,-1,11,0,28789594000,28789598000,28789606000,163840,0,0,2048,0,0,-512,0,0,161788,2044,5
2,100,1,0,4,28789607000,28792386000,28792398000,163840,0,0,1536,0,0,0,0,0,162300,508,4
1,256,256,0,0,28792402000,28792411000,28792419000,164096,0,0,1540,0,0,252,0,0,162300,508,3
1,256,256,0,0,28792453000,28792460000,28792468000,164352,0,0,2048,0,0,-512,0,0,162300,508,5
1,256,-1,11,0,28792502000,28792506000,28792514000,164352,0,0,2048,0,0,-512,0,0,162300,508,5
2,100,1,0,4,28792515000,28795286000,28795296000,164352,0,0,1536,0,0,0,0,0,162812,1020,4
1,256,256,0,0,28795300000,28795308000,28795316000,164608,0,0,1540,0,0,252,0,0,162812,1020,3
1,256,256,0,0,28795351000,28795359000,28795366000,164864,0,0,2048,0,0,-512,0,0,162812,1020,5
1,256,-1,11,0,28795400000,28795405000,28795413000,164864,0,0,2048,0,0,-512,0,0,162812,1020,5
2,100,1,0,4,28795413000,28798183000,28798193000,164864,0,0,1536,0,0,0,0,0,163324,1532,4
1,256,256,0,0,28798196000,28798204000,28798212000,165120,0,0,1540,0,0,252,0,0,163324,1532,3
1,256,256,0,0,28798247000,28798253000,28798261000,165376,0,0,2048,0,0,-512,0,0,163324,1532,5
1,256,-1,11,0,28798294000,28798299000,28798307000,165376,0,0,2048,0,0,-512,0,0,163324,1532,5
2,100,1,0,4,28798308000,28801666000,28801684000,165376,0,0,1536,0,0,0,0,0,163836,2044,4
1,256,256,0,0,28801689000,28801701000,28801710000,165632,0,0,1540,0,0,252,0,0,163836,2044,3
1,256,256,0,0,28801746000,28801753000,28801762000,165888,0,0,2048,0,0,-512,0,0,163836,2044,5
1,256,-1,11,0,28801796000,28801800000,28801808000,165888,0,0,2048,0,0,-512,0,0,163836,2044,5
2,100,1,0,4,28801809000,28803996000,28804007000,165888,0,0,1536,0,0,0,0,0,164348,508,4
1,256,256,0,0,28804011000,28804021000,28804029000,166144,0,0,1540,0,0,252,0,0,164348,508,3
1,256,256,0,0,28804063000,28804070000,28804079000,166400,0,0,2048,0,0,-512,0,0,164348,508,5
1,256,-1,11,0,28804113000,28804117000,28804125000,166400,0,0,2048,0,0,-512,0,0,164348,508,5
2,100,1,0,4,28804126000,28806887000,28806897000,166400,0,0,1536,0,0,0,0,0,164860,1020,4
1,256,256,0,0,28806901000,28806911000,28806918000,166656,0,0,1540,0,0,252,0,0,164860,1020,3
1,256,256,0,0,28806952000,28806959000,28806967000,166912,0,0,2048,0,0,-512,0,0,164860,1020,5
1,256,-1,11,0,28807001000,28807005000,28807013000,166912,0,0,2048,0,0,-512,0,0,164860,1020,5
2,100,1,0,4,28807014000,28809786000,28809795000,166912,0,0,1536,0,0,0,0,0,165372,1532,4
1,256,256,0,0,28809798000,28809806000,28809815000,167168,0,0,1540,0,0,252,0,0,165372,1532,3
1,256,256,0,0,28809849000,28809856000,28809864000,167424,0,0,2048,0,0,-512,0,0,165372,1532,5
1,256,-1,11,0,28809898000,28809902000,28809910000,167424,0,0,2048,0,0,-512,0,0,165372,1532,5
2,100,1,0,4,28809911000,28812690000,28812704000,167424,0,0,1536,0,0,0,0,0,165884,2044,4
1,256,256,0,0,28812708000,28812721000,28812730000,167680,0,0,1540,0,0,252,0,0,165884,2044,3
1,256,256,0,0,28812766000,28812774000,28812782000,167936,0,0,2048,0,0,-512,0,0,165884,2044,5
1,256,-1,11,0,28812816000,28812821000,28812829000,167936,0,0,2048,0,0,-512,0,0,165884,2044,5
2,100,1,0,4,28812829000,28815588000,28815599000,167936,0,0,1536,0,0,0,0,0,166396,508,4
1,256,256,0,0,28815602000,28815612000,28815620000,168192,0,0,1540,0,0,252,0,0,166396,508,3
1,256,256,0,0,28815656000,28815663000,28815670000,168448,0,0,2048,0,0,-512,0,0,166396,508,5
1,256,-1,11,0,28815706000,28815710000,28815718000,168448,0,0,2048,0,0,-512,0,0,166396,508,5
2,100,1,0,4,28815719000,28818486000,28818497000,168448,0,0,1536,0,0,0,0,0,166908,1020,4
1,256,256,0,0,28818500000,28818509000,28818517000,168704,0,0,1540,0,0,252,0,0,166908,1020,3
1,256,256,0,0,28818554000,28818560000,28818568000,168960,0,0,2048,0,0,-512,0,0,166908,1020,5
1,256,-1,11,0,28818604000,28818608000,28818616000,168960,0,0,2048,0,0,-512,0,0,166908,1020,5
2,100,1,0,4,28818617000,28821395000,28821405000,168960,0,0,1536,0,0,0,0,0,167420,1532,4
1,256,256,0,0,28821409000,28821417000,28821425000,169216,0,0,1540,0,0,252,0,0,167420,1532,3
1,256,256,0,0,28821461000,28821467000,28821475000,169472,0,0,2048,0,0,-512,0,0,167420,1532,5
1,256,-1,11,0,28821509000,28821513000,28821521000,169472,0,0,2048,0,0,-512,0,0,167420,1532,5
2,100,1,0,4,28821522000,28824287000,28824297000,169472,0,0,1536,0,0,0,0,0,167932,2044,4
1,256,256,0,0,28824301000,28824309000,28824317000,169728,0,0,1540,0,0,252,0,0,167932,2044,3
1,256,256,0,0,28824350000,28824357000,28824365000,169984,0,0,2048,0,0,-512,0,0,167932,2044,5
1,256,-1,11,0,28824399000,28824403000,28824411000,169984,0,0,2048,0,0,-512,0,0,167932,2044,5
2,100,1,0,4,28824412000,28827186000,28827195000,169984,0,0,1536,0,0,0,0,0,168444,508,4
1,256,256,0,0,28827199000,28827206000,28827214000,170240,0,0,1540,0,0,252,0,0,168444,508,3
1,256,256,0,0,28827248000,28827255000,28827263000,170496,0,0,2048,0,0,-512,0,0,168444,508,5
1,256,-1,11,0,28827297000,28827301000,28827309000,170496,0,0,2048,0,0,-512,0,0,168444,508,5
2,100,1,0,4,28827310000,28830091000,28830102000,170496,0,0,1536,0,0,0,0,0,168956,1020,4
1,256,256,0,0,28830106000,28830114000,28830122000,170752,0,0,1540,0,0,252,0,0,168956,1020,3
1,256,256,0,0,28830157000,28830164000,28830172000,171008,0,0,2048,0,0,-512,0,0,168956,1020,5
1,256,-1,11,0,28830205000,28830210000,28830218000,171008,0,0,2048,0,0,-512,0,0,168956,1020,5
2,100,1,0,4,28830219000,28832985000,28832995000,171008,0,0,1536,0,0,0,0,0,169468,1532,4
1,256,256,0,0,28832998000,28833006000,28833014000,171264,0,0,1540,0,0,252,0,0,169468,1532,3
1,256,256,0,0,28833049000,28833055000,28833063000,171520,0,0,2048,0,0,-512,0,0,169468,1532,5
1,256,-1,11,0,28833097000,28833101000,28833109000,171520,0,0,2048,0,0,-512,0,0,169468,1532,5
2,100,1,0,4,28833110000,28835885000,28835894000,171520,0,0,1536,0,0,0,0,0,169980,2044,4
1,256,256,0,0,28835898000,28835905000,28835913000,171776,0,0,1540,0,0,252,0,0,169980,2044,3
1,256,256,0,0,28835948000,28835954000,28835962000,172032,0,0,2048,0,0,-512,0,0,169980,2044,5
1,256,-1,11,0,28835997000,28836001000,28836009000,172032,0,0,2048,0,0,-512,0,0,169980,2044,5
2,100,1,0,4,28836010000,28838784000,28838794000,172032,0,0,1536,0,0,0,0,0,170492,508,4
1,256,256,0,0,28838798000,28838805000,28838813000,172288,0,0,1540,0,0,252,0,0,170492,508,3
1,256,256,0,0,28838848000,28838854000,28838862000,172544,0,0,2048,0,0,-512,0,0,170492,508,5
1,256,-1,11,0,28838897000,28838901000,28838909000,172544,0,0,2048,0,0,-512,0,0,170492,508,5
2,100,1,0,4,28838909000,28841688000,28841701000,172544,0,0,1536,0,0,0,0,0,171004,1020,4
1,256,256,0,0,28841705000,28841715000,28841723000,172800,0,0,1540,0,0,252,0,0,171004,1020,3
1,256,256,0,0,28841758000,28841764000,28841772000,173056,0,0,2048,0,0,-512,0,0,171004,1020,5
1,256,-1,11,0,28841807000,28841811000,28841819000,173056,0,0,2048,0,0,-512,0,0,171004,1020,5
2,100,1,0,4,28841820000,28844588000,28844599000,173056,0,0,1536,0,0,0,0,0,171516,1532,4
1,256,256,0,0,28844603000,28844612000,28844620000,173312,0,0,1540,0,0,252,0,0,171516,1532,3
1,256,256,0,0,28844654000,28844661000,28844668000,173568,0,0,2048,0,0,-512,0,0,171516,1532,5
1,256,-1,11,0,28844702000,28844706000,28844714000,173568,0,0,2048,0,0,-512,0,0,171516,1532,5
2,100,1,0,4,28844715000,28847486000,28847497000,173568,0,0,1536,0,0,0,0,0,172028,2044,4
1,256,256,0,0,28847501000,28847509000,28847517000,173824,0,0,1540,0,0,252,0,0,172028,2044,3
1,256,256,0,0,28847552000,28847558000,28847566000,174080,0,0,2048,0,0,-512,0,0,172028,2044,5
1,256,-1,11,0,28847600000,28847604000,28847612000,174080,0,0,2048,0,0,-512,0,0,172028,2044,5
2,100,1,0,4,28847613000,28850394000,28850405000,174080,0,0,1536,0,0,0,0,0,172540,508,4
1,256,256,0,0,28850409000,28850417000,28850425000,174336,0,0,1540,0,0,252,0,0,172540,508,3
1,256,256,0,0,28850461000,28850467000,28850475000,174592,0,0,2048,0,0,-512,0,0,172540,508,5
1,256,-1,11,0,28850509000,28850514000,28850522000,174592,0,0,2048,0,0,-512,0,0,172540,508,5
2,100,1,0,4,28850522000,28853287000,28853297000,174592,0,0,1536,0,0,0,0,0,173052,1020,4
1,256,256,0,0,28853301000,28853309000,28853317000,174848,0,0,1540,0,0,252,0,0,173052,1020,3
1,256,256,0,0,28853353000,28853359000,28853367000,175104,0,0,2048,0,0,-512,0,0,173052,1020,5
1,256,-1,11,0,28853401000,28853406000,28853414000,175104,0,0,2048,0,0,-512,0,0,173052,1020,5
2,100,1,0,4,28853415000,28856186000,28856195000,175104,0,0,1536,0,0,0,0,0,173564,1532,4
1,256,256,0,0,28856199000,28856207000,28856215000,175360,0,0,1540,0,0,252,0,0,173564,1532,3
1,256,256,0,0,28856250000,28856257000,28856265000,175616,0,0,2048,0,0,-512,0,0,173564,1532,5
1,256,-1,11,0,28856300000,28856304000,28856312000,175616,0,0,2048,0,0,-512,0,0,173564,1532,5
2,100,1,0,4,28856313000,28859086000,28859095000,175616,0,0,1536,0,0,0,0,0,174076,2044,4
1,256,256,0,0,28859098000,28859106000,28859115000,175872,0,0,1540,0,0,252,0,0,174076,2044,3
1,256,256,0,0,28859149000,28859156000,28859164000,176128,0,0,2048,0,0,-512,0,0,174076,2044,5
1,256,-1,11,0,28859199000,28859204000,28859211000,176128,0,0,2048,0,0,-512,0,0,174076,2044,5
2,100,1,0,4,28859212000,28861991000,28862002000,176128,0,0,1536,0,0,0,0,0,174588,508,4
1,256,256,0,0,28862005000,28862014000,28862021000,176384,0,0,1540,0,0,252,0,0,174588,508,3
1,256,256,0,0,28862055000,28862062000,28862069000,176640,0,0,2048,0,0,-512,0,0,174588,508,5
1,256,-1,11,0,28862103000,28862108000,28862115000,176640,0,0,2048,0,0,-512,0,0,174588,508,5
2,100,1,0,4,28862116000,28864885000,28864895000,176640,0,0,1536,0,0,0,0,0,175100,1020,4
1,256,256,0,0,28864899000,28864907000,28864915000,176896,0,0,1540,0,0,252,0,0,175100,1020,3
1,256,256,0,0,28864949000,28864956000,28864963000,177152,0,0,2048,0,0,-512,0,0,175100,1020,5
1,256,-1,11,0,28864998000,28865002000,28865009000,177152,0,0,2048,0,0,-512,0,0,175100,1020,5
2,100,1,0,4,28865010000,28867785000,28867794000,177152,0,0,1536,0,0,0,0,0,175612,1532,4
1,256,256,0,0,28867797000,28867805000,28867813000,177408,0,0,1540,0,0,252,0,0,175612,1532,3
1,256,256,0,0,28867848000,28867854000,28867862000,177664,0,0,2048,0,0,-512,0,0,175612,1532,5
1,256,-1,11,0,28867896000,28867900000,28867908000,177664,0,0,2048,0,0,-512,0,0,175612,1532,5
2,100,1,0,4,28867908000,28870688000,28870701000,177664,0,0,1536,0,0,0,0,0,176124,2044,4
1,256,256,0,0,28870705000,28870715000,28870724000,177920,0,0,1540,0,0,252,0,0,176124,2044,3
1,256,256,0,0,28870760000,28870767000,28870775000,178176,0,0,2048,0,0,-512,0,0,176124,2044,5
1,256,-1,11,0,28870808000,28870813000,28870820000,178176,0,0,2048,0,0,-512,0,0,176124,2044,5
2,100,1,0,4,28870821000,28873590000,28873601000,178176,0,0,1536,0,0,0,0,0,176636,508,4
1,256,256,0,0,28873605000,28873613000,28873622000,178432,0,0,1540,0,0,252,0,0,176636,508,3
1,256,256,0,0,28873657000,28873663000,28873671000,178688,0,0,2048,0,0,-512,0,0,176636,508,5
1,256,-1,11,0,28873706000,28873710000,28873718000,178688,0,0,2048,0,0,-512,0,0,176636,508,5
2,100,1,0,4,28873719000,28876487000,28876497000,178688,0,0,1536,0,0,0,0,0,177148,1020,4
1,256,256,0,0,28876501000,28876509000,28876517000,178944,0,0,1540,0,0,252,0,0,177148,1020,3
1,256,256,0,0,28876552000,28876558000,28876566000,179200,0,0,2048,0,0,-512,0,0,177148,1020,5
1,256,-1,11,0,28876601000,28876605000,28876613000,179200,0,0,2048,0,0,-512,0,0,177148,1020,5
2,100,1,0,4,28876614000,28879387000,28879397000,179200,0,0,1536,0,0,0,0,0,177660,1532,4
1,256,256,0,0,28879401000,28879409000,28879417000,179456,0,0,1540,0,0,252,0,0,177660,1532,3
1,256,256,0,0,28879451000,28879457000,28879466000,179712,0,0,2048,0,0,-512,0,0,177660,1532,5
1,256,-1,11,0,28879500000,28879505000,28879512000,179712,0,0,2048,0,0,-512,0,0,177660,1532,5
2,100,1,0,4,28879513000,28882292000,28882303000,179712,0,0,1536,0,0,0,0,0,178172,2044,4
1,256,256,0,0,28882307000,28882315000,28882323000,179968,0,0,1540,0,0,252,0,0,178172,2044,3
1,256,256,0,0,28882359000,28882401000,28882412000,180224,0,0,2048,0,0,-512,0,0,178172,2044,5
1,256,-1,11,0,28882447000,28882454000,28882462000,180224,0,0,2048,0,0,-512,0,0,178172,2044,5
2,100,1,0,4,28882463000,28885194000,28885205000,180224,0,0,1536,0,0,0,0,0,178684,508,4
1,256,256,0,0,28885208000,28885218000,28885227000,180480,0,0,1540,0,0,252,0,0,178684,508,3
1,256,256,0,0,28885262000,28885269000,28885276000,180736,0,0,2048,0,0,-512,0,0,178684,508,5
1,256,-1,11,0,28885311000,28885315000,28885322000,180736,0,0,2048,0,0,-512,0,0,178684,508,5
2,100,1,0,4,28885323000,28888087000,28888097000,180736,0,0,1536,0,0,0,0,0,179196,1020,4
1,256,256,0,0,28888100000,28888109000,28888117000,180992,0,0,1540,0,0,252,0,0,179196,1020,3
1,256,256,0,0,28888152000,28888159000,28888167000,181248,0,0,2048,0,0,-512,0,0,179196,1020,5
1,256,-1,11,0,28888200000,28888205000,28888212000,181248,0,0,2048,0,0,-512,0,0,179196,1020,5
2,100,1,0,4,28888213000,28890995000,28891005000,181248,0,0,1536,0,0,0,0,0,179708,1532,4
1,256,256,0,0,28891009000,28891017000,28891025000,181504,0,0,1540,0,0,252,0,0,179708,1532,3
1,256,256,0,0,28891060000,28891067000,28891075000,181760,0,0,2048,0,0,-512,0,0,179708,1532,5
1,256,-1,11,0,28891109000,28891113000,28891121000,181760,0,0,2048,0,0,-512,0,0,179708,1532,5
2,100,1,0,4,28891122000,28893886000,28893896000,181760,0,0,1536,0,0,0,0,0,180220,2044,4
1,256,256,0,0,28893899000,28893907000,28893914000,182016,0,0,1540,0,0,252,0,0,180220,2044,3
1,256,256,0,0,28893949000,28893956000,28893964000,182272,0,0,2048,0,0,-512,0,0,180220,2044,5
1,256,-1,11,0,28893999000,28894004000,28894011000,182272,0,0,2048,0,0,-512,0,0,180220,2044,5
2,100,1,0,4,28894012000,28896786000,28896796000,182272,0,0,1536,0,0,0,0,0,180732,508,4
1,256,256,0,0,28896799000,28896807000,28896814000,182528,0,0,1540,0,0,252,0,0,180732,508,3
1,256,256,0,0,28896850000,28896856000,28896864000,182784,0,0,2048,0,0,-512,0,0,180732,508,5
1,256,-1,11,0,28896900000,28896904000,28896912000,182784,0,0,2048,0,0,-512,0,0,180732,508,5
2,100,1,0,4,28896912000,28899686000,28899695000,182784,0,0,1536,0,0,0,0,0,181244,1020,4
1,256,256,0,0,28899699000,28899706000,28899714000,183040,0,0,1540,0,0,252,0,0,181244,1020,3
1,256,256,0,0,28899749000,28899755000,28899763000,183296,0,0,2048,0,0,-512,0,0,181244,1020,5
1,256,-1,11,0,28899798000,28899802000,28899809000,183296,0,0,2048,0,0,-512,0,0,181244,1020,5
2,100,1,0,4,28899810000,28902590000,28902603000,183296,0,0,1536,0,0,0,0,0,181756,1532,4
1,256,256,0,0,28902607000,28902617000,28902626000,183552,0,0,1540,0,0,252,0,0,181756,1532,3
1,256,256,0,0,28902662000,28902669000,28902677000,183808,0,0,2048,0,0,-512,0,0,181756,1532,5
1,256,-1,11,0,28902711000,28902715000,28902723000,183808,0,0,2048,0,0,-512,0,0,181756,1532,5
2,100,1,0,4,28902724000,28905488000,28905499000,183808,0,0,1536,0,0,0,0,0,182268,2044,4
1,256,256,0,0,28905503000,28905511000,28905518000,184064,0,0,1540,0,0,252,0,0,182268,2044,3
1,256,256,0,0,28905554000,28905560000,28905568000,184320,0,0,2048,0,0,-512,0,0,182268,2044,5
1,256,-1,11,0,28905602000,28905606000,28905614000,184320,0,0,2048,0,0,-512,0,0,182268,2044,5
2,100,1,0,4,28905615000,28908386000,28908396000,184320,0,0,1536,0,0,0,0,0,182780,508,4
1,256,256,0,0,28908399000,28908407000,28908415000,184576,0,0,1540,0,0,252,0,0,182780,508,3
1,256,256,0,0,28908449000,28908456000,28908464000,184832,0,0,2048,0,0,-512,0,0,182780,508,5
1,256,-1,11,0,28908498000,28908502000,28908510000,184832,0,0,2048,0,0,-512,0,0,182780,508,5
2,100,1,0,4,28908511000,28911294000,28911308000,184832,0,0,1536,0,0,0,0,0,183292,1020,4
1,256,256,0,0,28911312000,28911323000,28911331000,185088,0,0,1540,0,0,252,0,0,183292,1020,3
1,256,256,0,0,28911367000,28911374000,28911382000,185344,0,0,2048,0,0,-512,0,0,183292,1020,5
1,256,-1,11,0,28911416000,28911420000,28911428000,185344,0,0,2048,0,0,-512,0,0,183292,1020,5
2,100,1,0,4,28911429000,28914210000,28914224000,185344,0,0,1536,0,0,0,0,0,183804,1532,4
1,256,256,0,0,28914228000,28914239000,28914248000,185600,0,0,1540,0,0,252,0,0,183804,1532,3
1,256,256,0,0,28914283000,28914290000,28914298000,185856,0,0,2048,0,0,-512,0,0,183804,1532,5
1,256,-1,11,0,28914334000,28914338000,28914346000,185856,0,0,2048,0,0,-512,0,0,183804,1532,5
2,100,1,0,4,28914347000,28917093000,28917104000,185856,0,0,1536,0,0,0,0,0,184316,2044,4
1,256,256,0,0,28917108000,28917117000,28917126000,186112,0,0,1540,0,0,252,0,0,184316,2044,3
1,256,256,0,0,28917161000,28917168000,28917175000,186368,0,0,2048,0,0,-512,0,0,184316,2044,5
1,256,-1,11,0,28917210000,28917214000,28917222000,186368,0,0,2048,0,0,-512,0,0,184316,2044,5
2,100,1,0,4,28917223000,28919988000,28919998000,186368,0,0,1536,0,0,0,0,0,184828,508,4
1,256,256,0,0,28920024000,28920034000,28920045000,186624,0,0,1540,0,0,252,0,0,184828,508,3
1,256,256,0,0,28920081000,28920088000,28920096000,186880,0,0,2048,0,0,-512,0,0,184828,508,5
1,256,-1,11,0,28920129000,28920134000,28920142000,186880,0,0,2048,0,0,-512,0,0,184828,508,5
2,100,1,0,4,28920142000,28922889000,28922900000,186880,0,0,1536,0,0,0,0,0,185340,1020,4
1,256,256,0,0,28922903000,28922913000,28922921000,187136,0,0,1540,0,0,252,0,0,185340,1020,3
1,256,256,0,0,28922956000,28922962000,28922970000,187392,0,0,2048,0,0,-512,0,0,185340,1020,5
1,256,-1,11,0,28923004000,28923008000,28923016000,187392,0,0,2048,0,0,-512,0,0,185340,1020,5
2,100,1,0,4,28923017000,28925787000,28925796000,187392,0,0,1536,0,0,0,0,0,185852,1532,4
1,256,256,0,0,28925800000,28925809000,28925816000,187648,0,0,1540,0,0,252,0,0,185852,1532,3
1,256,256,0,0,28925851000,28925858000,28925865000,187904,0,0,2048,0,0,-512,0,0,185852,1532,5
1,256,-1,11,0,28925900000,28925904000,28925912000,187904,0,0,2048,0,0,-512,0,0,185852,1532,5
2,100,1,0,4,28925913000,28928687000,28928697000,187904,0,0,1536,0,0,0,0,0,186364,2044,4
1,256,256,0,0,28928700000,28928708000,28928716000,188160,0,0,1540,0,0,252,0,0,186364,2044,3
1,256,256,0,0,28928751000,28928758000,28928766000,188416,0,0,2048,0,0,-512,0,0,186364,2044,5
1,256,-1,11,0,28928802000,28928806000,28928814000,188416,0,0,2048,0,0,-512,0,0,186364,2044,5
2,100,1,0,4,28928815000,28931591000,28931604000,188416,0,0,1536,0,0,0,0,0,186876,508,4
1,256,256,0,0,28931608000,28931618000,28931626000,188672,0,0,1540,0,0,252,0,0,186876,508,3
1,256,256,0,0,28931662000,28931668000,28931676000,188928,0,0,2048,0,0,-512,0,0,186876,508,5
1,256,-1,11,0,28931711000,28931715000,28931723000,188928,0,0,2048,0,0,-512,0,0,186876,508,5
2,100,1,0,4,28931724000,28934491000,28934502000,188928,0,0,1536,0,0,0,0,0,187388,1020,4
1,256,256,0,0,28934506000,28934514000,28934522000,189184,0,0,1540,0,0,252,0,0,187388,1020,3
1,256,256,0,0,28934557000,28934563000,28934571000,189440,0,0,2048,0,0,-512,0,0,187388,1020,5
1,256,-1,11,0,28934605000,28934610000,28934617000,189440,0,0,2048,0,0,-512,0,0,187388,1020,5
2,100,1,0,4,28934618000,28937388000,28937398000,189440,0,0,1536,0,0,0,0,0,187900,1532,4
1,256,256,0,0,28937401000,28937409000,28937417000,189696,0,0,1540,0,0,252,0,0,187900,1532,3
1,256,256,0,0,28937453000,28937459000,28937467000,189952,0,0,2048,0,0,-512,0,0,187900,1532,5
1,256,-1,11,0,28937502000,28937506000,28937513000,189952,0,0,2048,0,0,-512,0,0,187900,1532,5
2,100,1,0,4,28937514000,28940295000,28940306000,189952,0,0,1536,0,0,0,0,0,188412,2044,4
1,256,256,0,0,28940309000,28940317000,28940326000,190208,0,0,1540,0,0,252,0,0,188412,2044,3
1,256,256,0,0,28940361000,28940368000,28940376000,190464,0,0,2048,0,0,-512,0,0,188412,2044,5
1,256,-1,11,0,28940409000,28940414000,28940422000,190464,0,0,2048,0,0,-512,0,0,188412,2044,5
2,100,1,0,4,28940423000,28943189000,28943199000,190464,0,0,1536,0,0,0,0,0,188924,508,4
1,256,256,0,0,28943202000,28943211000,28943219000,190720,0,0,1540,0,0,252,0,0,188924,508,3
1,256,256,0,0,28943254000,28943261000,28943269000,190976,0,0,2048,0,0,-512,0,0,188924,508,5
1,256,-1,11,0,28943304000,28943329000,28943340000,190976,0,0,2048,0,0,-512,0,0,188924,508,5
2,100,1,0,4,28943341000,28946095000,28946106000,190976,0,0,1536,0,0,0,0,0,189436,1020,4
1,256,256,0,0,28946110000,28946120000,28946128000,191232,0,0,1540,0,0,252,0,0,189436,1020,3
1,256,256,0,0,28946164000,28946171000,28946178000,191488,0,0,2048,0,0,-512,0,0,189436,1020,5
1,256,-1,11,0,28946214000,28946218000,28946225000,191488,0,0,2048,0,0,-512,0,0,189436,1020,5
2,100,1,0,4,28946226000,28948990000,28949000000,191488,0,0,1536,0,0,0,0,0,189948,1532,4
1,256,256,0,0,28949004000,28949012000,28949019000,191744,0,0,1540,0,0,252,0,0,189948,1532,3
1,256,256,0,0,28949055000,28949062000,28949069000,192000,0,0,2048,0,0,-512,0,0,189948,1532,5
1,256,-1,11,0,28949105000,28949110000,28949117000,192000,0,0,2048,0,0,-512,0,0,189948,1532,5
2,100,1,0,4,28949118000,28951895000,28951906000,192000,0,0,1536,0,0,0,0,0,190460,2044,4
1,256,256,0,0,28951910000,28951919000,28951927000,192256,0,0,1540,0,0,252,0,0,190460,2044,3
1,256,256,0,0,28951962000,28951969000,28951977000,192512,0,0,2048,0,0,-512,0,0,190460,2044,5
1,256,-1,11,0,28952012000,28952017000,28952025000,192512,0,0,2048,0,0,-512,0,0,190460,2044,5
2,100,1,0,4,28952026000,28954788000,28954798000,192512,0,0,1536,0,0,0,0,0,190972,508,4
1,256,256,0,0,28954802000,28954809000,28954817000,192768,0,0,1540,0,0,252,0,0,190972,508,3
1,256,256,0,0,28954853000,28954860000,28954867000,193024,0,0,2048,0,0,-512,0,0,190972,508,5
1,256,-1,11,0,28954903000,28954907000,28954915000,193024,0,0,2048,0,0,-512,0,0,190972,508,5
2,100,1,0,4,28954915000,28957688000,28957697000,193024,0,0,1536,0,0,0,0,0,191484,1020,4
1,256,256,0,0,28957701000,28957709000,28957717000,193280,0,0,1540,0,0,252,0,0,191484,1020,3
1,256,256,0,0,28957753000,28957760000,28957767000,193536,0,0,2048,0,0,-512,0,0,191484,1020,5
1,256,-1,11,0,28957803000,28957807000,28957814000,193536,0,0,2048,0,0,-512,0,0,191484,1020,5
2,100,1,0,4,28957815000,28960593000,28960607000,193536,0,0,1536,0,0,0,0,0,191996,1532,4
1,256,256,0,0,28960611000,28960622000,28960630000,193792,0,0,1540,0,0,252,0,0,191996,1532,3
1,256,256,0,0,28960667000,28960674000,28960682000,194048,0,0,2048,0,0,-512,0,0,191996,1532,5
1,256,-1,11,0,28960717000,28960721000,28960730000,194048,0,0,2048,0,0,-512,0,0,191996,1532,5
2,100,1,0,4,28960730000,28963491000,28963502000,194048,0,0,1536,0,0,0,0,0,192508,2044,4
1,256,256,0,0,28963506000,28963515000,28963522000,194304,0,0,1540,0,0,252,0,0,192508,2044,3
1,256,256,0,0,28963558000,28963565000,28963573000,194560,0,0,2048,0,0,-512,0,0,192508,2044,5
1,256,-1,11,0,28963608000,28963613000,28963620000,194560,0,0,2048,0,0,-512,0,0,192508,2044,5
2,100,1,0,4,28963621000,28966389000,28966399000,194560,0,0,1536,0,0,0,0,0,193020,508,4
1,256,256,0,0,28966403000,28966411000,28966419000,194816,0,0,1540,0,0,252,0,0,193020,508,3
1,256,256,0,0,28966454000,28966461000,28966468000,195072,0,0,2048,0,0,-512,0,0,193020,508,5
1,256,-1,11,0,28966504000,28966508000,28966516000,195072,0,0,2048,0,0,-512,0,0,193020,508,5
2,100,1,0,4,28966516000,28969289000,28969299000,195072,0,0,1536,0,0,0,0,0,193532,1020,4
1,256,256,0,0,28969303000,28969311000,28969318000,195328,0,0,1540,0,0,252,0,0,193532,1020,3
1,256,256,0,0,28969353000,28969360000,28969368000,195584,0,0,2048,0,0,-512,0,0,193532,1020,5
1,256,-1,11,0,28969403000,28969407000,28969415000,195584,0,0,2048,0,0,-512,0,0,193532,1020,5
2,100,1,0,4,28969416000,28972200000,28972211000,195584,0,0,1536,0,0,0,0,0,194044,1532,4
1,256,256,0,0,28972215000,28972224000,28972232000,195840,0,0,1540,0,0,252,0,0,194044,1532,3
1,256,256,0,0,28972268000,28972275000,28972283000,196096,0,0,2048,0,0,-512,0,0,194044,1532,5
1,256,-1,11,0,28972318000,28972322000,28972330000,196096,0,0,2048,0,0,-512,0,0,194044,1532,5
2,100,1,0,4,28972331000,28975090000,28975100000,196096,0,0,1536,0,0,0,0,0,194556,2044,4
1,256,256,0,0,28975104000,28975112000,28975120000,196352,0,0,1540,0,0,252,0,0,194556,2044,3
1,256,256,0,0,28975155000,28975178000,28975188000,196608,0,0,2048,0,0,-512,0,0,194556,2044,5
1,256,-1,11,0,28975224000,28975230000,28975238000,196608,0,0,2048,0,0,-512,0,0,194556,2044,5
2,100,1,0,4,28975239000,28977993000,28978004000,196608,0,0,1536,0,0,0,0,0,195068,508,4
1,256,256,0,0,28978007000,28978018000,28978026000,196864,0,0,1540,0,0,252,0,0,195068,508,3
1,256,256,0,0,28978063000,28978069000,28978077000,197120,0,0,2048,0,0,-512,0,0,195068,508,5
1,256,-1,11,0,28978113000,28978118000,28978125000,197120,0,0,2048,0,0,-512,0,0,195068,508,5
2,100,1,0,4,28978126000,28980897000,28980908000,197120,0,0,1536,0,0,0,0,0,195580,1020,4
1,256,256,0,0,28980912000,28980921000,28980929000,197376,0,0,1540,0,0,252,0,0,195580,1020,3
1,256,256,0,0,28980965000,28980972000,28980980000,197632,0,0,2048,0,0,-512,0,0,195580,1020,5
1,256,-1,11,0,28981014000,28981018000,28981026000,197632,0,0,2048,0,0,-512,0,0,195580,1020,5
2,100,1,0,4,28981027000,28983788000,28983798000,197632,0,0,1536,0,0,0,0,0,196092,1532,4
1,256,256,0,0,28983802000,28983810000,28983818000,197888,0,0,1540,0,0,252,0,0,196092,1532,3
1,256,256,0,0,28983852000,28983859000,28983867000,198144,0,0,2048,0,0,-512,0,0,196092,1532,5
1,256,-1,11,0,28983901000,28983905000,28983913000,198144,0,0,2048,0,0,-512,0,0,196092,1532,5
2,100,1,0,4,28983914000,28986687000,28986697000,198144,0,0,1536,0,0,0,0,0,196604,2044,4
1,256,256,0,0,28986701000,28986709000,28986717000,198400,0,0,1540,0,0,252,0,0,196604,2044,3
1,256,256,0,0,28986752000,28986758000,28986766000,198656,0,0,2048,0,0,-512,0,0,196604,2044,5
1,256,-1,11,0,28986800000,28986804000,28986812000,198656,0,0,2048,0,0,-512,0,0,196604,2044,5
2,100,1,0,4,28986813000,28989587000,28989597000,198656,0,0,1536,0,0,0,0,0,197116,508,4
1,256,256,0,0,28989600000,28989609000,28989616000,198912,0,0,1540,0,0,252,0,0,197116,508,3
1,256,256,0,0,28989651000,28989657000,28989665000,199168,0,0,2048,0,0,-512,0,0,197116,508,5
1,256,-1,11,0,28989699000,28989704000,28989711000,199168,0,0,2048,0,0,-512,0,0,197116,508,5
2,100,1,0,4,28989712000,28992489000,28992502000,199168,0,0,1536,0,0,0,0,0,197628,1020,4
1,256,256,0,0,28992506000,28992517000,28992525000,199424,0,0,1540,0,0,252,0,0,197628,1020,3
1,256,256,0,0,28992560000,28992567000,28992576000,199680,0,0,2048,0,0,-512,0,0,197628,1020,5
1,256,-1,11,0,28992609000,28992614000,28992622000,199680,0,0,2048,0,0,-512,0,0,197628,1020,5
2,100,1,0,4,28992623000,28995390000,28995401000,199680,0,0,1536,0,0,0,0,0,198140,1532,4
1,256,256,0,0,28995405000,28995413000,28995422000,199936,0,0,1540,0,0,252,0,0,198140,1532,3
1,256,256,0,0,28995457000,28995463000,28995471000,200192,0,0,2048,0,0,-512,0,0,198140,1532,5
1,256,-1,11,0,28995505000,28995509000,28995517000,200192,0,0,2048,0,0,-512,0,0,198140,1532,5
2,100,1,0,4,28995518000,28998288000,28998299000,200192,0,0,1536,0,0,0,0,0,198652,2044,4
1,256,256,0,0,28998302000,28998311000,28998319000,200448,0,0,1540,0,0,252,0,0,198652,2044,3
1,256,256,0,0,28998354000,28998361000,28998368000,200704,0,0,2048,0,0,-512,0,0,198652,2044,5
1,256,-1,11,0,28998403000,28998407000,28998415000,200704,0,0,2048,0,0,-512,0,0,198652,2044,5
2,100,1,0,4,28998415000,29001191000,29001203000,200704,0,0,1536,0,0,0,0,0,199164,508,4
1,256,256,0,0,29001206000,29001215000,29001223000,200960,0,0,1540,0,0,252,0,0,199164,508,3
1,256,256,0,0,29001259000,29001265000,29001273000,201216,0,0,2048,0,0,-512,0,0,199164,508,5
1,256,-1,11,0,29001308000,29001312000,29001320000,201216,0,0,2048,0,0,-512,0,0,199164,508,5
2,100,1,0,4,29001321000,29004089000,29004099000,201216,0,0,1536,0,0,0,0,0,199676,1020,4
1,256,256,0,0,29004103000,29004110000,29004118000,201472,0,0,1540,0,0,252,0,0,199676,1020,3
1,256,256,0,0,29004153000,29004159000,29004167000,201728,0,0,2048,0,0,-512,0,0,199676,1020,5
1,256,-1,11,0,29004202000,29004206000,29004214000,201728,0,0,2048,0,0,-512,0,0,199676,1020,5
2,100,1,0,4,29004215000,29007006000,29007018000,201728,0,0,1536,0,0,0,0,0,200188,1532,4
1,256,256,0,0,29007022000,29007031000,29007039000,201984,0,0,1540,0,0,252,0,0,200188,1532,3
1,256,256,0,0,29007075000,29007081000,29007090000,202240,0,0,2048,0,0,-512,0,0,200188,1532,5
1,256,-1,11,0,29007125000,29007129000,29007137000,202240,0,0,2048,0,0,-512,0,0,200188,1532,5
2,100,1,0,4,29007138000,29009890000,29009901000,202240,0,0,1536,0,0,0,0,0,200700,2044,4
1,256,256,0,0,29009905000,29009913000,29009921000,202496,0,0,1540,0,0,252,0,0,200700,2044,3
1,256,256,0,0,29009957000,29009964000,29009971000,202752,0,0,2048,0,0,-512,0,0,200700,2044,5
1,256,-1,11,0,29011721000,29011740000,29011757000,202752,0,0,2048,0,0,-512,0,0,200700,2044,5
2,100,1,0,4,29011758000,29012802000,29012814000,202752,0,0,1536,0,0,0,0,0,201212,508,4
1,256,256,0,0,29012818000,29012831000,29012839000,203008,0,0,1540,0,0,252,0,0,201212,508,3
1,256,256,0,0,29012875000,29012882000,29012891000,203264,0,0,2048,0,0,-512,0,0,201212,508,5
1,256,-1,11,0,29012924000,29012929000,29012936000,203264,0,0,2048,0,0,-512,0,0,201212,508,5
2,100,1,0,4,29012937000,29015693000,29015704000,203264,0,0,1536,0,0,0,0,0,201724,1020,4
1,256,256,0,0,29015707000,29015717000,29015725000,203520,0,0,1540,0,0,252,0,0,201724,1020,3
1,256,256,0,0,29015760000,29015767000,29015775000,203776,0,0,2048,0,0,-512,0,0,201724,1020,5
1,256,-1,11,0,29015810000,29015814000,29015822000,203776,0,0,2048,0,0,-512,0,0,201724,1020,5
2,100,1,0,4,29015823000,29018591000,29018601000,203776,0,0,1536,0,0,0,0,0,202236,1532,4
1,256,256,0,0,29018605000,29018613000,29018621000,204032,0,0,1540,0,0,252,0,0,202236,1532,3
1,256,256,0,0,29018655000,29018662000,29018670000,204288,0,0,2048,0,0,-512,0,0,202236,1532,5
1,256,-1,11,0,29018705000,29018709000,29018717000,204288,0,0,2048,0,0,-512,0,0,202236,1532,5
2,100,1,0,4,29018718000,29021501000,29021516000,204288,0,0,1536,0,0,0,0,0,202748,2044,4
1,256,256,0,0,29021520000,29021533000,29021542000,204544,0,0,1540,0,0,252,0,0,202748,2044,3
1,256,256,0,0,29021578000,29021586000,29021594000,204800,0,0,2048,0,0,-512,0,0,202748,2044,5
1,256,-1,11,0,29021628000,29021633000,29021641000,204800,0,0,2048,0,0,-512,0,0,202748,2044,5
2,100,1,0,4,29021642000,29024396000,29024407000,204800,0,0,1536,0,0,0,0,0,203260,508,4
1,256,256,0,0,29024411000,29024421000,29024429000,205056,0,0,1540,0,0,252,0,0,203260,508,3
1,256,256,0,0,29024463000,29024470000,29024479000,205312,0,0,2048,0,0,-512,0,0,203260,508,5
1,256,-1,11,0,29024513000,29024517000,29024525000,205312,0,0,2048,0,0,-512,0,0,203260,508,5
2,100,1,0,4,29024526000,29027291000,29027302000,205312,0,0,1536,0,0,0,0,0,203772,1020,4
1,256,256,0,0,29027306000,29027314000,29027322000,205568,0,0,1540,0,0,252,0,0,203772,1020,3
1,256,256,0,0,29027357000,29027364000,29027372000,205824,0,0,2048,0,0,-512,0,0,203772,1020,5
1,256,-1,11,0,29027406000,29027410000,29027418000,205824,0,0,2048,0,0,-512,0,0,203772,1020,5
2,100,1,0,4,29027419000,29030202000,29030213000,205824,0,0,1536,0,0,0,0,0,204284,1532,4
1,256,256,0,0,29030217000,29030226000,29030234000,206080,0,0,1540,0,0,252,0,0,204284,1532,3
1,256,256,0,0,29030269000,29030276000,29030284000,206336,0,0,2048,0,0,-512,0,0,204284,1532,5
1,256,-1,11,0,29030318000,29030322000,29030330000,206336,0,0,2048,0,0,-512,0,0,204284,1532,5
2,100,1,0,4,29030331000,29033091000,29033102000,206336,0,0,1536,0,0,0,0,0,204796,2044,4
1,256,256,0,0,29033106000,29033115000,29033123000,206592,0,0,1540,0,0,252,0,0,204796,2044,3
1,256,256,0,0,29033158000,29033165000,29033173000,206848,0,0,2048,0,0,-512,0,0,204796,2044,5
1,256,-1,11,0,29033207000,29033212000,29033219000,206848,0,0,2048,0,0,-512,0,0,204796,2044,5
2,100,1,0,4,29033220000,29035990000,29036000000,206848,0,0,1536,0,0,0,0,0,205308,508,4
1,256,256,0,0,29036004000,29036012000,29036021000,207104,0,0,1540,0,0,252,0,0,205308,508,3
1,256,256,0,0,29036056000,29036063000,29036070000,207360,0,0,2048,0,0,-512,0,0,205308,508,5
1,256,-1,11,0,29036105000,29036135000,29036145000,207360,0,0,2048,0,0,-512,0,0,205308,508,5
2,100,1,0,4,29036146000,29038896000,29038907000,207360,0,0,1536,0,0,0,0,0,205820,1020,4
1,256,256,0,0,29038911000,29038922000,29038931000,207616,0,0,1540,0,0,252,0,0,205820,1020,3
1,256,256,0,0,29038966000,29038973000,29038981000,207872,0,0,2048,0,0,-512,0,0,205820,1020,5
1,256,-1,11,0,29039016000,29039020000,29039028000,207872,0,0,2048,0,0,-512,0,0,205820,1020,5
2,100,1,0,4,29039029000,29041801000,29041812000,207872,0,0,1536,0,0,0,0,0,206332,1532,4
1,256,256,0,0,29041816000,29041825000,29041833000,208128,0,0,1540,0,0,252,0,0,206332,1532,3
1,256,256,0,0,29041868000,29041875000,29041883000,208384,0,0,2048,0,0,-512,0,0,206332,1532,5
1,256,-1,11,0,29041918000,29041922000,29041930000,208384,0,0,2048,0,0,-512,0,0,206332,1532,5
2,100,1,0,4,29041931000,29044691000,29044701000,208384,0,0,1536,0,0,0,0,0,206844,2044,4
1,256,256,0,0,29044705000,29044713000,29044721000,208640,0,0,1540,0,0,252,0,0,206844,2044,3
1,256,256,0,0,29044757000,29044763000,29044771000,208896,0,0,2048,0,0,-512,0,0,206844,2044,5
1,256,-1,11,0,29044806000,29044810000,29044817000,208896,0,0,2048,0,0,-512,0,0,206844,2044,5
2,100,1,0,4,29044818000,29047589000,29047600000,208896,0,0,1536,0,0,0,0,0,207356,508,4
1,256,256,0,0,29047603000,29047612000,29047619000,209152,0,0,1540,0,0,252,0,0,207356,508,3
1,256,256,0,0,29047655000,29047661000,29047669000,209408,0,0,2048,0,0,-512,0,0,207356,508,5
1,256,-1,11,0,29047703000,29047708000,29047715000,209408,0,0,2048,0,0,-512,0,0,207356,508,5
2,100,1,0,4,29047716000,29050494000,29050507000,209408,0,0,1536,0,0,0,0,0,207868,1020,4
1,256,256,0,0,29050511000,29050522000,29050531000,209664,0,0,1540,0,0,252,0,0,207868,1020,3
1,256,256,0,0,29050568000,29050575000,29050584000,209920,0,0,2048,0,0,-512,0,0,207868,1020,5
1,256,-1,11,0,29050618000,29050622000,29050630000,209920,0,0,2048,0,0,-512,0,0,207868,1020,5
2,100,1,0,4,29050631000,29053393000,29053403000,209920,0,0,1536,0,0,0,0,0,208380,1532,4
1,256,256,0,0,29053406000,29053415000,29053423000,210176,0,0,1540,0,0,252,0,0,208380,1532,3
1,256,256,0,0,29053458000,29053465000,29053473000,210432,0,0,2048,0,0,-512,0,0,208380,1532,5
1,256,-1,11,0,29053508000,29053512000,29053520000,210432,0,0,2048,0,0,-512,0,0,208380,1532,5
2,100,1,0,4,29053521000,29056291000,29056301000,210432,0,0,1536,0,0,0,0,0,208892,2044,4
1,256,256,0,0,29056305000,29056313000,29056321000,210688,0,0,1540,0,0,252,0,0,208892,2044,3
1,256,256,0,0,29056357000,29056364000,29056372000,210944,0,0,2048,0,0,-512,0,0,208892,2044,5
1,256,-1,11,0,29056408000,29056412000,29056420000,210944,0,0,2048,0,0,-512,0,0,208892,2044,5
2,100,1,0,4,29056421000,29059190000,29059201000,210944,0,0,1536,0,0,0,0,0,209404,508,4
1,256,256,0,0,29059204000,29059213000,29059221000,211200,0,0,1540,0,0,252,0,0,209404,508,3
1,256,256,0,0,29059256000,29059263000,29059271000,211456,0,0,2048,0,0,-512,0,0,209404,508,5
1,256,-1,11,0,29059306000,29059311000,29059318000,211456,0,0,2048,0,0,-512,0,0,209404,508,5
2,100,1,0,4,29059319000,29062096000,29062106000,211456,0,0,1536,0,0,0,0,0,209916,1020,4
1,256,256,0,0,29062109000,29062118000,29062126000,211712,0,0,1540,0,0,252,0,0,209916,1020,3
1,256,256,0,0,29062160000,29062167000,29062175000,211968,0,0,2048,0,0,-512,0,0,209916,1020,5
1,256,-1,11,0,29062209000,29062213000,29062221000,211968,0,0,2048,0,0,-512,0,0,209916,1020,5
2,100,1,0,4,29062222000,29064991000,29065001000,211968,0,0,1536,0,0,0,0,0,210428,1532,4
1,256,256,0,0,29065005000,29065013000,29065021000,212224,0,0,1540,0,0,252,0,0,210428,1532,3
1,256,256,0,0,29065056000,29065063000,29065071000,212480,0,0,2048,0,0,-512,0,0,210428,1532,5
1,256,-1,11,0,29065105000,29065109000,29065116000,212480,0,0,2048,0,0,-512,0,0,210428,1532,5
2,100,1,0,4,29065117000,29067891000,29067901000,212480,0,0,1536,0,0,0,0,0,210940,2044,4
1,256,256,0,0,29067905000,29067913000,29067920000,212736,0,0,1540,0,0,252,0,0,210940,2044,3
1,256,256,0,0,29067956000,29067981000,29067991000,212992,0,0,2048,0,0,-512,0,0,210940,2044,5
1,256,-1,11,0,29068026000,29068033000,29068041000,212992,0,0,2048,0,0,-512,0,0,210940,2044,5
2,100,1,0,4,29068042000,29070805000,29070817000,212992,0,0,1536,0,0,0,0,0,211452,508,4
1,256,256,0,0,29070821000,29070831000,29070839000,213248,0,0,1540,0,0,252,0,0,211452,508,3
1,256,256,0,0,29070875000,29070882000,29070890000,213504,0,0,2048,0,0,-512,0,0,211452,508,5
1,256,-1,11,0,29070924000,29070929000,29070937000,213504,0,0,2048,0,0,-512,0,0,211452,508,5
2,100,1,0,4,29070938000,29073691000,29073701000,213504,0,0,1536,0,0,0,0,0,211964,1020,4
1,256,256,0,0,29073705000,29073713000,29073721000,213760,0,0,1540,0,0,252,0,0,211964,1020,3
1,256,256,0,0,29073756000,29073762000,29073770000,214016,0,0,2048,0,0,-512,0,0,211964,1020,5
1,256,-1,11,0,29073805000,29073809000,29073816000,214016,0,0,2048,0,0,-512,0,0,211964,1020,5
2,100,1,0,4,29073817000,29076589000,29076599000,214016,0,0,1536,0,0,0,0,0,212476,1532,4
1,256,256,0,0,29076603000,29076610000,29076618000,214272,0,0,1540,0,0,252,0,0,212476,1532,3
1,256,256,0,0,29076653000,29076659000,29076667000,214528,0,0,2048,0,0,-512,0,0,212476,1532,5
1,256,-1,11,0,29076703000,29076707000,29076714000,214528,0,0,2048,0,0,-512,0,0,212476,1532,5
2,100,1,0,4,29076715000,29079489000,29079498000,214528,0,0,1536,0,0,0,0,0,212988,2044,4
1,256,256,0,0,29079502000,29079510000,29079518000,214784,0,0,1540,0,0,252,0,0,212988,2044,3
1,256,256,0,0,29079553000,29079559000,29079567000,215040,0,0,2048,0,0,-512,0,0,212988,2044,5
1,256,-1,11,0,29079602000,29079606000,29079614000,215040,0,0,2048,0,0,-512,0,0,212988,2044,5
2,100,1,0,4,29079615000,29082397000,29082410000,215040,0,0,1536,0,0,0,0,0,213500,508,4
1,256,256,0,0,29082415000,29082427000,29082435000,215296,0,0,1540,0,0,252,0,0,213500,508,3
1,256,256,0,0,29082471000,29082478000,29082486000,215552,0,0,2048,0,0,-512,0,0,213500,508,5
1,256,-1,11,0,29082520000,29082525000,29082533000,215552,0,0,2048,0,0,-512,0,0,213500,508,5
2,100,1,0,4,29082534000,29085295000,29085306000,215552,0,0,1536,0,0,0,0,0,214012,1020,4
1,256,256,0,0,29085310000,29085319000,29085327000,215808,0,0,1540,0,0,252,0,0,214012,1020,3
1,256,256,0,0,29085363000,29085369000,29085377000,216064,0,0,2048,0,0,-512,0,0,214012,1020,5
1,256,-1,11,0,29085412000,29085416000,29085424000,216064,0,0,2048,0,0,-512,0,0,214012,1020,5
2,100,1,0,4,29085425000,29088193000,29088203000,216064,0,0,1536,0,0,0,0,0,214524,1532,4
1,256,256,0,0,29088206000,29088215000,29088223000,216320,0,0,1540,0,0,252,0,0,214524,1532,3
1,256,256,0,0,29088259000,29088266000,29088274000,216576,0,0,2048,0,0,-512,0,0,214524,1532,5
1,256,-1,11,0,29088309000,29088313000,29088321000,216576,0,0,2048,0,0,-512,0,0,214524,1532,5
2,100,1,0,4,29088322000,29091101000,29091112000,216576,0,0,1536,0,0,0,0,0,215036,2044,4
1,256,256,0,0,29091116000,29091124000,29091132000,216832,0,0,1540,0,0,252,0,0,215036,2044,3
1,256,256,0,0,29091168000,29091174000,29091182000,217088,0,0,2048,0,0,-512,0,0,215036,2044,5
1,256,-1,11,0,29091217000,29091221000,29091229000,217088,0,0,2048,0,0,-512,0,0,215036,2044,5
2,100,1,0,4,29091230000,29093992000,29094003000,217088,0,0,1536,0,0,0,0,0,215548,508,4
1,256,256,0,0,29094007000,29094015000,29094023000,217344,0,0,1540,0,0,252,0,0,215548,508,3
1,256,256,0,0,29094058000,29094065000,29094073000,217600,0,0,2048,0,0,-512,0,0,215548,508,5
1,256,-1,11,0,29094108000,29094112000,29094120000,217600,0,0,2048,0,0,-512,0,0,215548,508,5
2,100,1,0,4,29094121000,29096892000,29096902000,217600,0,0,1536,0,0,0,0,0,216060,1020,4
1,256,256,0,0,29096906000,29096914000,29096922000,217856,0,0,1540,0,0,252,0,0,216060,1020,3
1,256,256,0,0,29096957000,29096964000,29096971000,218112,0,0,2048,0,0,-512,0,0,216060,1020,5
1,256,-1,11,0,29097006000,29097010000,29097018000,218112,0,0,2048,0,0,-512,0,0,216060,1020,5
2,100,1,0,4,29097019000,29099810000,29099824000,218112,0,0,1536,0,0,0,0,0,216572,1532,4
1,256,256,0,0,29099828000,29099839000,29099848000,218368,0,0,1540,0,0,252,0,0,216572,1532,3
1,256,256,0,0,29099885000,29099892000,29099900000,218624,0,0,2048,0,0,-512,0,0,216572,1532,5
1,256,-1,11,0,29099934000,29099939000,29099946000,218624,0,0,2048,0,0,-512,0,0,216572,1532,5
2,100,1,0,4,29099947000,29102704000,29102715000,218624,0,0,1536,0,0,0,0,0,217084,2044,4
1,256,256,0,0,29102719000,29102728000,29102736000,218880,0,0,1540,0,0,252,0,0,217084,2044,3
1,256,256,0,0,29102772000,29102779000,29102787000,219136,0,0,2048,0,0,-512,0,0,217084,2044,5
1,256,-1,11,0,29102821000,29102825000,29102833000,219136,0,0,2048,0,0,-512,0,0,217084,2044,5
2,100,1,0,4,29102834000,29105592000,29105602000,219136,0,0,1536,0,0,0,0,0,217596,508,4
1,256,256,0,0,29105606000,29105614000,29105622000,219392,0,0,1540,0,0,252,0,0,217596,508,3
1,256,256,0,0,29105658000,29105664000,29105672000,219648,0,0,2048,0,0,-512,0,0,217596,508,5
1,256,-1,11,0,29105706000,29105711000,29105718000,219648,0,0,2048,0,0,-512,0,0,217596,508,5
2,100,1,0,4,29105719000,29108490000,29108499000,219648,0,0,1536,0,0,0,0,0,218108,1020,4
1,256,256,0,0,29108503000,29108511000,29108519000,219904,0,0,1540,0,0,252,0,0,218108,1020,3
1,256,256,0,0,29108554000,29108560000,29108568000,220160,0,0,2048,0,0,-512,0,0,218108,1020,5
1,256,-1,11,0,29108604000,29108608000,29108616000,220160,0,0,2048,0,0,-512,0,0,218108,1020,5
2,100,1,0,4,29108617000,29111394000,29111408000,220160,0,0,1536,0,0,0,0,0,218620,1532,4
1,256,256,0,0,29111412000,29111424000,29111432000,220416,0,0,1540,0,0,252,0,0,218620,1532,3
1,256,256,0,0,29111468000,29111475000,29111483000,220672,0,0,2048,0,0,-512,0,0,218620,1532,5
1,256,-1,11,0,29111519000,29111523000,29111531000,220672,0,0,2048,0,0,-512,0,0,218620,1532,5
2,100,1,0,4,29111532000,29114300000,29114312000,220672,0,0,1536,0,0,0,0,0,219132,2044,4
1,256,256,0,0,29114315000,29114324000,29114332000,220928,0,0,1540,0,0,252,0,0,219132,2044,3
1,256,256,0,0,29114367000,29114373000,29114381000,221184,0,0,2048,0,0,-512,0,0,219132,2044,5
1,256,-1,11,0,29114416000,29114420000,29114428000,221184,0,0,2048,0,0,-512,0,0,219132,2044,5
2,100,1,0,4,29114429000,29117195000,29117205000,221184,0,0,1536,0,0,0,0,0,219644,508,4
1,256,256,0,0,29117209000,29117217000,29117225000,221440,0,0,1540,0,0,252,0,0,219644,508,3
1,256,256,0,0,29117261000,29117267000,29117275000,221696,0,0,2048,0,0,-512,0,0,219644,508,5
1,256,-1,11,0,29117310000,29117314000,29117322000,221696,0,0,2048,0,0,-512,0,0,219644,508,5
2,100,1,0,4,29117323000,29120100000,29120111000,221696,0,0,1536,0,0,0,0,0,220156,1020,4
1,256,256,0,0,29120115000,29120124000,29120132000,221952,0,0,1540,0,0,252,0,0,220156,1020,3
1,256,256,0,0,29120168000,29120174000,29120182000,222208,0,0,2048,0,0,-512,0,0,220156,1020,5
1,256,-1,11,0,29120218000,29120222000,29120230000,222208,0,0,2048,0,0,-512,0,0,220156,1020,5
2,100,1,0,4,29120231000,29122992000,29123002000,222208,0,0,1536,0,0,0,0,0,220668,1532,4
1,256,256,0,0,29123006000,29123014000,29123022000,222464,0,0,1540,0,0,252,0,0,220668,1532,3
1,256,256,0,0,29123059000,29123066000,29123074000,222720,0,0,2048,0,0,-512,0,0,220668,1532,5
1,256,-1,11,0,29123109000,29123113000,29123121000,222720,0,0,2048,0,0,-512,0,0,220668,1532,5
2,100,1,0,4,29123122000,29125891000,29125901000,222720,0,0,1536,0,0,0,0,0,221180,2044,4
1,256,256,0,0,29125905000,29125913000,29125921000,222976,0,0,1540,0,0,252,0,0,221180,2044,3
1,256,256,0,0,29125957000,29125964000,29125972000,223232,0,0,2048,0,0,-512,0,0,221180,2044,5
1,256,-1,11,0,29126008000,29126012000,29126020000,223232,0,0,2048,0,0,-512,0,0,221180,2044,5
2,100,1,0,4,29126021000,29128791000,29128800000,223232,0,0,1536,0,0,0,0,0,221692,508,4
1,256,256,0,0,29128804000,29128812000,29128820000,223488,0,0,1540,0,0,252,0,0,221692,508,3
1,256,256,0,0,29128856000,29128863000,29128871000,223744,0,0,2048,0,0,-512,0,0,221692,508,5
1,256,-1,11,0,29128907000,29128929000,29128940000,223744,0,0,2048,0,0,-512,0,0,221692,508,5
2,100,1,0,4,29128941000,29131699000,29131714000,223744,0,0,1536,0,0,0,0,0,222204,1020,4
1,256,256,0,0,29131717000,29131729000,29131738000,224000,0,0,1540,0,0,252,0,0,222204,1020,3
1,256,256,0,0,29131774000,29131781000,29131790000,224256,0,0,2048,0,0,-512,0,0,222204,1020,5
1,256,-1,11,0,29131825000,29131830000,29131838000,224256,0,0,2048,0,0,-512,0,0,222204,1020,5
2,100,1,0,4,29131838000,29134594000,29134606000,224256,0,0,1536,0,0,0,0,0,222716,1532,4
1,256,256,0,0,29134610000,29134618000,29134626000,224512,0,0,1540,0,0,252,0,0,222716,1532,3
1,256,256,0,0,29134663000,29134670000,29134678000,224768,0,0,2048,0,0,-512,0,0,222716,1532,5
1,256,-1,11,0,29134714000,29134718000,29134726000,224768,0,0,2048,0,0,-512,0,0,222716,1532,5
2,100,1,0,4,29134727000,29137492000,29137502000,224768,0,0,1536,0,0,0,0,0,223228,2044,4
1,256,256,0,0,29137506000,29137514000,29137522000,225024,0,0,1540,0,0,252,0,0,223228,2044,3
1,256,256,0,0,29137559000,29137565000,29137573000,225280,0,0,2048,0,0,-512,0,0,223228,2044,5
1,256,-1,11,0,29137609000,29137613000,29137621000,225280,0,0,2048,0,0,-512,0,0,223228,2044,5
2,100,1,0,4,29137622000,29140395000,29140409000,225280,0,0,1536,0,0,0,0,0,223740,508,4
1,256,256,0,0,29140413000,29140425000,29140434000,225536,0,0,1540,0,0,252,0,0,223740,508,3
1,256,256,0,0,29140472000,29140479000,29140487000,225792,0,0,2048,0,0,-512,0,0,223740,508,5
1,256,-1,11,0,29140519000,29140524000,29140532000,225792,0,0,2048,0,0,-512,0,0,223740,508,5
2,100,1,0,4,29140533000,29143295000,29143307000,225792,0,0,1536,0,0,0,0,0,224252,1020,4
1,256,256,0,0,29143310000,29143319000,29143327000,226048,0,0,1540,0,0,252,0,0,224252,1020,3
1,256,256,0,0,29143360000,29143367000,29143375000,226304,0,0,2048,0,0,-512,0,0,224252,1020,5
1,256,-1,11,0,29143409000,29143413000,29143421000,226304,0,0,2048,0,0,-512,0,0,224252,1020,5
2,100,1,0,4,29143422000,29146193000,29146204000,226304,0,0,1536,0,0,0,0,0,224764,1532,4
1,256,256,0,0,29146207000,29146216000,29146224000,226560,0,0,1540,0,0,252,0,0,224764,1532,3
1,256,256,0,0,29146258000,29146265000,29146272000,226816,0,0,2048,0,0,-512,0,0,224764,1532,5
1,256,-1,11,0,29146306000,29146311000,29146318000,226816,0,0,2048,0,0,-512,0,0,224764,1532,5
2,100,1,0,4,29146319000,29149093000,29149103000,226816,0,0,1536,0,0,0,0,0,225276,2044,4
1,256,256,0,0,29149107000,29149115000,29149123000,227072,0,0,1540,0,0,252,0,0,225276,2044,3
1,256,256,0,0,29149157000,29149163000,29149171000,227328,0,0,2048,0,0,-512,0,0,225276,2044,5
1,256,-1,11,0,29149206000,29149210000,29149218000,227328,0,0,2048,0,0,-512,0,0,225276,2044,5
2,100,1,0,4,29149219000,29152000000,29152011000,227328,0,0,1536,0,0,0,0,0,225788,508,4
1,256,256,0,0,29152015000,29152023000,29152031000,227584,0,0,1540,0,0,252,0,0,225788,508,3
1,256,256,0,0,29152066000,29152073000,29152081000,227840,0,0,2048,0,0,-512,0,0,225788,508,5
1,256,-1,11,0,29152115000,29152119000,29152127000,227840,0,0,2048,0,0,-512,0,0,225788,508,5
2,100,1,0,4,29152128000,29154893000,29154903000,227840,0,0,1536,0,0,0,0,0,226300,1020,4
1,256,256,0,0,29154906000,29154914000,29154922000,228096,0,0,1540,0,0,252,0,0,226300,1020,3
1,256,256,0,0,29154957000,29154964000,29154971000,228352,0,0,2048,0,0,-512,0,0,226300,1020,5
1,256,-1,11,0,29155005000,29155010000,29155018000,228352,0,0,2048,0,0,-512,0,0,226300,1020,5
2,100,1,0,4,29155019000,29157793000,29157802000,228352,0,0,1536,0,0,0,0,0,226812,1532,4
1,256,256,0,0,29157806000,29157814000,29157823000,228608,0,0,1540,0,0,252,0,0,226812,1532,3
1,256,256,0,0,29157857000,29157864000,29157872000,228864,0,0,2048,0,0,-512,0,0,226812,1532,5
1,256,-1,11,0,29157905000,29157910000,29157917000,228864,0,0,2048,0,0,-512,0,0,226812,1532,5
2,100,1,0,4,29157918000,29160697000,29160707000,228864,0,0,1536,0,0,0,0,0,227324,2044,4
1,256,256,0,0,29160711000,29160719000,29160727000,229120,0,0,1540,0,0,252,0,0,227324,2044,3
1,256,256,0,0,29160762000,29160788000,29160799000,229376,0,0,2048,0,0,-512,0,0,227324,2044,5
1,256,-1,11,0,29160834000,29160840000,29160848000,229376,0,0,2048,0,0,-512,0,0,227324,2044,5
2,100,1,0,4,29160849000,29163595000,29163607000,229376,0,0,1536,0,0,0,0,0,227836,508,4
1,256,256,0,0,29163611000,29163619000,29163627000,229632,0,0,1540,0,0,252,0,0,227836,508,3
1,256,256,0,0,29163661000,29163668000,29163676000,229888,0,0,2048,0,0,-512,0,0,227836,508,5
1,256,-1,11,0,29163710000,29163714000,29163722000,229888,0,0,2048,0,0,-512,0,0,227836,508,5
2,100,1,0,4,29163723000,29166492000,29166503000,229888,0,0,1536,0,0,0,0,0,228348,1020,4
1,256,256,0,0,29166506000,29166514000,29166522000,230144,0,0,1540,0,0,252,0,0,228348,1020,3
1,256,256,0,0,29166556000,29166562000,29166570000,230400,0,0,2048,0,0,-512,0,0,228348,1020,5
1,256,-1,11,0,29166605000,29166609000,29166617000,230400,0,0,2048,0,0,-512,0,0,228348,1020,5
2,100,1,0,4,29166618000,29169392000,29169402000,230400,0,0,1536,0,0,0,0,0,228860,1532,4
1,256,256,0,0,29169405000,29169413000,29169421000,230656,0,0,1540,0,0,252,0,0,228860,1532,3
1,256,256,0,0,29169455000,29169461000,29169469000,230912,0,0,2048,0,0,-512,0,0,228860,1532,5
1,256,-1,11,0,29169503000,29169507000,29169515000,230912,0,0,2048,0,0,-512,0,0,228860,1532,5
2,100,1,0,4,29169516000,29172296000,29172308000,230912,0,0,1536,0,0,0,0,0,229372,2044,4
1,256,256,0,0,29172312000,29172324000,29172333000,231168,0,0,1540,0,0,252,0,0,229372,2044,3
1,256,256,0,0,29172368000,29172376000,29172384000,231424,0,0,2048,0,0,-512,0,0,229372,2044,5
1,256,-1,11,0,29172418000,29172423000,29172431000,231424,0,0,2048,0,0,-512,0,0,229372,2044,5
2,100,1,0,4,29172432000,29175195000,29175206000,231424,0,0,1536,0,0,0,0,0,229884,508,4
1,256,256,0,0,29175209000,29175218000,29175226000,231680,0,0,1540,0,0,252,0,0,229884,508,3
1,256,256,0,0,29175262000,29175269000,29175277000,231936,0,0,2048,0,0,-512,0,0,229884,508,5
1,256,-1,11,0,29175311000,29175315000,29175322000,231936,0,0,2048,0,0,-512,0,0,229884,508,5
2,100,1,0,4,29175323000,29178095000,29178105000,231936,0,0,1536,0,0,0,0,0,230396,1020,4
1,256,256,0,0,29178109000,29178118000,29178125000,232192,0,0,1540,0,0,252,0,0,230396,1020,3
1,256,256,0,0,29178161000,29178167000,29178175000,232448,0,0,2048,0,0,-512,0,0,230396,1020,5
1,256,-1,11,0,29178209000,29178213000,29178221000,232448,0,0,2048,0,0,-512,0,0,230396,1020,5
2,100,1,0,4,29178222000,29181001000,29181012000,232448,0,0,1536,0,0,0,0,0,230908,1532,4
1,256,256,0,0,29181016000,29181024000,29181032000,232704,0,0,1540,0,0,252,0,0,230908,1532,3
1,256,256,0,0,29181067000,29181074000,29181082000,232960,0,0,2048,0,0,-512,0,0,230908,1532,5
1,256,-1,11,0,29181117000,29181121000,29181129000,232960,0,0,2048,0,0,-512,0,0,230908,1532,5
2,100,1,0,4,29181130000,29183894000,29183904000,232960,0,0,1536,0,0,0,0,0,231420,2044,4
1,256,256,0,0,29183908000,29183916000,29183924000,233216,0,0,1540,0,0,252,0,0,231420,2044,3
1,256,256,0,0,29183959000,29183966000,29183974000,233472,0,0,2048,0,0,-512,0,0,231420,2044,5
1,256,-1,11,0,29184009000,29184013000,29184021000,233472,0,0,2048,0,0,-512,0,0,231420,2044,5
2,100,1,0,4,29184022000,29186794000,29186803000,233472,0,0,1536,0,0,0,0,0,231932,508,4
1,256,256,0,0,29186807000,29186815000,29186823000,233728,0,0,1540,0,0,252,0,0,231932,508,3
1,256,256,0,0,29186858000,29186865000,29186873000,233984,0,0,2048,0,0,-512,0,0,231932,508,5
1,256,-1,11,0,29186908000,29186912000,29186920000,233984,0,0,2048,0,0,-512,0,0,231932,508,5
2,100,1,0,4,29186920000,29189693000,29189703000,233984,0,0,1536,0,0,0,0,0,232444,1020,4
1,256,256,0,0,29189707000,29189715000,29189724000,234240,0,0,1540,0,0,252,0,0,232444,1020,3
1,256,256,0,0,29189759000,29189766000,29189774000,234496,0,0,2048,0,0,-512,0,0,232444,1020,5
1,256,-1,11,0,29189808000,29189812000,29189820000,234496,0,0,2048,0,0,-512,0,0,232444,1020,5
2,100,1,0,4,29189821000,29192617000,29192629000,234496,0,0,1536,0,0,0,0,0,232956,1532,4
1,256,256,0,0,29192633000,29192643000,29192651000,234752,0,0,1540,0,0,252,0,0,232956,1532,3
1,256,256,0,0,29192686000,29192693000,29192702000,235008,0,0,2048,0,0,-512,0,0,232956,1532,5
1,256,-1,11,0,29192737000,29192742000,29192750000,235008,0,0,2048,0,0,-512,0,0,232956,1532,5
2,100,1,0,4,29192751000,29195498000,29195509000,235008,0,0,1536,0,0,0,0,0,233468,2044,4
1,256,256,0,0,29195513000,29195522000,29195530000,235264,0,0,1540,0,0,252,0,0,233468,2044,3
1,256,256,0,0,29195566000,29195572000,29195581000,235520,0,0,2048,0,0,-512,0,0,233468,2044,5
1,256,-1,11,0,29195615000,29195619000,29195627000,235520,0,0,2048,0,0,-512,0,0,233468,2044,5
2,100,1,0,4,29195628000,29198395000,29198405000,235520,0,0,1536,0,0,0,0,0,233980,508,4
1,256,256,0,0,29198409000,29198416000,29198424000,235776,0,0,1540,0,0,252,0,0,233980,508,3
1,256,256,0,0,29198459000,29198466000,29198474000,236032,0,0,2048,0,0,-512,0,0,233980,508,5
1,256,-1,11,0,29198509000,29198513000,29198520000,236032,0,0,2048,0,0,-512,0,0,233980,508,5
2,100,1,0,4,29198521000,29201296000,29201310000,236032,0,0,1536,0,0,0,0,0,234492,1020,4
1,256,256,0,0,29201314000,29201325000,29201333000,236288,0,0,1540,0,0,252,0,0,234492,1020,3
1,256,256,0,0,29201368000,29201375000,29201383000,236544,0,0,2048,0,0,-512,0,0,234492,1020,5
1,256,-1,11,0,29201417000,29201422000,29201430000,236544,0,0,2048,0,0,-512,0,0,234492,1020,5
2,100,1,0,4,29201431000,29204196000,29204208000,236544,0,0,1536,0,0,0,0,0,235004,1532,4
1,256,256,0,0,29204211000,29204220000,29204228000,236800,0,0,1540,0,0,252,0,0,235004,1532,3
1,256,256,0,0,29204262000,29204269000,29204276000,237056,0,0,2048,0,0,-512,0,0,235004,1532,5
1,256,-1,11,0,29204311000,29204315000,29204323000,237056,0,0,2048,0,0,-512,0,0,235004,1532,5
2,100,1,0,4,29204324000,29207094000,29207104000,237056,0,0,1536,0,0,0,0,0,235516,2044,4
1,256,256,0,0,29207108000,29207116000,29207124000,237312,0,0,1540,0,0,252,0,0,235516,2044,3
1,256,256,0,0,29207160000,29207166000,29207174000,237568,0,0,2048,0,0,-512,0,0,235516,2044,5
1,256,-1,11,0,29207209000,29207213000,29207221000,237568,0,0,2048,0,0,-512,0,0,235516,2044,5
2,100,1,0,4,29207222000,29209993000,29210027000,237568,0,0,1536,0,0,0,0,0,236028,508,4
1,256,256,0,0,29210031000,29210041000,29210049000,237824,0,0,1540,0,0,252,0,0,236028,508,3
1,256,256,0,0,29210085000,29210092000,29210101000,238080,0,0,2048,0,0,-512,0,0,236028,508,5
1,256,-1,11,0,29210135000,29210140000,29210147000,238080,0,0,2048,0,0,-512,0,0,236028,508,5
2,100,1,0,4,29210148000,29212896000,29212907000,238080,0,0,1536,0,0,0,0,0,236540,1020,4
1,256,256,0,0,29212911000,29212919000,29212927000,238336,0,0,1540,0,0,252,0,0,236540,1020,3
1,256,256,0,0,29212963000,29212969000,29212977000,238592,0,0,2048,0,0,-512,0,0,236540,1020,5
1,256,-1,11,0,29213012000,29213016000,29213024000,238592,0,0,2048,0,0,-512,0,0,236540,1020,5
2,100,1,0,4,29213024000,29215794000,29215805000,238592,0,0,1536,0,0,0,0,0,237052,1532,4
1,256,256,0,0,29215809000,29215817000,29215825000,238848,0,0,1540,0,0,252,0,0,237052,1532,3
1,256,256,0,0,29215861000,29215867000,29215875000,239104,0,0,2048,0,0,-512,0,0,237052,1532,5
1,256,-1,11,0,29215910000,29215914000,29215922000,239104,0,0,2048,0,0,-512,0,0,237052,1532,5
2,100,1,0,4,29215923000,29218694000,29218704000,239104,0,0,1536,0,0,0,0,0,237564,2044,4
1,256,256,0,0,29218707000,29218716000,29218723000,239360,0,0,1540,0,0,252,0,0,237564,2044,3
1,256,256,0,0,29218758000,29218765000,29218773000,239616,0,0,2048,0,0,-512,0,0,237564,2044,5
1,256,-1,11,0,29218808000,29218813000,29218820000,239616,0,0,2048,0,0,-512,0,0,237564,2044,5
2,100,1,0,4,29218821000,29221674000,29221694000,239616,0,0,1536,0,0,0,0,0,238076,508,4
1,256,256,0,0,29221699000,29221715000,29221723000,239872,0,0,1540,0,0,252,0,0,238076,508,3
1,256,256,0,0,29221760000,29221767000,29221775000,240128,0,0,2048,0,0,-512,0,0,238076,508,5
1,256,-1,11,0,29221810000,29221836000,29221847000,240128,0,0,2048,0,0,-512,0,0,238076,508,5
2,100,1,0,4,29221848000,29224505000,29224517000,240128,0,0,1536,0,0,0,0,0,238588,1020,4
1,256,256,0,0,29224521000,29224534000,29224542000,240384,0,0,1540,0,0,252,0,0,238588,1020,3
1,256,256,0,0,29224578000,29224585000,29224593000,240640,0,0,2048,0,0,-512,0,0,238588,1020,5
1,256,-1,11,0,29224627000,29224632000,29224640000,240640,0,0,2048,0,0,-512,0,0,238588,1020,5
2,100,1,0,4,29224641000,29227397000,29227408000,240640,0,0,1536,0,0,0,0,0,239100,1532,4
1,256,256,0,0,29227412000,29227421000,29227428000,240896,0,0,1540,0,0,252,0,0,239100,1532,3
1,256,256,0,0,29227464000,29227470000,29227478000,241152,0,0,2048,0,0,-512,0,0,239100,1532,5
1,256,-1,11,0,29227513000,29227517000,29227525000,241152,0,0,2048,0,0,-512,0,0,239100,1532,5
2,100,1,0,4,29227526000,29230301000,29230317000,241152,0,0,1536,0,0,0,0,0,239612,2044,4
1,256,256,0,0,29230321000,29230334000,29230342000,241408,0,0,1540,0,0,252,0,0,239612,2044,3
1,256,256,0,0,29230380000,29230387000,29230396000,241664,0,0,2048,0,0,-512,0,0,239612,2044,5
1,256,-1,11,0,29230430000,29230434000,29230442000,241664,0,0,2048,0,0,-512,0,0,239612,2044,5
2,100,1,0,4,29230443000,29233198000,29233210000,241664,0,0,1536,0,0,0,0,0,240124,508,4
1,256,256,0,0,29233214000,29233223000,29233231000,241920,0,0,1540,0,0,252,0,0,240124,508,3
1,256,256,0,0,29233266000,29233273000,29233281000,242176,0,0,2048,0,0,-512,0,0,240124,508,5
1,256,-1,11,0,29233316000,29233320000,29233327000,242176,0,0,2048,0,0,-512,0,0,240124,508,5
2,100,1,0,4,29233328000,29236095000,29236105000,242176,0,0,1536,0,0,0,0,0,240636,1020,4
1,256,256,0,0,29236109000,29236117000,29236125000,242432,0,0,1540,0,0,252,0,0,240636,1020,3
1,256,256,0,0,29236160000,29236167000,29236174000,242688,0,0,2048,0,0,-512,0,0,240636,1020,5
1,256,-1,11,0,29236210000,29236214000,29236222000,242688,0,0,2048,0,0,-512,0,0,240636,1020,5
2,100,1,0,4,29236223000,29238994000,29239004000,242688,0,0,1536,0,0,0,0,0,241148,1532,4
1,256,256,0,0,29239007000,29239015000,29239023000,242944,0,0,1540,0,0,252,0,0,241148,1532,3
1,256,256,0,0,29239058000,29239065000,29239074000,243200,0,0,2048,0,0,-512,0,0,241148,1532,5
1,256,-1,11,0,29239109000,29239113000,29239121000,243200,0,0,2048,0,0,-512,0,0,241148,1532,5
2,100,1,0,4,29239122000,29241901000,29241914000,243200,0,0,1536,0,0,0,0,0,241660,2044,4
1,256,256,0,0,29241917000,29241928000,29241936000,243456,0,0,1540,0,0,252,0,0,241660,2044,3
1,256,256,0,0,29241972000,29241979000,29241987000,243712,0,0,2048,0,0,-512,0,0,241660,2044,5
1,256,-1,11,0,29242021000,29242025000,29242034000,243712,0,0,2048,0,0,-512,0,0,241660,2044,5
2,100,1,0,4,29242035000,29244798000,29244809000,243712,0,0,1536,0,0,0,0,0,242172,508,4
1,256,256,0,0,29244813000,29244822000,29244830000,243968,0,0,1540,0,0,252,0,0,242172,508,3
1,256,256,0,0,29244865000,29244872000,29244880000,244224,0,0,2048,0,0,-512,0,0,242172,508,5
1,256,-1,11,0,29244914000,29244918000,29244926000,244224,0,0,2048,0,0,-512,0,0,242172,508,5
2,100,1,0,4,29244927000,29247696000,29247706000,244224,0,0,1536,0,0,0,0,0,242684,1020,4
1,256,256,0,0,29247710000,29247718000,29247726000,244480,0,0,1540,0,0,252,0,0,242684,1020,3
1,256,256,0,0,29247762000,29247769000,29247777000,244736,0,0,2048,0,0,-512,0,0,242684,1020,5
1,256,-1,11,0,29247811000,29247816000,29247824000,244736,0,0,2048,0,0,-512,0,0,242684,1020,5
2,100,1,0,4,29247825000,29250604000,29250614000,244736,0,0,1536,0,0,0,0,0,243196,1532,4
1,256,256,0,0,29250618000,29250626000,29250634000,244992,0,0,1540,0,0,252,0,0,243196,1532,3
1,256,256,0,0,29250671000,29250678000,29250685000,245248,0,0,2048,0,0,-512,0,0,243196,1532,5
1,256,-1,11,0,29250720000,29250724000,29250732000,245248,0,0,2048,0,0,-512,0,0,243196,1532,5
2,100,1,0,4,29250733000,29253495000,29253505000,245248,0,0,1536,0,0,0,0,0,243708,2044,4
1,256,256,0,0,29253508000,29253516000,29253524000,245504,0,0,1540,0,0,252,0,0,243708,2044,3
1,256,256,0,0,29253559000,29253589000,29253598000,245760,0,0,2048,0,0,-512,0,0,243708,2044,5
1,256,-1,11,0,29253633000,29253639000,29253647000,245760,0,0,2048,0,0,-512,0,0,243708,2044,5
2,100,1,0,4,29253647000,29256396000,29256407000,245760,0,0,1536,0,0,0,0,0,244220,508,4
1,256,256,0,0,29256410000,29256420000,29256428000,246016,0,0,1540,0,0,252,0,0,244220,508,3
1,256,256,0,0,29256463000,29256470000,29256478000,246272,0,0,2048,0,0,-512,0,0,244220,508,5
1,256,-1,11,0,29256513000,29256517000,29256525000,246272,0,0,2048,0,0,-512,0,0,244220,508,5
2,100,1,0,4,29256526000,29259295000,29259306000,246272,0,0,1536,0,0,0,0,0,244732,1020,4
1,256,256,0,0,29259309000,29259317000,29259325000,246528,0,0,1540,0,0,252,0,0,244732,1020,3
1,256,256,0,0,29259360000,29259366000,29259374000,246784,0,0,2048,0,0,-512,0,0,244732,1020,5
1,256,-1,11,0,29259409000,29259413000,29259420000,246784,0,0,2048,0,0,-512,0,0,244732,1020,5
2,100,1,0,4,29259421000,29262198000,29262213000,246784,0,0,1536,0,0,0,0,0,245244,1532,4
1,256,256,0,0,29262217000,29262228000,29262237000,247040,0,0,1540,0,0,252,0,0,245244,1532,3
1,256,256,0,0,29262273000,29262280000,29262288000,247296,0,0,2048,0,0,-512,0,0,245244,1532,5
1,256,-1,11,0,29262323000,29262327000,29262335000,247296,0,0,2048,0,0,-512,0,0,245244,1532,5
2,100,1,0,4,29262336000,29265100000,29265110000,247296,0,0,1536,0,0,0,0,0,245756,2044,4
1,256,256,0,0,29265115000,29265124000,29265132000,247552,0,0,1540,0,0,252,0,0,245756,2044,3
1,256,256,0,0,29265168000,29265174000,29265183000,247808,0,0,2048,0,0,-512,0,0,245756,2044,5
1,256,-1,11,0,29265217000,29265222000,29265229000,247808,0,0,2048,0,0,-512,0,0,245756,2044,5
2,100,1,0,4,29265230000,29267996000,29268006000,247808,0,0,1536,0,0,0,0,0,246268,508,4
1,256,256,0,0,29268010000,29268019000,29268027000,248064,0,0,1540,0,0,252,0,0,246268,508,3
1,256,256,0,0,29268062000,29268069000,29268077000,248320,0,0,2048,0,0,-512,0,0,246268,508,5
1,256,-1,11,0,29268112000,29268116000,29268123000,248320,0,0,2048,0,0,-512,0,0,246268,508,5
2,100,1,0,4,29268124000,29270904000,29270915000,248320,0,0,1536,0,0,0,0,0,246780,1020,4
1,256,256,0,0,29270918000,29270927000,29270935000,248576,0,0,1540,0,0,252,0,0,246780,1020,3
1,256,256,0,0,29270971000,29270977000,29270985000,248832,0,0,2048,0,0,-512,0,0,246780,1020,5
1,256,-1,11,0,29271021000,29271025000,29271033000,248832,0,0,2048,0,0,-512,0,0,246780,1020,5
2,100,1,0,4,29271034000,29273797000,29273807000,248832,0,0,1536,0,0,0,0,0,247292,1532,4
1,256,256,0,0,29273811000,29273819000,29273827000,249088,0,0,1540,0,0,252,0,0,247292,1532,3
1,256,256,0,0,29273863000,29273870000,29273878000,249344,0,0,2048,0,0,-512,0,0,247292,1532,5
1,256,-1,11,0,29273915000,29273919000,29273927000,249344,0,0,2048,0,0,-512,0,0,247292,1532,5
2,100,1,0,4,29273927000,29276696000,29276706000,249344,0,0,1536,0,0,0,0,0,247804,2044,4
1,256,256,0,0,29276710000,29276718000,29276725000,249600,0,0,1540,0,0,252,0,0,247804,2044,3
1,256,256,0,0,29276762000,29276768000,29276776000,249856,0,0,2048,0,0,-512,0,0,247804,2044,5
1,256,-1,11,0,29276812000,29276816000,29276823000,249856,0,0,2048,0,0,-512,0,0,247804,2044,5
2,100,1,0,4,29276824000,29279596000,29279606000,249856,0,0,1536,0,0,0,0,0,248316,508,4
1,256,256,0,0,29279609000,29279617000,29279626000,250112,0,0,1540,0,0,252,0,0,248316,508,3
1,256,256,0,0,29279663000,29279669000,29279677000,250368,0,0,2048,0,0,-512,0,0,248316,508,5
1,256,-1,11,0,29279712000,29279716000,29279724000,250368,0,0,2048,0,0,-512,0,0,248316,508,5
2,100,1,0,4,29279725000,29282502000,29282512000,250368,0,0,1536,0,0,0,0,0,248828,1020,4
1,256,256,0,0,29282516000,29282525000,29282533000,250624,0,0,1540,0,0,252,0,0,248828,1020,3
1,256,256,0,0,29282569000,29282575000,29282583000,250880,0,0,2048,0,0,-512,0,0,248828,1020,5
1,256,-1,11,0,29282617000,29282622000,29282630000,250880,0,0,2048,0,0,-512,0,0,248828,1020,5
2,100,1,0,4,29282631000,29285413000,29285425000,250880,0,0,1536,0,0,0,0,0,249340,1532,4
1,256,256,0,0,29285429000,29285440000,29285448000,251136,0,0,1540,0,0,252,0,0,249340,1532,3
1,256,256,0,0,29285485000,29285492000,29285500000,251392,0,0,2048,0,0,-512,0,0,249340,1532,5
1,256,-1,11,0,29285535000,29285539000,29285547000,251392,0,0,2048,0,0,-512,0,0,249340,1532,5
2,100,1,0,4,29285548000,29288298000,29288308000,251392,0,0,1536,0,0,0,0,0,249852,2044,4
1,256,256,0,0,29288312000,29288321000,29288329000,251648,0,0,1540,0,0,252,0,0,249852,2044,3
1,256,256,0,0,29288364000,29288371000,29288379000,251904,0,0,2048,0,0,-512,0,0,249852,2044,5
1,256,-1,11,0,29288415000,29288419000,29288427000,251904,0,0,2048,0,0,-512,0,0,249852,2044,5
2,100,1,0,4,29288428000,29291200000,29291214000,251904,0,0,1536,0,0,0,0,0,250364,508,4
1,256,256,0,0,29291218000,29291228000,29291236000,252160,0,0,1540,0,0,252,0,0,250364,508,3
1,256,256,0,0,29291273000,29291280000,29291288000,252416,0,0,2048,0,0,-512,0,0,250364,508,5
1,256,-1,11,0,29291323000,29291328000,29291336000,252416,0,0,2048,0,0,-512,0,0,250364,508,5
2,100,1,0,4,29291336000,29294099000,29294109000,252416,0,0,1536,0,0,0,0,0,250876,1020,4
1,256,256,0,0,29294113000,29294123000,29294131000,252672,0,0,1540,0,0,252,0,0,250876,1020,3
1,256,256,0,0,29294167000,29294174000,29294181000,252928,0,0,2048,0,0,-512,0,0,250876,1020,5
1,256,-1,11,0,29294217000,29294221000,29294228000,252928,0,0,2048,0,0,-512,0,0,250876,1020,5
2,100,1,0,4,29294229000,29296997000,29297007000,252928,0,0,1536,0,0,0,0,0,251388,1532,4
1,256,256,0,0,29297011000,29297019000,29297027000,253184,0,0,1540,0,0,252,0,0,251388,1532,3
1,256,256,0,0,29297063000,29297071000,29297079000,253440,0,0,2048,0,0,-512,0,0,251388,1532,5
1,256,-1,11,0,29297114000,29297119000,29297126000,253440,0,0,2048,0,0,-512,0,0,251388,1532,5
2,100,1,0,4,29297127000,29299896000,29299906000,253440,0,0,1536,0,0,0,0,0,251900,2044,4
1,256,256,0,0,29299910000,29299918000,29299926000,253696,0,0,1540,0,0,252,0,0,251900,2044,3
1,256,256,0,0,29299963000,29299969000,29299977000,253952,0,0,2048,0,0,-512,0,0,251900,2044,5
1,256,-1,11,0,29300029000,29300036000,29300045000,253952,0,0,2048,0,0,-512,0,0,251900,2044,5
2,100,1,0,4,29300046000,29302800000,29302810000,253952,0,0,1536,0,0,0,0,0,252412,508,4
1,256,256,0,0,29302814000,29302823000,29302831000,254208,0,0,1540,0,0,252,0,0,252412,508,3
1,256,256,0,0,29302865000,29302872000,29302881000,254464,0,0,2048,0,0,-512,0,0,252412,508,5
1,256,-1,11,0,29302914000,29302918000,29302926000,254464,0,0,2048,0,0,-512,0,0,252412,508,5
2,100,1,0,4,29302927000,29305696000,29305707000,254464,0,0,1536,0,0,0,0,0,252924,1020,4
1,256,256,0,0,29305710000,29305718000,29305726000,254720,0,0,1540,0,0,252,0,0,252924,1020,3
1,256,256,0,0,29305760000,29305767000,29305775000,254976,0,0,2048,0,0,-512,0,0,252924,1020,5
1,256,-1,11,0,29305809000,29305813000,29305821000,254976,0,0,2048,0,0,-512,0,0,252924,1020,5
2,100,1,0,4,29305822000,29308596000,29308606000,254976,0,0,1536,0,0,0,0,0,253436,1532,4
1,256,256,0,0,29308609000,29308617000,29308625000,255232,0,0,1540,0,0,252,0,0,253436,1532,3
1,256,256,0,0,29308660000,29308666000,29308674000,255488,0,0,2048,0,0,-512,0,0,253436,1532,5
1,256,-1,11,0,29308709000,29308713000,29308721000,255488,0,0,2048,0,0,-512,0,0,253436,1532,5
2,100,1,0,4,29308722000,29311503000,29311513000,255488,0,0,1536,0,0,0,0,0,253948,2044,4
1,256,256,0,0,29311517000,29311526000,29311533000,255744,0,0,1540,0,0,252,0,0,253948,2044,3
1,256,256,0,0,29311567000,29311574000,29311582000,256000,0,0,2048,0,0,-512,0,0,253948,2044,5
1,256,-1,11,0,29311616000,29311620000,29311628000,256000,0,0,2048,0,0,-512,0,0,253948,2044,5
2,100,1,0,4,29311629000,29314396000,29314406000,256000,0,0,1536,0,0,0,0,0,254460,508,4
1,256,256,0,0,29314409000,29314418000,29314426000,256256,0,0,1540,0,0,252,0,0,254460,508,3
1,256,256,0,0,29314460000,29314467000,29314475000,256512,0,0,2048,0,0,-512,0,0,254460,508,5
1,256,-1,11,0,29314509000,29314531000,29314541000,256512,0,0,2048,0,0,-512,0,0,254460,508,5
2,100,1,0,4,29314542000,29317301000,29317312000,256512,0,0,1536,0,0,0,0,0,254972,1020,4
1,256,256,0,0,29317316000,29317326000,29317334000,256768,0,0,1540,0,0,252,0,0,254972,1020,3
1,256,256,0,0,29317369000,29317376000,29317384000,257024,0,0,2048,0,0,-512,0,0,254972,1020,5
1,256,-1,11,0,29317418000,29317422000,29317430000,257024,0,0,2048,0,0,-512,0,0,254972,1020,5
2,100,1,0,4,29317431000,29320202000,29320216000,257024,0,0,1536,0,0,0,0,0,255484,1532,4
1,256,256,0,0,29320220000,29320231000,29320239000,257280,0,0,1540,0,0,252,0,0,255484,1532,3
1,256,256,0,0,29320276000,29320283000,29320291000,257536,0,0,2048,0,0,-512,0,0,255484,1532,5
1,256,-1,11,0,29320325000,29320329000,29320337000,257536,0,0,2048,0,0,-512,0,0,255484,1532,5
2,100,1,0,4,29320338000,29323100000,29323111000,257536,0,0,1536,0,0,0,0,0,255996,2044,4
1,256,256,0,0,29323114000,29323123000,29323131000,257792,0,0,1540,0,0,252,0,0,255996,2044,3
1,256,256,0,0,29323166000,29323173000,29323181000,258048,0,0,2048,0,0,-512,0,0,255996,2044,5
1,256,-1,11,0,29323215000,29323219000,29323227000,258048,0,0,2048,0,0,-512,0,0,255996,2044,5
2,100,1,0,4,29323228000,29325999000,29326009000,258048,0,0,1536,0,0,0,0,0,256508,508,4
1,256,256,0,0,29326013000,29326020000,29326029000,258304,0,0,1540,0,0,252,0,0,256508,508,3
1,256,256,0,0,29326063000,29326070000,29326078000,258560,0,0,2048,0,0,-512,0,0,256508,508,5
1,256,-1,11,0,29326113000,29326117000,29326125000,258560,0,0,2048,0,0,-512,0,0,256508,508,5
2,100,1,0,4,29326126000,29328897000,29328908000,258560,0,0,1536,0,0,0,0,0,257020,1020,4
1,256,256,0,0,29328912000,29328919000,29328927000,258816,0,0,1540,0,0,252,0,0,257020,1020,3
1,256,256,0,0,29328962000,29328968000,29328976000,259072,0,0,2048,0,0,-512,0,0,257020,1020,5
1,256,-1,11,0,29329011000,29329015000,29329023000,259072,0,0,2048,0,0,-512,0,0,257020,1020,5
2,100,1,0,4,29329024000,29331805000,29331816000,259072,0,0,1536,0,0,0,0,0,257532,1532,4
1,256,256,0,0,29331820000,29331828000,29331836000,259328,0,0,1540,0,0,252,0,0,257532,1532,3
1,256,256,0,0,29331870000,29331876000,29331884000,259584,0,0,2048,0,0,-512,0,0,257532,1532,5
1,256,-1,11,0,29331918000,29331923000,29331931000,259584,0,0,2048,0,0,-512,0,0,257532,1532,5
2,100,1,0,4,29331931000,29334699000,29334709000,259584,0,0,1536,0,0,0,0,0,258044,2044,4
1,256,256,0,0,29334713000,29334721000,29334729000,259840,0,0,1540,0,0,252,0,0,258044,2044,3
1,256,256,0,0,29334765000,29334771000,29334779000,260096,0,0,2048,0,0,-512,0,0,258044,2044,5
1,256,-1,11,0,29334813000,29334817000,29334824000,260096,0,0,2048,0,0,-512,0,0,258044,2044,5
2,100,1,0,4,29334825000,29337598000,29337608000,260096,0,0,1536,0,0,0,0,0,258556,508,4
1,256,256,0,0,29337612000,29337620000,29337628000,260352,0,0,1540,0,0,252,0,0,258556,508,3
1,256,256,0,0,29337663000,29337670000,29337678000,260608,0,0,2048,0,0,-512,0,0,258556,508,5
1,256,-1,11,0,29337712000,29337716000,29337724000,260608,0,0,2048,0,0,-512,0,0,258556,508,5
2,100,1,0,4,29337725000,29340502000,29340513000,260608,0,0,1536,0,0,0,0,0,259068,1020,4
1,256,256,0,0,29340516000,29340524000,29340532000,260864,0,0,1540,0,0,252,0,0,259068,1020,3
1,256,256,0,0,29340567000,29340573000,29340581000,261120,0,0,2048,0,0,-512,0,0,259068,1020,5
1,256,-1,11,0,29340615000,29340619000,29340627000,261120,0,0,2048,0,0,-512,0,0,259068,1020,5
2,100,1,0,4,29340628000,29343397000,29343406000,261120,0,0,1536,0,0,0,0,0,259580,1532,4
1,256,256,0,0,29343410000,29343418000,29343427000,261376,0,0,1540,0,0,252,0,0,259580,1532,3
1,256,256,0,0,29343461000,29343468000,29343476000,261632,0,0,2048,0,0,-512,0,0,259580,1532,5
1,256,-1,11,0,29343511000,29343515000,29343523000,261632,0,0,2048,0,0,-512,0,0,259580,1532,5
2,100,1,0,4,29343523000,29346297000,29346306000,261632,0,0,1536,0,0,0,0,0,260092,2044,4
1,256,256,0,0,29346310000,29346317000,29346325000,261888,0,0,1540,0,0,252,0,0,260092,2044,3
1,256,256,0,0,29346359000,29346384000,29346394000,262144,0,0,2048,0,0,-512,0,0,260092,2044,5
1,256,-1,11,0,29346429000,29346435000,29346443000,262144,0,0,2048,0,0,-512,0,0,260092,2044,5
2,100,1,0,4,29346444000,29349202000,29349213000,262144,0,0,1536,0,0,0,0,0,260604,508,4
1,256,256,0,0,29349217000,29349226000,29349234000,262400,0,0,1540,0,0,252,0,0,260604,508,3
1,256,256,0,0,29349269000,29349276000,29349284000,262656,0,0,2048,0,0,-512,0,0,260604,508,5
1,256,-1,11,0,29349318000,29349323000,29349331000,262656,0,0,2048,0,0,-512,0,0,260604,508,5
2,100,1,0,4,29349332000,29352104000,29352119000,262656,0,0,1536,0,0,0,0,0,261116,1020,4
1,256,256,0,0,29352123000,29352136000,29352145000,262912,0,0,1540,0,0,252,0,0,261116,1020,3
1,256,256,0,0,29352182000,29352189000,29352197000,263168,0,0,2048,0,0,-512,0,0,261116,1020,5
1,256,-1,11,0,29352232000,29352236000,29352244000,263168,0,0,2048,0,0,-512,0,0,261116,1020,5
2,100,1,0,4,29352245000,29355002000,29355013000,263168,0,0,1536,0,0,0,0,0,261628,1532,4
1,256,256,0,0,29355017000,29355026000,29355035000,263424,0,0,1540,0,0,252,0,0,261628,1532,3
1,256,256,0,0,29355071000,29355078000,29355086000,263680,0,0,2048,0,0,-512,0,0,261628,1532,5
1,256,-1,11,0,29355120000,29355124000,29355132000,263680,0,0,2048,0,0,-512,0,0,261628,1532,5
2,100,1,0,4,29355133000,29357899000,29357910000,263680,0,0,1536,0,0,0,0,0,262140,2044,4
1,256,256,0,0,29357913000,29357922000,29357930000,263936,0,0,1540,0,0,252,0,0,262140,2044,3
1,256,256,0,0,29357965000,29357971000,29357979000,264192,0,0,2048,0,0,-512,0,0,262140,2044,5
1,256,-1,11,0,29358013000,29358017000,29358025000,264192,0,0,2048,0,0,-512,0,0,262140,2044,5
2,100,1,0,4,29358026000,29360807000,29360818000,264192,0,0,1536,0,0,0,0,0,262652,508,4
1,256,256,0,0,29360822000,29360831000,29360839000,264448,0,0,1540,0,0,252,0,0,262652,508,3
1,256,256,0,0,29360874000,29360880000,29360888000,264704,0,0,2048,0,0,-512,0,0,262652,508,5
1,256,-1,11,0,29360923000,29360927000,29360934000,264704,0,0,2048,0,0,-512,0,0,262652,508,5
2,100,1,0,4,29360935000,29363699000,29363709000,264704,0,0,1536,0,0,0,0,0,263164,1020,4
1,256,256,0,0,29363713000,29363722000,29363730000,264960,0,0,1540,0,0,252,0,0,263164,1020,3
1,256,256,0,0,29363764000,29363771000,29363779000,265216,0,0,2048,0,0,-512,0,0,263164,1020,5
1,256,-1,11,0,29363814000,29363818000,29363826000,265216,0,0,2048,0,0,-512,0,0,263164,1020,5
2,100,1,0,4,29363827000,29366598000,29366607000,265216,0,0,1536,0,0,0,0,0,263676,1532,4
1,256,256,0,0,29366611000,29366619000,29366627000,265472,0,0,1540,0,0,252,0,0,263676,1532,3
1,256,256,0,0,29366661000,29366667000,29366675000,265728,0,0,2048,0,0,-512,0,0,263676,1532,5
1,256,-1,11,0,29366710000,29366714000,29366721000,265728,0,0,2048,0,0,-512,0,0,263676,1532,5
2,100,1,0,4,29366722000,29369498000,29369508000,265728,0,0,1536,0,0,0,0,0,264188,2044,4
1,256,256,0,0,29369512000,29369520000,29369528000,265984,0,0,1540,0,0,252,0,0,264188,2044,3
1,256,256,0,0,29369564000,29369570000,29369578000,266240,0,0,2048,0,0,-512,0,0,264188,2044,5
1,256,-1,11,0,29369612000,29369617000,29369625000,266240,0,0,2048,0,0,-512,0,0,264188,2044,5
2,100,1,0,4,29369626000,29372404000,29372414000,266240,0,0,1536,0,0,0,0,0,264700,508,4
1,256,256,0,0,29372418000,29372426000,29372435000,266496,0,0,1540,0,0,252,0,0,264700,508,3
1,256,256,0,0,29372470000,29372476000,29372485000,266752,0,0,2048,0,0,-512,0,0,264700,508,5
1,256,-1,11,0,29372519000,29372523000,29372531000,266752,0,0,2048,0,0,-512,0,0,264700,508,5
2,100,1,0,4,29372532000,29375297000,29375307000,266752,0,0,1536,0,0,0,0,0,265212,1020,4
1,256,256,0,0,29375311000,29375319000,29375327000,267008,0,0,1540,0,0,252,0,0,265212,1020,3
1,256,256,0,0,29375362000,29375368000,29375376000,267264,0,0,2048,0,0,-512,0,0,265212,1020,5
1,256,-1,11,0,29375411000,29375415000,29375423000,267264,0,0,2048,0,0,-512,0,0,265212,1020,5
2,100,1,0,4,29375424000,29378217000,29378230000,267264,0,0,1536,0,0,0,0,0,265724,1532,4
1,256,256,0,0,29378234000,29378244000,29378253000,267520,0,0,1540,0,0,252,0,0,265724,1532,3
1,256,256,0,0,29378288000,29378295000,29378302000,267776,0,0,2048,0,0,-512,0,0,265724,1532,5
1,256,-1,11,0,29378338000,29378342000,29378350000,267776,0,0,2048,0,0,-512,0,0,265724,1532,5
2,100,1,0,4,29378351000,29381103000,29381116000,267776,0,0,1536,0,0,0,0,0,266236,2044,4
1,256,256,0,0,29381120000,29381130000,29381139000,268032,0,0,1540,0,0,252,0,0,266236,2044,3
1,256,256,0,0,29381174000,29381181000,29381189000,268288,0,0,2048,0,0,-512,0,0,266236,2044,5
1,256,-1,11,0,29381224000,29381229000,29381237000,268288,0,0,2048,0,0,-512,0,0,266236,2044,5
2,100,1,0,4,29381238000,29384003000,29384013000,268288,0,0,1536,0,0,0,0,0,266748,508,4
1,256,256,0,0,29384017000,29384025000,29384033000,268544,0,0,1540,0,0,252,0,0,266748,508,3
1,256,256,0,0,29384067000,29384074000,29384082000,268800,0,0,2048,0,0,-512,0,0,266748,508,5
1,256,-1,11,0,29384117000,29384121000,29384128000,268800,0,0,2048,0,0,-512,0,0,266748,508,5
2,100,1,0,4,29384129000,29386899000,29386909000,268800,0,0,1536,0,0,0,0,0,267260,1020,4
1,256,256,0,0,29386913000,29386921000,29386929000,269056,0,0,1540,0,0,252,0,0,267260,1020,3
1,256,256,0,0,29386964000,29386970000,29386978000,269312,0,0,2048,0,0,-512,0,0,267260,1020,5
1,256,-1,11,0,29387012000,29387017000,29387025000,269312,0,0,2048,0,0,-512,0,0,267260,1020,5
2,100,1,0,4,29387026000,29389799000,29389810000,269312,0,0,1536,0,0,0,0,0,267772,1532,4
1,256,256,0,0,29389814000,29389822000,29389830000,269568,0,0,1540,0,0,252,0,0,267772,1532,3
1,256,256,0,0,29389865000,29389872000,29389881000,269824,0,0,2048,0,0,-512,0,0,267772,1532,5
1,256,-1,11,0,29389914000,29389919000,29389926000,269824,0,0,2048,0,0,-512,0,0,267772,1532,5
2,100,1,0,4,29389927000,29392708000,29392719000,269824,0,0,1536,0,0,0,0,0,268284,2044,4
1,256,256,0,0,29392722000,29392731000,29392739000,270080,0,0,1540,0,0,252,0,0,268284,2044,3
1,256,256,0,0,29392773000,29392780000,29392788000,270336,0,0,2048,0,0,-512,0,0,268284,2044,5
1,256,-1,11,0,29392822000,29392826000,29392834000,270336,0,0,2048,0,0,-512,0,0,268284,2044,5
2,100,1,0,4,29392835000,29395599000,29395609000,270336,0,0,1536,0,0,0,0,0,268796,508,4
1,256,256,0,0,29395613000,29395621000,29395629000,270592,0,0,1540,0,0,252,0,0,268796,508,3
1,256,256,0,0,29395664000,29395670000,29395678000,270848,0,0,2048,0,0,-512,0,0,268796,508,5
1,256,-1,11,0,29395712000,29395716000,29395724000,270848,0,0,2048,0,0,-512,0,0,268796,508,5
2,100,1,0,4,29395725000,29398503000,29398513000,270848,0,0,1536,0,0,0,0,0,269308,1020,4
1,256,256,0,0,29398517000,29398525000,29398533000,271104,0,0,1540,0,0,252,0,0,269308,1020,3
1,256,256,0,0,29398568000,29398575000,29398582000,271360,0,0,2048,0,0,-512,0,0,269308,1020,5
1,256,-1,11,0,29398618000,29398622000,29398630000,271360,0,0,2048,0,0,-512,0,0,269308,1020,5
2,100,1,0,4,29398631000,29401404000,29401414000,271360,0,0,1536,0,0,0,0,0,269820,1532,4
1,256,256,0,0,29401418000,29401426000,29401434000,271616,0,0,1540,0,0,252,0,0,269820,1532,3
1,256,256,0,0,29401469000,29401476000,29401484000,271872,0,0,2048,0,0,-512,0,0,269820,1532,5
1,256,-1,11,0,29401519000,29401524000,29401532000,271872,0,0,2048,0,0,-512,0,0,269820,1532,5
2,100,1,0,4,29401533000,29404298000,29404309000,271872,0,0,1536,0,0,0,0,0,270332,2044,4
1,256,256,0,0,29404312000,29404320000,29404328000,272128,0,0,1540,0,0,252,0,0,270332,2044,3
1,256,256,0,0,29404363000,29404369000,29404377000,272384,0,0,2048,0,0,-512,0,0,270332,2044,5
1,256,-1,11,0,29404412000,29404416000,29404424000,272384,0,0,2048,0,0,-512,0,0,270332,2044,5
2,100,1,0,4,29404425000,29407198000,29407207000,272384,0,0,1536,0,0,0,0,0,270844,508,4
1,256,256,0,0,29407211000,29407219000,29407227000,272640,0,0,1540,0,0,252,0,0,270844,508,3
1,256,256,0,0,29407262000,29407269000,29407276000,272896,0,0,2048,0,0,-512,0,0,270844,508,5
1,256,-1,11,0,29407311000,29407333000,29407343000,272896,0,0,2048,0,0,-512,0,0,270844,508,5
2,100,1,0,4,29407345000,29410102000,29410116000,272896,0,0,1536,0,0,0,0,0,271356,1020,4
1,256,256,0,0,29410120000,29410131000,29410140000,273152,0,0,1540,0,0,252,0,0,271356,1020,3
1,256,256,0,0,29410177000,29410184000,29410193000,273408,0,0,2048,0,0,-512,0,0,271356,1020,5
1,256,-1,11,0,29410227000,29410231000,29410239000,273408,0,0,2048,0,0,-512,0,0,271356,1020,5
2,100,1,0,4,29410240000,29413002000,29413013000,273408,0,0,1536,0,0,0,0,0,271868,1532,4
1,256,256,0,0,29413017000,29413026000,29413035000,273664,0,0,1540,0,0,252,0,0,271868,1532,3
1,256,256,0,0,29413070000,29413077000,29413084000,273920,0,0,2048,0,0,-512,0,0,271868,1532,5
1,256,-1,11,0,29413120000,29413124000,29413132000,273920,0,0,2048,0,0,-512,0,0,271868,1532,5
2,100,1,0,4,29413133000,29415899000,29415909000,273920,0,0,1536,0,0,0,0,0,272380,2044,4
1,256,256,0,0,29415912000,29415921000,29415929000,274176,0,0,1540,0,0,252,0,0,272380,2044,3
1,256,256,0,0,29415964000,29415971000,29415979000,274432,0,0,2048,0,0,-512,0,0,272380,2044,5
1,256,-1,11,0,29416014000,29416018000,29416026000,274432,0,0,2048,0,0,-512,0,0,272380,2044,5
2,100,1,0,4,29416027000,29418798000,29418808000,274432,0,0,1536,0,0,0,0,0,272892,508,4
1,256,256,0,0,29418812000,29418820000,29418827000,274688,0,0,1540,0,0,252,0,0,272892,508,3
1,256,256,0,0,29418862000,29418869000,29418877000,274944,0,0,2048,0,0,-512,0,0,272892,508,5
1,256,-1,11,0,29418913000,29418917000,29418925000,274944,0,0,2048,0,0,-512,0,0,272892,508,5
2,100,1,0,4,29418926000,29421702000,29421713000,274944,0,0,1536,0,0,0,0,0,273404,1020,4
1,256,256,0,0,29421717000,29421727000,29421736000,275200,0,0,1540,0,0,252,0,0,273404,1020,3
1,256,256,0,0,29421770000,29421777000,29421785000,275456,0,0,2048,0,0,-512,0,0,273404,1020,5
1,256,-1,11,0,29421819000,29421824000,29421832000,275456,0,0,2048,0,0,-512,0,0,273404,1020,5
2,100,1,0,4,29421833000,29424599000,29424609000,275456,0,0,1536,0,0,0,0,0,273916,1532,4
1,256,256,0,0,29424613000,29424621000,29424629000,275712,0,0,1540,0,0,252,0,0,273916,1532,3
1,256,256,0,0,29424664000,29424671000,29424679000,275968,0,0,2048,0,0,-512,0,0,273916,1532,5
1,256,-1,11,0,29424713000,29424717000,29424725000,275968,0,0,2048,0,0,-512,0,0,273916,1532,5
2,100,1,0,4,29424725000,29427498000,29427508000,275968,0,0,1536,0,0,0,0,0,274428,2044,4
1,256,256,0,0,29427512000,29427520000,29427528000,276224,0,0,1540,0,0,252,0,0,274428,2044,3
1,256,256,0,0,29427563000,29427569000,29427577000,276480,0,0,2048,0,0,-512,0,0,274428,2044,5
1,256,-1,11,0,29427612000,29427616000,29427624000,276480,0,0,2048,0,0,-512,0,0,274428,2044,5
2,100,1,0,4,29427625000,29431650000,29431669000,276480,0,0,1536,0,0,0,0,0,274940,508,4
1,256,256,0,0,29431674000,29431688000,29431697000,276736,0,0,1540,0,0,252,0,0,274940,508,3
1,256,256,0,0,29431735000,29431742000,29431751000,276992,0,0,2048,0,0,-512,0,0,274940,508,5
1,256,-1,11,0,29431785000,29431790000,29431798000,276992,0,0,2048,0,0,-512,0,0,274940,508,5
2,100,1,0,4,29431799000,29433307000,29433319000,276992,0,0,1536,0,0,0,0,0,275452,1020,4
1,256,256,0,0,29433323000,29433333000,29433341000,277248,0,0,1540,0,0,252,0,0,275452,1020,3
1,256,256,0,0,29433376000,29433383000,29433392000,277504,0,0,2048,0,0,-512,0,0,275452,1020,5
1,256,-1,11,0,29433427000,29433431000,29433439000,277504,0,0,2048,0,0,-512,0,0,275452,1020,5
2,100,1,0,4,29433440000,29436201000,29436211000,277504,0,0,1536,0,0,0,0,0,275964,1532,4
1,256,256,0,0,29436215000,29436223000,29436231000,277760,0,0,1540,0,0,252,0,0,275964,1532,3
1,256,256,0,0,29436266000,29436274000,29436282000,278016,0,0,2048,0,0,-512,0,0,275964,1532,5
1,256,-1,11,0,29436316000,29436321000,29436329000,278016,0,0,2048,0,0,-512,0,0,275964,1532,5
2,100,1,0,4,29436330000,29439099000,29439110000,278016,0,0,1536,0,0,0,0,0,276476,2044,4
1,256,256,0,0,29439113000,29439122000,29439130000,278272,0,0,1540,0,0,252,0,0,276476,2044,3
1,256,256,0,0,29439165000,29439196000,29439206000,278528,0,0,2048,0,0,-512,0,0,276476,2044,5
1,256,-1,11,0,29439242000,29439248000,29439256000,278528,0,0,2048,0,0,-512,0,0,276476,2044,5
2,100,1,0,4,29439257000,29442010000,29442024000,278528,0,0,1536,0,0,0,0,0,276988,508,4
1,256,256,0,0,29442028000,29442042000,29442050000,278784,0,0,1540,0,0,252,0,0,276988,508,3
1,256,256,0,0,29442086000,29442093000,29442101000,279040,0,0,2048,0,0,-512,0,0,276988,508,5
1,256,-1,11,0,29442135000,29442140000,29442148000,279040,0,0,2048,0,0,-512,0,0,276988,508,5
2,100,1,0,4,29442149000,29444905000,29444915000,279040,0,0,1536,0,0,0,0,0,277500,1020,4
1,256,256,0,0,29444919000,29444928000,29444937000,279296,0,0,1540,0,0,252,0,0,277500,1020,3
1,256,256,0,0,29444972000,29444978000,29444986000,279552,0,0,2048,0,0,-512,0,0,277500,1020,5
1,256,-1,11,0,29445020000,29445024000,29445032000,279552,0,0,2048,0,0,-512,0,0,277500,1020,5
2,100,1,0,4,29445033000,29447801000,29447811000,279552,0,0,1536,0,0,0,0,0,278012,1532,4
1,256,256,0,0,29447814000,29447823000,29447832000,279808,0,0,1540,0,0,252,0,0,278012,1532,3
1,256,256,0,0,29447867000,29447873000,29447882000,280064,0,0,2048,0,0,-512,0,0,278012,1532,5
1,256,-1,11,0,29447916000,29447920000,29447928000,280064,0,0,2048,0,0,-512,0,0,278012,1532,5
2,100,1,0,4,29447929000,29450708000,29450719000,280064,0,0,1536,0,0,0,0,0,278524,2044,4
1,256,256,0,0,29450723000,29450731000,29450739000,280320,0,0,1540,0,0,252,0,0,278524,2044,3
1,256,256,0,0,29450774000,29450781000,29450789000,280576,0,0,2048,0,0,-512,0,0,278524,2044,5
1,256,-1,11,0,29450823000,29450828000,29450836000,280576,0,0,2048,0,0,-512,0,0,278524,2044,5
2,100,1,0,4,29450836000,29453599000,29453610000,280576,0,0,1536,0,0,0,0,0,279036,508,4
1,256,256,0,0,29453614000,29453622000,29453630000,280832,0,0,1540,0,0,252,0,0,279036,508,3
1,256,256,0,0,29453664000,29453671000,29453679000,281088,0,0,2048,0,0,-512,0,0,279036,508,5
1,256,-1,11,0,29453714000,29453719000,29453726000,281088,0,0,2048,0,0,-512,0,0,279036,508,5
2,100,1,0,4,29453727000,29456499000,29456509000,281088,0,0,1536,0,0,0,0,0,279548,1020,4
1,256,256,0,0,29456513000,29456521000,29456528000,281344,0,0,1540,0,0,252,0,0,279548,1020,3
1,256,256,0,0,29456564000,29456570000,29456578000,281600,0,0,2048,0,0,-512,0,0,279548,1020,5
1,256,-1,11,0,29456613000,29456617000,29456625000,281600,0,0,2048,0,0,-512,0,0,279548,1020,5
2,100,1,0,4,29456626000,29459398000,29459409000,281600,0,0,1536,0,0,0,0,0,280060,1532,4
1,256,256,0,0,29459412000,29459420000,29459427000,281856,0,0,1540,0,0,252,0,0,280060,1532,3
1,256,256,0,0,29459463000,29459470000,29459477000,282112,0,0,2048,0,0,-512,0,0,280060,1532,5
1,256,-1,11,0,29459512000,29459516000,29459524000,282112,0,0,2048,0,0,-512,0,0,280060,1532,5
2,100,1,0,4,29459525000,29462306000,29462319000,282112,0,0,1536,0,0,0,0,0,280572,2044,4
1,256,256,0,0,29462322000,29462334000,29462342000,282368,0,0,1540,0,0,252,0,0,280572,2044,3
1,256,256,0,0,29462377000,29462384000,29462392000,282624,0,0,2048,0,0,-512,0,0,280572,2044,5
1,256,-1,11,0,29462425000,29462429000,29462437000,282624,0,0,2048,0,0,-512,0,0,280572,2044,5
2,100,1,0,4,29462438000,29465202000,29465213000,282624,0,0,1536,0,0,0,0,0,281084,508,4
1,256,256,0,0,29465216000,29465224000,29465232000,282880,0,0,1540,0,0,252,0,0,281084,508,3
1,256,256,0,0,29465267000,29465273000,29465281000,283136,0,0,2048,0,0,-512,0,0,281084,508,5
1,256,-1,11,0,29465315000,29465319000,29465327000,283136,0,0,2048,0,0,-512,0,0,281084,508,5
2,100,1,0,4,29465328000,29468100000,29468110000,283136,0,0,1536,0,0,0,0,0,281596,1020,4
1,256,256,0,0,29468114000,29468122000,29468129000,283392,0,0,1540,0,0,252,0,0,281596,1020,3
1,256,256,0,0,29468164000,29468170000,29468178000,283648,0,0,2048,0,0,-512,0,0,281596,1020,5
1,256,-1,11,0,29468212000,29468217000,29468224000,283648,0,0,2048,0,0,-512,0,0,281596,1020,5
2,100,1,0,4,29468225000,29471025000,29471039000,283648,0,0,1536,0,0,0,0,0,282108,1532,4
1,256,256,0,0,29471044000,29471056000,29471066000,283904,0,0,1540,0,0,252,0,0,282108,1532,3
1,256,256,0,0,29471102000,29471110000,29471118000,284160,0,0,2048,0,0,-512,0,0,282108,1532,5
1,256,-1,11,0,29471153000,29471157000,29471166000,284160,0,0,2048,0,0,-512,0,0,282108,1532,5
2,100,1,0,4,29471166000,29473906000,29473917000,284160,0,0,1536,0,0,0,0,0,282620,2044,4
1,256,256,0,0,29473921000,29473932000,29473940000,284416,0,0,1540,0,0,252,0,0,282620,2044,3
1,256,256,0,0,29473974000,29473981000,29473989000,284672,0,0,2048,0,0,-512,0,0,282620,2044,5
1,256,-1,11,0,29474024000,29474028000,29474036000,284672,0,0,2048,0,0,-512,0,0,282620,2044,5
2,100,1,0,4,29474037000,29476802000,29476813000,284672,0,0,1536,0,0,0,0,0,283132,508,4
1,256,256,0,0,29476816000,29476825000,29476833000,284928,0,0,1540,0,0,252,0,0,283132,508,3
1,256,256,0,0,29476868000,29476875000,29476883000,285184,0,0,2048,0,0,-512,0,0,283132,508,5
1,256,-1,11,0,29476917000,29476921000,29476929000,285184,0,0,2048,0,0,-512,0,0,283132,508,5
2,100,1,0,4,29476930000,29479701000,29479711000,285184,0,0,1536,0,0,0,0,0,283644,1020,4
1,256,256,0,0,29479715000,29479723000,29479731000,285440,0,0,1540,0,0,252,0,0,283644,1020,3
1,256,256,0,0,29479766000,29479773000,29479781000,285696,0,0,2048,0,0,-512,0,0,283644,1020,5
1,256,-1,11,0,29479815000,29479819000,29479827000,285696,0,0,2048,0,0,-512,0,0,283644,1020,5
2,100,1,0,4,29479828000,29482609000,29482619000,285696,0,0,1536,0,0,0,0,0,284156,1532,4
1,256,256,0,0,29482623000,29482632000,29482641000,285952,0,0,1540,0,0,252,0,0,284156,1532,3
1,256,256,0,0,29482676000,29482683000,29482690000,286208,0,0,2048,0,0,-512,0,0,284156,1532,5
1,256,-1,11,0,29482724000,29482728000,29482736000,286208,0,0,2048,0,0,-512,0,0,284156,1532,5
2,100,1,0,4,29482737000,29485503000,29485514000,286208,0,0,1536,0,0,0,0,0,284668,2044,4
1,256,256,0,0,29485517000,29485526000,29485534000,286464,0,0,1540,0,0,252,0,0,284668,2044,3
1,256,256,0,0,29485569000,29485575000,29485583000,286720,0,0,2048,0,0,-512,0,0,284668,2044,5
1,256,-1,11,0,29485618000,29485622000,29485630000,286720,0,0,2048,0,0,-512,0,0,284668,2044,5
2,100,1,0,4,29485631000,29488401000,29488412000,286720,0,0,1536,0,0,0,0,0,285180,508,4
1,256,256,0,0,29488415000,29488423000,29488431000,286976,0,0,1540,0,0,252,0,0,285180,508,3
1,256,256,0,0,29488465000,29488472000,29488480000,287232,0,0,2048,0,0,-512,0,0,285180,508,5
1,256,-1,11,0,29488515000,29488519000,29488526000,287232,0,0,2048,0,0,-512,0,0,285180,508,5
2,100,1,0,4,29488527000,29491306000,29491316000,287232,0,0,1536,0,0,0,0,0,285692,1020,4
1,256,256,0,0,29491320000,29491328000,29491336000,287488,0,0,1540,0,0,252,0,0,285692,1020,3
1,256,256,0,0,29491371000,29491378000,29491386000,287744,0,0,2048,0,0,-512,0,0,285692,1020,5
1,256,-1,11,0,29491421000,29491425000,29491433000,287744,0,0,2048,0,0,-512,0,0,285692,1020,5
2,100,1,0,4,29491434000,29494201000,29494210000,287744,0,0,1536,0,0,0,0,0,286204,1532,4
1,256,256,0,0,29494214000,29494223000,29494231000,288000,0,0,1540,0,0,252,0,0,286204,1532,3
1,256,256,0,0,29494265000,29494272000,29494280000,288256,0,0,2048,0,0,-512,0,0,286204,1532,5
1,256,-1,11,0,29494315000,29494319000,29494327000,288256,0,0,2048,0,0,-512,0,0,286204,1532,5
2,100,1,0,4,29494328000,29497100000,29497109000,288256,0,0,1536,0,0,0,0,0,286716,2044,4
1,256,256,0,0,29497113000,29497121000,29497129000,288512,0,0,1540,0,0,252,0,0,286716,2044,3
1,256,256,0,0,29497164000,29497171000,29497179000,288768,0,0,2048,0,0,-512,0,0,286716,2044,5
1,256,-1,11,0,29497214000,29497218000,29497226000,288768,0,0,2048,0,0,-512,0,0,286716,2044,5
2,100,1,0,4,29497227000,29500056000,29500070000,288768,0,0,1536,0,0,0,0,0,287228,508,4
1,256,256,0,0,29500073000,29500084000,29500092000,289024,0,0,1540,0,0,252,0,0,287228,508,3
1,256,256,0,0,29500129000,29500136000,29500144000,289280,0,0,2048,0,0,-512,0,0,287228,508,5
1,256,-1,11,0,29500177000,29500199000,29500209000,289280,0,0,2048,0,0,-512,0,0,287228,508,5
2,100,1,0,4,29500210000,29502909000,29502921000,289280,0,0,1536,0,0,0,0,0,287740,1020,4
1,256,256,0,0,29502925000,29502935000,29502943000,289536,0,0,1540,0,0,252,0,0,287740,1020,3
1,256,256,0,0,29502978000,29502985000,29502992000,289792,0,0,2048,0,0,-512,0,0,287740,1020,5
1,256,-1,11,0,29503027000,29503031000,29503039000,289792,0,0,2048,0,0,-512,0,0,287740,1020,5
2,100,1,0,4,29503040000,29505803000,29505814000,289792,0,0,1536,0,0,0,0,0,288252,1532,4
1,256,256,0,0,29505818000,29505827000,29505835000,290048,0,0,1540,0,0,252,0,0,288252,1532,3
1,256,256,0,0,29505870000,29505877000,29505884000,290304,0,0,2048,0,0,-512,0,0,288252,1532,5
1,256,-1,11,0,29505919000,29505923000,29505931000,290304,0,0,2048,0,0,-512,0,0,288252,1532,5
2,100,1,0,4,29505932000,29508702000,29508712000,290304,0,0,1536,0,0,0,0,0,288764,2044,4
1,256,256,0,0,29508716000,29508724000,29508732000,290560,0,0,1540,0,0,252,0,0,288764,2044,3
1,256,256,0,0,29508767000,29508774000,29508782000,290816,0,0,2048,0,0,-512,0,0,288764,2044,5
1,256,-1,11,0,29508817000,29508821000,29508829000,290816,0,0,2048,0,0,-512,0,0,288764,2044,5
2,100,1,0,4,29508830000,29511610000,29511620000,290816,0,0,1536,0,0,0,0,0,289276,508,4
1,256,256,0,0,29511624000,29511633000,29511641000,291072,0,0,1540,0,0,252,0,0,289276,508,3
1,256,256,0,0,29511675000,29511681000,29511690000,291328,0,0,2048,0,0,-512,0,0,289276,508,5
1,256,-1,11,0,29511724000,29511728000,29511736000,291328,0,0,2048,0,0,-512,0,0,289276,508,5
2,100,1,0,4,29511737000,29514502000,29514513000,291328,0,0,1536,0,0,0,0,0,289788,1020,4
1,256,256,0,0,29514516000,29514524000,29514532000,291584,0,0,1540,0,0,252,0,0,289788,1020,3
1,256,256,0,0,29514568000,29514574000,29514582000,291840,0,0,2048,0,0,-512,0,0,289788,1020,5
1,256,-1,11,0,29514617000,29514621000,29514628000,291840,0,0,2048,0,0,-512,0,0,289788,1020,5
2,100,1,0,4,29514629000,29517402000,29517412000,291840,0,0,1536,0,0,0,0,0,290300,1532,4
1,256,256,0,0,29517416000,29517424000,29517431000,292096,0,0,1540,0,0,252,0,0,290300,1532,3
1,256,256,0,0,29517467000,29517473000,29517481000,292352,0,0,2048,0,0,-512,0,0,290300,1532,5
1,256,-1,11,0,29517515000,29517519000,29517527000,292352,0,0,2048,0,0,-512,0,0,290300,1532,5
2,100,1,0,4,29517528000,29520307000,29520317000,292352,0,0,1536,0,0,0,0,0,290812,2044,4
1,256,256,0,0,29520320000,29520328000,29520336000,292608,0,0,1540,0,0,252,0,0,290812,2044,3
1,256,256,0,0,29520372000,29520378000,29520387000,292864,0,0,2048,0,0,-512,0,0,290812,2044,5
1,256,-1,11,0,29520421000,29520425000,29520433000,292864,0,0,2048,0,0,-512,0,0,290812,2044,5
2,100,1,0,4,29520434000,29523201000,29523211000,292864,0,0,1536,0,0,0,0,0,291324,508,4
1,256,256,0,0,29523215000,29523222000,29523230000,293120,0,0,1540,0,0,252,0,0,291324,508,3
1,256,256,0,0,29523265000,29523271000,29523279000,293376,0,0,2048,0,0,-512,0,0,291324,508,5
1,256,-1,11,0,29523314000,29523318000,29523326000,293376,0,0,2048,0,0,-512,0,0,291324,508,5
2,100,1,0,4,29523327000,29526101000,29526110000,293376,0,0,1536,0,0,0,0,0,291836,1020,4
1,256,256,0,0,29526114000,29526121000,29526129000,293632,0,0,1540,0,0,252,0,0,291836,1020,3
1,256,256,0,0,29526163000,29526170000,29526177000,293888,0,0,2048,0,0,-512,0,0,291836,1020,5
1,256,-1,11,0,29526212000,29526216000,29526224000,293888,0,0,2048,0,0,-512,0,0,291836,1020,5
2,100,1,0,4,29526225000,29529000000,29529010000,293888,0,0,1536,0,0,0,0,0,292348,1532,4
1,256,256,0,0,29529013000,29529021000,29529029000,294144,0,0,1540,0,0,252,0,0,292348,1532,3
1,256,256,0,0,29529063000,29529070000,29529078000,294400,0,0,2048,0,0,-512,0,0,292348,1532,5
1,256,-1,11,0,29529112000,29529117000,29529125000,294400,0,0,2048,0,0,-512,0,0,292348,1532,5
2,100,1,0,4,29529126000,29531906000,29531919000,294400,0,0,1536,0,0,0,0,0,292860,2044,4
1,256,256,0,0,29531923000,29531934000,29531943000,294656,0,0,1540,0,0,252,0,0,292860,2044,3
1,256,256,0,0,29531978000,29532000000,29532010000,294912,0,0,2048,0,0,-512,0,0,292860,2044,5
1,256,-1,11,0,29532045000,29532052000,29532060000,294912,0,0,2048,0,0,-512,0,0,292860,2044,5
2,100,1,0,4,29532061000,29534810000,29534821000,294912,0,0,1536,0,0,0,0,0,293372,508,4
1,256,256,0,0,29534825000,29534836000,29534844000,295168,0,0,1540,0,0,252,0,0,293372,508,3
1,256,256,0,0,29534880000,29534887000,29534895000,295424,0,0,2048,0,0,-512,0,0,293372,508,5
1,256,-1,11,0,29534929000,29534934000,29534942000,295424,0,0,2048,0,0,-512,0,0,293372,508,5
2,100,1,0,4,29534943000,29537704000,29537714000,295424,0,0,1536,0,0,0,0,0,293884,1020,4
1,256,256,0,0,29537718000,29537726000,29537734000,295680,0,0,1540,0,0,252,0,0,293884,1020,3
1,256,256,0,0,29537770000,29537776000,29537784000,295936,0,0,2048,0,0,-512,0,0,293884,1020,5
1,256,-1,11,0,29537819000,29537823000,29537831000,295936,0,0,2048,0,0,-512,0,0,293884,1020,5
2,100,1,0,4,29537832000,29540612000,29540623000,295936,0,0,1536,0,0,0,0,0,294396,1532,4
1,256,256,0,0,29540627000,29540635000,29540644000,296192,0,0,1540,0,0,252,0,0,294396,1532,3
1,256,256,0,0,29540679000,29540686000,29540694000,296448,0,0,2048,0,0,-512,0,0,294396,1532,5
1,256,-1,11,0,29540728000,29540732000,29540740000,296448,0,0,2048,0,0,-512,0,0,294396,1532,5
2,100,1,0,4,29540741000,29543502000,29543513000,296448,0,0,1536,0,0,0,0,0,294908,2044,4
1,256,256,0,0,29543516000,29543525000,29543533000,296704,0,0,1540,0,0,252,0,0,294908,2044,3
1,256,256,0,0,29543568000,29543574000,29543582000,296960,0,0,2048,0,0,-512,0,0,294908,2044,5
1,256,-1,11,0,29543617000,29543622000,29543629000,296960,0,0,2048,0,0,-512,0,0,294908,2044,5
2,100,1,0,4,29543630000,29546402000,29546411000,296960,0,0,1536,0,0,0,0,0,295420,508,4
1,256,256,0,0,29546415000,29546423000,29546431000,297216,0,0,1540,0,0,252,0,0,295420,508,3
1,256,256,0,0,29546465000,29546471000,29546479000,297472,0,0,2048,0,0,-512,0,0,295420,508,5
1,256,-1,11,0,29546513000,29546517000,29546525000,297472,0,0,2048,0,0,-512,0,0,295420,508,5
2,100,1,0,4,29546526000,29549302000,29549312000,297472,0,0,1536,0,0,0,0,0,295932,1020,4
1,256,256,0,0,29549315000,29549323000,29549330000,297728,0,0,1540,0,0,252,0,0,295932,1020,3
1,256,256,0,0,29549365000,29549372000,29549379000,297984,0,0,2048,0,0,-512,0,0,295932,1020,5
1,256,-1,11,0,29549413000,29549418000,29549426000,297984,0,0,2048,0,0,-512,0,0,295932,1020,5
2,100,1,0,4,29549426000,29552209000,29552220000,297984,0,0,1536,0,0,0,0,0,296444,1532,4
1,256,256,0,0,29552223000,29552232000,29552239000,298240,0,0,1540,0,0,252,0,0,296444,1532,3
1,256,256,0,0,29552275000,29552281000,29552289000,298496,0,0,2048,0,0,-512,0,0,296444,1532,5
1,256,-1,11,0,29552323000,29552328000,29552336000,298496,0,0,2048,0,0,-512,0,0,296444,1532,5
2,100,1,0,4,29552337000,29555102000,29555112000,298496,0,0,1536,0,0,0,0,0,296956,2044,4
1,256,256,0,0,29555115000,29555123000,29555131000,298752,0,0,1540,0,0,252,0,0,296956,2044,3
1,256,256,0,0,29555166000,29555173000,29555181000,299008,0,0,2048,0,0,-512,0,0,296956,2044,5
1,256,-1,11,0,29555216000,29555220000,29555228000,299008,0,0,2048,0,0,-512,0,0,296956,2044,5
2,100,1,0,4,29555229000,29558005000,29558016000,299008,0,0,1536,0,0,0,0,0,297468,508,4
1,256,256,0,0,29558019000,29558027000,29558035000,299264,0,0,1540,0,0,252,0,0,297468,508,3
1,256,256,0,0,29558070000,29558076000,29558084000,299520,0,0,2048,0,0,-512,0,0,297468,508,5
1,256,-1,11,0,29558118000,29558123000,29558130000,299520,0,0,2048,0,0,-512,0,0,297468,508,5
2,100,1,0,4,29558131000,29560906000,29560919000,299520,0,0,1536,0,0,0,0,0,297980,1020,4
1,256,256,0,0,29560923000,29560934000,29560942000,299776,0,0,1540,0,0,252,0,0,297980,1020,3
1,256,256,0,0,29560978000,29560985000,29560993000,300032,0,0,2048,0,0,-512,0,0,297980,1020,5
1,256,-1,11,0,29561028000,29561032000,29561041000,300032,0,0,2048,0,0,-512,0,0,297980,1020,5
2,100,1,0,4,29561042000,29563822000,29563835000,300032,0,0,1536,0,0,0,0,0,298492,1532,4
1,256,256,0,0,29563839000,29563851000,29563859000,300288,0,0,1540,0,0,252,0,0,298492,1532,3
1,256,256,0,0,29563894000,29563901000,29563909000,300544,0,0,2048,0,0,-512,0,0,298492,1532,5
1,256,-1,11,0,29563944000,29563949000,29563956000,300544,0,0,2048,0,0,-512,0,0,298492,1532,5
2,100,1,0,4,29563957000,29566707000,29566718000,300544,0,0,1536,0,0,0,0,0,299004,2044,4
1,256,256,0,0,29566722000,29566731000,29566739000,300800,0,0,1540,0,0,252,0,0,299004,2044,3
1,256,256,0,0,29566774000,29566780000,29566788000,301056,0,0,2048,0,0,-512,0,0,299004,2044,5
1,256,-1,11,0,29566822000,29566826000,29566834000,301056,0,0,2048,0,0,-512,0,0,299004,2044,5
2,100,1,0,4,29566835000,29569603000,29569613000,301056,0,0,1536,0,0,0,0,0,299516,508,4
1,256,256,0,0,29569617000,29569625000,29569633000,301312,0,0,1540,0,0,252,0,0,299516,508,3
1,256,256,0,0,29569668000,29569675000,29569683000,301568,0,0,2048,0,0,-512,0,0,299516,508,5
1,256,-1,11,0,29569717000,29569721000,29569729000,301568,0,0,2048,0,0,-512,0,0,299516,508,5
2,100,1,0,4,29569730000,29572510000,29572523000,301568,0,0,1536,0,0,0,0,0,300028,1020,4
1,256,256,0,0,29572527000,29572537000,29572545000,301824,0,0,1540,0,0,252,0,0,300028,1020,3
1,256,256,0,0,29572582000,29572589000,29572597000,302080,0,0,2048,0,0,-512,0,0,300028,1020,5
1,256,-1,11,0,29572631000,29572636000,29572644000,302080,0,0,2048,0,0,-512,0,0,300028,1020,5
2,100,1,0,4,29572645000,29575406000,29575417000,302080,0,0,1536,0,0,0,0,0,300540,1532,4
1,256,256,0,0,29575421000,29575430000,29575437000,302336,0,0,1540,0,0,252,0,0,300540,1532,3
1,256,256,0,0,29575473000,29575479000,29575488000,302592,0,0,2048,0,0,-512,0,0,300540,1532,5
1,256,-1,11,0,29575523000,29575527000,29575535000,302592,0,0,2048,0,0,-512,0,0,300540,1532,5
2,100,1,0,4,29575536000,29578305000,29578315000,302592,0,0,1536,0,0,0,0,0,301052,2044,4
1,256,256,0,0,29578319000,29578327000,29578334000,302848,0,0,1540,0,0,252,0,0,301052,2044,3
1,256,256,0,0,29578370000,29578376000,29578384000,303104,0,0,2048,0,0,-512,0,0,301052,2044,5
1,256,-1,11,0,29578419000,29578423000,29578431000,303104,0,0,2048,0,0,-512,0,0,301052,2044,5
2,100,1,0,4,29578432000,29581212000,29581222000,303104,0,0,1536,0,0,0,0,0,301564,508,4
1,256,256,0,0,29581226000,29581235000,29581242000,303360,0,0,1540,0,0,252,0,0,301564,508,3
1,256,256,0,0,29581277000,29581283000,29581291000,303616,0,0,2048,0,0,-512,0,0,301564,508,5
1,256,-1,11,0,29581326000,29581330000,29581338000,303616,0,0,2048,0,0,-512,0,0,301564,508,5
2,100,1,0,4,29581339000,29584102000,29584111000,303616,0,0,1536,0,0,0,0,0,302076,1020,4
1,256,256,0,0,29584115000,29584123000,29584131000,303872,0,0,1540,0,0,252,0,0,302076,1020,3
1,256,256,0,0,29584165000,29584172000,29584180000,304128,0,0,2048,0,0,-512,0,0,302076,1020,5
1,256,-1,11,0,29584214000,29584218000,29584226000,304128,0,0,2048,0,0,-512,0,0,302076,1020,5
2,100,1,0,4,29584227000,29587001000,29587011000,304128,0,0,1536,0,0,0,0,0,302588,1532,4
1,256,256,0,0,29587015000,29587022000,29587030000,304384,0,0,1540,0,0,252,0,0,302588,1532,3
1,256,256,0,0,29587065000,29587071000,29587079000,304640,0,0,2048,0,0,-512,0,0,302588,1532,5
1,256,-1,11,0,29587114000,29587118000,29587126000,304640,0,0,2048,0,0,-512,0,0,302588,1532,5
2,100,1,0,4,29587127000,29589901000,29589910000,304640,0,0,1536,0,0,0,0,0,303100,2044,4
1,256,256,0,0,29589914000,29589922000,29589930000,304896,0,0,1540,0,0,252,0,0,303100,2044,3
1,256,256,0,0,29589965000,29589972000,29589980000,305152,0,0,2048,0,0,-512,0,0,303100,2044,5
1,256,-1,11,0,29590092000,29590103000,29590116000,305152,0,0,2048,0,0,-512,0,0,303100,2044,5
2,100,1,0,4,29590117000,29592810000,29592823000,305152,0,0,1536,0,0,0,0,0,303612,508,4
1,256,256,0,0,29592827000,29592836000,29592844000,305408,0,0,1540,0,0,252,0,0,303612,508,3
1,256,256,0,0,29592879000,29592886000,29592894000,305664,0,0,2048,0,0,-512,0,0,303612,508,5
1,256,-1,11,0,29592929000,29592953000,29592963000,305664,0,0,2048,0,0,-512,0,0,303612,508,5
2,100,1,0,4,29592964000,29595709000,29595720000,305664,0,0,1536,0,0,0,0,0,304124,1020,4
1,256,256,0,0,29595724000,29595736000,29595744000,305920,0,0,1540,0,0,252,0,0,304124,1020,3
1,256,256,0,0,29595780000,29595787000,29595795000,306176,0,0,2048,0,0,-512,0,0,304124,1020,5
1,256,-1,11,0,29595831000,29595835000,29595843000,306176,0,0,2048,0,0,-512,0,0,304124,1020,5
2,100,1,0,4,29595844000,29598607000,29598617000,306176,0,0,1536,0,0,0,0,0,304636,1532,4
1,256,256,0,0,29598621000,29598630000,29598638000,306432,0,0,1540,0,0,252,0,0,304636,1532,3
1,256,256,0,0,29598672000,29598679000,29598687000,306688,0,0,2048,0,0,-512,0,0,304636,1532,5
1,256,-1,11,0,29598722000,29598726000,29598734000,306688,0,0,2048,0,0,-512,0,0,304636,1532,5
2,100,1,0,4,29598735000,29601514000,29601525000,306688,0,0,1536,0,0,0,0,0,305148,2044,4
1,256,256,0,0,29601528000,29601537000,29601545000,306944,0,0,1540,0,0,252,0,0,305148,2044,3
1,256,256,0,0,29601579000,29601585000,29601594000,307200,0,0,2048,0,0,-512,0,0,305148,2044,5
1,256,-1,11,0,29601628000,29601632000,29601640000,307200,0,0,2048,0,0,-512,0,0,305148,2044,5
2,100,1,0,4,29601641000,29604406000,29604416000,307200,0,0,1536,0,0,0,0,0,305660,508,4
1,256,256,0,0,29604419000,29604428000,29604436000,307456,0,0,1540,0,0,252,0,0,305660,508,3
1,256,256,0,0,29604472000,29604479000,29604486000,307712,0,0,2048,0,0,-512,0,0,305660,508,5
1,256,-1,11,0,29604521000,29604525000,29604533000,307712,0,0,2048,0,0,-512,0,0,305660,508,5
2,100,1,0,4,29604534000,29607304000,29607314000,307712,0,0,1536,0,0,0,0,0,306172,1020,4
1,256,256,0,0,29607317000,29607326000,29607334000,307968,0,0,1540,0,0,252,0,0,306172,1020,3
1,256,256,0,0,29607369000,29607375000,29607383000,308224,0,0,2048,0,0,-512,0,0,306172,1020,5
1,256,-1,11,0,29607418000,29607422000,29607430000,308224,0,0,2048,0,0,-512,0,0,306172,1020,5
2,100,1,0,4,29607431000,29610210000,29610220000,308224,0,0,1536,0,0,0,0,0,306684,1532,4
1,256,256,0,0,29610224000,29610233000,29610240000,308480,0,0,1540,0,0,252,0,0,306684,1532,3
1,256,256,0,0,29610276000,29610282000,29610290000,308736,0,0,2048,0,0,-512,0,0,306684,1532,5
1,256,-1,11,0,29610324000,29610328000,29610336000,308736,0,0,2048,0,0,-512,0,0,306684,1532,5
2,100,1,0,4,29610337000,29613103000,29613112000,308736,0,0,1536,0,0,0,0,0,307196,2044,4
1,256,256,0,0,29613116000,29613124000,29613132000,308992,0,0,1540,0,0,252,0,0,307196,2044,3
1,256,256,0,0,29613166000,29613173000,29613181000,309248,0,0,2048,0,0,-512,0,0,307196,2044,5
1,256,-1,11,0,29613215000,29613219000,29613227000,309248,0,0,2048,0,0,-512,0,0,307196,2044,5
2,100,1,0,4,29613228000,29616002000,29616011000,309248,0,0,1536,0,0,0,0,0,307708,508,4
1,256,256,0,0,29616015000,29616023000,29616030000,309504,0,0,1540,0,0,252,0,0,307708,508,3
1,256,256,0,0,29616065000,29616071000,29616079000,309760,0,0,2048,0,0,-512,0,0,307708,508,5
1,256,-1,11,0,29616114000,29616119000,29616126000,309760,0,0,2048,0,0,-512,0,0,307708,508,5
2,100,1,0,4,29616127000,29618901000,29618911000,309760,0,0,1536,0,0,0,0,0,308220,1020,4
1,256,256,0,0,29618915000,29618922000,29618930000,310016,0,0,1540,0,0,252,0,0,308220,1020,3
1,256,256,0,0,29618965000,29618971000,29618979000,310272,0,0,2048,0,0,-512,0,0,308220,1020,5
1,256,-1,11,0,29619014000,29619019000,29619026000,310272,0,0,2048,0,0,-512,0,0,308220,1020,5
2,100,1,0,4,29619027000,29621806000,29621819000,310272,0,0,1536,0,0,0,0,0,308732,1532,4
1,256,256,0,0,29621824000,29621834000,29621842000,310528,0,0,1540,0,0,252,0,0,308732,1532,3
1,256,256,0,0,29621877000,29621884000,29621893000,310784,0,0,2048,0,0,-512,0,0,308732,1532,5
1,256,-1,11,0,29621926000,29621931000,29621939000,310784,0,0,2048,0,0,-512,0,0,308732,1532,5
2,100,1,0,4,29621940000,29624705000,29624715000,310784,0,0,1536,0,0,0,0,0,309244,2044,4
1,256,256,0,0,29624719000,29624727000,29624735000,311040,0,0,1540,0,0,252,0,0,309244,2044,3
1,256,256,0,0,29624770000,29624795000,29624806000,311296,0,0,2048,0,0,-512,0,0,309244,2044,5
1,256,-1,11,0,29624840000,29624845000,29624853000,311296,0,0,2048,0,0,-512,0,0,309244,2044,5
2,100,1,0,4,29624854000,29627606000,29627618000,311296,0,0,1536,0,0,0,0,0,309756,508,4
1,256,256,0,0,29627621000,29627631000,29627639000,311552,0,0,1540,0,0,252,0,0,309756,508,3
1,256,256,0,0,29627674000,29627681000,29627689000,311808,0,0,2048,0,0,-512,0,0,309756,508,5
1,256,-1,11,0,29627724000,29627728000,29627735000,311808,0,0,2048,0,0,-512,0,0,309756,508,5
2,100,1,0,4,29627736000,29630507000,29630518000,311808,0,0,1536,0,0,0,0,0,310268,1020,4
1,256,256,0,0,29630523000,29630532000,29630540000,312064,0,0,1540,0,0,252,0,0,310268,1020,3
1,256,256,0,0,29630575000,29630582000,29630590000,312320,0,0,2048,0,0,-512,0,0,310268,1020,5
1,256,-1,11,0,29630624000,29630629000,29630637000,312320,0,0,2048,0,0,-512,0,0,310268,1020,5
2,100,1,0,4,29630638000,29633406000,29633416000,312320,0,0,1536,0,0,0,0,0,310780,1532,4
1,256,256,0,0,29633420000,29633429000,29633437000,312576,0,0,1540,0,0,252,0,0,310780,1532,3
1,256,256,0,0,29633471000,29633478000,29633486000,312832,0,0,2048,0,0,-512,0,0,310780,1532,5
1,256,-1,11,0,29633521000,29633525000,29633533000,312832,0,0,2048,0,0,-512,0,0,310780,1532,5
2,100,1,0,4,29633534000,29636304000,29636315000,312832,0,0,1536,0,0,0,0,0,311292,2044,4
1,256,256,0,0,29636319000,29636326000,29636334000,313088,0,0,1540,0,0,252,0,0,311292,2044,3
1,256,256,0,0,29636369000,29636375000,29636383000,313344,0,0,2048,0,0,-512,0,0,311292,2044,5
1,256,-1,11,0,29636418000,29636422000,29636430000,313344,0,0,2048,0,0,-512,0,0,311292,2044,5
2,100,1,0,4,29636431000,29639203000,29639213000,313344,0,0,1536,0,0,0,0,0,311804,508,4
1,256,256,0,0,29639217000,29639224000,29639232000,313600,0,0,1540,0,0,252,0,0,311804,508,3
1,256,256,0,0,29639266000,29639273000,29639281000,313856,0,0,2048,0,0,-512,0,0,311804,508,5
1,256,-1,11,0,29639315000,29639319000,29639327000,313856,0,0,2048,0,0,-512,0,0,311804,508,5
2,100,1,0,4,29639328000,29642125000,29642143000,313856,0,0,1536,0,0,0,0,0,312316,1020,4
1,256,256,0,0,29642147000,29642162000,29642170000,314112,0,0,1540,0,0,252,0,0,312316,1020,3
1,256,256,0,0,29642206000,29642213000,29642221000,314368,0,0,2048,0,0,-512,0,0,312316,1020,5
1,256,-1,11,0,29642255000,29642259000,29642267000,314368,0,0,2048,0,0,-512,0,0,312316,1020,5
2,100,1,0,4,29642268000,29645011000,29645024000,314368,0,0,1536,0,0,0,0,0,312828,1532,4
1,256,256,0,0,29645028000,29645038000,29645045000,314624,0,0,1540,0,0,252,0,0,312828,1532,3
1,256,256,0,0,29645081000,29645087000,29645096000,314880,0,0,2048,0,0,-512,0,0,312828,1532,5
1,256,-1,11,0,29645129000,29645133000,29645141000,314880,0,0,2048,0,0,-512,0,0,312828,1532,5
2,100,1,0,4,29645142000,29647905000,29647916000,314880,0,0,1536,0,0,0,0,0,313340,2044,4
1,256,256,0,0,29647920000,29647928000,29647936000,315136,0,0,1540,0,0,252,0,0,313340,2044,3
1,256,256,0,0,29647971000,29647977000,29647985000,315392,0,0,2048,0,0,-512,0,0,313340,2044,5
1,256,-1,11,0,29648020000,29648024000,29648032000,315392,0,0,2048,0,0,-512,0,0,313340,2044,5
2,100,1,0,4,29648032000,29650812000,29650826000,315392,0,0,1536,0,0,0,0,0,313852,508,4
1,256,256,0,0,29650830000,29650842000,29650851000,315648,0,0,1540,0,0,252,0,0,313852,508,3
1,256,256,0,0,29650887000,29650894000,29650902000,315904,0,0,2048,0,0,-512,0,0,313852,508,5
1,256,-1,11,0,29650936000,29650940000,29650948000,315904,0,0,2048,0,0,-512,0,0,313852,508,5
2,100,1,0,4,29650949000,29653710000,29653722000,315904,0,0,1536,0,0,0,0,0,314364,1020,4
1,256,256,0,0,29653726000,29653735000,29653743000,316160,0,0,1540,0,0,252,0,0,314364,1020,3
1,256,256,0,0,29653777000,29653784000,29653792000,316416,0,0,2048,0,0,-512,0,0,314364,1020,5
1,256,-1,11,0,29653827000,29653831000,29653839000,316416,0,0,2048,0,0,-512,0,0,314364,1020,5
2,100,1,0,4,29653840000,29656633000,29656647000,316416,0,0,1536,0,0,0,0,0,314876,1532,4
1,256,256,0,0,29656651000,29656661000,29656671000,316672,0,0,1540,0,0,252,0,0,314876,1532,3
1,256,256,0,0,29656706000,29656714000,29656722000,316928,0,0,2048,0,0,-512,0,0,314876,1532,5
1,256,-1,11,0,29656757000,29656761000,29656769000,316928,0,0,2048,0,0,-512,0,0,314876,1532,5
2,100,1,0,4,29656770000,29659511000,29659523000,316928,0,0,1536,0,0,0,0,0,315388,2044,4
1,256,256,0,0,29659527000,29659535000,29659543000,317184,0,0,1540,0,0,252,0,0,315388,2044,3
1,256,256,0,0,29659579000,29659585000,29659593000,317440,0,0,2048,0,0,-512,0,0,315388,2044,5
1,256,-1,11,0,29659627000,29659631000,29659639000,317440,0,0,2048,0,0,-512,0,0,315388,2044,5
2,100,1,0,4,29659640000,29662416000,29662428000,317440,0,0,1536,0,0,0,0,0,315900,508,4
1,256,256,0,0,29662432000,29662442000,29662450000,317696,0,0,1540,0,0,252,0,0,315900,508,3
1,256,256,0,0,29662485000,29662492000,29662499000,317952,0,0,2048,0,0,-512,0,0,315900,508,5
1,256,-1,11,0,29662533000,29662537000,29662545000,317952,0,0,2048,0,0,-512,0,0,315900,508,5
2,100,1,0,4,29662546000,29665307000,29665317000,317952,0,0,1536,0,0,0,0,0,316412,1020,4
1,256,256,0,0,29665321000,29665330000,29665337000,318208,0,0,1540,0,0,252,0,0,316412,1020,3
1,256,256,0,0,29665372000,29665379000,29665386000,318464,0,0,2048,0,0,-512,0,0,316412,1020,5
1,256,-1,11,0,29665420000,29665425000,29665432000,318464,0,0,2048,0,0,-512,0,0,316412,1020,5
2,100,1,0,4,29665433000,29668205000,29668216000,318464,0,0,1536,0,0,0,0,0,316924,1532,4
1,256,256,0,0,29668219000,29668228000,29668236000,318720,0,0,1540,0,0,252,0,0,316924,1532,3
1,256,256,0,0,29668270000,29668278000,29668285000,318976,0,0,2048,0,0,-512,0,0,316924,1532,5
1,256,-1,11,0,29668320000,29668325000,29668332000,318976,0,0,2048,0,0,-512,0,0,316924,1532,5
2,100,1,0,4,29668333000,29671112000,29671123000,318976,0,0,1536,0,0,0,0,0,317436,2044,4
1,256,256,0,0,29671126000,29671134000,29671142000,319232,0,0,1540,0,0,252,0,0,317436,2044,3
1,256,256,0,0,29671176000,29671183000,29671191000,319488,0,0,2048,0,0,-512,0,0,317436,2044,5
1,256,-1,11,0,29671225000,29671229000,29671237000,319488,0,0,2048,0,0,-512,0,0,317436,2044,5
2,100,1,0,4,29671238000,29674008000,29674018000,319488,0,0,1536,0,0,0,0,0,317948,508,4
1,256,256,0,0,29674021000,29674029000,29674037000,319744,0,0,1540,0,0,252,0,0,317948,508,3
1,256,256,0,0,29674072000,29674078000,29674086000,320000,0,0,2048,0,0,-512,0,0,317948,508,5
1,256,-1,11,0,29674121000,29674125000,29674132000,320000,0,0,2048,0,0,-512,0,0,317948,508,5
2,100,1,0,4,29674133000,29676903000,29676914000,320000,0,0,1536,0,0,0,0,0,318460,1020,4
1,256,256,0,0,29676917000,29676925000,29676933000,320256,0,0,1540,0,0,252,0,0,318460,1020,3
1,256,256,0,0,29676968000,29676975000,29676983000,320512,0,0,2048,0,0,-512,0,0,318460,1020,5
1,256,-1,11,0,29677017000,29677021000,29677029000,320512,0,0,2048,0,0,-512,0,0,318460,1020,5
2,100,1,0,4,29677030000,29679804000,29679814000,320512,0,0,1536,0,0,0,0,0,318972,1532,4
1,256,256,0,0,29679817000,29679825000,29679833000,320768,0,0,1540,0,0,252,0,0,318972,1532,3
1,256,256,0,0,29679868000,29679875000,29679882000,321024,0,0,2048,0,0,-512,0,0,318972,1532,5
1,256,-1,11,0,29679916000,29679921000,29679928000,321024,0,0,2048,0,0,-512,0,0,318972,1532,5
2,100,1,0,4,29679929000,29682713000,29682725000,321024,0,0,1536,0,0,0,0,0,319484,2044,4
1,256,256,0,0,29682729000,29682742000,29682751000,321280,0,0,1540,0,0,252,0,0,319484,2044,3
1,256,256,0,0,29682787000,29682795000,29682803000,321536,0,0,2048,0,0,-512,0,0,319484,2044,5
1,256,-1,11,0,29682838000,29682843000,29682851000,321536,0,0,2048,0,0,-512,0,0,319484,2044,5
2,100,1,0,4,29682852000,29685610000,29685623000,321536,0,0,1536,0,0,0,0,0,319996,508,4
1,256,256,0,0,29685626000,29685636000,29685644000,321792,0,0,1540,0,0,252,0,0,319996,508,3
1,256,256,0,0,29685680000,29685687000,29685694000,322048,0,0,2048,0,0,-512,0,0,319996,508,5
1,256,-1,11,0,29685730000,29685755000,29685765000,322048,0,0,2048,0,0,-512,0,0,319996,508,5
2,100,1,0,4,29685766000,29688514000,29688526000,322048,0,0,1536,0,0,0,0,0,320508,1020,4
1,256,256,0,0,29688530000,29688540000,29688549000,322304,0,0,1540,0,0,252,0,0,320508,1020,3
1,256,256,0,0,29688584000,29688591000,29688599000,322560,0,0,2048,0,0,-512,0,0,320508,1020,5
1,256,-1,11,0,29688634000,29688639000,29688647000,322560,0,0,2048,0,0,-512,0,0,320508,1020,5
2,100,1,0,4,29688647000,29691419000,29691429000,322560,0,0,1536,0,0,0,0,0,321020,1532,4
1,256,256,0,0,29691433000,29691443000,29691451000,322816,0,0,1540,0,0,252,0,0,321020,1532,3
1,256,256,0,0,29691485000,29691491000,29691499000,323072,0,0,2048,0,0,-512,0,0,321020,1532,5
1,256,-1,11,0,29691534000,29691538000,29691546000,323072,0,0,2048,0,0,-512,0,0,321020,1532,5
2,100,1,0,4,29691547000,29694307000,29694318000,323072,0,0,1536,0,0,0,0,0,321532,2044,4
1,256,256,0,0,29694322000,29694331000,29694339000,323328,0,0,1540,0,0,252,0,0,321532,2044,3
1,256,256,0,0,29694374000,29694380000,29694388000,323584,0,0,2048,0,0,-512,0,0,321532,2044,5
1,256,-1,11,0,29694423000,29694427000,29694434000,323584,0,0,2048,0,0,-512,0,0,321532,2044,5
2,100,1,0,4,29694435000,29697207000,29697218000,323584,0,0,1536,0,0,0,0,0,322044,508,4
1,256,256,0,0,29697222000,29697230000,29697238000,323840,0,0,1540,0,0,252,0,0,322044,508,3
1,256,256,0,0,29697274000,29697280000,29697289000,324096,0,0,2048,0,0,-512,0,0,322044,508,5
1,256,-1,11,0,29697323000,29697328000,29697336000,324096,0,0,2048,0,0,-512,0,0,322044,508,5
2,100,1,0,4,29697337000,29700111000,29700122000,324096,0,0,1536,0,0,0,0,0,322556,1020,4
1,256,256,0,0,29700126000,29700134000,29700142000,324352,0,0,1540,0,0,252,0,0,322556,1020,3
1,256,256,0,0,29700178000,29700185000,29700193000,324608,0,0,2048,0,0,-512,0,0,322556,1020,5
1,256,-1,11,0,29700227000,29700231000,29700239000,324608,0,0,2048,0,0,-512,0,0,322556,1020,5
2,100,1,0,4,29700240000,29703005000,29703016000,324608,0,0,1536,0,0,0,0,0,323068,1532,4
1,256,256,0,0,29703019000,29703028000,29703036000,324864,0,0,1540,0,0,252,0,0,323068,1532,3
1,256,256,0,0,29703070000,29703077000,29703086000,325120,0,0,2048,0,0,-512,0,0,323068,1532,5
1,256,-1,11,0,29703120000,29703125000,29703132000,325120,0,0,2048,0,0,-512,0,0,323068,1532,5
2,100,1,0,4,29703133000,29705904000,29705913000,325120,0,0,1536,0,0,0,0,0,323580,2044,4
1,256,256,0,0,29705917000,29705925000,29705933000,325376,0,0,1540,0,0,252,0,0,323580,2044,3
1,256,256,0,0,29705967000,29705974000,29705982000,325632,0,0,2048,0,0,-512,0,0,323580,2044,5
1,256,-1,11,0,29706016000,29706021000,29706029000,325632,0,0,2048,0,0,-512,0,0,323580,2044,5
2,100,1,0,4,29706029000,29708804000,29708814000,325632,0,0,1536,0,0,0,0,0,324092,508,4
1,256,256,0,0,29708817000,29708825000,29708833000,325888,0,0,1540,0,0,252,0,0,324092,508,3
1,256,256,0,0,29708867000,29708874000,29708881000,326144,0,0,2048,0,0,-512,0,0,324092,508,5
1,256,-1,11,0,29708916000,29708921000,29708928000,326144,0,0,2048,0,0,-512,0,0,324092,508,5
2,100,1,0,4,29708929000,29711709000,29711722000,326144,0,0,1536,0,0,0,0,0,324604,1020,4
1,256,256,0,0,29711726000,29711736000,29711744000,326400,0,0,1540,0,0,252,0,0,324604,1020,3
1,256,256,0,0,29711779000,29711786000,29711794000,326656,0,0,2048,0,0,-512,0,0,324604,1020,5
1,256,-1,11,0,29711828000,29711833000,29711841000,326656,0,0,2048,0,0,-512,0,0,324604,1020,5
2,100,1,0,4,29711842000,29714609000,29714620000,326656,0,0,1536,0,0,0,0,0,325116,1532,4
1,256,256,0,0,29714623000,29714632000,29714640000,326912,0,0,1540,0,0,252,0,0,325116,1532,3
1,256,256,0,0,29714677000,29714683000,29714691000,327168,0,0,2048,0,0,-512,0,0,325116,1532,5
1,256,-1,11,0,29714725000,29714729000,29714737000,327168,0,0,2048,0,0,-512,0,0,325116,1532,5
2,100,1,0,4,29714738000,29717507000,29717517000,327168,0,0,1536,0,0,0,0,0,325628,2044,4
1,256,256,0,0,29717521000,29717529000,29717537000,327424,0,0,1540,0,0,252,0,0,325628,2044,3
1,256,256,0,0,29717573000,29717597000,29717608000,327680,0,0,2048,0,0,-512,0,0,325628,2044,5
1,256,-1,11,0,29717643000,29717651000,29717659000,327680,0,0,2048,0,0,-512,0,0,325628,2044,5
2,100,1,0,4,29717660000,29720421000,29720433000,327680,0,0,1536,0,0,0,0,0,326140,508,4
1,256,256,0,0,29720437000,29720447000,29720456000,327936,0,0,1540,0,0,252,0,0,326140,508,3
1,256,256,0,0,29720492000,29720499000,29720506000,328192,0,0,2048,0,0,-512,0,0,326140,508,5
1,256,-1,11,0,29720540000,29720545000,29720553000,328192,0,0,2048,0,0,-512,0,0,326140,508,5
2,100,1,0,4,29720554000,29723309000,29723320000,328192,0,0,1536,0,0,0,0,0,326652,1020,4
1,256,256,0,0,29723323000,29723331000,29723339000,328448,0,0,1540,0,0,252,0,0,326652,1020,3
1,256,256,0,0,29723374000,29723381000,29723389000,328704,0,0,2048,0,0,-512,0,0,326652,1020,5
1,256,-1,11,0,29723424000,29723428000,29723436000,328704,0,0,2048,0,0,-512,0,0,326652,1020,5
2,100,1,0,4,29723437000,29726209000,29726218000,328704,0,0,1536,0,0,0,0,0,327164,1532,4
1,256,256,0,0,29726222000,29726230000,29726238000,328960,0,0,1540,0,0,252,0,0,327164,1532,3
1,256,256,0,0,29726273000,29726280000,29726288000,329216,0,0,2048,0,0,-512,0,0,327164,1532,5
1,256,-1,11,0,29726322000,29726327000,29726334000,329216,0,0,2048,0,0,-512,0,0,327164,1532,5
2,100,1,0,4,29726335000,29729107000,29729117000,329216,0,0,1536,0,0,0,0,0,327676,2044,4
1,256,256,0,0,29729121000,29729129000,29729136000,329472,0,0,1540,0,0,252,0,0,327676,2044,3
1,256,256,0,0,29729172000,29729178000,29729186000,329728,0,0,2048,0,0,-512,0,0,327676,2044,5
1,256,-1,11,0,29729220000,29729225000,29729232000,329728,0,0,2048,0,0,-512,0,0,327676,2044,5
2,100,1,0,4,29729233000,29732013000,29732023000,329728,0,0,1536,0,0,0,0,0,328188,508,4
1,256,256,0,0,29732026000,29732035000,29732043000,329984,0,0,1540,0,0,252,0,0,328188,508,3
1,256,256,0,0,29732078000,29732085000,29732092000,330240,0,0,2048,0,0,-512,0,0,328188,508,5
1,256,-1,11,0,29732127000,29732131000,29732139000,330240,0,0,2048,0,0,-512,0,0,328188,508,5
2,100,1,0,4,29732140000,29734906000,29734916000,330240,0,0,1536,0,0,0,0,0,328700,1020,4
1,256,256,0,0,29734920000,29734928000,29734936000,330496,0,0,1540,0,0,252,0,0,328700,1020,3
1,256,256,0,0,29734972000,29734979000,29734986000,330752,0,0,2048,0,0,-512,0,0,328700,1020,5
1,256,-1,11,0,29735020000,29735024000,29735032000,330752,0,0,2048,0,0,-512,0,0,328700,1020,5
2,100,1,0,4,29735033000,29737805000,29737814000,330752,0,0,1536,0,0,0,0,0,329212,1532,4
1,256,256,0,0,29737818000,29737825000,29737833000,331008,0,0,1540,0,0,252,0,0,329212,1532,3
1,256,256,0,0,29737868000,29737874000,29737882000,331264,0,0,2048,0,0,-512,0,0,329212,1532,5
1,256,-1,11,0,29737918000,29737922000,29737929000,331264,0,0,2048,0,0,-512,0,0,329212,1532,5
2,100,1,0,4,29737930000,29740710000,29740723000,331264,0,0,1536,0,0,0,0,0,329724,2044,4
1,256,256,0,0,29740727000,29740740000,29740748000,331520,0,0,1540,0,0,252,0,0,329724,2044,3
1,256,256,0,0,29740783000,29740790000,29740798000,331776,0,0,2048,0,0,-512,0,0,329724,2044,5
1,256,-1,11,0,29740833000,29740837000,29740845000,331776,0,0,2048,0,0,-512,0,0,329724,2044,5
2,100,1,0,4,29740846000,29743610000,29743621000,331776,0,0,1536,0,0,0,0,0,330236,508,4
1,256,256,0,0,29743624000,29743633000,29743640000,332032,0,0,1540,0,0,252,0,0,330236,508,3
1,256,256,0,0,29743675000,29743682000,29743690000,332288,0,0,2048,0,0,-512,0,0,330236,508,5
1,256,-1,11,0,29743724000,29743728000,29743736000,332288,0,0,2048,0,0,-512,0,0,330236,508,5
2,100,1,0,4,29743737000,29746508000,29746519000,332288,0,0,1536,0,0,0,0,0,330748,1020,4
1,256,256,0,0,29746523000,29746531000,29746539000,332544,0,0,1540,0,0,252,0,0,330748,1020,3
1,256,256,0,0,29746573000,29746580000,29746588000,332800,0,0,2048,0,0,-512,0,0,330748,1020,5
1,256,-1,11,0,29746622000,29746626000,29746634000,332800,0,0,2048,0,0,-512,0,0,330748,1020,5
2,100,1,0,4,29746635000,29749423000,29749437000,332800,0,0,1536,0,0,0,0,0,331260,1532,4
1,256,256,0,0,29749441000,29749452000,29749460000,333056,0,0,1540,0,0,252,0,0,331260,1532,3
1,256,256,0,0,29749496000,29749502000,29749510000,333312,0,0,2048,0,0,-512,0,0,331260,1532,5
1,256,-1,11,0,29749544000,29749549000,29749556000,333312,0,0,2048,0,0,-512,0,0,331260,1532,5
2,100,1,0,4,29749557000,29752318000,29752329000,333312,0,0,1536,0,0,0,0,0,331772,2044,4
1,256,256,0,0,29752333000,29752342000,29752350000,333568,0,0,1540,0,0,252,0,0,331772,2044,3
1,256,256,0,0,29752385000,29752392000,29752400000,333824,0,0,2048,0,0,-512,0,0,331772,2044,5
1,256,-1,11,0,29752434000,29752439000,29752446000,333824,0,0,2048,0,0,-512,0,0,331772,2044,5
2,100,1,0,4,29752447000,29755209000,29755219000,333824,0,0,1536,0,0,0,0,0,332284,508,4
1,256,256,0,0,29755223000,29755231000,29755239000,334080,0,0,1540,0,0,252,0,0,332284,508,3
1,256,256,0,0,29755274000,29755281000,29755288000,334336,0,0,2048,0,0,-512,0,0,332284,508,5
1,256,-1,11,0,29755323000,29755327000,29755334000,334336,0,0,2048,0,0,-512,0,0,332284,508,5
2,100,1,0,4,29755335000,29758107000,29758117000,334336,0,0,1536,0,0,0,0,0,332796,1020,4
1,256,256,0,0,29758121000,29758128000,29758136000,334592,0,0,1540,0,0,252,0,0,332796,1020,3
1,256,256,0,0,29758171000,29758178000,29758185000,334848,0,0,2048,0,0,-512,0,0,332796,1020,5
1,256,-1,11,0,29758221000,29758225000,29758233000,334848,0,0,2048,0,0,-512,0,0,332796,1020,5
2,100,1,0,4,29758234000,29761013000,29761023000,334848,0,0,1536,0,0,0,0,0,333308,1532,4
1,256,256,0,0,29761027000,29761035000,29761043000,335104,0,0,1540,0,0,252,0,0,333308,1532,3
1,256,256,0,0,29761078000,29761085000,29761093000,335360,0,0,2048,0,0,-512,0,0,333308,1532,5
1,256,-1,11,0,29761128000,29761132000,29761140000,335360,0,0,2048,0,0,-512,0,0,333308,1532,5
2,100,1,0,4,29761141000,29763906000,29763916000,335360,0,0,1536,0,0,0,0,0,333820,2044,4
1,256,256,0,0,29763920000,29763928000,29763936000,335616,0,0,1540,0,0,252,0,0,333820,2044,3
1,256,256,0,0,29763971000,29763978000,29763985000,335872,0,0,2048,0,0,-512,0,0,333820,2044,5
1,256,-1,11,0,29764021000,29764025000,29764033000,335872,0,0,2048,0,0,-512,0,0,333820,2044,5
2,100,1,0,4,29764034000,29766807000,29766817000,335872,0,0,1536,0,0,0,0,0,334332,508,4
1,256,256,0,0,29766820000,29766828000,29766836000,336128,0,0,1540,0,0,252,0,0,334332,508,3
1,256,256,0,0,29766872000,29766879000,29766886000,336384,0,0,2048,0,0,-512,0,0,334332,508,5
1,256,-1,11,0,29766922000,29766926000,29766933000,336384,0,0,2048,0,0,-512,0,0,334332,508,5
2,100,1,0,4,29766934000,29769706000,29769716000,336384,0,0,1536,0,0,0,0,0,334844,1020,4
1,256,256,0,0,29769719000,29769728000,29769736000,336640,0,0,1540,0,0,252,0,0,334844,1020,3
1,256,256,0,0,29769773000,29769780000,29769787000,336896,0,0,2048,0,0,-512,0,0,334844,1020,5
1,256,-1,11,0,29769823000,29769827000,29769835000,336896,0,0,2048,0,0,-512,0,0,334844,1020,5
2,100,1,0,4,29769836000,29772611000,29772623000,336896,0,0,1536,0,0,0,0,0,335356,1532,4
1,256,256,0,0,29772627000,29772637000,29772645000,337152,0,0,1540,0,0,252,0,0,335356,1532,3
1,256,256,0,0,29772682000,29772689000,29772697000,337408,0,0,2048,0,0,-512,0,0,335356,1532,5
1,256,-1,11,0,29772733000,29772737000,29772745000,337408,0,0,2048,0,0,-512,0,0,335356,1532,5
2,100,1,0,4,29772746000,29775509000,29775519000,337408,0,0,1536,0,0,0,0,0,335868,2044,4
1,256,256,0,0,29775523000,29775531000,29775539000,337664,0,0,1540,0,0,252,0,0,335868,2044,3
1,256,256,0,0,29775576000,29775582000,29775590000,337920,0,0,2048,0,0,-512,0,0,335868,2044,5
1,256,-1,11,0,29775627000,29775631000,29775639000,337920,0,0,2048,0,0,-512,0,0,335868,2044,5
2,100,1,0,4,29775640000,29778409000,29778419000,337920,0,0,1536,0,0,0,0,0,336380,508,4
1,256,256,0,0,29778423000,29778431000,29778439000,338176,0,0,1540,0,0,252,0,0,336380,508,3
1,256,256,0,0,29778476000,29778482000,29778490000,338432,0,0,2048,0,0,-512,0,0,336380,508,5
1,256,-1,11,0,29778527000,29778551000,29778562000,338432,0,0,2048,0,0,-512,0,0,336380,508,5
2,100,1,0,4,29778563000,29781319000,29781330000,338432,0,0,1536,0,0,0,0,0,336892,1020,4
1,256,256,0,0,29781334000,29781344000,29781351000,338688,0,0,1540,0,0,252,0,0,336892,1020,3
1,256,256,0,0,29781385000,29781393000,29781401000,338944,0,0,2048,0,0,-512,0,0,336892,1020,5
1,256,-1,11,0,29781435000,29781439000,29781447000,338944,0,0,2048,0,0,-512,0,0,336892,1020,5
2,100,1,0,4,29781447000,29784209000,29784219000,338944,0,0,1536,0,0,0,0,0,337404,1532,4
1,256,256,0,0,29784223000,29784231000,29784239000,339200,0,0,1540,0,0,252,0,0,337404,1532,3
1,256,256,0,0,29784273000,29784280000,29784287000,339456,0,0,2048,0,0,-512,0,0,337404,1532,5
1,256,-1,11,0,29784322000,29784326000,29784334000,339456,0,0,2048,0,0,-512,0,0,337404,1532,5
2,100,1,0,4,29784334000,29787107000,29787117000,339456,0,0,1536,0,0,0,0,0,337916,2044,4
1,256,256,0,0,29787120000,29787128000,29787136000,339712,0,0,1540,0,0,252,0,0,337916,2044,3
1,256,256,0,0,29787172000,29787178000,29787186000,339968,0,0,2048,0,0,-512,0,0,337916,2044,5
1,256,-1,11,0,29787220000,29787224000,29787232000,339968,0,0,2048,0,0,-512,0,0,337916,2044,5
2,100,1,0,4,29787233000,29790052000,29790066000,339968,0,0,1536,0,0,0,0,0,338428,508,4
1,256,256,0,0,29790069000,29790080000,29790088000,340224,0,0,1540,0,0,252,0,0,338428,508,3
1,256,256,0,0,29790124000,29790131000,29790139000,340480,0,0,2048,0,0,-512,0,0,338428,508,5
1,256,-1,11,0,29790174000,29790178000,29790186000,340480,0,0,2048,0,0,-512,0,0,338428,508,5
2,100,1,0,4,29790187000,29792913000,29792923000,340480,0,0,1536,0,0,0,0,0,338940,1020,4
1,256,256,0,0,29792927000,29792935000,29792943000,340736,0,0,1540,0,0,252,0,0,338940,1020,3
1,256,256,0,0,29792978000,29792985000,29792993000,340992,0,0,2048,0,0,-512,0,0,338940,1020,5
1,256,-1,11,0,29793027000,29793032000,29793039000,340992,0,0,2048,0,0,-512,0,0,338940,1020,5
2,100,1,0,4,29793040000,29795808000,29795817000,340992,0,0,1536,0,0,0,0,0,339452,1532,4
1,256,256,0,0,29795821000,29795829000,29795837000,341248,0,0,1540,0,0,252,0,0,339452,1532,3
1,256,256,0,0,29795872000,29795878000,29795886000,341504,0,0,2048,0,0,-512,0,0,339452,1532,5
1,256,-1,11,0,29795921000,29795925000,29795933000,341504,0,0,2048,0,0,-512,0,0,339452,1532,5
2,100,1,0,4,29795934000,29798707000,29798716000,341504,0,0,1536,0,0,0,0,0,339964,2044,4
1,256,256,0,0,29798720000,29798727000,29798735000,341760,0,0,1540,0,0,252,0,0,339964,2044,3
1,256,256,0,0,29798770000,29798776000,29798784000,342016,0,0,2048,0,0,-512,0,0,339964,2044,5
1,256,-1,11,0,29798819000,29798823000,29798831000,342016,0,0,2048,0,0,-512,0,0,339964,2044,5
2,100,1,0,4,29798832000,29801612000,29801625000,342016,0,0,1536,0,0,0,0,0,340476,508,4
1,256,256,0,0,29801629000,29801640000,29801648000,342272,0,0,1540,0,0,252,0,0,340476,508,3
1,256,256,0,0,29801683000,29801690000,29801699000,342528,0,0,2048,0,0,-512,0,0,340476,508,5
1,256,-1,11,0,29801733000,29801737000,29801745000,342528,0,0,2048,0,0,-512,0,0,340476,508,5
2,100,1,0,4,29801746000,29804510000,29804521000,342528,0,0,1536,0,0,0,0,0,340988,1020,4
1,256,256,0,0,29804525000,29804533000,29804541000,342784,0,0,1540,0,0,252,0,0,340988,1020,3
1,256,256,0,0,29804577000,29804584000,29804591000,343040,0,0,2048,0,0,-512,0,0,340988,1020,5
1,256,-1,11,0,29804626000,29804630000,29804638000,343040,0,0,2048,0,0,-512,0,0,340988,1020,5
2,100,1,0,4,29804638000,29807412000,29807422000,343040,0,0,1536,0,0,0,0,0,341500,1532,4
1,256,256,0,0,29807426000,29807435000,29807443000,343296,0,0,1540,0,0,252,0,0,341500,1532,3
1,256,256,0,0,29807479000,29807485000,29807493000,343552,0,0,2048,0,0,-512,0,0,341500,1532,5
1,256,-1,11,0,29807528000,29807532000,29807540000,343552,0,0,2048,0,0,-512,0,0,341500,1532,5
2,100,1,0,4,29807541000,29810317000,29810329000,343552,0,0,1536,0,0,0,0,0,342012,2044,4
1,256,256,0,0,29810333000,29810341000,29810349000,343808,0,0,1540,0,0,252,0,0,342012,2044,3
1,256,256,0,0,29810385000,29810410000,29810420000,344064,0,0,2048,0,0,-512,0,0,342012,2044,5
1,256,-1,11,0,29810457000,29810463000,29810471000,344064,0,0,2048,0,0,-512,0,0,342012,2044,5
2,100,1,0,4,29810472000,29813216000,29813228000,344064,0,0,1536,0,0,0,0,0,342524,508,4
1,256,256,0,0,29813232000,29813241000,29813249000,344320,0,0,1540,0,0,252,0,0,342524,508,3
1,256,256,0,0,29813284000,29813291000,29813298000,344576,0,0,2048,0,0,-512,0,0,342524,508,5
1,256,-1,11,0,29813334000,29813338000,29813346000,344576,0,0,2048,0,0,-512,0,0,342524,508,5
2,100,1,0,4,29813347000,29816111000,29816121000,344576,0,0,1536,0,0,0,0,0,343036,1020,4
1,256,256,0,0,29816125000,29816133000,29816141000,344832,0,0,1540,0,0,252,0,0,343036,1020,3
1,256,256,0,0,29816177000,29816183000,29816191000,345088,0,0,2048,0,0,-512,0,0,343036,1020,5
1,256,-1,11,0,29816227000,29816231000,29816238000,345088,0,0,2048,0,0,-512,0,0,343036,1020,5
2,100,1,0,4,29816239000,29819010000,29819020000,345088,0,0,1536,0,0,0,0,0,343548,1532,4
1,256,256,0,0,29819024000,29819032000,29819040000,345344,0,0,1540,0,0,252,0,0,343548,1532,3
1,256,256,0,0,29819075000,29819082000,29819090000,345600,0,0,2048,0,0,-512,0,0,343548,1532,5
1,256,-1,11,0,29819124000,29819128000,29819136000,345600,0,0,2048,0,0,-512,0,0,343548,1532,5
2,100,1,0,4,29819137000,29821916000,29821926000,345600,0,0,1536,0,0,0,0,0,344060,2044,4
1,256,256,0,0,29821930000,29821938000,29821946000,345856,0,0,1540,0,0,252,0,0,344060,2044,3
1,256,256,0,0,29821981000,29821988000,29821996000,346112,0,0,2048,0,0,-512,0,0,344060,2044,5
1,256,-1,11,0,29822031000,29822035000,29822043000,346112,0,0,2048,0,0,-512,0,0,344060,2044,5
2,100,1,0,4,29822044000,29824809000,29824819000,346112,0,0,1536,0,0,0,0,0,344572,508,4
1,256,256,0,0,29824822000,29824830000,29824838000,346368,0,0,1540,0,0,252,0,0,344572,508,3
1,256,256,0,0,29824874000,29824880000,29824888000,346624,0,0,2048,0,0,-512,0,0,344572,508,5
1,256,-1,11,0,29824923000,29824927000,29824934000,346624,0,0,2048,0,0,-512,0,0,344572,508,5
2,100,1,0,4,29824935000,29827708000,29827717000,346624,0,0,1536,0,0,0,0,0,345084,1020,4
1,256,256,0,0,29827721000,29827728000,29827736000,346880,0,0,1540,0,0,252,0,0,345084,1020,3
1,256,256,0,0,29827771000,29827778000,29827785000,347136,0,0,2048,0,0,-512,0,0,345084,1020,5
1,256,-1,11,0,29827820000,29827824000,29827832000,347136,0,0,2048,0,0,-512,0,0,345084,1020,5
2,100,1,0,4,29827833000,29830611000,29830623000,347136,0,0,1536,0,0,0,0,0,345596,1532,4
1,256,256,0,0,29830627000,29830638000,29830646000,347392,0,0,1540,0,0,252,0,0,345596,1532,3
1,256,256,0,0,29830681000,29830687000,29830695000,347648,0,0,2048,0,0,-512,0,0,345596,1532,5
1,256,-1,11,0,29830730000,29830735000,29830743000,347648,0,0,2048,0,0,-512,0,0,345596,1532,5
2,100,1,0,4,29830744000,29833510000,29833521000,347648,0,0,1536,0,0,0,0,0,346108,2044,4
1,256,256,0,0,29833524000,29833532000,29833540000,347904,0,0,1540,0,0,252,0,0,346108,2044,3
1,256,256,0,0,29833575000,29833582000,29833590000,348160,0,0,2048,0,0,-512,0,0,346108,2044,5
1,256,-1,11,0,29833625000,29833629000,29833637000,348160,0,0,2048,0,0,-512,0,0,346108,2044,5
2,100,1,0,4,29833638000,29836409000,29836419000,348160,0,0,1536,0,0,0,0,0,346620,508,4
1,256,256,0,0,29836423000,29836431000,29836439000,348416,0,0,1540,0,0,252,0,0,346620,508,3
1,256,256,0,0,29836475000,29836482000,29836489000,348672,0,0,2048,0,0,-512,0,0,346620,508,5
1,256,-1,11,0,29836524000,29836528000,29836536000,348672,0,0,2048,0,0,-512,0,0,346620,508,5
2,100,1,0,4,29836537000,29839307000,29839317000,348672,0,0,1536,0,0,0,0,0,347132,1020,4
1,256,256,0,0,29839321000,29839328000,29839336000,348928,0,0,1540,0,0,252,0,0,347132,1020,3
1,256,256,0,0,29839372000,29839378000,29839386000,349184,0,0,2048,0,0,-512,0,0,347132,1020,5
1,256,-1,11,0,29839432000,29839436000,29839444000,349184,0,0,2048,0,0,-512,0,0,347132,1020,5
2,100,1,0,4,29839445000,29842232000,29842247000,349184,0,0,1536,0,0,0,0,0,347644,1532,4
1,256,256,0,0,29842251000,29842263000,29842271000,349440,0,0,1540,0,0,252,0,0,347644,1532,3
1,256,256,0,0,29842324000,29842331000,29842339000,349696,0,0,2048,0,0,-512,0,0,347644,1532,5
1,256,-1,11,0,29842390000,29842394000,29842402000,349696,0,0,2048,0,0,-512,0,0,347644,1532,5
2,100,1,0,4,29842403000,29845114000,29845125000,349696,0,0,1536,0,0,0,0,0,348156,2044,4
1,256,256,0,0,29845129000,29845139000,29845147000,349952,0,0,1540,0,0,252,0,0,348156,2044,3
1,256,256,0,0,29845198000,29845205000,29845213000,350208,0,0,2048,0,0,-512,0,0,348156,2044,5
1,256,-1,11,0,29845264000,29845268000,29845276000,350208,0,0,2048,0,0,-512,0,0,348156,2044,5
2,100,1,0,4,29845277000,29848010000,29848022000,350208,0,0,1536,0,0,0,0,0,348668,508,4
1,256,256,0,0,29848025000,29848033000,29848042000,350464,0,0,1540,0,0,252,0,0,348668,508,3
1,256,256,0,0,29848092000,29848099000,29848107000,350720,0,0,2048,0,0,-512,0,0,348668,508,5
1,256,-1,11,0,29848158000,29848162000,29848170000,350720,0,0,2048,0,0,-512,0,0,348668,508,5
2,100,1,0,4,29848171000,29851653000,29851674000,350720,0,0,1536,0,0,0,0,0,349180,1020,4
1,256,256,0,0,29851679000,29851692000,29851701000,350976,0,0,1540,0,0,252,0,0,349180,1020,3
1,256,256,0,0,29851753000,29851761000,29851770000,351232,0,0,2048,0,0,-512,0,0,349180,1020,5
1,256,-1,11,0,29851820000,29851825000,29851834000,351232,0,0,2048,0,0,-512,0,0,349180,1020,5
2,100,1,0,4,29851835000,29853819000,29853832000,351232,0,0,1536,0,0,0,0,0,349692,1532,4
1,256,256,0,0,29853835000,29853846000,29853855000,351488,0,0,1540,0,0,252,0,0,349692,1532,3
1,256,256,0,0,29853905000,29853912000,29853920000,351744,0,0,2048,0,0,-512,0,0,349692,1532,5
1,256,-1,11,0,29853970000,29853974000,29853982000,351744,0,0,2048,0,0,-512,0,0,349692,1532,5
2,100,1,0,4,29853983000,29856713000,29856724000,351744,0,0,1536,0,0,0,0,0,350204,2044,4
1,256,256,0,0,29856728000,29856737000,29856745000,352000,0,0,1540,0,0,252,0,0,350204,2044,3
1,256,256,0,0,29856794000,29856801000,29856809000,352256,0,0,2048,0,0,-512,0,0,350204,2044,5
1,256,-1,11,0,29856858000,29856862000,29856870000,352256,0,0,2048,0,0,-512,0,0,350204,2044,5
2,100,1,0,4,29856871000,29859610000,29859621000,352256,0,0,1536,0,0,0,0,0,350716,508,4
1,256,256,0,0,29859624000,29859632000,29859640000,352512,0,0,1540,0,0,252,0,0,350716,508,3
1,256,256,0,0,29859689000,29859696000,29859704000,352768,0,0,2048,0,0,-512,0,0,350716,508,5
1,32,-1,11,0,29859713000,29859717000,29859725000,352768,0,0,2048,0,0,-512,0,0,350716,508,5
2,100,1,0,4,29859726000,29862518000,29862531000,352768,0,0,1536,0,0,0,0,0,351228,1020,4
1,32,32,0,0,29862535000,29862547000,29862555000,352800,0,0,1540,0,0,476,0,0,351228,1020,3
4,0,0,0,0,29864413000,29864431000,29864453000,352800,0,0,1540,0,0,476,0,0,351228,1020,3
3,0,0,0,0,29864456000,29864459000,29864466000,352800,0,0,1540,0,0,476,0,0,351228,1020,3
3,0,0,0,0,29870045000,29870053000,29870062000,352800,0,0,516,0,0,1500,0,0,352252,2044,1
3,0,0,0,0,29880023000,29880139000,29880149000,352800,0,0,0,0,0,2048,0,0,352768,0,0
5,0,0,0,0,29881423000,29881426000,29881527000,352800,0,0,0,0,0,2048,0,0,352768,0,0
